{"textures":{"o0":"generated/20","o1":"generated/26","o2":"generated/25","o3":"generated/28","o4":"gun/player_skin_slim","o5":"gun/player_skin","o6":"generated/12","o7":"generated/9","o8":"generated/20","icon":"generated/33","icon_background":"generated/2a"},"elements":[{"from":[7.90054,4.8,16.1],"to":[8.09946,5.8,16.51],"rotation":{"angle":-45.0,"axis":"z","origin":[8.0,5.3,16.6]},"faces":{"north":{"uv":[5.0,1.0,6.0,2.0],"texture":"#o3"},"south":{"uv":[5.0,1.0,6.0,2.0],"texture":"#o3"},"up":{"uv":[5.0,1.0,6.0,2.0],"texture":"#o3"},"down":{"uv":[5.0,1.0,6.0,2.0],"texture":"#o3"}}},{"from":[7.90054,4.8,16.1],"to":[8.09946,5.8,16.51],"rotation":{"angle":-22.5,"axis":"z","origin":[8.0,5.3,16.6]},"faces":{"north":{"uv":[5.0,1.0,6.0,2.0],"texture":"#o3"},"south":{"uv":[5.0,1.0,6.0,2.0],"texture":"#o3"},"up":{"uv":[5.0,1.0,6.0,2.0],"texture":"#o3"}}},{"from":[7.90054,4.8,16.1],"to":[8.09946,5.8,16.51],"rotation":{"angle":0.0,"axis":"z","origin":[8.0,5.3,16.6]},"faces":{"north":{"uv":[5.0,1.0,6.0,2.0],"texture":"#o3"},"south":{"uv":[5.0,1.0,6.0,2.0],"texture":"#o3"},"up":{"uv":[5.0,1.0,6.0,2.0],"texture":"#o3"}}},{"from":[7.90054,4.8,16.1],"to":[8.09946,5.8,16.51],"rotation":{"angle":22.5,"axis":"z","origin":[8.0,5.3,16.6]},"faces":{"north":{"uv":[5.0,1.0,6.0,2.0],"texture":"#o3"},"south":{"uv":[5.0,1.0,6.0,2.0],"texture":"#o3"},"up":{"uv":[5.0,1.0,6.0,2.0],"texture":"#o3"}}},{"from":[7.90054,4.8,16.1],"to":[8.09946,5.8,16.51],"rotation":{"angle":45.0,"axis":"z","origin":[8.0,5.3,16.6]},"faces":{"north":{"uv":[5.0,1.0,6.0,2.0],"texture":"#o3"},"south":{"uv":[5.0,1.0,6.0,2.0],"texture":"#o3"},"up":{"uv":[5.0,1.0,6.0,2.0],"texture":"#o3"},"down":{"uv":[5.0,1.0,6.0,2.0],"texture":"#o3"}}},{"from":[7.90054,4.8,13.0],"to":[8.09946,4.9,16.1],"rotation":{"angle":45.0,"axis":"z","origin":[8.0,5.3,16.2]},"faces":{"east":{"uv":[5.0,1.0,6.0,2.0],"texture":"#o3"},"down":{"uv":[5.0,1.0,6.0,2.0],"texture":"#o3"}}},{"from":[7.5,5.20054,16.1],"to":[8.5,5.39946,16.51],"rotation":{"angle":-22.5,"axis":"z","origin":[8.0,5.3,16.6]},"faces":{"north":{"uv":[5.0,1.0,6.0,2.0],"texture":"#o3"},"south":{"uv":[5.0,1.0,6.0,2.0],"texture":"#o3"},"east":{"uv":[5.0,1.0,6.0,2.0],"texture":"#o3"},"west":{"uv":[5.0,1.0,6.0,2.0],"texture":"#o3"}}},{"from":[7.5,5.20054,16.1],"to":[8.5,5.39946,16.51],"rotation":{"angle":22.5,"axis":"z","origin":[8.0,5.3,16.6]},"faces":{"north":{"uv":[5.0,1.0,6.0,2.0],"texture":"#o3"},"south":{"uv":[5.0,1.0,6.0,2.0],"texture":"#o3"},"east":{"uv":[5.0,1.0,6.0,2.0],"texture":"#o3"},"west":{"uv":[5.0,1.0,6.0,2.0],"texture":"#o3"}}},{"from":[7.93436,5.07,16.51],"to":[8.36564,5.73,17.52],"rotation":{"angle":-45.0,"axis":"z","origin":[8.0,5.4,17.01]},"faces":{"south":{"uv":[5.0,1.0,6.0,2.0],"texture":"#o3"},"up":{"uv":[5.0,1.0,6.0,2.0],"texture":"#o3"}}},{"from":[7.93436,5.07,16.51],"to":[8.06564,5.73,17.52],"rotation":{"angle":-22.5,"axis":"z","origin":[8.0,5.4,17.01]},"faces":{"south":{"uv":[5.0,1.0,6.0,2.0],"texture":"#o3"},"up":{"uv":[5.0,1.0,6.0,2.0],"texture":"#o3"}}},{"from":[7.93436,5.07,16.51],"to":[8.06564,5.73,17.52],"rotation":{"angle":0.0,"axis":"z","origin":[8.0,5.4,17.01]},"faces":{"south":{"uv":[5.0,1.0,6.0,2.0],"texture":"#o3"},"up":{"uv":[5.0,1.0,6.0,2.0],"texture":"#o3"}}},{"from":[7.93436,5.07,16.51],"to":[8.06564,5.73,17.52],"rotation":{"angle":22.5,"axis":"z","origin":[8.0,5.4,17.01]},"faces":{"south":{"uv":[5.0,1.0,6.0,2.0],"texture":"#o3"},"up":{"uv":[5.0,1.0,6.0,2.0],"texture":"#o3"}}},{"from":[7.63436,5.07,16.51],"to":[8.06564,5.73,17.52],"rotation":{"angle":45.0,"axis":"z","origin":[8.0,5.4,17.01]},"faces":{"south":{"uv":[5.0,1.0,6.0,2.0],"texture":"#o3"},"up":{"uv":[5.0,1.0,6.0,2.0],"texture":"#o3"}}},{"from":[7.63436,5.07,17.52],"to":[7.96564,5.73,17.82],"rotation":{"angle":45.0,"axis":"z","origin":[8.0,5.4,17.31]},"faces":{"south":{"uv":[5.0,1.0,6.0,2.0],"texture":"#o3"},"east":{"uv":[5.0,1.0,6.0,2.0],"texture":"#o3"},"up":{"uv":[5.0,1.0,6.0,2.0],"texture":"#o3"}}},{"from":[7.90054,4.8,16.51],"to":[8.09946,5.5,17.82],"rotation":{"angle":0.0,"axis":"z","origin":[8.0,5.3,17.01]},"faces":{"north":{"uv":[5.0,1.0,6.0,2.0],"texture":"#o3"},"south":{"uv":[5.0,1.0,6.0,2.0],"texture":"#o3"},"east":{"uv":[5.0,1.0,6.0,2.0],"texture":"#o3"},"west":{"uv":[5.0,1.0,6.0,2.0],"texture":"#o3"},"up":{"uv":[5.0,1.0,6.0,2.0],"texture":"#o3"},"down":{"uv":[5.0,1.0,6.0,2.0],"texture":"#o3"}}},{"from":[7.5,4.90054,16.51],"to":[8.5,5.39946,17.82],"rotation":{"angle":0.0,"axis":"z","origin":[8.0,5.3,18.43]},"faces":{"north":{"uv":[5.0,1.0,6.0,2.0],"texture":"#o3"},"south":{"uv":[5.0,1.0,6.0,2.0],"texture":"#o3"},"east":{"uv":[5.0,1.0,6.0,2.0],"texture":"#o3"},"west":{"uv":[5.0,1.0,6.0,2.0],"texture":"#o3"},"up":{"uv":[5.0,1.0,6.0,2.0],"texture":"#o3"}}},{"from":[7.5,5.20054,16.1],"to":[8.5,5.39946,16.51],"rotation":{"angle":0.0,"axis":"z","origin":[8.0,5.3,18.43]},"faces":{"north":{"uv":[5.0,1.0,6.0,2.0],"texture":"#o3"},"east":{"uv":[5.0,1.0,6.0,2.0],"texture":"#o3"},"west":{"uv":[5.0,1.0,6.0,2.0],"texture":"#o3"}}},{"from":[7.91049,4.85,4.7],"to":[8.08951,5.75,11.53],"rotation":{"angle":-45.0,"axis":"z","origin":[8.0,5.3,5.2]},"faces":{"up":{"uv":[5.0,1.0,6.0,2.0],"texture":"#o3"}}},{"from":[7.91049,4.85,4.7],"to":[8.08951,5.75,11.53],"rotation":{"angle":-22.5,"axis":"z","origin":[8.0,5.3,5.2]},"faces":{"up":{"uv":[5.0,1.0,6.0,2.0],"texture":"#o3"}}},{"from":[7.91049,4.85,4.7],"to":[8.08951,5.75,11.53],"rotation":{"angle":0.0,"axis":"z","origin":[8.0,5.3,5.2]},"faces":{"up":{"uv":[5.0,1.0,6.0,2.0],"texture":"#o3"}}},{"from":[7.91049,4.85,4.7],"to":[8.08951,5.75,11.53],"rotation":{"angle":22.5,"axis":"z","origin":[8.0,5.3,5.2]},"faces":{"up":{"uv":[5.0,1.0,6.0,2.0],"texture":"#o3"}}},{"from":[7.91049,4.85,4.7],"to":[8.08951,5.75,11.53],"rotation":{"angle":45.0,"axis":"z","origin":[8.0,5.3,5.2]},"faces":{"up":{"uv":[5.0,1.0,6.0,2.0],"texture":"#o3"}}},{"from":[7.55,5.21049,4.7],"to":[8.45,5.38951,11.53],"rotation":{"angle":-22.5,"axis":"z","origin":[8.0,5.3,5.2]},"faces":{"east":{"uv":[5.0,1.0,6.0,2.0],"texture":"#o3"},"west":{"uv":[5.0,1.0,6.0,2.0],"texture":"#o3"}}},{"from":[7.55,5.21049,4.7],"to":[8.45,5.38951,11.53],"rotation":{"angle":0.0,"axis":"z","origin":[8.0,5.3,5.2]},"faces":{"east":{"uv":[5.0,1.0,6.0,2.0],"texture":"#o3"},"west":{"uv":[5.0,1.0,6.0,2.0],"texture":"#o3"}}},{"from":[7.55,5.21049,4.7],"to":[8.45,5.38951,11.53],"rotation":{"angle":22.5,"axis":"z","origin":[8.0,5.3,5.2]},"faces":{"east":{"uv":[5.0,1.0,6.0,2.0],"texture":"#o3"},"west":{"uv":[5.0,1.0,6.0,2.0],"texture":"#o3"}}},{"from":[7.88065,4.71,11.44],"to":[8.11935,5.91,13.13],"rotation":{"angle":-45.0,"axis":"z","origin":[8.0,5.31,11.94]},"faces":{"north":{"uv":[5.0,1.0,6.0,2.0],"texture":"#o3"},"south":{"uv":[5.0,1.0,6.0,2.0],"texture":"#o3"},"east":{"uv":[5.0,1.0,6.0,2.0],"texture":"#o3"},"west":{"uv":[5.0,1.0,6.0,2.0],"texture":"#o3"},"up":{"uv":[5.0,1.0,6.0,2.0],"texture":"#o3"},"down":{"uv":[5.0,1.0,6.0,2.0],"texture":"#o3"}}},{"from":[7.88065,4.71,11.44],"to":[8.11935,5.91,13.13],"rotation":{"angle":-22.5,"axis":"z","origin":[8.0,5.31,11.94]},"faces":{"north":{"uv":[5.0,1.0,6.0,2.0],"texture":"#o3"},"south":{"uv":[5.0,1.0,6.0,2.0],"texture":"#o3"},"east":{"uv":[5.0,1.0,6.0,2.0],"texture":"#o3"},"west":{"uv":[5.0,1.0,6.0,2.0],"texture":"#o3"},"up":{"uv":[5.0,1.0,6.0,2.0],"texture":"#o3"},"down":{"uv":[5.0,1.0,6.0,2.0],"texture":"#o3"}}},{"from":[7.88065,4.71,11.44],"to":[8.11935,5.91,13.13],"rotation":{"angle":0.0,"axis":"z","origin":[8.0,5.31,11.94]},"faces":{"north":{"uv":[5.0,1.0,6.0,2.0],"texture":"#o3"},"south":{"uv":[5.0,1.0,6.0,2.0],"texture":"#o3"},"east":{"uv":[5.0,1.0,6.0,2.0],"texture":"#o3"},"west":{"uv":[5.0,1.0,6.0,2.0],"texture":"#o3"},"up":{"uv":[5.0,1.0,6.0,2.0],"texture":"#o3"},"down":{"uv":[5.0,1.0,6.0,2.0],"texture":"#o3"}}},{"from":[7.88065,4.71,11.44],"to":[8.11935,5.91,13.13],"rotation":{"angle":22.5,"axis":"z","origin":[8.0,5.31,11.94]},"faces":{"north":{"uv":[5.0,1.0,6.0,2.0],"texture":"#o3"},"south":{"uv":[5.0,1.0,6.0,2.0],"texture":"#o3"},"east":{"uv":[5.0,1.0,6.0,2.0],"texture":"#o3"},"west":{"uv":[5.0,1.0,6.0,2.0],"texture":"#o3"},"up":{"uv":[5.0,1.0,6.0,2.0],"texture":"#o3"},"down":{"uv":[5.0,1.0,6.0,2.0],"texture":"#o3"}}},{"from":[7.88065,4.71,11.44],"to":[8.11935,5.91,13.13],"rotation":{"angle":45.0,"axis":"z","origin":[8.0,5.31,11.94]},"faces":{"north":{"uv":[5.0,1.0,6.0,2.0],"texture":"#o3"},"south":{"uv":[5.0,1.0,6.0,2.0],"texture":"#o3"},"east":{"uv":[5.0,1.0,6.0,2.0],"texture":"#o3"},"west":{"uv":[5.0,1.0,6.0,2.0],"texture":"#o3"},"up":{"uv":[5.0,1.0,6.0,2.0],"texture":"#o3"},"down":{"uv":[5.0,1.0,6.0,2.0],"texture":"#o3"}}},{"from":[7.4,5.19065,11.44],"to":[8.6,5.42935,13.13],"rotation":{"angle":-22.5,"axis":"z","origin":[8.0,5.31,11.94]},"faces":{"north":{"uv":[5.0,1.0,6.0,2.0],"texture":"#o3"},"south":{"uv":[5.0,1.0,6.0,2.0],"texture":"#o3"},"east":{"uv":[5.0,1.0,6.0,2.0],"texture":"#o3"},"west":{"uv":[5.0,1.0,6.0,2.0],"texture":"#o3"},"up":{"uv":[5.0,1.0,6.0,2.0],"texture":"#o3"},"down":{"uv":[5.0,1.0,6.0,2.0],"texture":"#o3"}}},{"from":[7.4,5.19065,11.44],"to":[8.6,5.42935,13.13],"rotation":{"angle":0.0,"axis":"z","origin":[8.0,5.31,11.94]},"faces":{"north":{"uv":[5.0,1.0,6.0,2.0],"texture":"#o3"},"south":{"uv":[5.0,1.0,6.0,2.0],"texture":"#o3"},"east":{"uv":[5.0,1.0,6.0,2.0],"texture":"#o3"},"west":{"uv":[5.0,1.0,6.0,2.0],"texture":"#o3"},"up":{"uv":[5.0,1.0,6.0,2.0],"texture":"#o3"},"down":{"uv":[5.0,1.0,6.0,2.0],"texture":"#o3"}}},{"from":[7.4,5.19065,11.44],"to":[8.6,5.42935,13.13],"rotation":{"angle":22.5,"axis":"z","origin":[8.0,5.31,11.94]},"faces":{"north":{"uv":[5.0,1.0,6.0,2.0],"texture":"#o3"},"south":{"uv":[5.0,1.0,6.0,2.0],"texture":"#o3"},"east":{"uv":[5.0,1.0,6.0,2.0],"texture":"#o3"},"west":{"uv":[5.0,1.0,6.0,2.0],"texture":"#o3"},"up":{"uv":[5.0,1.0,6.0,2.0],"texture":"#o3"},"down":{"uv":[5.0,1.0,6.0,2.0],"texture":"#o3"}}},{"from":[7.91049,4.86,13.1],"to":[8.08951,5.06,15.31],"rotation":{"angle":-45.0,"axis":"z","origin":[8.0,5.31,13.6]},"faces":{"south":{"uv":[5.0,1.0,6.0,2.0],"texture":"#o3"},"west":{"uv":[5.0,1.0,6.0,2.0],"texture":"#o3"},"up":{"uv":[5.0,1.0,6.0,2.0],"texture":"#o3"},"down":{"uv":[5.0,1.0,6.0,2.0],"texture":"#o3"}}},{"from":[7.91049,4.86,13.1],"to":[8.08951,5.06,16.11],"rotation":{"angle":-22.5,"axis":"z","origin":[8.0,5.31,13.6]},"faces":{"west":{"uv":[5.0,1.0,6.0,2.0],"texture":"#o3"},"up":{"uv":[5.0,1.0,6.0,2.0],"texture":"#o3"},"down":{"uv":[5.0,1.0,6.0,2.0],"texture":"#o3"}}},{"from":[7.91049,4.86,13.1],"to":[8.08951,5.06,16.11],"rotation":{"angle":0.0,"axis":"z","origin":[8.0,5.31,13.6]},"faces":{"up":{"uv":[5.0,1.0,6.0,2.0],"texture":"#o3"},"down":{"uv":[5.0,1.0,6.0,2.0],"texture":"#o3"}}},{"from":[7.91049,4.86,13.1],"to":[8.08951,5.06,16.11],"rotation":{"angle":22.5,"axis":"z","origin":[8.0,5.31,13.6]},"faces":{"up":{"uv":[5.0,1.0,6.0,2.0],"texture":"#o3"},"down":{"uv":[5.0,1.0,6.0,2.0],"texture":"#o3"}}},{"from":[7.91049,4.86,13.1],"to":[8.08951,5.06,16.11],"rotation":{"angle":45.0,"axis":"z","origin":[8.0,5.31,13.6]},"faces":{"up":{"uv":[5.0,1.0,6.0,2.0],"texture":"#o3"},"down":{"uv":[5.0,1.0,6.0,2.0],"texture":"#o3"}}},{"from":[7.55,5.22049,13.1],"to":[7.75,5.59951,14.91],"rotation":{"angle":0.0,"axis":"z","origin":[8.0,5.31,13.6]},"faces":{"south":{"uv":[5.0,1.0,6.0,2.0],"texture":"#o3"},"east":{"uv":[5.0,1.0,6.0,2.0],"texture":"#o3"},"west":{"uv":[5.0,1.0,6.0,2.0],"texture":"#o3"},"up":{"uv":[5.0,1.0,6.0,2.0],"texture":"#o3"}}},{"from":[7.55,5.22049,13.1],"to":[7.75,5.39951,15.12],"rotation":{"angle":22.5,"axis":"z","origin":[8.0,5.31,13.6]},"faces":{"south":{"uv":[5.0,1.0,6.0,2.0],"texture":"#o3"},"east":{"uv":[5.0,1.0,6.0,2.0],"texture":"#o3"},"west":{"uv":[5.0,1.0,6.0,2.0],"texture":"#o3"},"up":{"uv":[5.0,1.0,6.0,2.0],"texture":"#o3"}}},{"from":[8.25,5.22049,13.1],"to":[8.45,5.39951,16.11],"rotation":{"angle":-22.5,"axis":"z","origin":[8.0,5.31,13.6]},"faces":{"east":{"uv":[5.0,1.0,6.0,2.0],"texture":"#o3"},"west":{"uv":[5.0,1.0,6.0,2.0],"texture":"#o3"}}},{"from":[8.25,5.22049,13.1],"to":[8.45,5.29951,16.11],"rotation":{"angle":0.0,"axis":"z","origin":[8.0,5.31,13.6]},"faces":{"east":{"uv":[5.0,1.0,6.0,2.0],"texture":"#o3"},"west":{"uv":[5.0,1.0,6.0,2.0],"texture":"#o3"},"up":{"uv":[5.0,1.0,6.0,2.0],"texture":"#o3"}}},{"from":[7.95,4.50033,-9.66],"to":[8.05,4.62967,-7.05],"rotation":{"angle":0.0,"axis":"z","origin":[8.0,5.34,-8.35]},"faces":{"north":{"uv":[5.0,1.0,6.0,2.0],"texture":"#o3"},"east":{"uv":[5.0,1.0,6.0,2.0],"texture":"#o3"},"west":{"uv":[5.0,1.0,6.0,2.0],"texture":"#o3"},"up":{"uv":[5.0,1.0,6.0,2.0],"texture":"#o3"},"down":{"uv":[5.0,1.0,6.0,2.0],"texture":"#o3"}}},{"from":[7.9,4.48033,-7.05],"to":[8.1,5.35967,-5.5],"rotation":{"angle":0.0,"axis":"z","origin":[8.0,5.3,-6.8]},"faces":{"north":{"uv":[5.0,1.0,6.0,2.0],"texture":"#o3"},"east":{"uv":[5.0,1.0,6.0,2.0],"texture":"#o3"},"west":{"uv":[5.0,1.0,6.0,2.0],"texture":"#o3"},"down":{"uv":[5.0,1.0,6.0,2.0],"texture":"#o3"}}},{"from":[7.6,4.34033,-5.5],"to":[8.4,5.59967,-3.7],"rotation":{"angle":0.0,"axis":"z","origin":[8.0,5.3,-5.0]},"faces":{"north":{"uv":[5.0,1.0,6.0,2.0],"texture":"#o3"},"south":{"uv":[5.0,1.0,6.0,2.0],"texture":"#o3"},"east":{"uv":[5.0,1.0,6.0,2.0],"texture":"#o3"},"west":{"uv":[5.0,1.0,6.0,2.0],"texture":"#o3"},"up":{"uv":[5.0,1.0,6.0,2.0],"texture":"#o3"},"down":{"uv":[5.0,1.0,6.0,2.0],"texture":"#o3"}}},{"from":[7.625,4.0753,-0.1],"to":[8.375,5.6547,2.1],"rotation":{"angle":0.0,"axis":"z","origin":[8.0,5.3,0.4]},"faces":{"north":{"uv":[1.0,1.0,2.0,2.0],"texture":"#o3"},"south":{"uv":[1.0,1.0,2.0,2.0],"texture":"#o3"},"east":{"uv":[1.0,1.0,2.0,2.0],"texture":"#o3"},"west":{"uv":[1.0,1.0,2.0,2.0],"texture":"#o3"},"up":{"uv":[1.0,1.0,2.0,2.0],"texture":"#o3"},"down":{"uv":[1.0,1.0,2.0,2.0],"texture":"#o3"}}},{"from":[7.625,4.4453,-3.7],"to":[8.375,5.3547,-0.78],"rotation":{"angle":0.0,"axis":"z","origin":[8.0,5.3,-3.2]},"faces":{"north":{"uv":[1.0,1.0,2.0,2.0],"texture":"#o3"},"south":{"uv":[1.0,1.0,2.0,2.0],"texture":"#o3"},"east":{"uv":[1.0,1.0,2.0,2.0],"texture":"#o3"},"west":{"uv":[1.0,1.0,2.0,2.0],"texture":"#o3"},"up":{"uv":[1.0,1.0,2.0,2.0],"texture":"#o3"},"down":{"uv":[1.0,1.0,2.0,2.0],"texture":"#o3"}}},{"from":[7.6,4.04033,-0.8],"to":[8.4,5.76967,-0.1],"rotation":{"angle":0.0,"axis":"z","origin":[8.0,5.3,-0.3]},"faces":{"north":{"uv":[5.0,1.0,6.0,2.0],"texture":"#o3"},"south":{"uv":[5.0,1.0,6.0,2.0],"texture":"#o3"},"east":{"uv":[5.0,1.0,6.0,2.0],"texture":"#o3"},"west":{"uv":[5.0,1.0,6.0,2.0],"texture":"#o3"},"up":{"uv":[5.0,1.0,6.0,2.0],"texture":"#o3"},"down":{"uv":[5.0,1.0,6.0,2.0],"texture":"#o3"}}},{"from":[7.55,4.00049,2.1],"to":[8.45,5.74951,4.5],"rotation":{"angle":0.0,"axis":"z","origin":[8.0,5.36,2.6]},"faces":{"north":{"uv":[1.0,1.0,2.0,2.0],"texture":"#o3"},"south":{"uv":[1.0,1.0,2.0,2.0],"texture":"#o3"},"east":{"uv":[1.0,1.0,2.0,2.0],"texture":"#o3"},"west":{"uv":[1.0,1.0,2.0,2.0],"texture":"#o3"},"up":{"uv":[1.0,1.0,2.0,2.0],"texture":"#o3"},"down":{"uv":[1.0,1.0,2.0,2.0],"texture":"#o3"}}},{"from":[7.45,3.8406,5.94],"to":[8.55,5.1094,9.38],"rotation":{"angle":0.0,"axis":"z","origin":[8.0,5.35,5.0]},"faces":{"north":{"uv":[1.0,1.0,2.0,2.0],"texture":"#o3"},"south":{"uv":[1.0,1.0,2.0,2.0],"texture":"#o3"},"east":{"uv":[1.0,1.0,2.0,2.0],"texture":"#o3"},"west":{"uv":[1.0,1.0,2.0,2.0],"texture":"#o3"},"up":{"uv":[1.0,1.0,2.0,2.0],"texture":"#o3"},"down":{"uv":[1.0,1.0,2.0,2.0],"texture":"#o3"}}},{"from":[7.45,3.8406,4.5],"to":[8.55,5.8594,5.94],"rotation":{"angle":0.0,"axis":"z","origin":[8.0,5.35,5.0]},"faces":{"north":{"uv":[1.0,1.0,2.0,2.0],"texture":"#o3"},"south":{"uv":[1.0,1.0,2.0,2.0],"texture":"#o3"},"east":{"uv":[1.0,1.0,2.0,2.0],"texture":"#o3"},"west":{"uv":[1.0,1.0,2.0,2.0],"texture":"#o3"},"up":{"uv":[1.0,1.0,2.0,2.0],"texture":"#o3"},"down":{"uv":[1.0,1.0,2.0,2.0],"texture":"#o3"}}},{"from":[7.3,3.7406,9.38],"to":[8.7,5.1094,13.11],"rotation":{"angle":0.0,"axis":"z","origin":[8.0,5.35,5.0]},"faces":{"north":{"uv":[1.0,1.0,2.0,2.0],"texture":"#o3"},"south":{"uv":[1.0,1.0,2.0,2.0],"texture":"#o3"},"east":{"uv":[1.0,1.0,2.0,2.0],"texture":"#o3"},"west":{"uv":[1.0,1.0,2.0,2.0],"texture":"#o3"},"up":{"uv":[1.0,1.0,2.0,2.0],"texture":"#o3"},"down":{"uv":[1.0,1.0,2.0,2.0],"texture":"#o3"}}},{"from":[8.0,3.3006,16.1],"to":[8.7,5.0094,17.16],"rotation":{"angle":0.0,"axis":"z","origin":[8.0,5.35,5.0]},"faces":{"north":{"uv":[1.0,1.0,2.0,2.0],"texture":"#o3"},"south":{"uv":[1.0,1.0,2.0,2.0],"texture":"#o3"},"east":{"uv":[1.0,1.0,2.0,2.0],"texture":"#o3"},"west":{"uv":[1.0,1.0,2.0,2.0],"texture":"#o3"},"up":{"uv":[1.0,1.0,2.0,2.0],"texture":"#o3"},"down":{"uv":[1.0,1.0,2.0,2.0],"texture":"#o3"}}},{"from":[8.0,3.9606,17.16],"to":[8.7,5.0094,18.95],"rotation":{"angle":0.0,"axis":"z","origin":[8.0,5.35,5.0]},"faces":{"north":{"uv":[1.0,1.0,2.0,2.0],"texture":"#o3"},"south":{"uv":[1.0,1.0,2.0,2.0],"texture":"#o3"},"east":{"uv":[1.0,1.0,2.0,2.0],"texture":"#o3"},"west":{"uv":[1.0,1.0,2.0,2.0],"texture":"#o3"},"up":{"uv":[1.0,1.0,2.0,2.0],"texture":"#o3"},"down":{"uv":[1.0,1.0,2.0,2.0],"texture":"#o3"}}},{"from":[8.0,3.5606,15.11],"to":[8.7,4.9094,16.1],"rotation":{"angle":0.0,"axis":"z","origin":[8.0,5.35,5.0]},"faces":{"north":{"uv":[1.0,1.0,2.0,2.0],"texture":"#o3"},"south":{"uv":[1.0,1.0,2.0,2.0],"texture":"#o3"},"east":{"uv":[1.0,1.0,2.0,2.0],"texture":"#o3"},"west":{"uv":[1.0,1.0,2.0,2.0],"texture":"#o3"},"up":{"uv":[1.0,1.0,2.0,2.0],"texture":"#o3"},"down":{"uv":[1.0,1.0,2.0,2.0],"texture":"#o3"}}},{"from":[8.0,3.5606,13.11],"to":[8.7,4.9094,15.11],"rotation":{"angle":0.0,"axis":"z","origin":[8.0,5.35,5.0]},"faces":{"north":{"uv":[1.0,1.0,2.0,2.0],"texture":"#o3"},"south":{"uv":[1.0,1.0,2.0,2.0],"texture":"#o3"},"east":{"uv":[1.0,1.0,2.0,2.0],"texture":"#o3"},"west":{"uv":[1.0,1.0,2.0,2.0],"texture":"#o3"},"up":{"uv":[1.0,1.0,2.0,2.0],"texture":"#o3"},"down":{"uv":[1.0,1.0,2.0,2.0],"texture":"#o3"}}},{"from":[7.3,3.5606,13.11],"to":[7.8,5.1094,15.11],"rotation":{"angle":0.0,"axis":"z","origin":[8.0,5.35,5.0]},"faces":{"north":{"uv":[1.0,1.0,2.0,2.0],"texture":"#o3"},"south":{"uv":[1.0,1.0,2.0,2.0],"texture":"#o3"},"east":{"uv":[1.0,1.0,2.0,2.0],"texture":"#o3"},"west":{"uv":[1.0,1.0,2.0,2.0],"texture":"#o3"},"up":{"uv":[1.0,1.0,2.0,2.0],"texture":"#o3"},"down":{"uv":[1.0,1.0,2.0,2.0],"texture":"#o3"}}},{"from":[7.3,3.3006,17.81],"to":[8.0,5.0094,18.95],"rotation":{"angle":0.0,"axis":"z","origin":[8.0,5.35,5.0]},"faces":{"north":{"uv":[1.0,1.0,2.0,2.0],"texture":"#o3"},"south":{"uv":[1.0,1.0,2.0,2.0],"texture":"#o3"},"east":{"uv":[1.0,1.0,2.0,2.0],"texture":"#o3"},"west":{"uv":[1.0,1.0,2.0,2.0],"texture":"#o3"},"up":{"uv":[1.0,1.0,2.0,2.0],"texture":"#o3"},"down":{"uv":[1.0,1.0,2.0,2.0],"texture":"#o3"}}},{"from":[7.3,3.3006,16.21],"to":[8.0,4.9094,17.81],"rotation":{"angle":0.0,"axis":"z","origin":[8.0,5.35,5.0]},"faces":{"north":{"uv":[1.0,1.0,2.0,2.0],"texture":"#o3"},"south":{"uv":[1.0,1.0,2.0,2.0],"texture":"#o3"},"east":{"uv":[1.0,1.0,2.0,2.0],"texture":"#o3"},"west":{"uv":[1.0,1.0,2.0,2.0],"texture":"#o3"},"up":{"uv":[1.0,1.0,2.0,2.0],"texture":"#o3"},"down":{"uv":[1.0,1.0,2.0,2.0],"texture":"#o3"}}},{"from":[7.3,3.5606,15.11],"to":[8.0,4.9094,16.21],"rotation":{"angle":0.0,"axis":"z","origin":[8.0,5.35,5.0]},"faces":{"north":{"uv":[1.0,1.0,2.0,2.0],"texture":"#o3"},"south":{"uv":[1.0,1.0,2.0,2.0],"texture":"#o3"},"east":{"uv":[1.0,1.0,2.0,2.0],"texture":"#o3"},"west":{"uv":[1.0,1.0,2.0,2.0],"texture":"#o3"},"up":{"uv":[1.0,1.0,2.0,2.0],"texture":"#o3"},"down":{"uv":[1.0,1.0,2.0,2.0],"texture":"#o3"}}},{"from":[7.86076,3.3,17.16],"to":[8.33924,4.0,18.76],"rotation":{"angle":0.0,"axis":"z","origin":[8.0,4.0,16.71]},"faces":{"north":{"uv":[1.0,1.0,2.0,2.0],"texture":"#o3"},"south":{"uv":[1.0,1.0,2.0,2.0],"texture":"#o3"},"east":{"uv":[1.0,1.0,2.0,2.0],"texture":"#o3"},"west":{"uv":[1.0,1.0,2.0,2.0],"texture":"#o3"},"up":{"uv":[1.0,1.0,2.0,2.0],"texture":"#o3"},"down":{"uv":[1.0,1.0,2.0,2.0],"texture":"#o3"}}},{"from":[7.50076,3.13,18.71],"to":[8.49924,4.75,19.89],"rotation":{"angle":0.0,"axis":"z","origin":[8.0,3.83,19.21]},"faces":{"north":{"uv":[1.0,1.0,2.0,2.0],"texture":"#o3"},"south":{"uv":[1.0,1.0,2.0,2.0],"texture":"#o3"},"east":{"uv":[1.0,1.0,2.0,2.0],"texture":"#o3"},"west":{"uv":[1.0,1.0,2.0,2.0],"texture":"#o3"},"up":{"uv":[1.0,1.0,2.0,2.0],"texture":"#o3"},"down":{"uv":[1.0,1.0,2.0,2.0],"texture":"#o3"}}},{"from":[7.50076,3.29149,18.65],"to":[8.49924,4.81,21.15321],"rotation":{"angle":22.5,"axis":"x","origin":[8.0,4.16,19.22]},"faces":{"north":{"uv":[1.0,2.0,2.0,1.0],"texture":"#o3"},"south":{"uv":[1.0,2.0,2.0,1.0],"texture":"#o3"},"east":{"uv":[1.0,2.0,2.0,1.0],"texture":"#o3"},"west":{"uv":[1.0,2.0,2.0,1.0],"texture":"#o3"},"up":{"uv":[1.0,2.0,2.0,1.0],"texture":"#o3"},"down":{"uv":[1.0,2.0,2.0,1.0],"texture":"#o3"}}},{"from":[7.50076,3.54923,19.65115],"to":[8.49924,4.84923,22.08115],"rotation":{"angle":22.5,"axis":"x","origin":[8.0,4.19923,19.52115]},"faces":{"east":{"uv":[1.0,2.0,2.0,1.0],"texture":"#o3"},"west":{"uv":[1.0,2.0,2.0,1.0],"texture":"#o3"},"up":{"uv":[1.0,2.0,2.0,1.0],"texture":"#o3"}}},{"from":[7.50076,2.68998,21.25864],"to":[8.49924,3.38998,22.71864],"rotation":{"angle":45.0,"axis":"x","origin":[8.0,3.70998,20.94864]},"faces":{"east":{"uv":[1.0,2.0,2.0,1.0],"texture":"#o3"},"west":{"uv":[1.0,2.0,2.0,1.0],"texture":"#o3"},"down":{"uv":[1.0,2.0,2.0,1.0],"texture":"#o3"}}},{"from":[7.50076,1.73715,21.47897],"to":[8.49924,3.72214,30.58868],"rotation":{"angle":0.0,"axis":"x","origin":[8.0,2.74214,22.01868]},"faces":{"north":{"uv":[1.0,2.0,2.0,1.0],"texture":"#o3"},"south":{"uv":[1.0,2.0,2.0,1.0],"texture":"#o3"},"east":{"uv":[1.0,2.0,2.0,1.0],"texture":"#o3"},"west":{"uv":[1.0,2.0,2.0,1.0],"texture":"#o3"},"up":{"uv":[1.0,2.0,2.0,1.0],"texture":"#o3"},"down":{"uv":[1.0,2.0,2.0,1.0],"texture":"#o3"}}},{"from":[7.50076,3.36088,21.52445],"to":[8.49924,3.95088,22.30445],"rotation":{"angle":0.0,"axis":"x","origin":[8.0,4.35088,21.10445]},"faces":{"east":{"uv":[1.0,2.0,2.0,1.0],"texture":"#o3"},"west":{"uv":[1.0,2.0,2.0,1.0],"texture":"#o3"},"up":{"uv":[1.0,2.0,2.0,1.0],"texture":"#o3"}}},{"from":[7.50076,3.69482,22.99331],"to":[8.49924,4.28482,30.28331],"rotation":{"angle":0.0,"axis":"x","origin":[8.0,4.68482,22.68331]},"faces":{"east":{"uv":[1.0,2.0,2.0,1.0],"texture":"#o3"},"west":{"uv":[1.0,2.0,2.0,1.0],"texture":"#o3"},"up":{"uv":[1.0,2.0,2.0,1.0],"texture":"#o3"}}},{"from":[7.50076,0.18895,27.27402],"to":[8.49924,2.47895,30.26402],"rotation":{"angle":0.0,"axis":"x","origin":[8.0,2.87895,29.96402]},"faces":{"east":{"uv":[1.0,2.0,2.0,1.0],"texture":"#o3"},"west":{"uv":[1.0,2.0,2.0,1.0],"texture":"#o3"}}},{"from":[7.50076,3.16689,21.94919],"to":[8.49924,3.75689,22.93919],"rotation":{"angle":-22.5,"axis":"x","origin":[8.0,4.15689,21.63919]},"faces":{"east":{"uv":[1.0,2.0,2.0,1.0],"texture":"#o3"},"west":{"uv":[1.0,2.0,2.0,1.0],"texture":"#o3"},"up":{"uv":[1.0,2.0,2.0,1.0],"texture":"#o3"}}},{"from":[7.50076,1.84641,23.03473],"to":[8.49924,3.48325,30.74154],"rotation":{"angle":22.5,"axis":"x","origin":[8.0,2.83641,23.12473]},"faces":{"east":{"uv":[1.0,2.0,2.0,1.0],"texture":"#o3"},"west":{"uv":[1.0,2.0,2.0,1.0],"texture":"#o3"},"down":{"uv":[1.0,2.0,2.0,1.0],"texture":"#o3"}}},{"from":[7.40076,0.18895,30.25402],"to":[8.59924,4.37895,30.64402],"rotation":{"angle":0.0,"axis":"x","origin":[8.0,2.87895,30.34402]},"faces":{"north":{"uv":[5.0,2.0,6.0,1.0],"texture":"#o3"},"south":{"uv":[5.0,2.0,6.0,1.0],"texture":"#o3"},"east":{"uv":[5.0,2.0,6.0,1.0],"texture":"#o3"},"west":{"uv":[5.0,2.0,6.0,1.0],"texture":"#o3"},"up":{"uv":[5.0,2.0,6.0,1.0],"texture":"#o3"},"down":{"uv":[5.0,2.0,6.0,1.0],"texture":"#o3"}}},{"from":[7.40076,1.6086,30.73077],"to":[8.59924,3.13018,31.09109],"rotation":{"angle":22.5,"axis":"x","origin":[8.0,2.78334,23.47428]},"faces":{"north":{"uv":[5.0,2.0,6.0,1.0],"texture":"#o3"},"south":{"uv":[5.0,2.0,6.0,1.0],"texture":"#o3"},"east":{"uv":[5.0,2.0,6.0,1.0],"texture":"#o3"},"west":{"uv":[5.0,2.0,6.0,1.0],"texture":"#o3"},"down":{"uv":[5.0,2.0,6.0,1.0],"texture":"#o3"}}},{"from":[7.6,3.39,12.95],"to":[8.4,3.92,13.75],"rotation":{"angle":0.0,"axis":"x","origin":[7.5,3.42,12.75]},"faces":{"north":{"uv":[5.0,1.0,6.0,2.0],"texture":"#o3"},"east":{"uv":[5.0,1.0,6.0,2.0],"texture":"#o3"},"west":{"uv":[5.0,1.0,6.0,2.0],"texture":"#o3"},"down":{"uv":[5.0,1.0,6.0,2.0],"texture":"#o3"}}},{"from":[7.6,3.12,15.75],"to":[8.4,3.62,16.75],"rotation":{"angle":0.0,"axis":"x","origin":[7.5,3.12,15.75]},"faces":{"north":{"uv":[5.0,1.0,6.0,2.0],"texture":"#o3"},"south":{"uv":[5.0,1.0,6.0,2.0],"texture":"#o3"},"east":{"uv":[5.0,1.0,6.0,2.0],"texture":"#o3"},"west":{"uv":[5.0,1.0,6.0,2.0],"texture":"#o3"},"down":{"uv":[5.0,1.0,6.0,2.0],"texture":"#o3"}}},{"from":[7.86,2.5,17.06],"to":[8.14,3.92,17.19],"rotation":{"angle":0.0,"axis":"x","origin":[7.5,2.92,16.89]},"faces":{"north":{"uv":[5.0,1.0,6.0,2.0],"texture":"#o3"},"south":{"uv":[5.0,1.0,6.0,2.0],"texture":"#o3"},"east":{"uv":[5.0,1.0,6.0,2.0],"texture":"#o3"},"west":{"uv":[5.0,1.0,6.0,2.0],"texture":"#o3"},"up":{"uv":[5.0,1.0,6.0,2.0],"texture":"#o3"},"down":{"uv":[5.0,1.0,6.0,2.0],"texture":"#o3"}}},{"from":[7.86,1.81858,17.20142],"to":[8.14,2.55858,17.30142],"rotation":{"angle":-45.0,"axis":"x","origin":[7.5,2.35858,17.20142]},"faces":{"north":{"uv":[5.0,1.0,6.0,2.0],"texture":"#o3"},"south":{"uv":[5.0,1.0,6.0,2.0],"texture":"#o3"},"east":{"uv":[5.0,1.0,6.0,2.0],"texture":"#o3"},"west":{"uv":[5.0,1.0,6.0,2.0],"texture":"#o3"}}},{"from":[7.86,1.97674,17.58326],"to":[8.14,2.07674,18.66326],"rotation":{"angle":0.0,"axis":"x","origin":[7.5,1.97674,17.78326]},"faces":{"east":{"uv":[5.0,1.0,6.0,2.0],"texture":"#o3"},"west":{"uv":[5.0,1.0,6.0,2.0],"texture":"#o3"},"up":{"uv":[5.0,1.0,6.0,2.0],"texture":"#o3"},"down":{"uv":[5.0,1.0,6.0,2.0],"texture":"#o3"}}},{"from":[7.86,2.25958,18.5461],"to":[8.14,2.35958,19.1761],"rotation":{"angle":-45.0,"axis":"x","origin":[7.5,2.25958,18.9461]},"faces":{"east":{"uv":[5.0,1.0,6.0,2.0],"texture":"#o3"},"west":{"uv":[5.0,1.0,6.0,2.0],"texture":"#o3"},"up":{"uv":[5.0,1.0,6.0,2.0],"texture":"#o3"},"down":{"uv":[5.0,1.0,6.0,2.0],"texture":"#o3"}}},{"from":[7.86,2.42222,19.00874],"to":[8.14,3.10222,19.10874],"rotation":{"angle":0.0,"axis":"x","origin":[7.5,2.62222,19.10874]},"faces":{"north":{"uv":[5.0,1.0,6.0,2.0],"texture":"#o3"},"south":{"uv":[5.0,1.0,6.0,2.0],"texture":"#o3"},"east":{"uv":[5.0,1.0,6.0,2.0],"texture":"#o3"},"west":{"uv":[5.0,1.0,6.0,2.0],"texture":"#o3"}}},{"from":[7.86,2.3506,18.18996],"to":[8.14,3.0406,18.32996],"rotation":{"angle":0.0,"axis":"x","origin":[7.5,2.7606,18.32996]},"faces":{"north":{"uv":[5.0,1.0,6.0,2.0],"texture":"#o3"},"south":{"uv":[5.0,1.0,6.0,2.0],"texture":"#o3"},"east":{"uv":[5.0,1.0,6.0,2.0],"texture":"#o3"},"west":{"uv":[5.0,1.0,6.0,2.0],"texture":"#o3"},"up":{"uv":[5.0,1.0,6.0,2.0],"texture":"#o3"},"down":{"uv":[5.0,1.0,6.0,2.0],"texture":"#o3"}}},{"from":[7.86,3.09303,18.81682],"to":[8.14,3.34303,19.14682],"rotation":{"angle":0.0,"axis":"x","origin":[7.5,2.98303,19.01682]},"faces":{"north":{"uv":[5.0,1.0,6.0,2.0],"rotation":180,"texture":"#o3"},"south":{"uv":[5.0,1.0,6.0,2.0],"rotation":180,"texture":"#o3"},"east":{"uv":[5.0,1.0,6.0,2.0],"rotation":180,"texture":"#o3"},"west":{"uv":[5.0,1.0,6.0,2.0],"rotation":180,"texture":"#o3"},"up":{"uv":[5.0,1.0,6.0,2.0],"rotation":180,"texture":"#o3"},"down":{"uv":[5.0,1.0,6.0,2.0],"rotation":180,"texture":"#o3"}}},{"from":[7.86,2.97303,18.11682],"to":[8.14,3.50303,18.26682],"rotation":{"angle":-45.0,"axis":"x","origin":[7.5,3.08303,18.21682]},"faces":{"north":{"uv":[5.0,1.0,6.0,2.0],"texture":"#o3"},"south":{"uv":[5.0,1.0,6.0,2.0],"texture":"#o3"},"east":{"uv":[5.0,1.0,6.0,2.0],"texture":"#o3"},"west":{"uv":[5.0,1.0,6.0,2.0],"texture":"#o3"}}},{"from":[7.6,3.22,14.75],"to":[8.4,3.72,15.75],"rotation":{"angle":0.0,"axis":"x","origin":[7.5,3.22,14.75]},"faces":{"north":{"uv":[5.0,1.0,6.0,2.0],"texture":"#o3"},"east":{"uv":[5.0,1.0,6.0,2.0],"texture":"#o3"},"west":{"uv":[5.0,1.0,6.0,2.0],"texture":"#o3"},"down":{"uv":[5.0,1.0,6.0,2.0],"texture":"#o3"}}},{"from":[7.6,3.32,13.75],"to":[8.4,3.82,14.75],"rotation":{"angle":0.0,"axis":"x","origin":[7.5,3.32,13.75]},"faces":{"north":{"uv":[5.0,1.0,6.0,2.0],"texture":"#o3"},"east":{"uv":[5.0,1.0,6.0,2.0],"texture":"#o3"},"west":{"uv":[5.0,1.0,6.0,2.0],"texture":"#o3"},"down":{"uv":[5.0,1.0,6.0,2.0],"texture":"#o3"}}},{"from":[7.95027,6.27,-9.99],"to":[8.04973,6.33,-9.15],"rotation":{"angle":-45.0,"axis":"z","origin":[8.0,6.08,-9.65]},"faces":{"north":{"uv":[5.0,1.0,6.0,2.0],"texture":"#o3"},"south":{"uv":[5.0,1.0,6.0,2.0],"texture":"#o3"},"up":{"uv":[5.0,1.0,6.0,2.0],"texture":"#o3"},"down":{"uv":[5.0,1.0,6.0,2.0],"texture":"#o3"}}},{"from":[7.95027,6.27,-9.99],"to":[8.04973,6.33,-9.15],"rotation":{"angle":-22.5,"axis":"z","origin":[8.0,6.08,-9.65]},"faces":{"north":{"uv":[5.0,1.0,6.0,2.0],"texture":"#o3"},"south":{"uv":[5.0,1.0,6.0,2.0],"texture":"#o3"},"up":{"uv":[5.0,1.0,6.0,2.0],"texture":"#o3"},"down":{"uv":[5.0,1.0,6.0,2.0],"texture":"#o3"}}},{"from":[7.95027,6.27,-9.99],"to":[8.04973,6.33,-9.15],"rotation":{"angle":0.0,"axis":"z","origin":[8.0,6.08,-9.65]},"faces":{"north":{"uv":[5.0,1.0,6.0,2.0],"texture":"#o3"},"south":{"uv":[5.0,1.0,6.0,2.0],"texture":"#o3"},"up":{"uv":[5.0,1.0,6.0,2.0],"texture":"#o3"},"down":{"uv":[5.0,1.0,6.0,2.0],"texture":"#o3"}}},{"from":[7.95027,6.27,-9.99],"to":[8.04973,6.33,-9.15],"rotation":{"angle":22.5,"axis":"z","origin":[8.0,6.08,-9.65]},"faces":{"north":{"uv":[5.0,1.0,6.0,2.0],"texture":"#o3"},"south":{"uv":[5.0,1.0,6.0,2.0],"texture":"#o3"},"up":{"uv":[5.0,1.0,6.0,2.0],"texture":"#o3"},"down":{"uv":[5.0,1.0,6.0,2.0],"texture":"#o3"}}},{"from":[7.95027,6.27,-9.99],"to":[8.04973,6.33,-9.15],"rotation":{"angle":45.0,"axis":"z","origin":[8.0,6.08,-9.65]},"faces":{"north":{"uv":[5.0,1.0,6.0,2.0],"texture":"#o3"},"south":{"uv":[5.0,1.0,6.0,2.0],"texture":"#o3"},"up":{"uv":[5.0,1.0,6.0,2.0],"texture":"#o3"},"down":{"uv":[5.0,1.0,6.0,2.0],"texture":"#o3"}}},{"from":[7.75,6.03027,-9.99],"to":[7.81,6.12973,-9.15],"rotation":{"angle":-22.5,"axis":"z","origin":[8.0,6.08,-9.65]},"faces":{"north":{"uv":[5.0,1.0,6.0,2.0],"texture":"#o3"},"south":{"uv":[5.0,1.0,6.0,2.0],"texture":"#o3"},"east":{"uv":[5.0,1.0,6.0,2.0],"texture":"#o3"},"west":{"uv":[5.0,1.0,6.0,2.0],"texture":"#o3"}}},{"from":[7.75,5.83027,-9.99],"to":[7.81,6.12973,-9.15],"rotation":{"angle":0.0,"axis":"z","origin":[8.0,6.18,-9.65]},"faces":{"north":{"uv":[5.0,1.0,6.0,2.0],"texture":"#o3"},"south":{"uv":[5.0,1.0,6.0,2.0],"texture":"#o3"},"east":{"uv":[5.0,1.0,6.0,2.0],"texture":"#o3"},"west":{"uv":[5.0,1.0,6.0,2.0],"texture":"#o3"}}},{"from":[7.75,5.77027,-9.99],"to":[8.25,5.82973,-9.15],"rotation":{"angle":0.0,"axis":"z","origin":[8.0,6.18,-9.65]},"faces":{"north":{"uv":[5.0,1.0,6.0,2.0],"texture":"#o3"},"south":{"uv":[5.0,1.0,6.0,2.0],"texture":"#o3"},"east":{"uv":[5.0,1.0,6.0,2.0],"texture":"#o3"},"west":{"uv":[5.0,1.0,6.0,2.0],"texture":"#o3"},"up":{"uv":[5.0,1.0,6.0,2.0],"texture":"#o3"},"down":{"uv":[5.0,1.0,6.0,2.0],"texture":"#o3"}}},{"from":[7.9,5.51027,-9.89],"to":[8.1,5.86973,-9.15],"rotation":{"angle":0.0,"axis":"z","origin":[8.0,6.08,-9.65]},"faces":{"north":{"uv":[5.0,1.0,6.0,2.0],"texture":"#o3"},"south":{"uv":[5.0,1.0,6.0,2.0],"texture":"#o3"},"east":{"uv":[5.0,1.0,6.0,2.0],"texture":"#o3"},"west":{"uv":[5.0,1.0,6.0,2.0],"texture":"#o3"}}},{"from":[7.9,5.87027,-9.89],"to":[8.1,5.99984,-9.46412],"rotation":{"angle":0.0,"axis":"z","origin":[8.0,6.18,-9.65]},"faces":{"north":{"uv":[5.0,1.0,6.0,2.0],"texture":"#o3"},"east":{"uv":[5.0,1.0,6.0,2.0],"texture":"#o3"},"west":{"uv":[5.0,1.0,6.0,2.0],"texture":"#o3"},"up":{"uv":[5.0,1.0,6.0,2.0],"texture":"#o3"}}},{"from":[7.98,5.94027,-9.68],"to":[8.01,6.06984,-9.46412],"rotation":{"angle":-22.5,"axis":"z","origin":[8.08,6.07,-9.45]},"faces":{"north":{"uv":[5.0,1.0,6.0,2.0],"texture":"#o3"},"south":{"uv":[5.0,1.0,6.0,2.0],"texture":"#o3"},"west":{"uv":[5.0,1.0,6.0,2.0],"texture":"#o3"}}},{"from":[7.98755,5.99855,-9.68],"to":[8.01245,6.10812,-9.46412],"rotation":{"angle":0.0,"axis":"z","origin":[8.08755,6.10828,-9.45]},"faces":{"north":{"uv":[5.0,1.0,6.0,2.0],"texture":"#o3"},"south":{"uv":[5.0,1.0,6.0,2.0],"texture":"#o3"},"up":{"uv":[5.0,1.0,6.0,2.0],"texture":"#o3"}}},{"from":[7.96755,5.99855,-9.68],"to":[8.03245,6.05812,-9.46412],"rotation":{"angle":0.0,"axis":"z","origin":[8.08755,6.10828,-9.45]},"faces":{"north":{"uv":[5.0,1.0,6.0,2.0],"texture":"#o3"},"south":{"uv":[5.0,1.0,6.0,2.0],"texture":"#o3"}}},{"from":[7.99,5.94027,-9.68],"to":[8.02,6.06984,-9.46412],"rotation":{"angle":22.5,"axis":"z","origin":[7.92,6.07,-9.45]},"faces":{"north":{"uv":[6.0,1.0,5.0,2.0],"texture":"#o3"},"south":{"uv":[6.0,1.0,5.0,2.0],"texture":"#o3"},"east":{"uv":[6.0,1.0,5.0,2.0],"texture":"#o3"}}},{"from":[7.9,5.7371,-9.42488],"to":[8.1,5.89656,-9.08488],"rotation":{"angle":22.5,"axis":"x","origin":[8.0,6.04683,-9.18488]},"faces":{"east":{"uv":[5.0,1.0,6.0,2.0],"texture":"#o3"},"west":{"uv":[5.0,1.0,6.0,2.0],"texture":"#o3"},"up":{"uv":[5.0,1.0,6.0,2.0],"texture":"#o3"}}},{"from":[8.19,5.83027,-9.99],"to":[8.25,6.12973,-9.15],"rotation":{"angle":0.0,"axis":"z","origin":[8.0,6.18,-9.65]},"faces":{"north":{"uv":[5.0,1.0,6.0,2.0],"texture":"#o3"},"south":{"uv":[5.0,1.0,6.0,2.0],"texture":"#o3"},"east":{"uv":[5.0,1.0,6.0,2.0],"texture":"#o3"},"west":{"uv":[5.0,1.0,6.0,2.0],"texture":"#o3"}}},{"from":[8.19,6.03027,-9.99],"to":[8.25,6.12973,-9.15],"rotation":{"angle":22.5,"axis":"z","origin":[8.0,6.08,-9.65]},"faces":{"north":{"uv":[5.0,1.0,6.0,2.0],"texture":"#o3"},"south":{"uv":[5.0,1.0,6.0,2.0],"texture":"#o3"},"east":{"uv":[5.0,1.0,6.0,2.0],"texture":"#o3"},"west":{"uv":[5.0,1.0,6.0,2.0],"texture":"#o3"}}},{"from":[7.6,5.05,6.1],"to":[8.4,5.93,9.3],"rotation":{"angle":0.0,"axis":"y","origin":[7.5,5.05,6.1]},"faces":{"north":{"uv":[5.0,1.0,6.0,2.0],"texture":"#o3"},"south":{"uv":[5.0,1.0,6.0,2.0],"texture":"#o3"},"east":{"uv":[5.0,1.0,6.0,2.0],"texture":"#o3"},"west":{"uv":[5.0,1.0,6.0,2.0],"texture":"#o3"},"up":{"uv":[5.0,1.0,6.0,2.0],"texture":"#o3"}}},{"from":[7.89645,5.05,-10.5],"to":[8.10355,5.55,-0.8],"rotation":{"angle":45.0,"axis":"z","origin":[8.0,5.3,-10.0]},"faces":{"north":{"uv":[1.0,5.0,2.0,6.0],"texture":"#o3"},"south":{"uv":[1.0,5.0,2.0,6.0],"texture":"#o3"},"east":{"uv":[1.0,5.0,2.0,6.0],"texture":"#o3"},"west":{"uv":[1.0,5.0,2.0,6.0],"texture":"#o3"},"up":{"uv":[1.0,5.0,2.0,6.0],"texture":"#o3"},"down":{"uv":[1.0,5.0,2.0,6.0],"texture":"#o3"}}},{"from":[7.89645,5.05,-10.5],"to":[8.10355,5.55,-0.8],"rotation":{"angle":0.0,"axis":"z","origin":[8.0,5.3,-10.0]},"faces":{"north":{"uv":[1.0,5.0,2.0,6.0],"texture":"#o3"},"south":{"uv":[1.0,5.0,2.0,6.0],"texture":"#o3"},"east":{"uv":[1.0,5.0,2.0,6.0],"texture":"#o3"},"west":{"uv":[1.0,5.0,2.0,6.0],"texture":"#o3"},"up":{"uv":[1.0,5.0,2.0,6.0],"texture":"#o3"},"down":{"uv":[1.0,5.0,2.0,6.0],"texture":"#o3"}}},{"from":[7.75,5.19645,-10.5],"to":[8.25,5.40355,-0.8],"rotation":{"angle":45.0,"axis":"z","origin":[8.0,5.3,-10.0]},"faces":{"north":{"uv":[1.0,5.0,2.0,6.0],"texture":"#o3"},"south":{"uv":[1.0,5.0,2.0,6.0],"texture":"#o3"},"east":{"uv":[1.0,5.0,2.0,6.0],"texture":"#o3"},"west":{"uv":[1.0,5.0,2.0,6.0],"texture":"#o3"},"up":{"uv":[1.0,5.0,2.0,6.0],"texture":"#o3"},"down":{"uv":[1.0,5.0,2.0,6.0],"texture":"#o3"}}},{"from":[7.75,5.19645,-10.5],"to":[8.25,5.40355,-0.8],"rotation":{"angle":0.0,"axis":"z","origin":[8.0,5.3,-10.0]},"faces":{"north":{"uv":[1.0,5.0,2.0,6.0],"texture":"#o3"},"south":{"uv":[1.0,5.0,2.0,6.0],"texture":"#o3"},"east":{"uv":[1.0,5.0,2.0,6.0],"texture":"#o3"},"west":{"uv":[1.0,5.0,2.0,6.0],"texture":"#o3"},"up":{"uv":[1.0,5.0,2.0,6.0],"texture":"#o3"},"down":{"uv":[1.0,5.0,2.0,6.0],"texture":"#o3"}}},{"from":[7.90054,5.2,17.82],"to":[8.09946,5.8,17.93],"rotation":{"angle":-45.0,"axis":"z","origin":[8.0,5.3,18.32]},"faces":{"north":{"uv":[5.0,1.0,6.0,2.0],"texture":"#o3"},"south":{"uv":[5.0,1.0,6.0,2.0],"texture":"#o3"},"up":{"uv":[5.0,1.0,6.0,2.0],"texture":"#o3"}}},{"from":[7.90054,5.2,17.82],"to":[8.09946,5.8,17.93],"rotation":{"angle":-22.5,"axis":"z","origin":[8.0,5.3,18.32]},"faces":{"north":{"uv":[5.0,1.0,6.0,2.0],"texture":"#o3"},"south":{"uv":[5.0,1.0,6.0,2.0],"texture":"#o3"},"up":{"uv":[5.0,1.0,6.0,2.0],"texture":"#o3"}}},{"from":[7.90054,5.2,17.82],"to":[8.09946,5.8,17.93],"rotation":{"angle":0.0,"axis":"z","origin":[8.0,5.3,18.32]},"faces":{"north":{"uv":[5.0,1.0,6.0,2.0],"texture":"#o3"},"south":{"uv":[5.0,1.0,6.0,2.0],"texture":"#o3"},"up":{"uv":[5.0,1.0,6.0,2.0],"texture":"#o3"}}},{"from":[7.90054,5.2,17.82],"to":[8.09946,5.8,17.93],"rotation":{"angle":22.5,"axis":"z","origin":[8.0,5.3,18.32]},"faces":{"north":{"uv":[5.0,1.0,6.0,2.0],"texture":"#o3"},"south":{"uv":[5.0,1.0,6.0,2.0],"texture":"#o3"},"up":{"uv":[5.0,1.0,6.0,2.0],"texture":"#o3"}}},{"from":[7.90054,5.6,17.82],"to":[8.09946,5.8,17.93],"rotation":{"angle":45.0,"axis":"z","origin":[8.0,5.3,18.32]},"faces":{"north":{"uv":[5.0,1.0,6.0,2.0],"texture":"#o3"},"south":{"uv":[5.0,1.0,6.0,2.0],"texture":"#o3"},"up":{"uv":[5.0,1.0,6.0,2.0],"texture":"#o3"}}},{"from":[7.8,5.20054,17.82],"to":[8.5,5.39946,17.93],"rotation":{"angle":22.5,"axis":"z","origin":[8.0,5.3,18.32]},"faces":{"north":{"uv":[5.0,1.0,6.0,2.0],"texture":"#o3"},"south":{"uv":[5.0,1.0,6.0,2.0],"texture":"#o3"},"east":{"uv":[5.0,1.0,6.0,2.0],"texture":"#o3"}}},{"from":[7.95027,5.05,12.9],"to":[8.04973,5.55,19.14],"rotation":{"angle":-45.0,"axis":"z","origin":[8.0,5.3,13.6]},"faces":{"north":{"uv":[5.0,1.0,6.0,2.0],"texture":"#o3"},"south":{"uv":[5.0,1.0,6.0,2.0],"texture":"#o3"},"up":{"uv":[5.0,1.0,6.0,2.0],"texture":"#o3"},"down":{"uv":[5.0,1.0,6.0,2.0],"texture":"#o3"}}},{"from":[7.95027,5.05,12.9],"to":[8.04973,5.55,19.14],"rotation":{"angle":-22.5,"axis":"z","origin":[8.0,5.3,13.6]},"faces":{"north":{"uv":[5.0,1.0,6.0,2.0],"texture":"#o3"},"south":{"uv":[5.0,1.0,6.0,2.0],"texture":"#o3"},"up":{"uv":[5.0,1.0,6.0,2.0],"texture":"#o3"},"down":{"uv":[5.0,1.0,6.0,2.0],"texture":"#o3"}}},{"from":[7.95027,5.05,12.9],"to":[8.04973,5.55,19.14],"rotation":{"angle":0.0,"axis":"z","origin":[8.0,5.3,13.6]},"faces":{"north":{"uv":[5.0,1.0,6.0,2.0],"texture":"#o3"},"south":{"uv":[5.0,1.0,6.0,2.0],"texture":"#o3"},"up":{"uv":[5.0,1.0,6.0,2.0],"texture":"#o3"},"down":{"uv":[5.0,1.0,6.0,2.0],"texture":"#o3"}}},{"from":[7.95027,5.05,12.9],"to":[8.04973,5.55,19.14],"rotation":{"angle":22.5,"axis":"z","origin":[8.0,5.3,13.6]},"faces":{"north":{"uv":[5.0,1.0,6.0,2.0],"texture":"#o3"},"south":{"uv":[5.0,1.0,6.0,2.0],"texture":"#o3"},"up":{"uv":[5.0,1.0,6.0,2.0],"texture":"#o3"},"down":{"uv":[5.0,1.0,6.0,2.0],"texture":"#o3"}}},{"from":[7.95027,5.05,12.9],"to":[8.04973,5.55,19.14],"rotation":{"angle":45.0,"axis":"z","origin":[8.0,5.3,13.6]},"faces":{"north":{"uv":[5.0,1.0,6.0,2.0],"texture":"#o3"},"south":{"uv":[5.0,1.0,6.0,2.0],"texture":"#o3"},"up":{"uv":[5.0,1.0,6.0,2.0],"texture":"#o3"},"down":{"uv":[5.0,1.0,6.0,2.0],"texture":"#o3"}}},{"from":[7.75,5.25027,12.9],"to":[8.25,5.34973,19.14],"rotation":{"angle":-22.5,"axis":"z","origin":[8.0,5.3,13.6]},"faces":{"north":{"uv":[5.0,1.0,6.0,2.0],"texture":"#o3"},"south":{"uv":[5.0,1.0,6.0,2.0],"texture":"#o3"},"east":{"uv":[5.0,1.0,6.0,2.0],"texture":"#o3"},"west":{"uv":[5.0,1.0,6.0,2.0],"texture":"#o3"}}},{"from":[7.75,5.25027,12.9],"to":[8.25,5.34973,19.14],"rotation":{"angle":0.0,"axis":"z","origin":[8.0,5.3,13.6]},"faces":{"north":{"uv":[5.0,1.0,6.0,2.0],"texture":"#o3"},"south":{"uv":[5.0,1.0,6.0,2.0],"texture":"#o3"},"east":{"uv":[5.0,1.0,6.0,2.0],"texture":"#o3"},"west":{"uv":[5.0,1.0,6.0,2.0],"texture":"#o3"}}},{"from":[7.75,5.25027,12.9],"to":[8.25,5.34973,19.14],"rotation":{"angle":22.5,"axis":"z","origin":[8.0,5.3,13.6]},"faces":{"north":{"uv":[5.0,1.0,6.0,2.0],"texture":"#o3"},"south":{"uv":[5.0,1.0,6.0,2.0],"texture":"#o3"},"east":{"uv":[5.0,1.0,6.0,2.0],"texture":"#o3"},"west":{"uv":[5.0,1.0,6.0,2.0],"texture":"#o3"}}},{"from":[7.53436,5.56,18.45],"to":[8.10436,5.73,18.88],"rotation":{"angle":0.0,"axis":"y","origin":[7.74743,5.55976,28.18]},"faces":{"north":{"uv":[5.0,1.0,6.0,2.0],"texture":"#o3"},"south":{"uv":[5.0,1.0,6.0,2.0],"texture":"#o3"},"east":{"uv":[5.0,1.0,6.0,2.0],"texture":"#o3"},"west":{"uv":[5.0,1.0,6.0,2.0],"texture":"#o3"},"up":{"uv":[5.0,1.0,6.0,2.0],"texture":"#o3"},"down":{"uv":[5.0,1.0,6.0,2.0],"texture":"#o3"}}},{"from":[7.97215,5.51,17.9],"to":[8.02785,5.79,18.85],"rotation":{"angle":-45.0,"axis":"z","origin":[8.0,5.65,18.4]},"faces":{"up":{"uv":[5.0,1.0,6.0,2.0],"texture":"#o3"}}},{"from":[7.97215,5.51,17.9],"to":[8.02785,5.79,18.85],"rotation":{"angle":-22.5,"axis":"z","origin":[8.0,5.65,18.4]},"faces":{"up":{"uv":[5.0,1.0,6.0,2.0],"texture":"#o3"}}},{"from":[7.97215,5.51,17.9],"to":[8.02785,5.79,18.85],"rotation":{"angle":0.0,"axis":"z","origin":[8.0,5.65,18.4]},"faces":{"up":{"uv":[5.0,1.0,6.0,2.0],"texture":"#o3"}}},{"from":[7.97215,5.51,17.9],"to":[8.02785,5.79,18.85],"rotation":{"angle":22.5,"axis":"z","origin":[8.0,5.65,18.4]},"faces":{"up":{"uv":[5.0,1.0,6.0,2.0],"texture":"#o3"}}},{"from":[7.47215,5.51,17.9],"to":[8.02785,5.79,18.79],"rotation":{"angle":45.0,"axis":"z","origin":[8.0,5.65,18.4]},"faces":{"up":{"uv":[5.0,1.0,6.0,2.0],"texture":"#o3"},"down":{"uv":[5.0,1.0,6.0,2.0],"texture":"#o3"}}},{"from":[7.86,5.62215,17.9],"to":[8.14,5.67785,18.85],"rotation":{"angle":-22.5,"axis":"z","origin":[8.0,5.65,18.4]},"faces":{"east":{"uv":[5.0,1.0,6.0,2.0],"texture":"#o3"},"west":{"uv":[5.0,1.0,6.0,2.0],"texture":"#o3"}}},{"from":[8.18913,5.3119,17.9],"to":[8.30193,5.39245,18.93],"rotation":{"angle":-45.0,"axis":"z","origin":[8.30663,5.35218,18.375]},"faces":{"south":{"uv":[5.0,1.0,6.0,2.0],"texture":"#o3"},"up":{"uv":[5.0,1.0,6.0,2.0],"texture":"#o3"}}},{"from":[7.86,5.62215,17.9],"to":[8.14,5.67785,18.85],"rotation":{"angle":0.0,"axis":"z","origin":[8.0,5.65,18.4]},"faces":{"east":{"uv":[5.0,1.0,6.0,2.0],"texture":"#o3"}}},{"from":[8.11869,5.3707,17.9],"to":[8.25869,5.62639,18.35],"rotation":{"angle":-22.5,"axis":"z","origin":[8.25869,5.59854,18.4]},"faces":{"south":{"uv":[5.0,1.0,6.0,2.0],"texture":"#o3"},"up":{"uv":[5.0,1.0,6.0,2.0],"texture":"#o3"}}},{"from":[8.20865,5.27774,17.9],"to":[8.34865,5.53343,18.35],"rotation":{"angle":-45.0,"axis":"z","origin":[8.34865,5.50559,18.4]},"faces":{"south":{"uv":[5.0,1.0,6.0,2.0],"texture":"#o3"},"up":{"uv":[5.0,1.0,6.0,2.0],"texture":"#o3"}}},{"from":[8.16834,5.38528,17.9],"to":[8.42403,5.52528,18.35],"rotation":{"angle":22.5,"axis":"z","origin":[8.39619,5.38528,18.4]},"faces":{"south":{"uv":[5.0,1.0,6.0,2.0],"rotation":90,"texture":"#o3"},"east":{"uv":[5.0,1.0,6.0,2.0],"rotation":90,"texture":"#o3"}}},{"from":[7.86,5.62215,17.9],"to":[8.14,5.67785,18.85],"rotation":{"angle":22.5,"axis":"z","origin":[8.0,5.65,18.4]},"faces":{"east":{"uv":[5.0,1.0,6.0,2.0],"texture":"#o3"}}},{"from":[7.97016,5.5,18.62],"to":[8.02984,5.8,18.86],"rotation":{"angle":-45.0,"axis":"z","origin":[8.0,5.65,18.66]},"faces":{"north":{"uv":[5.0,1.0,6.0,2.0],"texture":"#o3"},"south":{"uv":[5.0,1.0,6.0,2.0],"texture":"#o3"},"up":{"uv":[5.0,1.0,6.0,2.0],"texture":"#o3"},"down":{"uv":[5.0,1.0,6.0,2.0],"texture":"#o3"}}},{"from":[7.97016,5.5,18.62],"to":[8.02984,5.8,18.86],"rotation":{"angle":-22.5,"axis":"z","origin":[8.0,5.65,18.66]},"faces":{"north":{"uv":[5.0,1.0,6.0,2.0],"texture":"#o3"},"south":{"uv":[5.0,1.0,6.0,2.0],"texture":"#o3"},"up":{"uv":[5.0,1.0,6.0,2.0],"texture":"#o3"},"down":{"uv":[5.0,1.0,6.0,2.0],"texture":"#o3"}}},{"from":[7.97016,5.5,18.62],"to":[8.02984,5.8,18.86],"rotation":{"angle":0.0,"axis":"z","origin":[8.0,5.65,18.66]},"faces":{"north":{"uv":[5.0,1.0,6.0,2.0],"texture":"#o3"},"south":{"uv":[5.0,1.0,6.0,2.0],"texture":"#o3"},"up":{"uv":[5.0,1.0,6.0,2.0],"texture":"#o3"},"down":{"uv":[5.0,1.0,6.0,2.0],"texture":"#o3"}}},{"from":[7.97016,5.5,18.62],"to":[8.02984,5.8,18.86],"rotation":{"angle":22.5,"axis":"z","origin":[8.0,5.65,18.66]},"faces":{"north":{"uv":[5.0,1.0,6.0,2.0],"texture":"#o3"},"south":{"uv":[5.0,1.0,6.0,2.0],"texture":"#o3"},"up":{"uv":[5.0,1.0,6.0,2.0],"texture":"#o3"},"down":{"uv":[5.0,1.0,6.0,2.0],"texture":"#o3"}}},{"from":[7.97016,5.5,18.62],"to":[8.02984,5.8,18.86],"rotation":{"angle":45.0,"axis":"z","origin":[8.0,5.65,18.66]},"faces":{"north":{"uv":[5.0,1.0,6.0,2.0],"texture":"#o3"},"south":{"uv":[5.0,1.0,6.0,2.0],"texture":"#o3"},"up":{"uv":[5.0,1.0,6.0,2.0],"texture":"#o3"},"down":{"uv":[5.0,1.0,6.0,2.0],"texture":"#o3"}}},{"from":[7.85,5.62016,18.62],"to":[8.15,5.67984,18.86],"rotation":{"angle":-22.5,"axis":"z","origin":[8.0,5.65,18.66]},"faces":{"north":{"uv":[5.0,1.0,6.0,2.0],"texture":"#o3"},"south":{"uv":[5.0,1.0,6.0,2.0],"texture":"#o3"},"east":{"uv":[5.0,1.0,6.0,2.0],"texture":"#o3"},"west":{"uv":[5.0,1.0,6.0,2.0],"texture":"#o3"}}},{"from":[7.85,5.62016,18.62],"to":[8.15,5.67984,18.86],"rotation":{"angle":0.0,"axis":"z","origin":[8.0,5.65,18.66]},"faces":{"north":{"uv":[5.0,1.0,6.0,2.0],"texture":"#o3"},"south":{"uv":[5.0,1.0,6.0,2.0],"texture":"#o3"},"east":{"uv":[5.0,1.0,6.0,2.0],"texture":"#o3"},"west":{"uv":[5.0,1.0,6.0,2.0],"texture":"#o3"}}},{"from":[7.85,5.62016,18.62],"to":[8.15,5.67984,18.86],"rotation":{"angle":22.5,"axis":"z","origin":[8.0,5.65,18.66]},"faces":{"north":{"uv":[5.0,1.0,6.0,2.0],"texture":"#o3"},"south":{"uv":[5.0,1.0,6.0,2.0],"texture":"#o3"},"east":{"uv":[5.0,1.0,6.0,2.0],"texture":"#o3"},"west":{"uv":[5.0,1.0,6.0,2.0],"texture":"#o3"}}},{"from":[7.5,5.00054,17.82],"to":[8.3,5.39946,18.93],"rotation":{"angle":0.0,"axis":"z","origin":[8.0,5.3,18.43]},"faces":{"south":{"uv":[5.0,1.0,6.0,2.0],"texture":"#o3"},"west":{"uv":[5.0,1.0,6.0,2.0],"texture":"#o3"},"up":{"uv":[5.0,1.0,6.0,2.0],"texture":"#o3"}}},{"from":[7.5,5.20054,17.82],"to":[8.2,5.39946,17.93],"rotation":{"angle":-22.5,"axis":"z","origin":[8.0,5.3,18.32]},"faces":{"north":{"uv":[5.0,1.0,6.0,2.0],"texture":"#o3"},"south":{"uv":[5.0,1.0,6.0,2.0],"texture":"#o3"},"west":{"uv":[5.0,1.0,6.0,2.0],"texture":"#o3"}}},{"from":[7.8,5.20054,17.93],"to":[8.1,5.39946,18.94],"rotation":{"angle":-22.5,"axis":"z","origin":[8.0,5.3,18.43]},"faces":{"north":{"uv":[5.0,1.0,6.0,2.0],"texture":"#o3"},"south":{"uv":[5.0,1.0,6.0,2.0],"texture":"#o3"},"east":{"uv":[5.0,1.0,6.0,2.0],"texture":"#o3"},"west":{"uv":[5.0,1.0,6.0,2.0],"texture":"#o3"},"up":{"uv":[5.0,1.0,6.0,2.0],"texture":"#o3"},"down":{"uv":[5.0,1.0,6.0,2.0],"texture":"#o3"}}},{"from":[8.0,5.00054,17.82],"to":[8.5,5.39946,17.93],"rotation":{"angle":0.0,"axis":"z","origin":[8.5,5.3,18.43]},"faces":{"south":{"uv":[5.0,1.0,6.0,2.0],"texture":"#o3"},"east":{"uv":[5.0,1.0,6.0,2.0],"texture":"#o3"}}},{"from":[8.16622,4.95593,17.9],"to":[8.42191,5.39593,18.35],"rotation":{"angle":0.0,"axis":"z","origin":[8.39407,5.25593,18.4]},"faces":{"south":{"uv":[5.0,1.0,6.0,2.0],"rotation":90,"texture":"#o3"},"east":{"uv":[5.0,1.0,6.0,2.0],"rotation":90,"texture":"#o3"}}},{"from":[8.08905,5.53341,17.9],"to":[8.28645,5.61395,18.93],"rotation":{"angle":-22.5,"axis":"z","origin":[7.89165,5.62538,18.4]},"faces":{"south":{"uv":[5.0,1.0,6.0,2.0],"texture":"#o3"},"up":{"uv":[5.0,1.0,6.0,2.0],"texture":"#o3"}}},{"from":[8.29926,5.26471,17.9],"to":[8.37981,5.37751,18.93],"rotation":{"angle":22.5,"axis":"z","origin":[8.33954,5.26001,18.375]},"faces":{"south":{"uv":[5.0,1.0,6.0,2.0],"rotation":90,"texture":"#o3"},"east":{"uv":[5.0,1.0,6.0,2.0],"rotation":90,"texture":"#o3"}}},{"from":[8.2944,4.97897,17.9],"to":[8.37495,5.27977,18.93],"rotation":{"angle":0.0,"axis":"z","origin":[8.33467,5.16227,18.375]},"faces":{"south":{"uv":[5.0,1.0,6.0,2.0],"rotation":90,"texture":"#o3"},"east":{"uv":[5.0,1.0,6.0,2.0],"rotation":90,"texture":"#o3"}}},{"from":[7.47215,5.51,18.79],"to":[7.89785,5.79,18.91],"rotation":{"angle":45.0,"axis":"z","origin":[8.0,5.65,19.29]},"faces":{"south":{"uv":[5.0,1.0,6.0,2.0],"texture":"#o3"},"east":{"uv":[5.0,1.0,6.0,2.0],"texture":"#o3"},"up":{"uv":[5.0,1.0,6.0,2.0],"texture":"#o3"}}},{"from":[8.03436,5.21,17.62],"to":[8.55564,5.48,17.81],"rotation":{"angle":0.0,"axis":"z","origin":[8.5,5.2,17.31]},"faces":{"north":{"uv":[5.0,1.0,6.0,2.0],"texture":"#o3"},"south":{"uv":[5.0,1.0,6.0,2.0],"texture":"#o3"},"up":{"uv":[5.0,1.0,6.0,2.0],"texture":"#o3"},"down":{"uv":[5.0,1.0,6.0,2.0],"texture":"#o3"}}},{"from":[8.20662,5.00811,17.62],"to":[8.80861,5.23882,17.81],"rotation":{"angle":-45.0,"axis":"z","origin":[8.67226,4.93811,17.31]},"faces":{"north":{"uv":[5.0,1.0,6.0,2.0],"texture":"#o3"},"south":{"uv":[5.0,1.0,6.0,2.0],"texture":"#o3"},"up":{"uv":[5.0,1.0,6.0,2.0],"texture":"#o3"},"down":{"uv":[5.0,1.0,6.0,2.0],"texture":"#o3"}}},{"from":[8.72131,3.82305,17.62],"to":[8.98131,5.05433,17.81],"rotation":{"angle":0.0,"axis":"z","origin":[8.65131,4.58869,17.31]},"faces":{"north":{"uv":[5.0,1.0,6.0,2.0],"rotation":90,"texture":"#o3"},"south":{"uv":[5.0,1.0,6.0,2.0],"rotation":90,"texture":"#o3"},"east":{"uv":[5.0,1.0,6.0,2.0],"rotation":90,"texture":"#o3"},"west":{"uv":[5.0,1.0,6.0,2.0],"rotation":90,"texture":"#o3"}}},{"from":[8.52131,3.25305,17.42],"to":[9.08131,3.82433,18.01],"rotation":{"angle":0.0,"axis":"z","origin":[8.65131,3.98869,17.31]},"faces":{"north":{"uv":[5.0,1.0,6.0,2.0],"rotation":90,"texture":"#o3"},"south":{"uv":[5.0,1.0,6.0,2.0],"rotation":90,"texture":"#o3"},"east":{"uv":[5.0,1.0,6.0,2.0],"rotation":90,"texture":"#o3"},"west":{"uv":[5.0,1.0,6.0,2.0],"rotation":90,"texture":"#o3"},"up":{"uv":[5.0,1.0,6.0,2.0],"rotation":90,"texture":"#o3"},"down":{"uv":[5.0,1.0,6.0,2.0],"rotation":90,"texture":"#o3"}}},{"from":[7.24387,5.97196,7.11782],"to":[8.74821,6.67196,8.67095],"rotation":{"angle":0.0,"axis":"y","origin":[7.72796,6.33643,7.88364]},"faces":{"north":{"uv":[0.0,0.0,0.0,0.0],"texture":"#o6"},"south":{"uv":[0.00156,0.00156,0.49844,0.49844],"texture":"#o6"},"east":{"uv":[0.00156,0.00156,0.49844,0.49844],"texture":"#o6"},"west":{"uv":[0.00156,0.00156,0.49844,0.49844],"texture":"#o6"},"up":{"uv":[0.49844,0.49844,0.00156,0.00156],"rotation":270,"texture":"#o6"},"down":{"uv":[0.49844,0.49844,0.00156,0.00156],"rotation":90,"texture":"#o6"}}},{"from":[8.26578,5.77389,8.21782],"to":[8.62632,5.97389,8.67095],"rotation":{"angle":0.0,"axis":"y","origin":[7.72796,6.33643,7.88364]},"faces":{"north":{"uv":[0.0,0.0,1.0,1.0],"texture":"#o6"},"south":{"uv":[0.00156,0.00156,0.99844,0.99844],"texture":"#o6"},"east":{"uv":[0.0,0.0,0.0,0.0],"texture":"#o6"},"west":{"uv":[0.00156,0.00156,0.99844,0.99844],"texture":"#o6"},"up":{"uv":[0.0,0.0,0.0,0.0],"texture":"#o6"},"down":{"uv":[0.99844,0.99844,0.00156,0.00156],"rotation":90,"texture":"#o6"}}},{"from":[7.36578,5.77389,8.21782],"to":[7.72632,5.97389,8.67095],"rotation":{"angle":0.0,"axis":"y","origin":[7.72796,6.33643,7.88364]},"faces":{"north":{"uv":[0.0,0.0,1.0,1.0],"texture":"#o6"},"south":{"uv":[0.00156,0.00156,0.99844,0.99844],"texture":"#o6"},"east":{"uv":[0.00156,0.00156,0.99844,0.99844],"texture":"#o6"},"west":{"uv":[0.0,0.0,0.0,0.0],"texture":"#o6"},"up":{"uv":[0.0,0.0,0.0,0.0],"texture":"#o6"},"down":{"uv":[0.99844,0.99844,0.00156,0.00156],"rotation":90,"texture":"#o6"}}},{"from":[7.33439,5.72046,8.21782],"to":[7.39493,5.92046,8.67095],"rotation":{"angle":-22.5,"axis":"z","origin":[7.51466,5.82046,7.96782]},"faces":{"north":{"uv":[0.00156,0.00156,0.99844,0.99844],"texture":"#o6"},"south":{"uv":[0.00156,0.00156,0.99844,0.99844],"texture":"#o6"},"east":{"uv":[0.0,0.0,0.0,0.0],"texture":"#o6"},"west":{"uv":[0.0,0.0,0.0,0.0],"texture":"#o6"},"up":{"uv":[0.0,0.0,0.0,0.0],"texture":"#o6"},"down":{"uv":[0.99844,0.99844,0.00156,0.00156],"rotation":90,"texture":"#o6"}}},{"from":[7.28495,5.68311,8.21782],"to":[7.34549,5.88311,8.67095],"rotation":{"angle":-45.0,"axis":"z","origin":[7.46522,5.78311,7.96782]},"faces":{"north":{"uv":[0.00156,0.00156,0.99844,0.99844],"texture":"#o6"},"south":{"uv":[0.00156,0.00156,0.99844,0.99844],"texture":"#o6"},"east":{"uv":[0.0,0.0,0.0,0.0],"texture":"#o6"},"west":{"uv":[0.0,0.0,0.0,0.0],"texture":"#o6"},"up":{"uv":[0.0,0.0,0.0,0.0],"texture":"#o6"},"down":{"uv":[0.99844,0.99844,0.00156,0.00156],"rotation":90,"texture":"#o6"}}},{"from":[7.30525,5.88725,8.21782],"to":[7.50525,5.94779,8.67095],"rotation":{"angle":22.5,"axis":"z","origin":[7.40525,5.76752,7.96782]},"faces":{"north":{"uv":[0.00156,0.00156,0.99844,0.99844],"texture":"#o6"},"south":{"uv":[0.00156,0.00156,0.99844,0.99844],"texture":"#o6"},"east":{"uv":[0.0,0.0,0.0,0.0],"texture":"#o6"},"west":{"uv":[0.00156,0.00156,0.99844,0.99844],"texture":"#o6"},"up":{"uv":[0.0,0.0,0.0,0.0],"texture":"#o6"},"down":{"uv":[0.0,0.0,0.0,0.0],"texture":"#o6"}}},{"from":[8.59715,5.72046,8.21782],"to":[8.65769,5.92046,8.67095],"rotation":{"angle":22.5,"axis":"z","origin":[8.47742,5.82046,7.96782]},"faces":{"north":{"uv":[0.99844,0.00156,0.00156,0.99844],"texture":"#o6"},"south":{"uv":[0.99844,0.00156,0.00156,0.99844],"texture":"#o6"},"east":{"uv":[0.0,0.0,0.0,0.0],"texture":"#o6"},"west":{"uv":[0.0,0.0,0.0,0.0],"texture":"#o6"},"up":{"uv":[0.0,0.0,0.0,0.0],"texture":"#o6"},"down":{"uv":[0.00156,0.99844,0.99844,0.00156],"rotation":90,"texture":"#o6"}}},{"from":[8.64659,5.68311,8.21782],"to":[8.70713,5.88311,8.67095],"rotation":{"angle":45.0,"axis":"z","origin":[8.52686,5.78311,7.96782]},"faces":{"north":{"uv":[0.99844,0.00156,0.00156,0.99844],"texture":"#o6"},"south":{"uv":[0.99844,0.00156,0.00156,0.99844],"texture":"#o6"},"east":{"uv":[0.0,0.0,0.0,0.0],"texture":"#o6"},"west":{"uv":[0.0,0.0,0.0,0.0],"texture":"#o6"},"up":{"uv":[0.0,0.0,0.0,0.0],"texture":"#o6"},"down":{"uv":[0.00156,0.99844,0.99844,0.00156],"rotation":90,"texture":"#o6"}}},{"from":[8.48683,5.88725,8.21782],"to":[8.68683,5.94779,8.67095],"rotation":{"angle":-22.5,"axis":"z","origin":[8.58683,5.76752,7.96782]},"faces":{"north":{"uv":[0.00156,0.99844,0.99844,0.00156],"texture":"#o6"},"south":{"uv":[0.00156,0.99844,0.99844,0.00156],"texture":"#o6"},"east":{"uv":[0.00156,0.99844,0.99844,0.00156],"texture":"#o6"},"west":{"uv":[0.0,0.0,0.0,0.0],"texture":"#o6"},"up":{"uv":[0.0,0.0,0.0,0.0],"texture":"#o6"},"down":{"uv":[0.0,0.0,0.0,0.0],"texture":"#o6"}}},{"from":[7.24387,5.8958,8.21782],"to":[7.44387,5.97196,8.67095],"rotation":{"angle":0.0,"axis":"y","origin":[7.82796,6.33643,7.88364]},"faces":{"north":{"uv":[0.00156,0.00156,0.99844,0.99844],"texture":"#o6"},"south":{"uv":[0.00156,0.00156,0.99844,0.99844],"texture":"#o6"},"east":{"uv":[0.0,0.0,0.0,0.0],"texture":"#o6"},"west":{"uv":[0.00156,0.00156,0.99844,0.99844],"texture":"#o6"},"up":{"uv":[0.0,0.0,0.0,0.0],"texture":"#o6"},"down":{"uv":[0.0,0.0,0.0,0.0],"texture":"#o6"}}},{"from":[8.54821,5.8958,8.21782],"to":[8.74821,5.97196,8.67095],"rotation":{"angle":0.0,"axis":"y","origin":[7.62796,6.33643,7.88364]},"faces":{"north":{"uv":[0.00156,0.00156,0.99844,0.99844],"texture":"#o6"},"south":{"uv":[0.00156,0.00156,0.99844,0.99844],"texture":"#o6"},"east":{"uv":[0.00156,0.00156,0.99844,0.99844],"texture":"#o6"},"west":{"uv":[0.0,0.0,0.0,0.0],"texture":"#o6"},"up":{"uv":[0.0,0.0,0.0,0.0],"texture":"#o6"},"down":{"uv":[0.0,0.0,0.0,0.0],"texture":"#o6"}}},{"from":[7.2495,5.77582,7.12095],"to":[8.74382,5.97389,8.19595],"rotation":{"angle":0.0,"axis":"y","origin":[7.72796,6.33643,7.88364]},"faces":{"north":{"uv":[0.00156,0.00156,0.99844,0.99844],"texture":"#o6"},"south":{"uv":[0.00156,0.00156,0.99844,0.99844],"texture":"#o6"},"east":{"uv":[0.00156,0.00156,0.99844,0.99844],"texture":"#o6"},"west":{"uv":[0.00156,0.00156,0.99844,0.99844],"texture":"#o6"},"up":{"uv":[0.0,0.0,0.0,0.0],"texture":"#o6"},"down":{"uv":[0.99844,0.99844,0.00156,0.00156],"rotation":270,"texture":"#o6"}}},{"from":[7.10649,5.78144,7.5429],"to":[7.40493,5.97952,7.63555],"rotation":{"angle":45.0,"axis":"y","origin":[7.15714,5.88048,7.59023]},"faces":{"north":{"uv":[0.00156,0.00156,0.99844,0.99844],"texture":"#o6"},"south":{"uv":[0.0,0.0,1.0,1.0],"texture":"#o6"},"east":{"uv":[0.0,0.0,0.0,0.0],"texture":"#o6"},"west":{"uv":[0.0,0.0,0.0,0.0],"texture":"#o6"},"up":{"uv":[0.99844,0.99844,0.00156,0.00156],"rotation":270,"texture":"#o6"},"down":{"uv":[0.99844,0.99844,0.00156,0.00156],"rotation":90,"texture":"#o6"}}},{"from":[7.08786,5.78144,7.59258],"to":[7.15949,5.97952,8.72744],"rotation":{"angle":0.0,"axis":"y","origin":[7.82796,6.32643,7.88364]},"faces":{"north":{"uv":[0.0,0.0,0.0,0.0],"texture":"#o6"},"south":{"uv":[0.0,0.0,1.0,1.0],"texture":"#o6"},"east":{"uv":[0.00156,0.00156,0.99844,0.99844],"texture":"#o6"},"west":{"uv":[0.00156,0.00156,0.99844,0.99844],"texture":"#o6"},"up":{"uv":[0.99844,0.99844,0.00156,0.00156],"rotation":270,"texture":"#o6"},"down":{"uv":[0.99844,0.99844,0.00156,0.00156],"rotation":90,"texture":"#o6"}}},{"from":[7.08786,6.00396,7.32832],"to":[7.15949,6.40799,8.72432],"rotation":{"angle":0.0,"axis":"y","origin":[7.82796,6.33643,7.88364]},"faces":{"north":{"uv":[0.00156,0.00156,0.99844,0.99844],"texture":"#o6"},"south":{"uv":[0.0,0.0,1.0,1.0],"texture":"#o6"},"east":{"uv":[0.00156,0.00156,0.99844,0.99844],"texture":"#o6"},"west":{"uv":[0.00156,0.00156,0.99844,0.99844],"texture":"#o6"},"up":{"uv":[0.0,0.0,0.0,0.0],"texture":"#o6"},"down":{"uv":[0.99844,0.99844,0.00156,0.00156],"rotation":90,"texture":"#o6"}}},{"from":[7.08786,5.88282,7.34524],"to":[7.15949,6.28792,7.74927],"rotation":{"angle":22.5,"axis":"x","origin":[7.94003,6.18792,8.65689]},"faces":{"north":{"uv":[0.00156,0.99844,0.99844,0.00156],"texture":"#o6"},"south":{"uv":[0.00156,0.99844,0.99844,0.00156],"texture":"#o6"},"east":{"uv":[0.00156,0.99844,0.99844,0.00156],"texture":"#o6"},"west":{"uv":[0.00156,0.99844,0.99844,0.00156],"texture":"#o6"},"up":{"uv":[0.0,0.0,0.0,0.0],"texture":"#o6"},"down":{"uv":[0.0,0.0,0.0,0.0],"texture":"#o6"}}},{"from":[7.08786,6.40799,7.48335],"to":[7.15949,6.88226,8.72432],"rotation":{"angle":0.0,"axis":"y","origin":[7.82796,6.33643,7.88364]},"faces":{"north":{"uv":[0.00156,0.99844,0.99844,0.00156],"texture":"#o6"},"south":{"uv":[0.00156,0.99844,0.99844,0.00156],"texture":"#o6"},"east":{"uv":[0.00156,0.99844,0.99844,0.00156],"texture":"#o6"},"west":{"uv":[0.00156,0.99844,0.99844,0.00156],"texture":"#o6"},"up":{"uv":[0.0,0.0,0.0,0.0],"texture":"#o6"},"down":{"uv":[0.0,0.0,0.0,0.0],"texture":"#o6"}}},{"from":[7.15675,6.85431,7.48335],"to":[7.22838,7.02857,8.72432],"rotation":{"angle":-22.5,"axis":"z","origin":[7.19257,7.04144,8.05383]},"faces":{"north":{"uv":[0.00156,0.00156,0.99844,0.99844],"texture":"#o6"},"south":{"uv":[0.00156,0.00156,0.99844,0.99844],"texture":"#o6"},"east":{"uv":[0.00156,0.00156,0.99844,0.99844],"texture":"#o6"},"west":{"uv":[0.00156,0.00156,0.99844,0.99844],"texture":"#o6"},"up":{"uv":[0.0,0.0,0.0,0.0],"texture":"#o6"},"down":{"uv":[0.0,0.0,0.0,0.0],"texture":"#o6"}}},{"from":[8.49962,7.8079,7.48335],"to":[8.62775,7.87953,8.72432],"rotation":{"angle":-22.5,"axis":"z","origin":[8.67431,7.84372,8.07432]},"faces":{"north":{"uv":[0.00156,0.99844,0.99844,0.00156],"rotation":270,"texture":"#o6"},"south":{"uv":[0.00156,0.99844,0.99844,0.00156],"rotation":90,"texture":"#o6"},"east":{"uv":[0.0,0.0,0.0,0.0],"texture":"#o6"},"west":{"uv":[0.0,0.0,0.0,0.0],"texture":"#o6"},"up":{"uv":[0.00156,0.99844,0.99844,0.00156],"rotation":90,"texture":"#o6"},"down":{"uv":[0.00156,0.99844,0.99844,0.00156],"rotation":90,"texture":"#o6"}}},{"from":[8.70738,7.79233,7.48335],"to":[8.77901,7.92046,8.72432],"rotation":{"angle":45.0,"axis":"z","origin":[8.7432,7.74577,8.07432]},"faces":{"north":{"uv":[0.99844,0.00156,0.00156,0.99844],"texture":"#o6"},"south":{"uv":[0.99844,0.00156,0.00156,0.99844],"texture":"#o6"},"east":{"uv":[0.99844,0.00156,0.00156,0.99844],"texture":"#o6"},"west":{"uv":[0.99844,0.00156,0.00156,0.99844],"texture":"#o6"},"up":{"uv":[0.0,0.0,0.0,0.0],"texture":"#o6"},"down":{"uv":[0.0,0.0,0.0,0.0],"texture":"#o6"}}},{"from":[8.73354,7.67548,7.48335],"to":[8.80517,7.80361,8.72432],"rotation":{"angle":22.5,"axis":"z","origin":[8.76936,7.62892,8.07432]},"faces":{"north":{"uv":[0.99844,0.00156,0.00156,0.99844],"texture":"#o6"},"south":{"uv":[0.99844,0.00156,0.00156,0.99844],"texture":"#o6"},"east":{"uv":[0.99844,0.00156,0.00156,0.99844],"texture":"#o6"},"west":{"uv":[0.99844,0.00156,0.00156,0.99844],"texture":"#o6"},"up":{"uv":[0.0,0.0,0.0,0.0],"texture":"#o6"},"down":{"uv":[0.0,0.0,0.0,0.0],"texture":"#o6"}}},{"from":[8.713,7.38139,7.48335],"to":[8.78463,7.68564,8.72432],"rotation":{"angle":0.0,"axis":"z","origin":[8.10577,6.90197,7.88364]},"faces":{"north":{"uv":[0.99844,0.00156,0.00156,0.99844],"texture":"#o6"},"south":{"uv":[0.99844,0.00156,0.00156,0.99844],"texture":"#o6"},"east":{"uv":[0.99844,0.00156,0.00156,0.99844],"texture":"#o6"},"west":{"uv":[0.99844,0.00156,0.00156,0.99844],"texture":"#o6"},"up":{"uv":[0.0,0.0,0.0,0.0],"texture":"#o6"},"down":{"uv":[0.0,0.0,0.0,0.0],"texture":"#o6"}}},{"from":[9.09739,7.01203,7.48335],"to":[9.16902,7.21628,8.72432],"rotation":{"angle":22.5,"axis":"z","origin":[8.49016,6.33261,7.88364]},"faces":{"north":{"uv":[0.99844,0.00156,0.00156,0.99844],"texture":"#o6"},"south":{"uv":[0.99844,0.00156,0.00156,0.99844],"texture":"#o6"},"east":{"uv":[0.99844,0.00156,0.00156,0.99844],"texture":"#o6"},"west":{"uv":[0.99844,0.00156,0.00156,0.99844],"texture":"#o6"},"up":{"uv":[0.0,0.0,0.0,0.0],"texture":"#o6"},"down":{"uv":[0.0,0.0,0.0,0.0],"texture":"#o6"}}},{"from":[8.78571,6.40585,7.48335],"to":[8.85734,7.2201,8.72432],"rotation":{"angle":0.0,"axis":"y","origin":[8.17848,6.12643,7.88364]},"faces":{"north":{"uv":[0.99844,0.00156,0.00156,0.99844],"texture":"#o6"},"south":{"uv":[0.99844,0.00156,0.00156,0.99844],"texture":"#o6"},"east":{"uv":[0.99844,0.00156,0.00156,0.99844],"texture":"#o6"},"west":{"uv":[0.99844,0.00156,0.00156,0.99844],"texture":"#o6"},"up":{"uv":[0.0,0.0,0.0,0.0],"texture":"#o6"},"down":{"uv":[0.0,0.0,0.0,0.0],"texture":"#o6"}}},{"from":[8.6745,6.67196,7.51782],"to":[8.74613,7.17884,8.47095],"rotation":{"angle":0.0,"axis":"y","origin":[8.16204,6.33643,7.88364]},"faces":{"north":{"uv":[0.00156,0.00156,0.99844,0.99844],"texture":"#o6"},"south":{"uv":[0.00156,0.00156,0.99844,0.99844],"texture":"#o6"},"east":{"uv":[0.00156,0.00156,0.99844,0.99844],"texture":"#o6"},"west":{"uv":[0.00156,0.00156,0.99844,0.99844],"texture":"#o6"},"up":{"uv":[0.0,0.0,0.0,0.0],"texture":"#o6"},"down":{"uv":[0.0,0.0,0.0,0.0],"texture":"#o6"}}},{"from":[8.84736,6.98086,7.51782],"to":[8.91899,7.18774,8.47095],"rotation":{"angle":22.5,"axis":"z","origin":[8.3349,6.64533,7.88364]},"faces":{"north":{"uv":[0.00156,0.00156,0.99844,0.99844],"texture":"#o6"},"south":{"uv":[0.00156,0.00156,0.99844,0.99844],"texture":"#o6"},"east":{"uv":[0.00156,0.00156,0.99844,0.99844],"texture":"#o6"},"west":{"uv":[0.00156,0.00156,0.99844,0.99844],"texture":"#o6"},"up":{"uv":[0.0,0.0,0.0,0.0],"texture":"#o6"},"down":{"uv":[0.0,0.0,0.0,0.0],"texture":"#o6"}}},{"from":[8.60078,7.34256,7.51782],"to":[8.67241,7.64944,8.47095],"rotation":{"angle":0.0,"axis":"z","origin":[8.08832,7.20703,7.88364]},"faces":{"north":{"uv":[0.00156,0.00156,0.99844,0.99844],"texture":"#o6"},"south":{"uv":[0.00156,0.00156,0.99844,0.99844],"texture":"#o6"},"east":{"uv":[0.00156,0.00156,0.99844,0.99844],"texture":"#o6"},"west":{"uv":[0.00156,0.00156,0.99844,0.99844],"texture":"#o6"},"up":{"uv":[0.0,0.0,0.0,0.0],"texture":"#o6"},"down":{"uv":[0.0,0.0,0.0,0.0],"texture":"#o6"}}},{"from":[8.62132,7.63927,7.51782],"to":[8.69296,7.74365,8.47095],"rotation":{"angle":22.5,"axis":"z","origin":[8.65713,7.5927,8.06782]},"faces":{"north":{"uv":[0.99844,0.00156,0.00156,0.99844],"texture":"#o6"},"south":{"uv":[0.99844,0.00156,0.00156,0.99844],"texture":"#o6"},"east":{"uv":[0.99844,0.00156,0.00156,0.99844],"texture":"#o6"},"west":{"uv":[0.99844,0.00156,0.00156,0.99844],"texture":"#o6"},"up":{"uv":[0.0,0.0,0.0,0.0],"texture":"#o6"},"down":{"uv":[0.0,0.0,0.0,0.0],"texture":"#o6"}}},{"from":[8.60425,7.73418,7.51782],"to":[8.67589,7.83856,8.47095],"rotation":{"angle":45.0,"axis":"z","origin":[8.64006,7.68761,8.06782]},"faces":{"north":{"uv":[0.99844,0.00156,0.00156,0.99844],"texture":"#o6"},"south":{"uv":[0.99844,0.00156,0.00156,0.99844],"texture":"#o6"},"east":{"uv":[0.99844,0.00156,0.00156,0.99844],"texture":"#o6"},"west":{"uv":[0.99844,0.00156,0.00156,0.99844],"texture":"#o6"},"up":{"uv":[0.0,0.0,0.0,0.0],"texture":"#o6"},"down":{"uv":[0.0,0.0,0.0,0.0],"texture":"#o6"}}},{"from":[8.43702,7.73295,7.51782],"to":[8.5414,7.80459,8.47095],"rotation":{"angle":-22.5,"axis":"z","origin":[8.58797,7.76876,8.06782]},"faces":{"north":{"uv":[0.00156,0.99844,0.99844,0.00156],"rotation":270,"texture":"#o6"},"south":{"uv":[0.00156,0.99844,0.99844,0.00156],"rotation":90,"texture":"#o6"},"east":{"uv":[0.0,0.0,0.0,0.0],"texture":"#o6"},"west":{"uv":[0.0,0.0,0.0,0.0],"texture":"#o6"},"up":{"uv":[0.00156,0.99844,0.99844,0.00156],"rotation":90,"texture":"#o6"},"down":{"uv":[0.00156,0.99844,0.99844,0.00156],"rotation":90,"texture":"#o6"}}},{"from":[7.22181,7.38139,7.48335],"to":[7.29344,7.68564,8.72432],"rotation":{"angle":0.0,"axis":"z","origin":[7.90067,6.90197,7.88364]},"faces":{"north":{"uv":[0.00156,0.00156,0.99844,0.99844],"texture":"#o6"},"south":{"uv":[0.00156,0.00156,0.99844,0.99844],"texture":"#o6"},"east":{"uv":[0.00156,0.00156,0.99844,0.99844],"texture":"#o6"},"west":{"uv":[0.00156,0.00156,0.99844,0.99844],"texture":"#o6"},"up":{"uv":[0.0,0.0,0.0,0.0],"texture":"#o6"},"down":{"uv":[0.0,0.0,0.0,0.0],"texture":"#o6"}}},{"from":[6.83742,7.01203,7.48335],"to":[6.90905,7.21628,8.72432],"rotation":{"angle":-22.5,"axis":"z","origin":[7.51628,6.33261,7.88364]},"faces":{"north":{"uv":[0.00156,0.00156,0.99844,0.99844],"texture":"#o6"},"south":{"uv":[0.00156,0.00156,0.99844,0.99844],"texture":"#o6"},"east":{"uv":[0.00156,0.00156,0.99844,0.99844],"texture":"#o6"},"west":{"uv":[0.00156,0.00156,0.99844,0.99844],"texture":"#o6"},"up":{"uv":[0.0,0.0,0.0,0.0],"texture":"#o6"},"down":{"uv":[0.0,0.0,0.0,0.0],"texture":"#o6"}}},{"from":[7.1491,7.01585,7.48335],"to":[7.22073,7.2201,8.72432],"rotation":{"angle":0.0,"axis":"y","origin":[7.82796,6.33643,7.88364]},"faces":{"north":{"uv":[0.00156,0.00156,0.99844,0.99844],"texture":"#o6"},"south":{"uv":[0.00156,0.00156,0.99844,0.99844],"texture":"#o6"},"east":{"uv":[0.00156,0.00156,0.99844,0.99844],"texture":"#o6"},"west":{"uv":[0.00156,0.00156,0.99844,0.99844],"texture":"#o6"},"up":{"uv":[0.0,0.0,0.0,0.0],"texture":"#o6"},"down":{"uv":[0.0,0.0,0.0,0.0],"texture":"#o6"}}},{"from":[8.78571,6.00396,7.32832],"to":[8.85734,6.40799,8.33342],"rotation":{"angle":0.0,"axis":"y","origin":[7.62796,6.33643,7.88364]},"faces":{"north":{"uv":[0.00156,0.00156,0.99844,0.99844],"texture":"#o6"},"south":{"uv":[0.0,0.0,0.0,0.0],"texture":"#o6"},"east":{"uv":[0.00156,0.00156,0.99844,0.99844],"texture":"#o6"},"west":{"uv":[0.00156,0.00156,0.99844,0.99844],"texture":"#o6"},"up":{"uv":[0.0,0.0,0.0,0.0],"texture":"#o6"},"down":{"uv":[0.99844,0.99844,0.00156,0.00156],"rotation":90,"texture":"#o6"}}},{"from":[8.78571,5.9577,8.08831],"to":[8.85734,6.05578,8.40394],"rotation":{"angle":22.5,"axis":"x","origin":[8.89604,6.11095,8.22557]},"faces":{"north":{"uv":[0.0,0.0,0.0,0.0],"texture":"#o6"},"south":{"uv":[0.0,0.0,0.0,0.0],"texture":"#o6"},"east":{"uv":[0.00156,0.00156,0.99844,0.99844],"texture":"#o6"},"west":{"uv":[0.00156,0.00156,0.99844,0.99844],"texture":"#o6"},"up":{"uv":[0.0,0.0,0.0,0.0],"texture":"#o6"},"down":{"uv":[0.99844,0.99844,0.00156,0.00156],"rotation":90,"texture":"#o6"}}},{"from":[8.78571,5.90111,8.33342],"to":[8.85734,6.40799,8.72432],"rotation":{"angle":0.0,"axis":"y","origin":[7.62796,6.33643,7.88364]},"faces":{"north":{"uv":[0.0,0.0,0.0,0.0],"texture":"#o6"},"south":{"uv":[0.00156,0.00156,0.99844,0.99844],"texture":"#o6"},"east":{"uv":[0.00156,0.00156,0.99844,0.99844],"texture":"#o6"},"west":{"uv":[0.00156,0.00156,0.99844,0.99844],"texture":"#o6"},"up":{"uv":[0.0,0.0,0.0,0.0],"texture":"#o6"},"down":{"uv":[0.99844,0.99844,0.00156,0.00156],"rotation":90,"texture":"#o6"}}},{"from":[7.31759,7.34256,7.51782],"to":[7.38922,7.64944,8.47095],"rotation":{"angle":0.0,"axis":"z","origin":[7.90168,7.20703,7.88364]},"faces":{"north":{"uv":[0.99844,0.00156,0.00156,0.99844],"texture":"#o6"},"south":{"uv":[0.99844,0.00156,0.00156,0.99844],"texture":"#o6"},"east":{"uv":[0.99844,0.00156,0.00156,0.99844],"texture":"#o6"},"west":{"uv":[0.99844,0.00156,0.00156,0.99844],"texture":"#o6"},"up":{"uv":[0.0,0.0,0.0,0.0],"texture":"#o6"},"down":{"uv":[0.0,0.0,0.0,0.0],"texture":"#o6"}}},{"from":[7.07101,6.98086,7.51782],"to":[7.14264,7.18774,8.47095],"rotation":{"angle":-22.5,"axis":"z","origin":[7.6551,6.64533,7.88364]},"faces":{"north":{"uv":[0.99844,0.00156,0.00156,0.99844],"texture":"#o6"},"south":{"uv":[0.99844,0.00156,0.00156,0.99844],"texture":"#o6"},"east":{"uv":[0.99844,0.00156,0.00156,0.99844],"texture":"#o6"},"west":{"uv":[0.99844,0.00156,0.00156,0.99844],"texture":"#o6"},"up":{"uv":[0.0,0.0,0.0,0.0],"texture":"#o6"},"down":{"uv":[0.0,0.0,0.0,0.0],"texture":"#o6"}}},{"from":[7.24387,6.67196,7.51782],"to":[7.3155,7.17884,8.47095],"rotation":{"angle":0.0,"axis":"y","origin":[7.82796,6.33643,7.88364]},"faces":{"north":{"uv":[0.99844,0.00156,0.00156,0.99844],"texture":"#o6"},"south":{"uv":[0.99844,0.00156,0.00156,0.99844],"texture":"#o6"},"east":{"uv":[0.99844,0.00156,0.00156,0.99844],"texture":"#o6"},"west":{"uv":[0.99844,0.00156,0.00156,0.99844],"texture":"#o6"},"up":{"uv":[0.0,0.0,0.0,0.0],"texture":"#o6"},"down":{"uv":[0.0,0.0,0.0,0.0],"texture":"#o6"}}},{"from":[8.78571,5.88282,7.34524],"to":[8.85734,6.28792,7.74927],"rotation":{"angle":22.5,"axis":"x","origin":[8.00517,6.18792,8.65689]},"faces":{"north":{"uv":[0.00156,0.00156,0.99844,0.99844],"texture":"#o6"},"south":{"uv":[0.00156,0.00156,0.99844,0.99844],"texture":"#o6"},"east":{"uv":[0.00156,0.00156,0.99844,0.99844],"texture":"#o6"},"west":{"uv":[0.00156,0.00156,0.99844,0.99844],"texture":"#o6"},"up":{"uv":[0.0,0.0,0.0,0.0],"texture":"#o6"},"down":{"uv":[0.0,0.0,0.0,0.0],"texture":"#o6"}}},{"from":[7.52778,7.788,7.51782],"to":[8.46222,7.85963,8.47095],"rotation":{"angle":0.0,"axis":"y","origin":[7.79665,6.30199,7.88364]},"faces":{"north":{"uv":[0.00156,0.00156,0.99844,0.99844],"texture":"#o6"},"south":{"uv":[0.00156,0.00156,0.99844,0.99844],"texture":"#o6"},"east":{"uv":[0.0,0.0,0.0,0.0],"texture":"#o6"},"west":{"uv":[0.0,0.0,0.0,0.0],"texture":"#o6"},"up":{"uv":[0.99844,0.99844,0.00156,0.00156],"rotation":270,"texture":"#o6"},"down":{"uv":[0.99844,0.99844,0.00156,0.00156],"rotation":90,"texture":"#o6"}}},{"from":[7.4486,7.73295,7.51782],"to":[7.55298,7.80459,8.47095],"rotation":{"angle":22.5,"axis":"z","origin":[7.40203,7.76876,8.06782]},"faces":{"north":{"uv":[0.00156,0.00156,0.99844,0.99844],"rotation":270,"texture":"#o6"},"south":{"uv":[0.00156,0.00156,0.99844,0.99844],"rotation":90,"texture":"#o6"},"east":{"uv":[0.0,0.0,0.0,0.0],"texture":"#o6"},"west":{"uv":[0.0,0.0,0.0,0.0],"texture":"#o6"},"up":{"uv":[0.00156,0.00156,0.99844,0.99844],"rotation":90,"texture":"#o6"},"down":{"uv":[0.00156,0.00156,0.99844,0.99844],"rotation":90,"texture":"#o6"}}},{"from":[7.31411,7.73418,7.51782],"to":[7.38575,7.83856,8.47095],"rotation":{"angle":-45.0,"axis":"z","origin":[7.34994,7.68761,8.06782]},"faces":{"north":{"uv":[0.00156,0.00156,0.99844,0.99844],"texture":"#o6"},"south":{"uv":[0.00156,0.00156,0.99844,0.99844],"texture":"#o6"},"east":{"uv":[0.00156,0.00156,0.99844,0.99844],"texture":"#o6"},"west":{"uv":[0.00156,0.00156,0.99844,0.99844],"texture":"#o6"},"up":{"uv":[0.0,0.0,0.0,0.0],"texture":"#o6"},"down":{"uv":[0.0,0.0,0.0,0.0],"texture":"#o6"}}},{"from":[7.29704,7.63927,7.51782],"to":[7.36868,7.74365,8.47095],"rotation":{"angle":-22.5,"axis":"z","origin":[7.33287,7.5927,8.06782]},"faces":{"north":{"uv":[0.00156,0.00156,0.99844,0.99844],"texture":"#o6"},"south":{"uv":[0.00156,0.00156,0.99844,0.99844],"texture":"#o6"},"east":{"uv":[0.00156,0.00156,0.99844,0.99844],"texture":"#o6"},"west":{"uv":[0.00156,0.00156,0.99844,0.99844],"texture":"#o6"},"up":{"uv":[0.0,0.0,0.0,0.0],"texture":"#o6"},"down":{"uv":[0.0,0.0,0.0,0.0],"texture":"#o6"}}},{"from":[8.60838,6.61588,7.51782],"to":[8.69563,6.78276,8.47095],"rotation":{"angle":-45.0,"axis":"z","origin":[8.64419,6.69932,8.06782]},"faces":{"north":{"uv":[0.00156,0.00156,0.99844,0.99844],"texture":"#o6"},"south":{"uv":[0.00156,0.00156,0.99844,0.99844],"texture":"#o6"},"east":{"uv":[0.0,0.0,0.0,0.0],"texture":"#o6"},"west":{"uv":[0.00156,0.00156,0.99844,0.99844],"texture":"#o6"},"up":{"uv":[0.0,0.0,0.0,0.0],"texture":"#o6"},"down":{"uv":[0.0,0.0,0.0,0.0],"texture":"#o6"}}},{"from":[7.29645,6.61588,7.51782],"to":[7.3837,6.79276,8.47095],"rotation":{"angle":45.0,"axis":"z","origin":[7.34789,6.69932,8.06782]},"faces":{"north":{"uv":[0.00156,0.00156,0.99844,0.99844],"texture":"#o6"},"south":{"uv":[0.00156,0.00156,0.99844,0.99844],"texture":"#o6"},"east":{"uv":[0.00156,0.00156,0.99844,0.99844],"texture":"#o6"},"west":{"uv":[0.0,0.0,0.0,0.0],"texture":"#o6"},"up":{"uv":[0.0,0.0,0.0,0.0],"texture":"#o6"},"down":{"uv":[0.0,0.0,0.0,0.0],"texture":"#o6"}}},{"from":[7.20127,7.67548,7.48335],"to":[7.2729,7.80361,8.72432],"rotation":{"angle":-22.5,"axis":"z","origin":[7.23708,7.62892,8.07432]},"faces":{"north":{"uv":[0.00156,0.00156,0.99844,0.99844],"texture":"#o6"},"south":{"uv":[0.00156,0.00156,0.99844,0.99844],"texture":"#o6"},"east":{"uv":[0.00156,0.00156,0.99844,0.99844],"texture":"#o6"},"west":{"uv":[0.00156,0.00156,0.99844,0.99844],"texture":"#o6"},"up":{"uv":[0.0,0.0,0.0,0.0],"texture":"#o6"},"down":{"uv":[0.0,0.0,0.0,0.0],"texture":"#o6"}}},{"from":[7.37869,7.8079,7.48335],"to":[7.50682,7.87953,8.72432],"rotation":{"angle":22.5,"axis":"z","origin":[7.33213,7.84372,8.07432]},"faces":{"north":{"uv":[0.00156,0.00156,0.99844,0.99844],"rotation":270,"texture":"#o6"},"south":{"uv":[0.00156,0.00156,0.99844,0.99844],"rotation":90,"texture":"#o6"},"east":{"uv":[0.0,0.0,0.0,0.0],"texture":"#o6"},"west":{"uv":[0.0,0.0,0.0,0.0],"texture":"#o6"},"up":{"uv":[0.00156,0.00156,0.99844,0.99844],"rotation":90,"texture":"#o6"},"down":{"uv":[0.00156,0.00156,0.99844,0.99844],"rotation":90,"texture":"#o6"}}},{"from":[7.22743,7.79233,7.48335],"to":[7.29906,7.92046,8.72432],"rotation":{"angle":-45.0,"axis":"z","origin":[7.26324,7.74577,8.07432]},"faces":{"north":{"uv":[0.00156,0.00156,0.99844,0.99844],"texture":"#o6"},"south":{"uv":[0.00156,0.00156,0.99844,0.99844],"texture":"#o6"},"east":{"uv":[0.00156,0.00156,0.99844,0.99844],"texture":"#o6"},"west":{"uv":[0.00156,0.00156,0.99844,0.99844],"texture":"#o6"},"up":{"uv":[0.0,0.0,0.0,0.0],"texture":"#o6"},"down":{"uv":[0.0,0.0,0.0,0.0],"texture":"#o6"}}},{"from":[7.47982,7.87724,7.48335],"to":[8.52662,7.94366,8.72432],"rotation":{"angle":0.0,"axis":"y","origin":[7.7913,6.3026,7.88364]},"faces":{"north":{"uv":[0.00156,0.00156,0.99844,0.99844],"texture":"#o6"},"south":{"uv":[0.00156,0.00156,0.99844,0.99844],"texture":"#o6"},"east":{"uv":[0.0,0.0,0.0,0.0],"texture":"#o6"},"west":{"uv":[0.0,0.0,0.0,0.0],"texture":"#o6"},"up":{"uv":[0.99844,0.99844,0.00156,0.00156],"rotation":270,"texture":"#o6"},"down":{"uv":[0.99844,0.99844,0.00156,0.00156],"rotation":90,"texture":"#o6"}}},{"from":[7.15949,5.97235,8.2332],"to":[7.30637,6.74969,8.6397],"rotation":{"angle":0.0,"axis":"y","origin":[7.82796,6.33643,7.88364]},"faces":{"north":{"uv":[0.00156,0.00156,0.99844,0.99844],"texture":"#o6"},"south":{"uv":[0.00156,0.00156,0.99844,0.99844],"texture":"#o6"},"east":{"uv":[0.00156,0.00156,0.99844,0.99844],"texture":"#o6"},"west":{"uv":[0.0,0.0,0.0,0.0],"texture":"#o6"},"up":{"uv":[0.99844,0.99844,0.00156,0.00156],"rotation":270,"texture":"#o6"},"down":{"uv":[0.99844,0.99844,0.00156,0.00156],"rotation":90,"texture":"#o6"}}},{"from":[8.65012,6.07235,7.5332],"to":[8.78762,6.24969,8.6397],"rotation":{"angle":0.0,"axis":"y","origin":[7.62796,6.33643,7.88364]},"faces":{"north":{"uv":[0.00156,0.00156,0.99844,0.99844],"texture":"#o6"},"south":{"uv":[0.00156,0.00156,0.99844,0.99844],"texture":"#o6"},"east":{"uv":[0.0,0.0,0.0,0.0],"texture":"#o6"},"west":{"uv":[0.0,0.0,0.0,0.0],"texture":"#o6"},"up":{"uv":[0.99844,0.99844,0.00156,0.00156],"rotation":270,"texture":"#o6"},"down":{"uv":[0.99844,0.99844,0.00156,0.00156],"rotation":90,"texture":"#o6"}}},{"from":[7.24387,5.97196,7.11783],"to":[8.74821,6.29384,7.25706],"rotation":{"angle":45.0,"axis":"x","origin":[8.34821,6.32196,7.18744]},"faces":{"north":{"uv":[0.0,0.0,0.0,0.0],"texture":"#o6"},"south":{"uv":[0.0,0.0,0.0,0.0],"texture":"#o6"},"east":{"uv":[0.00156,0.00156,0.99844,0.99844],"texture":"#o6"},"west":{"uv":[0.00156,0.00156,0.99844,0.99844],"texture":"#o6"},"up":{"uv":[0.0,0.0,0.0,0.0],"texture":"#o6"},"down":{"uv":[0.99844,0.99844,0.00156,0.00156],"rotation":90,"texture":"#o6"}}},{"from":[7.24387,5.97196,7.11783],"to":[8.74821,6.29384,7.25706],"rotation":{"angle":22.5,"axis":"x","origin":[8.34821,6.32196,7.18744]},"faces":{"north":{"uv":[0.0,0.0,0.0,0.0],"texture":"#o6"},"south":{"uv":[0.0,0.0,0.0,0.0],"texture":"#o6"},"east":{"uv":[0.00156,0.00156,0.99844,0.99844],"texture":"#o6"},"west":{"uv":[0.00156,0.00156,0.99844,0.99844],"texture":"#o6"},"up":{"uv":[0.0,0.0,0.0,0.0],"texture":"#o6"},"down":{"uv":[0.99844,0.99844,0.00156,0.00156],"rotation":90,"texture":"#o6"}}},{"from":[7.24387,6.35634,7.11783],"to":[8.74821,6.67196,7.25706],"rotation":{"angle":-22.5,"axis":"x","origin":[8.34821,6.32196,7.18744]},"faces":{"north":{"uv":[0.0,0.0,0.0,0.0],"texture":"#o6"},"south":{"uv":[0.0,0.0,0.0,0.0],"texture":"#o6"},"east":{"uv":[0.00156,0.00156,0.99844,0.99844],"texture":"#o6"},"west":{"uv":[0.00156,0.00156,0.99844,0.99844],"texture":"#o6"},"up":{"uv":[0.99844,0.99844,0.00156,0.00156],"rotation":270,"texture":"#o6"},"down":{"uv":[0.0,0.0,0.0,0.0],"texture":"#o6"}}},{"from":[7.24387,6.34071,7.11783],"to":[8.74821,6.67196,7.25706],"rotation":{"angle":-45.0,"axis":"x","origin":[8.34821,6.32196,7.18744]},"faces":{"north":{"uv":[0.0,0.0,0.0,0.0],"texture":"#o6"},"south":{"uv":[0.0,0.0,0.0,0.0],"texture":"#o6"},"east":{"uv":[0.00156,0.00156,0.99844,0.99844],"texture":"#o6"},"west":{"uv":[0.00156,0.00156,0.99844,0.99844],"texture":"#o6"},"up":{"uv":[0.99844,0.99844,0.00156,0.00156],"rotation":270,"texture":"#o6"},"down":{"uv":[0.0,0.0,0.0,0.0],"texture":"#o6"}}},{"from":[7.24387,6.25234,6.83744],"to":[8.74821,6.39158,7.17494],"rotation":{"angle":22.5,"axis":"x","origin":[8.34821,6.32196,7.18744]},"faces":{"north":{"uv":[0.00156,0.00156,0.99844,0.99844],"texture":"#o6"},"south":{"uv":[0.0,0.0,0.0,0.0],"texture":"#o6"},"east":{"uv":[0.00156,0.00156,0.99844,0.99844],"texture":"#o6"},"west":{"uv":[0.00156,0.00156,0.99844,0.99844],"texture":"#o6"},"up":{"uv":[0.0,0.0,0.0,0.0],"texture":"#o6"},"down":{"uv":[0.0,0.0,0.0,0.0],"texture":"#o6"}}},{"from":[7.24387,6.25234,6.83744],"to":[8.74821,6.39158,7.23744],"rotation":{"angle":0.0,"axis":"y","origin":[7.72796,6.33643,7.98364]},"faces":{"north":{"uv":[0.00156,0.00156,0.99844,0.99844],"texture":"#o6"},"south":{"uv":[0.0,0.0,0.0,0.0],"texture":"#o6"},"east":{"uv":[0.00156,0.00156,0.99844,0.99844],"texture":"#o6"},"west":{"uv":[0.00156,0.00156,0.99844,0.99844],"texture":"#o6"},"up":{"uv":[0.0,0.0,0.0,0.0],"texture":"#o6"},"down":{"uv":[0.0,0.0,0.0,0.0],"texture":"#o6"}}},{"from":[7.24387,6.25234,6.83744],"to":[8.74821,6.39158,7.17494],"rotation":{"angle":-22.5,"axis":"x","origin":[8.34821,6.32196,7.18744]},"faces":{"north":{"uv":[0.00156,0.00156,0.99844,0.99844],"texture":"#o6"},"south":{"uv":[0.0,0.0,0.0,0.0],"texture":"#o6"},"east":{"uv":[0.00156,0.00156,0.99844,0.99844],"texture":"#o6"},"west":{"uv":[0.00156,0.00156,0.99844,0.99844],"texture":"#o6"},"up":{"uv":[0.0,0.0,0.0,0.0],"texture":"#o6"},"down":{"uv":[0.0,0.0,0.0,0.0],"texture":"#o6"}}},{"from":[7.47658,6.75634,7.56995],"to":[8.47658,7.75634,7.56995],"rotation":{"angle":0.0,"axis":"y","origin":[7.72796,6.33643,7.98364]},"faces":{"north":{"uv":[0.0,0.0,0.0,0.0],"texture":"#o6"},"south":{"uv":[2.00156,2.00156,13.99844,13.99844],"texture":"#o6"},"east":{"uv":[0.0,0.0,0.0,0.0],"texture":"#o6"},"west":{"uv":[0.0,0.0,0.0,0.0],"texture":"#o6"},"up":{"uv":[0.0,0.0,0.0,0.0],"texture":"#o6"},"down":{"uv":[0.0,0.0,0.0,0.0],"texture":"#o6"}}},{"from":[4.42165,1.7,11.58051],"to":[6.42165,3.7,19.5805],"rotation":{"angle":-22.5,"axis":"y","origin":[5.92165,5.0,18.7305]},"faces":{"north":{"uv":[11.0,12.0,10.0,13.0],"texture":"#o5"},"south":{"uv":[10.0,13.0,9.0,12.0],"texture":"#o5"},"east":{"uv":[8.0,13.0,9.0,16.0],"rotation":270,"texture":"#o5"},"west":{"uv":[11.0,16.0,10.0,13.0],"rotation":270,"texture":"#o5"},"up":{"uv":[10.0,16.0,9.0,13.0],"texture":"#o5"},"down":{"uv":[12.0,16.0,11.0,13.0],"rotation":180,"texture":"#o5"}}},{"from":[4.12548,1.55,10.95889],"to":[6.35048,3.85,20.15888],"rotation":{"angle":-22.5,"axis":"y","origin":[5.77548,5.345,19.18138]},"faces":{"north":{"uv":[14.0,13.0,15.0,12.0],"rotation":270,"texture":"#o5"},"south":{"uv":[14.0,13.0,13.0,12.0],"texture":"#o5"},"east":{"uv":[12.0,13.0,13.0,16.0],"rotation":270,"texture":"#o5"},"west":{"uv":[15.0,16.0,14.0,13.0],"rotation":270,"texture":"#o5"},"up":{"uv":[14.0,16.0,13.0,13.0],"texture":"#o5"},"down":{"uv":[16.0,16.0,15.0,13.0],"rotation":180,"texture":"#o5"}}},{"from":[-16.0,-16.0,-15.99],"to":[32.0,32.0,-15.99],"faces":{"north":{"uv":[0.0,0.0,16.0,16.0],"texture":"#icon_background"}}},{"from":[-16.0,-16.0,-16.0],"to":[32.0,32.0,-16.0],"faces":{"north":{"uv":[0.0,0.0,16.0,16.0],"texture":"#icon"}}}],"display":{"firstperson_lefthand":{"rotation":[0.0,0.0,0.0],"translation":[0.0,0.0,0.0],"scale":[0.0,0.0,0.0]},"firstperson_righthand":{"rotation":[0.0,0.0,0.0],"translation":[-8.939,18.664,7.0],"scale":[1.0,1.0,1.0]},"thirdperson_lefthand":{"rotation":[0.0,0.0,0.0],"translation":[0.0,0.0,0.0],"scale":[0.0,0.0,0.0]},"thirdperson_righthand":{"rotation":[0.0,0.0,0.0],"translation":[0.0,0.0,0.0],"scale":[0.0,0.0,0.0]},"gui":{"rotation":[0.0,-180.0,0.0],"translation":[0.0,0.0,0.0],"scale":[0.333,0.333,0.333]},"head":{"rotation":[0.0,-90.0,-90.0],"translation":[-1.25,-42.0,4.5],"scale":[1.8,1.8,1.8]}},"gui_light":"front"}