{"parent":"generated/fs8xv5z","display":{"firstperson_lefthand":{"rotation":[0.0,0.0,0.0],"translation":[0.0,0.0,0.0],"scale":[0.0,0.0,0.0]},"firstperson_righthand":{"rotation":[0.0,166.0,0.0],"translation":[-7.75,14.35,6.75],"scale":[0.4,0.4,0.4]},"thirdperson_lefthand":{"rotation":[0.0,0.0,0.0],"translation":[0.0,0.0,0.0],"scale":[0.0,0.0,0.0]},"thirdperson_righthand":{"rotation":[0.0,0.0,0.0],"translation":[0.0,0.0,0.0],"scale":[0.0,0.0,0.0]},"ground":{"rotation":[90.0,0.0,0.0],"scale":[0.4,0.4,0.4]},"gui":{"rotation":[0.0,-180.0,0.0],"translation":[0.0,0.0,0.0],"scale":[0.333,0.333,0.333]},"fixed":{"rotation":[0.0,0.0,45.0],"translation":[0.25,1.25,0.0],"scale":[0.6,0.6,0.6]}}}