{"textures":{"o0":"generated/3","o1":"generated/4","o2":"gun/player_skin_slim","o3":"generated/5","o4":"gun/player_skin","o5":"generated/6","o6":"generated/7","o7":"generated/8","o8":"generated/9","o9":"generated/a","o10":"generated/a","icon":"generated/17","icon_background":"generated/18"},"elements":[{"from":[-2.09356,11.42001,7.7977],"to":[-1.82787,11.48569,8.2977],"rotation":{"angle":22.5,"axis":"z","origin":[-1.59356,11.58569,8.0477]},"faces":{"north":{"uv":[12.1,0.1,12.9,0.9],"texture":"#o0"},"south":{"uv":[12.1,0.1,12.9,0.9],"texture":"#o0"},"down":{"uv":[12.1,0.1,12.9,0.9],"texture":"#o0"}}},{"from":[-4.43854,10.44797,7.7977],"to":[-2.20729,11.24797,8.2977],"rotation":{"angle":45.0,"axis":"z","origin":[-3.30729,10.84797,8.0477]},"faces":{"north":{"uv":[12.1,0.1,12.9,0.9],"texture":"#o0"},"south":{"uv":[12.1,0.1,12.9,0.9],"texture":"#o0"},"up":{"uv":[12.1,0.1,12.9,0.9],"texture":"#o0"},"down":{"uv":[12.1,0.1,12.9,0.9],"texture":"#o0"}}},{"from":[-3.24663,10.34295,7.7977],"to":[-2.24663,11.34295,8.2977],"rotation":{"angle":0.0,"axis":"y","origin":[-6.0,0.0,0.0]},"faces":{"north":{"uv":[12.1,0.1,12.9,0.9],"texture":"#o0"},"south":{"uv":[12.1,0.1,12.9,0.9],"texture":"#o0"},"east":{"uv":[12.1,0.1,12.9,0.9],"texture":"#o0"}}},{"from":[-2.81232,11.34295,7.7977],"to":[-1.64663,11.90863,8.2977],"rotation":{"angle":0.0,"axis":"y","origin":[-6.0,0.0,0.0]},"faces":{"north":{"uv":[12.1,0.1,12.9,0.9],"texture":"#o0"},"south":{"uv":[12.1,0.1,12.9,0.9],"texture":"#o0"},"east":{"uv":[12.1,0.1,12.9,0.9],"texture":"#o0"},"up":{"uv":[12.1,0.1,12.9,0.9],"texture":"#o0"},"down":{"uv":[12.1,0.1,12.9,0.9],"texture":"#o0"}}},{"from":[-2.52225,11.37267,7.7977],"to":[-2.05657,11.63836,8.2977],"rotation":{"angle":45.0,"axis":"z","origin":[-1.92225,11.53836,8.0477]},"faces":{"north":{"uv":[12.1,0.1,12.9,0.9],"texture":"#o0"},"south":{"uv":[12.1,0.1,12.9,0.9],"texture":"#o0"},"down":{"uv":[12.1,0.1,12.9,0.9],"texture":"#o0"}}},{"from":[-2.10782,10.86884,7.7977],"to":[-2.04213,11.13453,8.2977],"rotation":{"angle":-22.5,"axis":"z","origin":[-2.20782,11.36884,8.0477]},"faces":{"north":{"uv":[12.1,0.1,12.9,0.9],"texture":"#o0"},"south":{"uv":[12.1,0.1,12.9,0.9],"texture":"#o0"},"east":{"uv":[12.1,0.1,12.9,0.9],"texture":"#o0"}}},{"from":[6.44834,9.74797,7.7977],"to":[7.22408,11.68939,8.2977],"rotation":{"angle":45.0,"axis":"z","origin":[6.84834,10.84797,8.0477]},"faces":{"north":{"uv":[12.1,0.1,12.9,0.9],"texture":"#o0"},"south":{"uv":[12.1,0.1,12.9,0.9],"texture":"#o0"},"east":{"uv":[12.1,0.1,12.9,0.9],"texture":"#o0"},"west":{"uv":[12.1,0.1,12.9,0.9],"texture":"#o0"}}},{"from":[7.34768,10.353,7.7977],"to":[15.33205,10.453,8.2977],"rotation":{"angle":0.0,"axis":"y","origin":[-6.0,0.0,0.0]},"faces":{"north":{"uv":[12.1,0.1,12.9,0.9],"texture":"#o0"},"south":{"uv":[12.1,0.1,12.9,0.9],"texture":"#o0"},"east":{"uv":[12.1,0.1,12.9,0.9],"texture":"#o0"},"up":{"uv":[12.1,0.1,12.9,0.9],"texture":"#o0"}}},{"from":[-1.64663,11.34295,7.7977],"to":[6.51906,11.70863,8.2977],"rotation":{"angle":0.0,"axis":"y","origin":[-6.0,0.0,0.0]},"faces":{"north":{"uv":[12.1,0.1,12.9,0.9],"texture":"#o0"},"south":{"uv":[12.1,0.1,12.9,0.9],"texture":"#o0"},"up":{"uv":[12.1,0.1,12.9,0.9],"texture":"#o0"},"down":{"uv":[12.1,0.1,12.9,0.9],"texture":"#o0"}}},{"from":[6.41906,11.67726,7.7977],"to":[6.7948,12.01867,8.2977],"rotation":{"angle":45.0,"axis":"z","origin":[6.81906,10.87726,8.0477]},"faces":{"north":{"uv":[12.1,0.1,12.9,0.9],"texture":"#o0"},"south":{"uv":[12.1,0.1,12.9,0.9],"texture":"#o0"},"west":{"uv":[12.1,0.1,12.9,0.9],"texture":"#o0"}}},{"from":[-1.43407,11.70863,7.7977],"to":[-1.2215,11.90863,8.2977],"rotation":{"angle":0.0,"axis":"y","origin":[-6.0,0.0,0.0]},"faces":{"north":{"uv":[12.1,0.1,12.9,0.9],"texture":"#o0"},"south":{"uv":[12.1,0.1,12.9,0.9],"texture":"#o0"},"east":{"uv":[12.1,0.1,12.9,0.9],"texture":"#o0"},"west":{"uv":[12.1,0.1,12.9,0.9],"texture":"#o0"},"up":{"uv":[12.1,0.1,12.9,0.9],"texture":"#o0"}}},{"from":[-1.00894,11.70863,7.7977],"to":[-0.79637,11.90863,8.2977],"rotation":{"angle":0.0,"axis":"y","origin":[-6.0,0.0,0.0]},"faces":{"north":{"uv":[12.1,0.1,12.9,0.9],"texture":"#o0"},"south":{"uv":[12.1,0.1,12.9,0.9],"texture":"#o0"},"east":{"uv":[12.1,0.1,12.9,0.9],"texture":"#o0"},"west":{"uv":[12.1,0.1,12.9,0.9],"texture":"#o0"},"up":{"uv":[12.1,0.1,12.9,0.9],"texture":"#o0"}}},{"from":[-0.58381,11.70863,7.7977],"to":[-0.37124,11.90863,8.2977],"rotation":{"angle":0.0,"axis":"y","origin":[-6.0,0.0,0.0]},"faces":{"north":{"uv":[12.1,0.1,12.9,0.9],"texture":"#o0"},"south":{"uv":[12.1,0.1,12.9,0.9],"texture":"#o0"},"east":{"uv":[12.1,0.1,12.9,0.9],"texture":"#o0"},"west":{"uv":[12.1,0.1,12.9,0.9],"texture":"#o0"},"up":{"uv":[12.1,0.1,12.9,0.9],"texture":"#o0"}}},{"from":[-0.15868,11.70863,7.7977],"to":[2.15389,11.90863,8.2977],"rotation":{"angle":0.0,"axis":"y","origin":[-6.0,0.0,0.0]},"faces":{"north":{"uv":[12.1,0.1,12.9,0.9],"texture":"#o0"},"south":{"uv":[12.1,0.1,12.9,0.9],"texture":"#o0"},"east":{"uv":[12.1,0.1,12.9,0.9],"texture":"#o0"},"west":{"uv":[12.1,0.1,12.9,0.9],"texture":"#o0"},"up":{"uv":[12.1,0.1,12.9,0.9],"texture":"#o0"}}},{"from":[2.34132,11.70863,7.7977],"to":[4.35389,11.90863,8.2977],"rotation":{"angle":0.0,"axis":"y","origin":[-6.0,0.0,0.0]},"faces":{"north":{"uv":[12.1,0.1,12.9,0.9],"texture":"#o0"},"south":{"uv":[12.1,0.1,12.9,0.9],"texture":"#o0"},"east":{"uv":[12.1,0.1,12.9,0.9],"texture":"#o0"},"west":{"uv":[12.1,0.1,12.9,0.9],"texture":"#o0"},"up":{"uv":[12.1,0.1,12.9,0.9],"texture":"#o0"}}},{"from":[4.55695,11.70863,7.7977],"to":[6.51906,11.90863,8.2977],"rotation":{"angle":0.0,"axis":"y","origin":[-6.0,0.0,0.0]},"faces":{"north":{"uv":[12.1,0.1,12.9,0.9],"texture":"#o0"},"south":{"uv":[12.1,0.1,12.9,0.9],"texture":"#o0"},"east":{"uv":[12.1,0.1,12.9,0.9],"texture":"#o0"},"west":{"uv":[12.1,0.1,12.9,0.9],"texture":"#o0"},"up":{"uv":[12.1,0.1,12.9,0.9],"texture":"#o0"}}},{"from":[7.34768,10.453,7.7977],"to":[10.50979,10.653,8.2977],"rotation":{"angle":0.0,"axis":"y","origin":[-6.0,0.0,0.0]},"faces":{"north":{"uv":[12.1,0.1,12.9,0.9],"texture":"#o0"},"south":{"uv":[12.1,0.1,12.9,0.9],"texture":"#o0"},"east":{"uv":[12.1,0.1,12.9,0.9],"texture":"#o0"},"up":{"uv":[12.1,0.1,12.9,0.9],"texture":"#o0"}}},{"from":[10.74768,10.453,7.7977],"to":[15.33205,10.653,8.2977],"rotation":{"angle":0.0,"axis":"y","origin":[-6.0,0.0,0.0]},"faces":{"north":{"uv":[12.1,0.1,12.9,0.9],"texture":"#o0"},"south":{"uv":[12.1,0.1,12.9,0.9],"texture":"#o0"},"east":{"uv":[12.1,0.1,12.9,0.9],"texture":"#o0"},"west":{"uv":[12.1,0.1,12.9,0.9],"texture":"#o0"},"up":{"uv":[12.1,0.1,12.9,0.9],"texture":"#o0"}}},{"from":[6.47945,6.55433,7.75156],"to":[14.61065,6.85001,8.33298],"rotation":{"angle":0.0,"axis":"y","origin":[12.46697,-1.88454,-3.78546]},"faces":{"north":{"uv":[0.1,3.1,0.9,3.9],"texture":"#o0"},"south":{"uv":[0.1,3.1,0.9,3.9],"texture":"#o0"},"east":{"uv":[0.1,3.1,0.9,3.9],"texture":"#o0"},"west":{"uv":[0.1,3.1,0.9,3.9],"texture":"#o0"}}},{"from":[6.47945,6.47998,7.67552],"to":[14.61065,6.47788,8.40585],"rotation":{"angle":0.0,"axis":"y","origin":[12.46697,-1.88454,-3.78546]},"faces":{"down":{"uv":[0.1,3.1,0.9,3.9],"rotation":180,"texture":"#o0"}}},{"from":[13.87145,6.40649,7.75156],"to":[14.61065,6.55433,8.33298],"rotation":{"angle":0.0,"axis":"y","origin":[12.46697,-1.88454,-3.78546]},"faces":{"east":{"uv":[0.1,3.1,0.9,3.9],"texture":"#o0"},"west":{"uv":[0.1,3.1,0.9,3.9],"texture":"#o0"},"down":{"uv":[0.1,3.1,0.9,3.9],"texture":"#o0"}}},{"from":[13.87145,6.3236,8.30608],"to":[14.61065,6.42814,8.41061],"rotation":{"angle":-45.0,"axis":"x","origin":[14.24105,6.39752,8.21947]},"faces":{"east":{"uv":[0.1,3.1,0.9,3.9],"rotation":180,"texture":"#o0"},"west":{"uv":[0.1,3.1,0.9,3.9],"rotation":180,"texture":"#o0"},"down":{"uv":[0.1,3.1,0.9,3.9],"rotation":180,"texture":"#o0"}}},{"from":[13.87145,6.59392,7.78589],"to":[14.61065,6.69846,7.89042],"rotation":{"angle":45.0,"axis":"x","origin":[14.24105,6.66784,7.59474]},"faces":{"north":{"uv":[0.0,0.0,0.0,0.0],"texture":"#o0"},"south":{"uv":[0.0,0.0,0.0,0.0],"texture":"#o0"},"east":{"uv":[0.1,3.1,0.9,3.9],"texture":"#o0"},"west":{"uv":[0.1,3.1,0.9,3.9],"texture":"#o0"},"up":{"uv":[0.0,0.0,0.0,0.0],"rotation":180,"texture":"#o0"},"down":{"uv":[0.1,3.1,0.9,3.9],"rotation":180,"texture":"#o0"}}},{"from":[12.39305,6.59392,7.78589],"to":[13.13225,6.69846,7.89042],"rotation":{"angle":45.0,"axis":"x","origin":[12.76265,6.66784,7.59474]},"faces":{"north":{"uv":[0.0,0.0,0.0,0.0],"texture":"#o0"},"south":{"uv":[0.0,0.0,0.0,0.0],"texture":"#o0"},"east":{"uv":[0.1,3.1,0.9,3.9],"texture":"#o0"},"west":{"uv":[0.1,3.1,0.9,3.9],"texture":"#o0"},"up":{"uv":[0.0,0.0,0.0,0.0],"rotation":180,"texture":"#o0"},"down":{"uv":[0.1,3.1,0.9,3.9],"rotation":180,"texture":"#o0"}}},{"from":[12.39305,6.40649,7.75156],"to":[13.13225,6.55433,8.33298],"rotation":{"angle":0.0,"axis":"y","origin":[12.46697,-1.88454,-3.78546]},"faces":{"east":{"uv":[0.1,3.1,0.9,3.9],"texture":"#o0"},"west":{"uv":[0.1,3.1,0.9,3.9],"texture":"#o0"},"down":{"uv":[0.1,3.1,0.9,3.9],"texture":"#o0"}}},{"from":[12.39305,6.3236,8.30608],"to":[13.13225,6.42814,8.41061],"rotation":{"angle":-45.0,"axis":"x","origin":[12.76265,6.39752,8.21947]},"faces":{"east":{"uv":[0.1,3.1,0.9,3.9],"rotation":180,"texture":"#o0"},"west":{"uv":[0.1,3.1,0.9,3.9],"rotation":180,"texture":"#o0"},"down":{"uv":[0.1,3.1,0.9,3.9],"rotation":180,"texture":"#o0"}}},{"from":[9.43625,6.59392,7.78589],"to":[10.17545,6.69846,7.89042],"rotation":{"angle":45.0,"axis":"x","origin":[9.80585,6.66784,7.59474]},"faces":{"north":{"uv":[0.0,0.0,0.0,0.0],"texture":"#o0"},"south":{"uv":[0.0,0.0,0.0,0.0],"texture":"#o0"},"east":{"uv":[0.1,3.1,0.9,3.9],"texture":"#o0"},"west":{"uv":[0.1,3.1,0.9,3.9],"texture":"#o0"},"up":{"uv":[0.0,0.0,0.0,0.0],"rotation":180,"texture":"#o0"},"down":{"uv":[0.1,3.1,0.9,3.9],"rotation":180,"texture":"#o0"}}},{"from":[9.43625,6.40649,7.75156],"to":[10.17545,6.55433,8.33298],"rotation":{"angle":0.0,"axis":"y","origin":[12.46697,-1.88454,-3.78546]},"faces":{"east":{"uv":[0.1,3.1,0.9,3.9],"texture":"#o0"},"west":{"uv":[0.1,3.1,0.9,3.9],"texture":"#o0"},"down":{"uv":[0.1,3.1,0.9,3.9],"texture":"#o0"}}},{"from":[9.43625,6.3236,8.30608],"to":[10.17545,6.42814,8.41061],"rotation":{"angle":-45.0,"axis":"x","origin":[9.80585,6.39752,8.21947]},"faces":{"east":{"uv":[0.1,3.1,0.9,3.9],"rotation":180,"texture":"#o0"},"west":{"uv":[0.1,3.1,0.9,3.9],"rotation":180,"texture":"#o0"},"down":{"uv":[0.1,3.1,0.9,3.9],"rotation":180,"texture":"#o0"}}},{"from":[10.91465,6.59392,7.78589],"to":[11.65385,6.69846,7.89042],"rotation":{"angle":45.0,"axis":"x","origin":[11.28425,6.66784,7.59474]},"faces":{"north":{"uv":[0.0,0.0,0.0,0.0],"texture":"#o0"},"south":{"uv":[0.0,0.0,0.0,0.0],"texture":"#o0"},"east":{"uv":[0.1,3.1,0.9,3.9],"texture":"#o0"},"west":{"uv":[0.1,3.1,0.9,3.9],"texture":"#o0"},"up":{"uv":[0.0,0.0,0.0,0.0],"rotation":180,"texture":"#o0"},"down":{"uv":[0.1,3.1,0.9,3.9],"rotation":180,"texture":"#o0"}}},{"from":[10.91465,6.40649,7.75156],"to":[11.65385,6.55433,8.33298],"rotation":{"angle":0.0,"axis":"y","origin":[12.46697,-1.88454,-3.78546]},"faces":{"east":{"uv":[0.1,3.1,0.9,3.9],"texture":"#o0"},"west":{"uv":[0.1,3.1,0.9,3.9],"texture":"#o0"},"down":{"uv":[0.1,3.1,0.9,3.9],"texture":"#o0"}}},{"from":[10.91465,6.3236,8.30608],"to":[11.65385,6.42814,8.41061],"rotation":{"angle":-45.0,"axis":"x","origin":[11.28425,6.39752,8.21947]},"faces":{"east":{"uv":[0.1,3.1,0.9,3.9],"rotation":180,"texture":"#o0"},"west":{"uv":[0.1,3.1,0.9,3.9],"rotation":180,"texture":"#o0"},"down":{"uv":[0.1,3.1,0.9,3.9],"rotation":180,"texture":"#o0"}}},{"from":[6.47945,6.59392,7.78589],"to":[7.21865,6.69846,7.89042],"rotation":{"angle":45.0,"axis":"x","origin":[6.84905,6.66784,7.59474]},"faces":{"north":{"uv":[0.0,0.0,0.0,0.0],"texture":"#o0"},"south":{"uv":[0.0,0.0,0.0,0.0],"texture":"#o0"},"east":{"uv":[0.1,3.1,0.9,3.9],"texture":"#o0"},"west":{"uv":[0.1,3.1,0.9,3.9],"texture":"#o0"},"up":{"uv":[0.0,0.0,0.0,0.0],"rotation":180,"texture":"#o0"},"down":{"uv":[0.1,3.1,0.9,3.9],"rotation":180,"texture":"#o0"}}},{"from":[6.47945,6.40649,7.75156],"to":[7.21865,6.55433,8.33298],"rotation":{"angle":0.0,"axis":"y","origin":[12.46697,-1.88454,-3.78546]},"faces":{"east":{"uv":[0.1,3.1,0.9,3.9],"texture":"#o0"},"west":{"uv":[0.1,3.1,0.9,3.9],"texture":"#o0"},"down":{"uv":[0.1,3.1,0.9,3.9],"texture":"#o0"}}},{"from":[6.47945,6.3236,8.30608],"to":[7.21865,6.42814,8.41061],"rotation":{"angle":-45.0,"axis":"x","origin":[6.84905,6.39752,8.21947]},"faces":{"east":{"uv":[0.1,3.1,0.9,3.9],"rotation":180,"texture":"#o0"},"west":{"uv":[0.1,3.1,0.9,3.9],"rotation":180,"texture":"#o0"},"down":{"uv":[0.1,3.1,0.9,3.9],"rotation":180,"texture":"#o0"}}},{"from":[7.95785,6.59392,7.78589],"to":[8.69705,6.69846,7.89042],"rotation":{"angle":45.0,"axis":"x","origin":[8.32745,6.66784,7.59474]},"faces":{"north":{"uv":[0.0,0.0,0.0,0.0],"texture":"#o0"},"south":{"uv":[0.0,0.0,0.0,0.0],"texture":"#o0"},"east":{"uv":[0.1,3.1,0.9,3.9],"texture":"#o0"},"west":{"uv":[0.1,3.1,0.9,3.9],"texture":"#o0"},"up":{"uv":[0.0,0.0,0.0,0.0],"rotation":180,"texture":"#o0"},"down":{"uv":[0.1,3.1,0.9,3.9],"rotation":180,"texture":"#o0"}}},{"from":[7.95785,6.40649,7.75156],"to":[8.69705,6.55433,8.33298],"rotation":{"angle":0.0,"axis":"y","origin":[12.46697,-1.88454,-3.78546]},"faces":{"east":{"uv":[0.1,3.1,0.9,3.9],"texture":"#o0"},"west":{"uv":[0.1,3.1,0.9,3.9],"texture":"#o0"},"down":{"uv":[0.1,3.1,0.9,3.9],"texture":"#o0"}}},{"from":[7.95785,6.3236,8.30608],"to":[8.69705,6.42814,8.41061],"rotation":{"angle":-45.0,"axis":"x","origin":[8.32745,6.39752,8.21947]},"faces":{"east":{"uv":[0.1,3.1,0.9,3.9],"rotation":180,"texture":"#o0"},"west":{"uv":[0.1,3.1,0.9,3.9],"rotation":180,"texture":"#o0"},"down":{"uv":[0.1,3.1,0.9,3.9],"rotation":180,"texture":"#o0"}}},{"from":[6.47945,6.3236,8.41061],"to":[14.61065,6.42814,8.41061],"rotation":{"angle":-45.0,"axis":"x","origin":[13.50185,6.39752,8.21947]},"faces":{"south":{"uv":[0.1,3.1,0.9,3.9],"texture":"#o0"}}},{"from":[6.47945,6.3236,7.67286],"to":[14.61065,6.42814,7.67286],"rotation":{"angle":45.0,"axis":"x","origin":[13.50185,6.39752,7.864]},"faces":{"north":{"uv":[0.1,3.1,0.9,3.9],"texture":"#o0"}}},{"from":[-12.86795,11.42179,7.38456],"to":[15.33205,11.92179,7.68456],"rotation":{"angle":-22.5,"axis":"x","origin":[7.83205,11.42179,11.68456]},"faces":{"south":{"uv":[0.1,0.1,0.9,0.9],"texture":"#o0"},"east":{"uv":[0.1,0.1,0.9,0.9],"texture":"#o0"},"west":{"uv":[0.1,0.1,0.9,0.9],"rotation":180,"texture":"#o0"},"up":{"uv":[0.1,0.1,0.9,0.9],"texture":"#o0"}}},{"from":[-12.86795,8.12018,10.90962],"to":[15.33205,8.42018,11.50962],"rotation":{"angle":45.0,"axis":"x","origin":[7.83205,13.42018,11.40962]},"faces":{"north":{"uv":[0.1,0.1,0.9,0.9],"texture":"#o0"},"east":{"uv":[0.1,1.5,1.3,0.1],"texture":"#o0"},"west":{"uv":[0.1,0.1,0.9,0.9],"texture":"#o0"}}},{"from":[5.23205,7.2489,7.1936],"to":[15.33205,9.7489,7.6936],"rotation":{"angle":0.0,"axis":"y","origin":[-6.0,0.0,0.0]},"faces":{"north":{"uv":[0.1,0.1,0.9,0.9],"texture":"#o0"},"east":{"uv":[0.1,0.1,1.5,1.5],"rotation":90,"texture":"#o0"},"west":{"uv":[0.1,0.1,0.9,0.9],"texture":"#o0"}}},{"from":[-12.86795,9.15412,9.18376],"to":[15.33205,9.45412,9.68376],"rotation":{"angle":22.5,"axis":"x","origin":[7.83205,14.45412,9.68376]},"faces":{"north":{"uv":[0.1,0.1,0.9,0.9],"texture":"#o0"},"east":{"uv":[0.1,0.1,0.9,0.9],"texture":"#o0"},"west":{"uv":[0.1,0.1,0.9,0.9],"texture":"#o0"}}},{"from":[-12.86795,9.553,7.7977],"to":[-2.24663,10.34295,8.2977],"rotation":{"angle":0.0,"axis":"y","origin":[-6.0,0.0,0.0]},"faces":{"east":{"uv":[0.1,0.1,0.9,0.9],"texture":"#o0"},"west":{"uv":[0.1,0.1,0.9,0.9],"texture":"#o0"},"up":{"uv":[0.1,0.1,0.9,0.9],"texture":"#o0"}}},{"from":[5.23205,7.2489,8.4018],"to":[15.33205,9.7489,8.9018],"rotation":{"angle":0.0,"axis":"y","origin":[-6.0,0.0,0.0]},"faces":{"south":{"uv":[0.1,0.1,0.9,0.9],"texture":"#o0"},"east":{"uv":[0.1,0.1,0.9,0.9],"texture":"#o0"},"west":{"uv":[0.1,0.1,0.9,0.9],"texture":"#o0"}}},{"from":[-12.86795,8.12018,4.58578],"to":[15.33205,8.42018,5.18578],"rotation":{"angle":-45.0,"axis":"x","origin":[7.83205,13.42018,4.68578]},"faces":{"south":{"uv":[0.1,0.1,0.9,0.9],"texture":"#o0"},"east":{"uv":[0.1,0.1,0.9,0.9],"texture":"#o0"},"west":{"uv":[0.1,0.1,0.9,0.9],"texture":"#o0"}}},{"from":[-12.86795,11.42179,8.41084],"to":[15.33205,11.92179,8.71084],"rotation":{"angle":22.5,"axis":"x","origin":[7.83205,11.42179,4.41084]},"faces":{"north":{"uv":[0.1,0.1,0.9,0.9],"texture":"#o0"},"east":{"uv":[0.1,0.1,0.9,0.9],"texture":"#o0"},"west":{"uv":[0.1,0.1,0.9,0.9],"texture":"#o0"},"up":{"uv":[0.1,0.1,0.9,0.9],"texture":"#o0"}}},{"from":[3.33205,7.54368,6.41164],"to":[15.33205,7.84368,6.91164],"rotation":{"angle":22.5,"axis":"x","origin":[7.83205,2.54368,6.41164]},"faces":{"south":{"uv":[0.1,0.1,0.9,0.9],"texture":"#o0"},"east":{"uv":[0.1,0.1,0.9,0.9],"texture":"#o0"},"west":{"uv":[0.1,0.1,0.9,0.9],"texture":"#o0"}}},{"from":[3.33205,8.57762,4.68578],"to":[15.33205,8.87762,5.18578],"rotation":{"angle":45.0,"axis":"x","origin":[7.83205,3.57762,4.68578]},"faces":{"south":{"uv":[0.1,0.1,0.9,0.9],"texture":"#o0"},"east":{"uv":[0.1,0.1,0.9,0.9],"texture":"#o0"},"west":{"uv":[0.1,0.1,0.9,0.9],"texture":"#o0"}}},{"from":[3.33205,5.076,8.41084],"to":[15.33205,5.576,8.71084],"rotation":{"angle":-22.5,"axis":"x","origin":[7.83205,5.576,4.41084]},"faces":{"east":{"uv":[0.1,0.1,0.9,0.9],"texture":"#o0"},"west":{"uv":[0.1,0.1,0.9,0.9],"texture":"#o0"},"down":{"uv":[0.1,0.1,0.9,0.9],"texture":"#o0"}}},{"from":[3.33205,6.6448,7.7977],"to":[15.33205,7.1448,8.2977],"rotation":{"angle":0.0,"axis":"y","origin":[-6.0,0.0,0.0]},"faces":{"east":{"uv":[0.1,0.1,0.9,0.9],"texture":"#o0"},"west":{"uv":[0.1,0.1,0.9,0.9],"texture":"#o0"},"down":{"uv":[0.1,0.1,0.9,0.9],"texture":"#o0"}}},{"from":[3.33205,7.54368,9.18376],"to":[15.33205,7.84368,9.68376],"rotation":{"angle":-22.5,"axis":"x","origin":[7.83205,2.54368,9.68376]},"faces":{"north":{"uv":[0.1,0.1,0.9,0.9],"texture":"#o0"},"east":{"uv":[0.1,0.1,0.9,0.9],"rotation":90,"texture":"#o0"},"west":{"uv":[0.1,0.1,0.9,0.9],"rotation":270,"texture":"#o0"}}},{"from":[3.33205,8.57762,10.90962],"to":[15.33205,8.87762,11.40962],"rotation":{"angle":-45.0,"axis":"x","origin":[7.83205,3.57762,11.40962]},"faces":{"north":{"uv":[0.1,0.1,0.9,0.9],"texture":"#o0"},"east":{"uv":[0.1,0.1,0.9,0.9],"rotation":90,"texture":"#o0"},"west":{"uv":[0.1,0.1,0.9,0.9],"rotation":270,"texture":"#o0"}}},{"from":[3.33205,5.076,7.38456],"to":[15.33205,5.576,7.68456],"rotation":{"angle":22.5,"axis":"x","origin":[7.83205,5.576,11.68456]},"faces":{"east":{"uv":[0.1,0.1,0.9,0.9],"texture":"#o0"},"west":{"uv":[0.1,0.1,0.9,0.9],"texture":"#o0"},"down":{"uv":[0.1,0.1,0.9,0.9],"texture":"#o0"}}},{"from":[0.33205,7.2489,8.7018],"to":[3.33205,7.7489,8.9018],"rotation":{"angle":0.0,"axis":"y","origin":[-6.0,0.0,0.0]},"faces":{"north":{"uv":[0.1,0.1,0.9,0.9],"texture":"#o0"},"south":{"uv":[0.1,0.1,0.9,0.9],"texture":"#o0"},"up":{"uv":[0.1,0.1,0.9,0.9],"texture":"#o0"},"down":{"uv":[0.1,0.1,0.9,0.9],"texture":"#o0"}}},{"from":[0.33205,8.6489,7.3818],"to":[3.33205,9.7489,8.9018],"rotation":{"angle":0.0,"axis":"y","origin":[-6.0,0.0,0.0]},"faces":{"north":{"uv":[0.1,0.1,0.9,0.9],"texture":"#o0"},"south":{"uv":[0.1,0.1,0.9,0.9],"texture":"#o0"},"down":{"uv":[0.1,0.1,0.9,0.9],"texture":"#o0"}}},{"from":[0.33205,7.2489,7.1936],"to":[3.33205,9.7489,7.3936],"rotation":{"angle":0.0,"axis":"y","origin":[-6.0,0.0,0.0]},"faces":{"north":{"uv":[0.1,0.1,0.9,0.9],"rotation":180,"texture":"#o0"},"south":{"uv":[0.1,0.1,0.9,0.9],"texture":"#o0"},"down":{"uv":[0.1,0.1,0.9,0.9],"texture":"#o0"}}},{"from":[0.22866,0.37719,7.4936],"to":[0.33205,7.2489,8.6018],"rotation":{"angle":0.0,"axis":"y","origin":[-6.0,0.0,0.0]},"faces":{"north":{"uv":[4.1,0.1,4.9,0.9],"texture":"#o0"},"south":{"uv":[4.1,0.1,4.9,0.9],"texture":"#o0"},"east":{"uv":[4.1,0.1,4.9,0.9],"texture":"#o0"},"west":{"uv":[4.1,0.1,4.9,0.9],"texture":"#o0"},"down":{"uv":[4.1,0.1,4.9,0.9],"texture":"#o0"}}},{"from":[-1.46795,7.14368,6.41164],"to":[0.23205,7.44368,6.91164],"rotation":{"angle":22.5,"axis":"x","origin":[-7.26795,2.14368,6.41164]},"faces":{"south":{"uv":[0.1,0.1,0.9,0.9],"texture":"#o0"},"east":{"uv":[0.1,0.1,0.9,0.9],"texture":"#o0"}}},{"from":[-1.46795,8.17762,4.68578],"to":[0.23205,8.47762,5.18578],"rotation":{"angle":45.0,"axis":"x","origin":[-7.26795,3.17762,4.68578]},"faces":{"south":{"uv":[0.1,0.1,0.9,0.9],"texture":"#o0"},"east":{"uv":[0.1,0.1,0.9,0.9],"texture":"#o0"}}},{"from":[-1.46795,4.676,8.41084],"to":[0.23205,5.176,8.71084],"rotation":{"angle":-22.5,"axis":"x","origin":[-7.26795,5.176,4.41084]},"faces":{"down":{"uv":[0.1,0.1,0.9,0.9],"texture":"#o0"}}},{"from":[-1.46795,6.2448,7.7977],"to":[0.23205,6.7448,8.2977],"rotation":{"angle":0.0,"axis":"y","origin":[-6.0,0.0,0.0]},"faces":{"down":{"uv":[0.1,0.1,0.9,0.9],"texture":"#o0"}}},{"from":[-1.46795,4.676,7.38456],"to":[0.23205,5.176,7.68456],"rotation":{"angle":22.5,"axis":"x","origin":[-7.26795,5.176,11.68456]},"faces":{"down":{"uv":[0.1,0.1,0.9,0.9],"texture":"#o0"}}},{"from":[-1.46795,8.17762,10.90962],"to":[0.23205,8.47762,11.40962],"rotation":{"angle":-45.0,"axis":"x","origin":[-7.26795,3.17762,11.40962]},"faces":{"north":{"uv":[0.1,0.1,0.9,0.9],"texture":"#o0"},"east":{"uv":[0.1,0.1,0.9,0.9],"texture":"#o0"}}},{"from":[-1.46795,7.14368,9.18376],"to":[0.23205,7.44368,9.68376],"rotation":{"angle":-22.5,"axis":"x","origin":[-7.26795,2.14368,9.68376]},"faces":{"north":{"uv":[0.1,0.1,0.9,0.9],"texture":"#o0"},"east":{"uv":[0.1,0.1,0.9,0.9],"texture":"#o0"}}},{"from":[-4.36795,7.2489,7.1936],"to":[0.33205,9.7489,8.4336],"rotation":{"angle":0.0,"axis":"y","origin":[-6.0,0.0,0.0]},"faces":{"north":{"uv":[0.1,0.1,0.9,0.9],"texture":"#o0"},"east":{"uv":[0.1,0.1,0.9,0.9],"texture":"#o0"},"down":{"uv":[0.1,0.1,0.9,0.9],"texture":"#o0"}}},{"from":[-3.66795,6.8489,8.4018],"to":[0.23205,7.2489,8.9018],"rotation":{"angle":0.0,"axis":"y","origin":[-6.0,0.0,0.0]},"faces":{"south":{"uv":[0.1,0.1,0.9,0.9],"texture":"#o0"},"east":{"uv":[0.1,0.1,0.9,0.9],"texture":"#o0"}}},{"from":[-4.36795,7.2489,8.4018],"to":[0.33205,9.7489,8.9018],"rotation":{"angle":0.0,"axis":"y","origin":[-6.0,0.0,0.0]},"faces":{"south":{"uv":[0.1,0.1,0.9,0.9],"texture":"#o0"},"east":{"uv":[0.1,0.1,0.9,0.9],"texture":"#o0"},"down":{"uv":[0.1,0.1,0.9,0.9],"texture":"#o0"}}},{"from":[-3.66795,6.8489,7.1936],"to":[0.23205,7.2489,7.6936],"rotation":{"angle":0.0,"axis":"y","origin":[-6.0,0.0,0.0]},"faces":{"north":{"uv":[0.1,0.1,0.9,0.9],"texture":"#o0"},"east":{"uv":[0.1,0.1,0.9,0.9],"texture":"#o0"},"down":{"uv":[0.1,0.1,0.9,0.9],"texture":"#o0"}}},{"from":[-1.74867,5.47946,7.1936],"to":[-1.33618,5.8404,8.9018],"rotation":{"angle":22.5,"axis":"z","origin":[-3.33618,5.53297,7.3018]},"faces":{"north":{"uv":[0.1,0.1,0.9,0.9],"texture":"#o0"},"south":{"uv":[0.1,0.1,0.9,0.9],"texture":"#o0"},"down":{"uv":[0.1,0.1,0.9,0.9],"texture":"#o0"}}},{"from":[-2.53165,1.63962,7.1936],"to":[-1.13165,5.53962,8.9018],"rotation":{"angle":-22.5,"axis":"z","origin":[-1.52345,6.73962,7.2936]},"faces":{"north":{"uv":[0.1,0.1,0.9,0.9],"texture":"#o0"},"south":{"uv":[0.1,0.1,0.9,0.9],"texture":"#o0"},"east":{"uv":[0.1,0.1,0.9,0.9],"texture":"#o0"},"west":{"uv":[0.1,0.1,0.9,0.9],"texture":"#o0"},"down":{"uv":[0.1,0.1,0.9,0.9],"texture":"#o0"}}},{"from":[-4.40659,2.41365,7.1936],"to":[-4.05971,3.21365,8.9018],"rotation":{"angle":0.0,"axis":"y","origin":[-6.0,0.0,0.0]},"faces":{"north":{"uv":[0.1,0.1,0.9,0.9],"texture":"#o0"},"south":{"uv":[0.1,0.1,0.9,0.9],"texture":"#o0"},"west":{"uv":[0.1,0.1,0.9,0.9],"texture":"#o0"}}},{"from":[-3.30504,2.9515,7.1936],"to":[-2.95817,3.7515,8.9018],"rotation":{"angle":-22.5,"axis":"z","origin":[-3.19684,5.8515,7.3018]},"faces":{"north":{"uv":[0.1,0.1,0.9,0.9],"texture":"#o0"},"south":{"uv":[0.1,0.1,0.9,0.9],"texture":"#o0"},"west":{"uv":[0.1,0.1,0.9,0.9],"texture":"#o0"}}},{"from":[-2.08152,3.02686,7.1936],"to":[-1.73465,3.82686,8.9018],"rotation":{"angle":-45.0,"axis":"z","origin":[-1.97332,5.92686,7.3018]},"faces":{"north":{"uv":[0.1,0.1,0.9,0.9],"texture":"#o0"},"south":{"uv":[0.1,0.1,0.9,0.9],"texture":"#o0"},"west":{"uv":[0.1,0.1,0.9,0.9],"texture":"#o0"}}},{"from":[-1.65227,5.98407,7.1936],"to":[-1.45542,6.12937,8.9018],"rotation":{"angle":45.0,"axis":"z","origin":[-1.78587,5.88722,7.3018]},"faces":{"north":{"uv":[0.1,0.1,0.9,0.9],"texture":"#o0"},"south":{"uv":[0.1,0.1,0.9,0.9],"texture":"#o0"},"down":{"uv":[0.1,0.1,0.9,0.9],"texture":"#o0"}}},{"from":[-2.11816,5.48277,7.1936],"to":[-1.87285,6.064,8.9018],"rotation":{"angle":-22.5,"axis":"z","origin":[-1.776,5.73355,7.3018]},"faces":{"north":{"uv":[0.1,0.1,0.9,0.9],"texture":"#o0"},"south":{"uv":[0.1,0.1,0.9,0.9],"texture":"#o0"},"east":{"uv":[0.1,0.1,0.9,0.9],"texture":"#o0"}}},{"from":[-1.8346,5.5429,7.1936],"to":[-1.68929,5.82413,8.9018],"rotation":{"angle":22.5,"axis":"z","origin":[-1.59244,5.49368,7.3018]},"faces":{"north":{"uv":[0.1,0.1,0.9,0.9],"texture":"#o0"},"south":{"uv":[0.1,0.1,0.9,0.9],"texture":"#o0"},"east":{"uv":[0.1,0.1,0.9,0.9],"texture":"#o0"}}},{"from":[-1.95023,5.54458,7.1936],"to":[-1.80493,5.92581,8.9018],"rotation":{"angle":0.0,"axis":"y","origin":[-6.0,0.0,0.0]},"faces":{"north":{"uv":[0.1,0.1,0.9,0.9],"texture":"#o0"},"south":{"uv":[0.1,0.1,0.9,0.9],"texture":"#o0"},"east":{"uv":[0.1,0.1,0.9,0.9],"texture":"#o0"}}},{"from":[-1.77715,5.30184,7.1936],"to":[-1.59591,5.34715,8.9018],"rotation":{"angle":-45.0,"axis":"z","origin":[-1.4467,5.44399,7.3018]},"faces":{"north":{"uv":[0.1,0.1,0.9,0.9],"texture":"#o0"},"south":{"uv":[0.1,0.1,0.9,0.9],"texture":"#o0"},"up":{"uv":[0.1,0.1,0.9,0.9],"texture":"#o0"}}},{"from":[-1.62348,5.31171,7.5936],"to":[-1.44225,5.35702,8.5018],"rotation":{"angle":-22.5,"axis":"z","origin":[-1.29303,5.45386,7.3018]},"faces":{"north":{"uv":[4.1,0.1,4.9,0.9],"texture":"#o0"},"south":{"uv":[4.1,0.1,4.9,0.9],"texture":"#o0"},"up":{"uv":[4.1,0.1,4.9,0.9],"texture":"#o0"},"down":{"uv":[4.1,0.1,4.9,0.9],"texture":"#o0"}}},{"from":[-1.48529,5.37963,7.5936],"to":[0.29595,5.42494,8.5018],"rotation":{"angle":0.0,"axis":"y","origin":[-6.0,0.0,0.0]},"faces":{"north":{"uv":[4.1,0.1,4.9,0.9],"texture":"#o0"},"up":{"uv":[4.1,0.1,4.9,0.9],"texture":"#o0"},"down":{"uv":[4.1,0.1,4.9,0.9],"texture":"#o0"}}},{"from":[-3.22861,5.25754,7.1936],"to":[-3.03798,6.05754,8.9018],"rotation":{"angle":0.0,"axis":"y","origin":[-6.0,0.0,0.0]},"faces":{"north":{"uv":[0.1,0.1,0.9,0.9],"texture":"#o0"},"south":{"uv":[0.1,0.1,0.9,0.9],"texture":"#o0"},"west":{"uv":[0.1,0.1,0.9,0.9],"texture":"#o0"}}},{"from":[-4.32022,5.74546,7.1936],"to":[-3.97335,6.54546,8.9018],"rotation":{"angle":22.5,"axis":"z","origin":[-4.21202,8.64546,7.3018]},"faces":{"north":{"uv":[0.1,0.1,0.9,0.9],"texture":"#o0"},"south":{"uv":[0.1,0.1,0.9,0.9],"texture":"#o0"},"west":{"uv":[0.1,0.1,0.9,0.9],"texture":"#o0"}}},{"from":[-5.51546,5.77849,7.1936],"to":[-5.16858,6.57849,8.9018],"rotation":{"angle":45.0,"axis":"z","origin":[-5.40726,8.67849,7.3018]},"faces":{"north":{"uv":[0.1,0.1,0.9,0.9],"texture":"#o0"},"south":{"uv":[0.1,0.1,0.9,0.9],"texture":"#o0"},"west":{"uv":[0.1,0.1,0.9,0.9],"texture":"#o0"}}},{"from":[-4.42415,8.14341,7.1936],"to":[-3.62415,8.49028,8.9018],"rotation":{"angle":-22.5,"axis":"z","origin":[-6.52415,8.25161,7.3018]},"faces":{"north":{"uv":[0.1,0.1,0.9,0.9],"texture":"#o0"},"south":{"uv":[0.1,0.1,0.9,0.9],"texture":"#o0"},"down":{"uv":[0.1,0.1,0.9,0.9],"texture":"#o0"}}},{"from":[-5.29267,7.3216,7.1936],"to":[-4.49267,7.66848,8.9018],"rotation":{"angle":0.0,"axis":"y","origin":[-6.0,0.0,0.0]},"faces":{"north":{"uv":[0.1,0.1,0.9,0.9],"texture":"#o0"},"south":{"uv":[0.1,0.1,0.9,0.9],"texture":"#o0"},"down":{"uv":[0.1,0.1,0.9,0.9],"texture":"#o0"}}},{"from":[-12.98058,6.22999,7.1936],"to":[-4.98058,6.57687,8.9018],"rotation":{"angle":22.5,"axis":"z","origin":[-7.88058,6.33819,7.3018]},"faces":{"north":{"uv":[0.1,0.1,0.9,0.9],"texture":"#o0"},"south":{"uv":[0.1,0.1,0.9,0.9],"texture":"#o0"},"down":{"uv":[0.1,0.1,0.9,0.9],"texture":"#o0"}}},{"from":[-12.86795,4.28654,7.1936],"to":[-12.55096,9.7489,8.9018],"rotation":{"angle":0.0,"axis":"y","origin":[-6.0,0.0,0.0]},"faces":{"north":{"uv":[0.1,0.1,0.9,0.9],"texture":"#o0"},"south":{"uv":[0.1,0.1,0.9,0.9],"texture":"#o0"},"west":{"uv":[0.1,0.1,0.9,0.9],"texture":"#o0"},"down":{"uv":[0.1,0.1,0.9,0.9],"texture":"#o0"}}},{"from":[-12.55096,7.35285,7.1936],"to":[-4.36795,9.7489,8.9018],"rotation":{"angle":0.0,"axis":"y","origin":[-6.0,0.0,0.0]},"faces":{"north":{"uv":[0.1,0.1,0.9,0.9],"texture":"#o0"},"south":{"uv":[0.1,0.1,0.9,0.9],"texture":"#o0"}}},{"from":[-12.63064,6.62658,7.1936],"to":[-5.55251,7.33596,8.9018],"rotation":{"angle":22.5,"axis":"z","origin":[-7.63064,5.73478,7.3018]},"faces":{"north":{"uv":[0.1,0.1,0.9,0.9],"texture":"#o0"},"south":{"uv":[0.1,0.1,0.9,0.9],"texture":"#o0"}}},{"from":[-12.27204,7.28511,7.1936],"to":[-7.17204,7.94761,8.9018],"rotation":{"angle":22.5,"axis":"z","origin":[-7.57204,5.59331,7.3018]},"faces":{"north":{"uv":[0.1,0.1,0.9,0.9],"texture":"#o0"},"south":{"uv":[0.1,0.1,0.9,0.9],"texture":"#o0"}}},{"from":[-11.70807,7.99693,7.1936],"to":[-8.30807,8.6438,8.9018],"rotation":{"angle":22.5,"axis":"z","origin":[-7.24557,4.80513,7.3018]},"faces":{"north":{"uv":[0.1,0.1,0.9,0.9],"texture":"#o0"},"south":{"uv":[0.1,0.1,0.9,0.9],"texture":"#o0"}}},{"from":[-11.27293,8.67068,7.1936],"to":[-9.67293,9.21756,8.9018],"rotation":{"angle":22.5,"axis":"z","origin":[-7.11043,4.47888,7.3018]},"faces":{"north":{"uv":[0.1,0.1,0.9,0.9],"texture":"#o0"},"south":{"uv":[0.1,0.1,0.9,0.9],"texture":"#o0"}}},{"from":[-2.53165,1.532,7.4936],"to":[2.53009,1.63962,8.6018],"rotation":{"angle":-22.5,"axis":"z","origin":[-1.52345,6.73962,7.2936]},"faces":{"north":{"uv":[4.1,0.1,4.9,0.9],"texture":"#o0"},"south":{"uv":[4.1,0.1,4.9,0.9],"texture":"#o0"},"west":{"uv":[4.1,0.1,4.9,0.9],"texture":"#o0"},"up":{"uv":[4.1,0.1,4.9,0.9],"texture":"#o0"},"down":{"uv":[4.1,0.1,4.9,0.9],"texture":"#o0"}}},{"from":[-1.26735,5.89536,7.9477],"to":[-1.11735,6.35786,8.0977],"rotation":{"angle":0.0,"axis":"y","origin":[-6.0,0.0,0.0]},"faces":{"north":{"uv":[4.1,0.1,4.9,0.9],"texture":"#o0"},"south":{"uv":[4.1,0.1,4.9,0.9],"texture":"#o0"},"east":{"uv":[4.1,0.1,4.9,0.9],"texture":"#o0"},"west":{"uv":[4.1,0.1,4.9,0.9],"texture":"#o0"},"down":{"uv":[0.1,0.5,0.5,0.9],"rotation":270,"texture":"#o0"}}},{"from":[-1.26641,5.5219,7.9477],"to":[-1.11641,5.89065,8.0977],"rotation":{"angle":22.5,"axis":"z","origin":[-1.27871,5.89065,6.8977]},"faces":{"north":{"uv":[4.1,0.1,4.9,0.9],"texture":"#o0"},"south":{"uv":[4.1,0.1,4.9,0.9],"texture":"#o0"},"east":{"uv":[4.1,0.1,4.9,0.9],"texture":"#o0"},"west":{"uv":[4.1,0.1,4.9,0.9],"texture":"#o0"},"down":{"uv":[4.1,0.1,4.9,0.9],"texture":"#o0"}}},{"from":[-3.23669,6.46453,7.2936],"to":[-1.52107,6.84891,8.9018],"rotation":{"angle":0.0,"axis":"y","origin":[-6.0,0.0,0.0]},"faces":{"north":{"uv":[0.1,0.1,0.9,0.9],"texture":"#o0"},"south":{"uv":[0.1,0.1,0.9,0.9],"texture":"#o0"}}},{"from":[-1.5992,6.2489,7.1936],"to":[-1.46795,6.8489,8.9018],"rotation":{"angle":0.0,"axis":"y","origin":[-6.0,0.0,0.0]},"faces":{"north":{"uv":[0.1,0.1,0.9,0.9],"texture":"#o0"},"south":{"uv":[0.1,0.1,0.9,0.9],"texture":"#o0"},"east":{"uv":[0.1,0.1,0.9,0.9],"texture":"#o0"}}},{"from":[-1.90576,6.73148,7.1936],"to":[-1.80576,6.80023,8.7018],"rotation":{"angle":-22.5,"axis":"z","origin":[-1.60576,6.76585,8.0477]},"faces":{"north":{"uv":[0.1,0.1,0.9,0.9],"texture":"#o0"},"down":{"uv":[0.1,0.1,0.9,0.9],"texture":"#o0"}}},{"from":[-1.658,6.66624,7.1936],"to":[-1.46424,6.87562,8.7018],"rotation":{"angle":22.5,"axis":"z","origin":[-1.62362,6.51312,8.0477]},"faces":{"north":{"uv":[0.1,0.1,0.9,0.9],"texture":"#o0"},"west":{"uv":[0.1,0.1,0.9,0.9],"texture":"#o0"}}},{"from":[-1.88955,6.60333,7.1936],"to":[-1.78955,6.67208,8.7018],"rotation":{"angle":-45.0,"axis":"z","origin":[-1.58955,6.63771,8.0477]},"faces":{"north":{"uv":[0.1,0.1,0.9,0.9],"texture":"#o0"},"down":{"uv":[0.1,0.1,0.9,0.9],"texture":"#o0"}}},{"from":[-1.73715,6.54855,7.1936],"to":[-1.5434,6.71105,8.7018],"rotation":{"angle":0.0,"axis":"y","origin":[-6.0,0.0,0.0]},"faces":{"north":{"uv":[0.1,0.1,0.9,0.9],"texture":"#o0"},"south":{"uv":[0.1,0.1,0.9,0.9],"texture":"#o0"},"west":{"uv":[0.1,0.1,0.9,0.9],"texture":"#o0"}}},{"from":[-1.84934,6.44704,7.1936],"to":[-1.70871,6.64704,8.7018],"rotation":{"angle":-22.5,"axis":"z","origin":[-1.81496,6.34704,8.0477]},"faces":{"north":{"uv":[0.1,0.1,0.9,0.9],"texture":"#o0"},"west":{"uv":[0.1,0.1,0.9,0.9],"texture":"#o0"}}},{"from":[-1.97748,6.43084,7.1936],"to":[-1.87748,6.63084,8.7018],"rotation":{"angle":-45.0,"axis":"z","origin":[-1.94311,6.33084,8.0477]},"faces":{"north":{"uv":[0.1,0.1,0.9,0.9],"texture":"#o0"},"west":{"uv":[0.1,0.1,0.9,0.9],"texture":"#o0"}}},{"from":[-1.9677,6.33053,7.1936],"to":[-1.7677,6.39928,8.7018],"rotation":{"angle":22.5,"axis":"z","origin":[-2.0677,6.3649,8.0477]},"faces":{"north":{"uv":[0.1,0.1,0.9,0.9],"texture":"#o0"},"up":{"uv":[0.1,0.1,0.9,0.9],"texture":"#o0"}}},{"from":[6.33205,9.553,7.7977],"to":[15.33205,10.353,8.2977],"rotation":{"angle":0.0,"axis":"y","origin":[-6.0,0.0,0.0]},"faces":{"east":{"uv":[0.1,0.1,0.9,0.9],"texture":"#o0"},"west":{"uv":[0.1,0.1,0.9,0.9],"texture":"#o0"},"up":{"uv":[0.1,0.1,0.9,0.9],"texture":"#o0"}}},{"from":[-3.25232,6.4732,7.1936],"to":[-2.3117,6.85757,8.8018],"rotation":{"angle":0.0,"axis":"y","origin":[-6.0,0.0,0.0]},"faces":{"north":{"uv":[0.1,0.1,0.9,0.9],"texture":"#o0"},"east":{"uv":[0.1,0.1,0.9,0.9],"texture":"#o0"}}},{"from":[-3.09607,5.70445,7.1936],"to":[-1.85857,6.4732,8.9018],"rotation":{"angle":0.0,"axis":"y","origin":[-6.0,0.0,0.0]},"faces":{"north":{"uv":[0.1,0.1,0.9,0.9],"texture":"#o0"},"south":{"uv":[0.1,0.1,0.9,0.9],"texture":"#o0"},"up":{"uv":[0.1,0.1,0.9,0.9],"texture":"#o0"}}},{"from":[-1.23495,5.07617,8.51],"to":[-1.11063,5.40117,8.61],"rotation":{"angle":-45.0,"axis":"z","origin":[-1.17279,5.38867,8.56]},"faces":{"north":{"uv":[4.1,0.1,4.9,0.9],"texture":"#o0"},"south":{"uv":[4.1,0.1,4.9,0.9],"texture":"#o0"},"down":{"uv":[4.1,0.1,4.9,0.9],"texture":"#o0"}}},{"from":[-1.23495,5.07617,8.51],"to":[-1.11063,5.40117,8.61],"rotation":{"angle":-22.5,"axis":"z","origin":[-1.17279,5.38867,8.56]},"faces":{"north":{"uv":[4.1,0.1,4.9,0.9],"texture":"#o0"},"south":{"uv":[4.1,0.1,4.9,0.9],"texture":"#o0"},"down":{"uv":[4.1,0.1,4.9,0.9],"texture":"#o0"}}},{"from":[-1.23495,5.07617,8.51],"to":[-1.11063,5.40117,8.61],"rotation":{"angle":0.0,"axis":"y","origin":[-6.0,0.0,0.0]},"faces":{"north":{"uv":[4.1,0.1,4.9,0.9],"texture":"#o0"},"south":{"uv":[4.1,0.1,4.9,0.9],"texture":"#o0"},"down":{"uv":[4.1,0.1,4.9,0.9],"texture":"#o0"}}},{"from":[-1.23495,5.07617,8.51],"to":[-1.11063,5.40117,8.61],"rotation":{"angle":22.5,"axis":"z","origin":[-1.17279,5.38867,8.56]},"faces":{"north":{"uv":[4.1,0.1,4.9,0.9],"texture":"#o0"},"south":{"uv":[4.1,0.1,4.9,0.9],"texture":"#o0"},"down":{"uv":[4.1,0.1,4.9,0.9],"texture":"#o0"}}},{"from":[-1.23495,5.07617,8.51],"to":[-1.11063,5.40117,8.61],"rotation":{"angle":45.0,"axis":"z","origin":[-1.17279,5.38867,8.56]},"faces":{"north":{"uv":[4.1,0.1,4.9,0.9],"texture":"#o0"},"south":{"uv":[4.1,0.1,4.9,0.9],"texture":"#o0"},"down":{"uv":[4.1,0.1,4.9,0.9],"texture":"#o0"}}},{"from":[-1.18529,5.3265,8.51],"to":[-0.86029,5.45083,8.61],"rotation":{"angle":-22.5,"axis":"z","origin":[-1.17279,5.38867,8.56]},"faces":{"north":{"uv":[4.1,0.1,4.9,0.9],"texture":"#o0"},"south":{"uv":[4.1,0.1,4.9,0.9],"texture":"#o0"},"east":{"uv":[4.1,0.1,4.9,0.9],"texture":"#o0"}}},{"from":[-1.48529,5.3265,8.51],"to":[-1.16029,5.45083,8.61],"rotation":{"angle":22.5,"axis":"z","origin":[-1.17279,5.38867,8.56]},"faces":{"north":{"uv":[4.1,0.1,4.9,0.9],"texture":"#o0"},"south":{"uv":[4.1,0.1,4.9,0.9],"texture":"#o0"},"west":{"uv":[4.1,0.1,4.9,0.9],"texture":"#o0"}}},{"from":[-1.48529,5.32651,8.5018],"to":[0.3272,5.42494,8.61],"rotation":{"angle":0.0,"axis":"y","origin":[-6.0,0.0,0.0]},"faces":{"north":{"uv":[4.1,0.1,4.9,0.9],"texture":"#o0"},"south":{"uv":[4.1,0.1,4.9,0.9],"texture":"#o0"},"west":{"uv":[4.1,0.1,4.9,0.9],"texture":"#o0"},"up":{"uv":[4.1,0.1,4.9,0.9],"texture":"#o0"},"down":{"uv":[4.1,0.1,4.9,0.9],"texture":"#o0"}}},{"from":[-1.48529,5.42494,8.4018],"to":[0.3272,5.47025,8.61],"rotation":{"angle":0.0,"axis":"y","origin":[-6.0,0.0,0.0]},"faces":{"north":{"uv":[4.1,0.1,4.9,0.9],"texture":"#o0"},"south":{"uv":[4.1,0.1,4.9,0.9],"texture":"#o0"},"west":{"uv":[4.1,0.1,4.9,0.9],"texture":"#o0"},"up":{"uv":[4.1,0.1,4.9,0.9],"texture":"#o0"}}},{"from":[15.33205,11.42179,8.41084],"to":[15.43205,11.82179,8.71084],"rotation":{"angle":22.5,"axis":"x","origin":[9.83205,11.42179,4.41084]},"faces":{"east":{"uv":[4.1,0.1,4.9,0.9],"texture":"#o0"},"up":{"uv":[4.1,0.1,4.9,0.9],"texture":"#o0"}}},{"from":[15.33205,9.70613,7.83597],"to":[15.43205,10.26061,8.25943],"rotation":{"angle":0.0,"axis":"y","origin":[-6.0,0.0,0.0]},"faces":{"east":{"uv":[4.1,0.1,4.9,0.9],"texture":"#o0"},"up":{"uv":[4.1,0.1,4.9,0.9],"texture":"#o0"}}},{"from":[15.33205,8.15844,4.59203],"to":[15.43205,8.38191,5.09339],"rotation":{"angle":-45.0,"axis":"x","origin":[9.83205,13.42018,4.68578]},"faces":{"south":{"uv":[4.1,0.1,4.9,0.9],"texture":"#o0"},"east":{"uv":[4.1,0.1,4.9,0.9],"texture":"#o0"}}},{"from":[15.33205,9.15412,6.41164],"to":[15.43205,9.45412,6.81164],"rotation":{"angle":-22.5,"axis":"x","origin":[9.83205,14.45412,6.41164]},"faces":{"south":{"uv":[4.1,0.1,4.9,0.9],"texture":"#o0"},"east":{"uv":[4.1,0.1,4.9,0.9],"texture":"#o0"}}},{"from":[15.33205,7.28717,7.28599],"to":[15.43205,9.71063,8.80941],"rotation":{"angle":0.0,"axis":"y","origin":[-6.0,0.0,0.0]},"faces":{"north":{"uv":[4.1,0.1,4.9,0.9],"texture":"#o0"},"south":{"uv":[4.1,0.1,4.9,0.9],"texture":"#o0"},"east":{"uv":[4.1,0.1,4.9,0.9],"texture":"#o0"}}},{"from":[15.33205,9.79273,8.17443],"to":[15.43205,10.19273,8.47443],"rotation":{"angle":-22.5,"axis":"x","origin":[15.83205,8.62179,7.98456]},"faces":{"east":{"uv":[4.1,0.1,4.9,0.9],"texture":"#o0"},"up":{"uv":[4.1,0.1,4.9,0.9],"texture":"#o0"}}},{"from":[15.33205,9.36042,6.92248],"to":[15.43205,9.66042,7.32248],"rotation":{"angle":22.5,"axis":"x","origin":[15.83205,8.62179,7.98456]},"faces":{"north":{"uv":[4.1,0.1,4.9,0.9],"texture":"#o0"},"east":{"uv":[4.1,0.1,4.9,0.9],"texture":"#o0"}}},{"from":[15.33205,9.17492,6.60587],"to":[15.43205,9.39838,7.10723],"rotation":{"angle":45.0,"axis":"x","origin":[15.83205,8.62179,7.98456]},"faces":{"north":{"uv":[4.1,0.1,4.9,0.9],"texture":"#o0"},"east":{"uv":[4.1,0.1,4.9,0.9],"texture":"#o0"}}},{"from":[15.33205,5.176,8.41084],"to":[15.43205,5.576,8.71084],"rotation":{"angle":-22.5,"axis":"x","origin":[9.83205,5.576,4.41084]},"faces":{"east":{"uv":[4.1,0.1,4.9,0.9],"texture":"#o0"},"down":{"uv":[4.1,0.1,4.9,0.9],"texture":"#o0"}}},{"from":[15.33205,6.73719,7.83597],"to":[15.43205,7.30105,8.25943],"rotation":{"angle":0.0,"axis":"y","origin":[-6.0,0.0,0.0]},"faces":{"east":{"uv":[4.1,0.1,4.9,0.9],"texture":"#o0"},"down":{"uv":[4.1,0.1,4.9,0.9],"texture":"#o0"}}},{"from":[15.33205,6.80507,8.17443],"to":[15.43205,7.20507,8.47443],"rotation":{"angle":22.5,"axis":"x","origin":[15.83205,8.376,7.98456]},"faces":{"east":{"uv":[4.1,0.1,4.9,0.9],"texture":"#o0"},"down":{"uv":[4.1,0.1,4.9,0.9],"texture":"#o0"}}},{"from":[15.33205,7.33738,6.92248],"to":[15.43205,7.63738,7.32248],"rotation":{"angle":-22.5,"axis":"x","origin":[15.83205,8.376,7.98456]},"faces":{"north":{"uv":[4.1,0.1,4.9,0.9],"texture":"#o0"},"east":{"uv":[4.1,0.1,4.9,0.9],"rotation":90,"texture":"#o0"}}},{"from":[15.33205,7.59942,6.60587],"to":[15.43205,7.82288,7.10723],"rotation":{"angle":-45.0,"axis":"x","origin":[15.83205,8.376,7.98456]},"faces":{"north":{"uv":[4.1,0.1,4.9,0.9],"texture":"#o0"},"east":{"uv":[4.1,0.1,4.9,0.9],"rotation":90,"texture":"#o0"}}},{"from":[15.33205,8.61589,4.59203],"to":[15.43205,8.83935,5.09339],"rotation":{"angle":45.0,"axis":"x","origin":[9.83205,3.57762,4.68578]},"faces":{"south":{"uv":[4.1,0.1,4.9,0.9],"texture":"#o0"},"east":{"uv":[4.1,0.1,4.9,0.9],"rotation":90,"texture":"#o0"}}},{"from":[15.33205,7.54368,6.41164],"to":[15.43205,7.84368,6.81164],"rotation":{"angle":22.5,"axis":"x","origin":[9.83205,2.54368,6.41164]},"faces":{"south":{"uv":[4.1,0.1,4.9,0.9],"texture":"#o0"},"east":{"uv":[4.1,0.1,4.9,0.9],"rotation":90,"texture":"#o0"}}},{"from":[15.43205,7.32428,7.4602],"to":[18.43205,7.56297,7.5602],"rotation":{"angle":-45.0,"axis":"x","origin":[16.93205,7.44362,8.0602]},"faces":{"north":{"uv":[4.1,0.1,4.9,0.9],"texture":"#o0"},"south":{"uv":[4.1,0.1,4.9,0.9],"texture":"#o0"},"east":{"uv":[4.0,0.0,5.0,1.0],"texture":"#o0"}}},{"from":[15.43205,7.32428,7.4602],"to":[18.43205,7.56297,7.5602],"rotation":{"angle":-22.5,"axis":"x","origin":[16.93205,7.44362,8.0602]},"faces":{"north":{"uv":[4.1,0.1,4.9,0.9],"texture":"#o0"},"south":{"uv":[4.1,0.1,4.9,0.9],"texture":"#o0"},"east":{"uv":[4.0,0.0,5.0,1.0],"texture":"#o0"}}},{"from":[15.43205,7.32428,7.4602],"to":[18.43205,7.56297,7.5602],"rotation":{"angle":0.0,"axis":"y","origin":[-6.0,0.0,0.0]},"faces":{"north":{"uv":[4.1,0.1,4.9,0.9],"texture":"#o0"},"south":{"uv":[4.1,0.1,4.9,0.9],"texture":"#o0"},"east":{"uv":[4.0,0.0,5.0,1.0],"texture":"#o0"}}},{"from":[15.43205,7.32428,7.4602],"to":[18.43205,7.56297,7.5602],"rotation":{"angle":22.5,"axis":"x","origin":[16.93205,7.44362,8.0602]},"faces":{"north":{"uv":[4.1,0.1,4.9,0.9],"texture":"#o0"},"south":{"uv":[4.1,0.1,4.9,0.9],"texture":"#o0"},"east":{"uv":[4.0,0.0,5.0,1.0],"texture":"#o0"}}},{"from":[15.43205,7.32428,7.4602],"to":[18.43205,7.56297,7.5602],"rotation":{"angle":45.0,"axis":"x","origin":[16.93205,7.44362,8.0602]},"faces":{"north":{"uv":[4.1,0.1,4.9,0.9],"texture":"#o0"},"south":{"uv":[4.1,0.1,4.9,0.9],"texture":"#o0"},"east":{"uv":[4.0,0.0,5.0,1.0],"texture":"#o0"}}},{"from":[15.43205,7.32428,8.5602],"to":[18.43205,7.56297,8.6602],"rotation":{"angle":-45.0,"axis":"x","origin":[16.93205,7.44362,8.0602]},"faces":{"north":{"uv":[4.1,0.1,4.9,0.9],"texture":"#o0"},"south":{"uv":[4.1,0.1,4.9,0.9],"texture":"#o0"},"east":{"uv":[4.0,0.0,5.0,1.0],"texture":"#o0"}}},{"from":[15.43205,7.32428,8.5602],"to":[18.43205,7.56297,8.6602],"rotation":{"angle":-22.5,"axis":"x","origin":[16.93205,7.44362,8.0602]},"faces":{"north":{"uv":[4.1,0.1,4.9,0.9],"texture":"#o0"},"south":{"uv":[4.1,0.1,4.9,0.9],"texture":"#o0"},"east":{"uv":[4.0,0.0,5.0,1.0],"texture":"#o0"}}},{"from":[15.43205,7.32428,8.5602],"to":[18.43205,7.56297,8.6602],"rotation":{"angle":0.0,"axis":"y","origin":[-6.0,0.0,0.0]},"faces":{"north":{"uv":[4.1,0.1,4.9,0.9],"texture":"#o0"},"south":{"uv":[4.1,0.1,4.9,0.9],"texture":"#o0"},"east":{"uv":[4.0,0.0,5.0,1.0],"texture":"#o0"}}},{"from":[15.43205,7.32428,8.5602],"to":[18.43205,7.56297,8.6602],"rotation":{"angle":22.5,"axis":"x","origin":[16.93205,7.44362,8.0602]},"faces":{"north":{"uv":[4.1,0.1,4.9,0.9],"texture":"#o0"},"south":{"uv":[4.1,0.1,4.9,0.9],"texture":"#o0"},"east":{"uv":[4.0,0.0,5.0,1.0],"texture":"#o0"}}},{"from":[15.43205,7.32428,8.5602],"to":[18.43205,7.56297,8.6602],"rotation":{"angle":45.0,"axis":"x","origin":[16.93205,7.44362,8.0602]},"faces":{"north":{"uv":[4.1,0.1,4.9,0.9],"texture":"#o0"},"south":{"uv":[4.1,0.1,4.9,0.9],"texture":"#o0"},"east":{"uv":[4.0,0.0,5.0,1.0],"texture":"#o0"}}},{"from":[13.43205,6.84363,7.94085],"to":[18.43205,6.94362,8.17955],"rotation":{"angle":-22.5,"axis":"x","origin":[16.93205,7.44362,8.0602]},"faces":{"east":{"uv":[4.0,0.0,5.0,1.0],"texture":"#o0"},"up":{"uv":[4.1,0.1,4.9,0.9],"texture":"#o0"},"down":{"uv":[4.1,0.1,4.9,0.9],"texture":"#o0"}}},{"from":[15.43205,6.84363,7.94085],"to":[18.43205,6.94362,8.17955],"rotation":{"angle":0.0,"axis":"y","origin":[-6.0,0.0,0.0]},"faces":{"east":{"uv":[4.0,0.0,5.0,1.0],"texture":"#o0"},"up":{"uv":[4.1,0.1,4.9,0.9],"texture":"#o0"},"down":{"uv":[4.1,0.1,4.9,0.9],"texture":"#o0"}}},{"from":[15.43205,6.84363,7.94085],"to":[18.43205,6.94362,8.17955],"rotation":{"angle":22.5,"axis":"x","origin":[16.93205,7.44362,8.0602]},"faces":{"east":{"uv":[4.0,0.0,5.0,1.0],"texture":"#o0"},"up":{"uv":[4.1,0.1,4.9,0.9],"texture":"#o0"},"down":{"uv":[4.1,0.1,4.9,0.9],"texture":"#o0"}}},{"from":[15.43205,7.94362,7.94085],"to":[18.43205,8.04363,8.17955],"rotation":{"angle":-22.5,"axis":"x","origin":[16.93205,7.44362,8.0602]},"faces":{"east":{"uv":[4.0,0.0,5.0,1.0],"texture":"#o0"},"up":{"uv":[4.1,0.1,4.9,0.9],"texture":"#o0"},"down":{"uv":[4.1,0.1,4.9,0.9],"texture":"#o0"}}},{"from":[15.43205,7.94362,7.94085],"to":[18.43205,8.04363,8.17955],"rotation":{"angle":0.0,"axis":"y","origin":[-6.0,0.0,0.0]},"faces":{"east":{"uv":[4.0,0.0,5.0,1.0],"texture":"#o0"},"up":{"uv":[4.1,0.1,4.9,0.9],"texture":"#o0"},"down":{"uv":[4.1,0.1,4.9,0.9],"texture":"#o0"}}},{"from":[15.43205,7.94362,7.94085],"to":[18.43205,8.04363,8.17955],"rotation":{"angle":22.5,"axis":"x","origin":[16.93205,7.44362,8.0602]},"faces":{"east":{"uv":[4.0,0.0,5.0,1.0],"texture":"#o0"},"up":{"uv":[4.1,0.1,4.9,0.9],"texture":"#o0"},"down":{"uv":[4.1,0.1,4.9,0.9],"texture":"#o0"}}},{"from":[15.43205,8.69132,8.34318],"to":[15.53205,8.79132,8.64318],"rotation":{"angle":0.0,"axis":"y","origin":[-6.0,0.0,0.0]},"faces":{"north":{"uv":[4.1,0.1,4.9,0.9],"texture":"#o0"},"south":{"uv":[4.1,0.1,4.9,0.9],"texture":"#o0"},"east":{"uv":[4.1,0.1,4.9,0.9],"texture":"#o0"},"down":{"uv":[4.1,0.1,4.9,0.9],"texture":"#o0"}}},{"from":[15.43205,8.79132,7.44318],"to":[15.53205,9.89132,8.64318],"rotation":{"angle":0.0,"axis":"y","origin":[-6.0,0.0,0.0]},"faces":{"north":{"uv":[4.1,0.1,4.9,0.9],"texture":"#o0"},"south":{"uv":[4.1,0.1,4.9,0.9],"texture":"#o0"},"east":{"uv":[4.1,0.1,4.9,0.9],"texture":"#o0"},"up":{"uv":[4.1,0.1,4.9,0.9],"texture":"#o0"},"down":{"uv":[4.1,0.1,4.9,0.9],"texture":"#o0"}}},{"from":[15.43205,8.69132,7.44318],"to":[15.53205,8.79132,7.74318],"rotation":{"angle":0.0,"axis":"y","origin":[-6.0,0.0,0.0]},"faces":{"north":{"uv":[4.1,0.1,4.9,0.9],"texture":"#o0"},"south":{"uv":[4.1,0.1,4.9,0.9],"texture":"#o0"},"east":{"uv":[4.1,0.1,4.9,0.9],"texture":"#o0"},"down":{"uv":[4.1,0.1,4.9,0.9],"texture":"#o0"}}},{"from":[15.53205,8.79132,7.54318],"to":[15.63205,9.79132,8.54318],"rotation":{"angle":0.0,"axis":"y","origin":[-6.0,0.0,0.0]},"faces":{"north":{"uv":[4.1,0.1,4.9,0.9],"texture":"#o0"},"south":{"uv":[4.1,0.1,4.9,0.9],"texture":"#o0"},"east":{"uv":[4.1,0.1,4.9,0.9],"texture":"#o0"},"up":{"uv":[4.1,0.1,4.9,0.9],"texture":"#o0"},"down":{"uv":[4.1,0.1,4.9,0.9],"texture":"#o0"}}},{"from":[14.47719,7.80966,7.1018],"to":[14.75566,9.20966,9.0018],"rotation":{"angle":-45.0,"axis":"z","origin":[14.61643,8.50966,8.9518]},"faces":{"north":{"uv":[4.1,0.1,4.9,0.9],"texture":"#o0"},"south":{"uv":[4.1,0.1,4.9,0.9],"texture":"#o0"},"up":{"uv":[4.1,0.1,4.9,0.9],"texture":"#o0"},"down":{"uv":[4.1,0.1,4.9,0.9],"texture":"#o0"}}},{"from":[14.47719,7.80966,7.1018],"to":[14.75566,9.20966,9.0018],"rotation":{"angle":-22.5,"axis":"z","origin":[14.61643,8.50966,8.9518]},"faces":{"north":{"uv":[4.1,0.1,4.9,0.9],"texture":"#o0"},"south":{"uv":[4.1,0.1,4.9,0.9],"texture":"#o0"},"up":{"uv":[4.1,0.1,4.9,0.9],"texture":"#o0"},"down":{"uv":[4.1,0.1,4.9,0.9],"texture":"#o0"}}},{"from":[14.47719,7.80966,7.1018],"to":[14.75566,9.20966,9.0018],"rotation":{"angle":0.0,"axis":"y","origin":[-6.0,0.0,0.0]},"faces":{"north":{"uv":[4.1,0.1,4.9,0.9],"texture":"#o0"},"south":{"uv":[4.1,0.1,4.9,0.9],"texture":"#o0"},"up":{"uv":[4.1,0.1,4.9,0.9],"texture":"#o0"},"down":{"uv":[4.1,0.1,4.9,0.9],"texture":"#o0"}}},{"from":[14.47719,7.80966,7.1018],"to":[14.75566,9.20966,9.0018],"rotation":{"angle":22.5,"axis":"z","origin":[14.61643,8.50966,8.9518]},"faces":{"north":{"uv":[4.1,0.1,4.9,0.9],"texture":"#o0"},"south":{"uv":[4.1,0.1,4.9,0.9],"texture":"#o0"},"up":{"uv":[4.1,0.1,4.9,0.9],"texture":"#o0"},"down":{"uv":[4.1,0.1,4.9,0.9],"texture":"#o0"}}},{"from":[14.47719,7.80966,7.1018],"to":[14.75566,9.20966,9.0018],"rotation":{"angle":45.0,"axis":"z","origin":[14.61643,8.50966,8.9518]},"faces":{"north":{"uv":[4.1,0.1,4.9,0.9],"texture":"#o0"},"south":{"uv":[4.1,0.1,4.9,0.9],"texture":"#o0"},"up":{"uv":[4.1,0.1,4.9,0.9],"texture":"#o0"},"down":{"uv":[4.1,0.1,4.9,0.9],"texture":"#o0"}}},{"from":[13.91643,8.37042,7.1018],"to":[15.31643,8.6489,9.0018],"rotation":{"angle":-22.5,"axis":"z","origin":[14.61643,8.50966,8.9518]},"faces":{"north":{"uv":[4.1,0.1,4.9,0.9],"texture":"#o0"},"south":{"uv":[4.1,0.1,4.9,0.9],"texture":"#o0"},"east":{"uv":[4.1,0.1,4.9,0.9],"texture":"#o0"},"west":{"uv":[4.1,0.1,4.9,0.9],"texture":"#o0"}}},{"from":[13.91643,8.37042,7.1018],"to":[15.31643,8.6489,9.0018],"rotation":{"angle":0.0,"axis":"y","origin":[-6.0,0.0,0.0]},"faces":{"north":{"uv":[4.1,0.1,4.9,0.9],"texture":"#o0"},"south":{"uv":[4.1,0.1,4.9,0.9],"texture":"#o0"},"east":{"uv":[4.1,0.1,4.9,0.9],"texture":"#o0"},"west":{"uv":[4.1,0.1,4.9,0.9],"texture":"#o0"}}},{"from":[13.91643,8.37042,7.1018],"to":[15.31643,8.6489,9.0018],"rotation":{"angle":22.5,"axis":"z","origin":[14.61643,8.50966,8.9518]},"faces":{"north":{"uv":[4.1,0.1,4.9,0.9],"texture":"#o0"},"south":{"uv":[4.1,0.1,4.9,0.9],"texture":"#o0"},"east":{"uv":[4.1,0.1,4.9,0.9],"texture":"#o0"},"west":{"uv":[4.1,0.1,4.9,0.9],"texture":"#o0"}}},{"from":[-2.09013,6.5644,7.24048],"to":[-2.03701,6.83148,8.7768],"rotation":{"angle":0.0,"axis":"y","origin":[-6.0,0.0,0.0]},"faces":{"north":{"uv":[4.1,0.1,4.9,0.9],"texture":"#o0"},"east":{"uv":[0.1,0.1,14.9,0.5],"rotation":270,"texture":"#o0"},"west":{"uv":[0.1,0.1,14.9,0.5],"rotation":270,"texture":"#o0"},"up":{"uv":[5.1,0.1,5.9,0.9],"texture":"#o0"},"down":{"uv":[4.1,0.1,4.9,0.9],"texture":"#o0"}}},{"from":[-2.04321,6.57373,7.24048],"to":[-1.99009,6.84081,8.7768],"rotation":{"angle":22.5,"axis":"z","origin":[-2.01665,6.58467,8.0477]},"faces":{"north":{"uv":[4.1,0.1,4.9,0.9],"texture":"#o0"},"east":{"uv":[0.1,0.1,14.9,0.5],"rotation":270,"texture":"#o0"},"west":{"uv":[0.1,0.1,14.9,0.5],"rotation":90,"texture":"#o0"},"up":{"uv":[5.1,0.1,5.9,0.9],"texture":"#o0"},"down":{"uv":[4.1,0.1,4.9,0.9],"texture":"#o0"}}},{"from":[-2.23302,6.58468,7.24048],"to":[-1.96594,6.63781,8.7768],"rotation":{"angle":-45.0,"axis":"z","origin":[-1.97688,6.61125,8.0477]},"faces":{"north":{"uv":[4.1,0.1,4.9,0.9],"texture":"#o0"},"east":{"uv":[4.1,0.1,4.9,0.9],"texture":"#o0"},"west":{"uv":[4.1,0.1,4.9,0.9],"texture":"#o0"}}},{"from":[-2.20644,6.62446,7.24048],"to":[-1.93936,6.67758,8.7768],"rotation":{"angle":-22.5,"axis":"z","origin":[-1.9503,6.65102,8.0477]},"faces":{"north":{"uv":[4.1,0.1,4.9,0.9],"texture":"#o0"},"east":{"uv":[4.1,0.1,4.9,0.9],"texture":"#o0"},"west":{"uv":[4.1,0.1,4.9,0.9],"texture":"#o0"}}},{"from":[-2.19711,6.67138,7.24048],"to":[-1.93003,6.7245,8.7768],"rotation":{"angle":0.0,"axis":"y","origin":[-6.0,0.0,0.0]},"faces":{"north":{"uv":[4.1,0.1,4.9,0.9],"texture":"#o0"},"east":{"uv":[4.1,0.1,4.9,0.9],"texture":"#o0"},"west":{"uv":[4.1,0.1,4.9,0.9],"texture":"#o0"}}},{"from":[-2.20644,6.71829,7.24048],"to":[-1.93936,6.77142,8.7768],"rotation":{"angle":22.5,"axis":"z","origin":[-1.9503,6.74486,8.0477]},"faces":{"north":{"uv":[4.1,0.1,4.9,0.9],"texture":"#o0"},"east":{"uv":[4.1,0.1,4.9,0.9],"texture":"#o0"},"west":{"uv":[4.1,0.1,4.9,0.9],"texture":"#o0"}}},{"from":[-2.00344,6.52849,7.24048],"to":[-1.95031,6.79557,8.7768],"rotation":{"angle":-45.0,"axis":"z","origin":[-1.97688,6.78463,8.0477]},"faces":{"north":{"uv":[4.1,0.1,4.9,0.9],"texture":"#o0"},"east":{"uv":[0.1,0.1,14.9,0.5],"rotation":270,"texture":"#o0"},"west":{"uv":[0.1,0.1,14.9,0.5],"rotation":270,"texture":"#o0"},"up":{"uv":[5.1,0.1,5.9,0.9],"texture":"#o0"},"down":{"uv":[4.1,0.1,4.9,0.9],"texture":"#o0"}}},{"from":[-2.04321,6.55507,7.24048],"to":[-1.99009,6.82215,8.7768],"rotation":{"angle":-22.5,"axis":"z","origin":[-2.01665,6.81121,8.0477]},"faces":{"north":{"uv":[4.1,0.1,4.9,0.9],"texture":"#o0"},"east":{"uv":[0.1,0.1,14.9,0.5],"rotation":270,"texture":"#o0"},"west":{"uv":[0.1,0.1,14.9,0.5],"rotation":270,"texture":"#o0"},"up":{"uv":[5.1,0.1,5.9,0.9],"texture":"#o0"},"down":{"uv":[4.1,0.1,4.9,0.9],"texture":"#o0"}}},{"from":[-2.09013,6.4644,7.20298],"to":[-2.03701,6.73148,7.3018],"rotation":{"angle":-45.0,"axis":"z","origin":[-2.06357,6.69794,7.22114]},"faces":{"north":{"uv":[4.1,0.1,4.9,0.9],"texture":"#o0"},"east":{"uv":[4.1,0.1,4.9,0.9],"texture":"#o0"},"west":{"uv":[4.1,0.1,4.9,0.9],"texture":"#o0"},"up":{"uv":[4.1,0.1,4.9,0.9],"texture":"#o0"},"down":{"uv":[4.1,0.1,4.9,0.9],"texture":"#o0"}}},{"from":[-2.24665,6.58112,7.20083],"to":[-2.22675,6.68113,7.3477],"rotation":{"angle":-45.0,"axis":"z","origin":[-2.2367,6.63112,7.2977]},"faces":{"north":{"uv":[4.1,0.1,4.9,0.9],"texture":"#o0"},"up":{"uv":[4.1,0.1,4.9,0.9],"texture":"#o0"},"down":{"uv":[4.1,0.1,4.9,0.9],"texture":"#o0"}}},{"from":[-2.24665,6.58112,7.20083],"to":[-2.22675,6.68113,7.3477],"rotation":{"angle":-22.5,"axis":"z","origin":[-2.2367,6.63112,7.2977]},"faces":{"north":{"uv":[4.1,0.1,4.9,0.9],"texture":"#o0"},"up":{"uv":[4.1,0.1,4.9,0.9],"texture":"#o0"},"down":{"uv":[4.1,0.1,4.9,0.9],"texture":"#o0"}}},{"from":[-2.24665,6.58112,7.20083],"to":[-2.22675,6.68113,7.3477],"rotation":{"angle":0.0,"axis":"y","origin":[-6.0,0.0,0.0]},"faces":{"north":{"uv":[4.1,0.1,4.9,0.9],"texture":"#o0"},"up":{"uv":[4.1,0.1,4.9,0.9],"texture":"#o0"},"down":{"uv":[4.1,0.1,4.9,0.9],"texture":"#o0"}}},{"from":[-2.24665,6.58112,7.20083],"to":[-2.22675,6.68113,7.3477],"rotation":{"angle":22.5,"axis":"z","origin":[-2.2367,6.63112,7.2977]},"faces":{"north":{"uv":[4.1,0.1,4.9,0.9],"texture":"#o0"},"up":{"uv":[4.1,0.1,4.9,0.9],"texture":"#o0"},"down":{"uv":[4.1,0.1,4.9,0.9],"texture":"#o0"}}},{"from":[-2.24665,6.58112,7.20083],"to":[-2.22675,6.68113,7.3477],"rotation":{"angle":45.0,"axis":"z","origin":[-2.2367,6.63112,7.2977]},"faces":{"north":{"uv":[4.1,0.1,4.9,0.9],"texture":"#o0"},"up":{"uv":[4.1,0.1,4.9,0.9],"texture":"#o0"},"down":{"uv":[4.1,0.1,4.9,0.9],"texture":"#o0"}}},{"from":[-2.2867,6.62118,7.20083],"to":[-2.1867,6.64107,7.3477],"rotation":{"angle":-22.5,"axis":"z","origin":[-2.2367,6.63112,7.2977]},"faces":{"north":{"uv":[4.1,0.1,4.9,0.9],"texture":"#o0"},"east":{"uv":[4.1,0.1,4.9,0.9],"texture":"#o0"},"west":{"uv":[4.1,0.1,4.9,0.9],"texture":"#o0"}}},{"from":[-2.2867,6.62118,7.20083],"to":[-2.1867,6.64107,7.3477],"rotation":{"angle":0.0,"axis":"y","origin":[-6.0,0.0,0.0]},"faces":{"north":{"uv":[4.1,0.1,4.9,0.9],"texture":"#o0"},"east":{"uv":[4.1,0.1,4.9,0.9],"texture":"#o0"},"west":{"uv":[4.1,0.1,4.9,0.9],"texture":"#o0"}}},{"from":[-2.2867,6.62118,7.20083],"to":[-2.1867,6.64107,7.3477],"rotation":{"angle":22.5,"axis":"z","origin":[-2.2367,6.63112,7.2977]},"faces":{"north":{"uv":[4.1,0.1,4.9,0.9],"texture":"#o0"},"east":{"uv":[4.1,0.1,4.9,0.9],"texture":"#o0"},"west":{"uv":[4.1,0.1,4.9,0.9],"texture":"#o0"}}},{"from":[-1.9029,6.58112,7.20083],"to":[-1.883,6.68113,7.3477],"rotation":{"angle":-45.0,"axis":"z","origin":[-1.89295,6.63112,7.2977]},"faces":{"north":{"uv":[4.1,0.1,4.9,0.9],"texture":"#o0"},"up":{"uv":[4.1,0.1,4.9,0.9],"texture":"#o0"},"down":{"uv":[4.1,0.1,4.9,0.9],"texture":"#o0"}}},{"from":[-1.9029,6.58112,7.20083],"to":[-1.883,6.68113,7.3477],"rotation":{"angle":-22.5,"axis":"z","origin":[-1.89295,6.63112,7.2977]},"faces":{"north":{"uv":[4.1,0.1,4.9,0.9],"texture":"#o0"},"up":{"uv":[4.1,0.1,4.9,0.9],"texture":"#o0"},"down":{"uv":[4.1,0.1,4.9,0.9],"texture":"#o0"}}},{"from":[-1.9029,6.58112,7.20083],"to":[-1.883,6.68113,7.3477],"rotation":{"angle":0.0,"axis":"y","origin":[-6.0,0.0,0.0]},"faces":{"north":{"uv":[4.1,0.1,4.9,0.9],"texture":"#o0"},"up":{"uv":[4.1,0.1,4.9,0.9],"texture":"#o0"},"down":{"uv":[4.1,0.1,4.9,0.9],"texture":"#o0"}}},{"from":[-1.9029,6.58112,7.20083],"to":[-1.883,6.68113,7.3477],"rotation":{"angle":22.5,"axis":"z","origin":[-1.89295,6.63112,7.2977]},"faces":{"north":{"uv":[4.1,0.1,4.9,0.9],"texture":"#o0"},"up":{"uv":[4.1,0.1,4.9,0.9],"texture":"#o0"},"down":{"uv":[4.1,0.1,4.9,0.9],"texture":"#o0"}}},{"from":[-1.9029,6.58112,7.20083],"to":[-1.883,6.68113,7.3477],"rotation":{"angle":45.0,"axis":"z","origin":[-1.89295,6.63112,7.2977]},"faces":{"north":{"uv":[4.1,0.1,4.9,0.9],"texture":"#o0"},"up":{"uv":[4.1,0.1,4.9,0.9],"texture":"#o0"},"down":{"uv":[4.1,0.1,4.9,0.9],"texture":"#o0"}}},{"from":[-1.94295,6.62118,7.20083],"to":[-1.84295,6.64107,7.3477],"rotation":{"angle":-22.5,"axis":"z","origin":[-1.89295,6.63112,7.2977]},"faces":{"north":{"uv":[4.1,0.1,4.9,0.9],"texture":"#o0"},"east":{"uv":[4.1,0.1,4.9,0.9],"texture":"#o0"},"west":{"uv":[4.1,0.1,4.9,0.9],"texture":"#o0"}}},{"from":[-1.94295,6.62118,7.20083],"to":[-1.84295,6.64107,7.3477],"rotation":{"angle":0.0,"axis":"y","origin":[-6.0,0.0,0.0]},"faces":{"north":{"uv":[4.1,0.1,4.9,0.9],"texture":"#o0"},"east":{"uv":[4.1,0.1,4.9,0.9],"texture":"#o0"},"west":{"uv":[4.1,0.1,4.9,0.9],"texture":"#o0"}}},{"from":[-1.94295,6.62118,7.20083],"to":[-1.84295,6.64107,7.3477],"rotation":{"angle":22.5,"axis":"z","origin":[-1.89295,6.63112,7.2977]},"faces":{"north":{"uv":[4.1,0.1,4.9,0.9],"texture":"#o0"},"east":{"uv":[4.1,0.1,4.9,0.9],"texture":"#o0"},"west":{"uv":[4.1,0.1,4.9,0.9],"texture":"#o0"}}},{"from":[0.28457,10.86658,7.9977],"to":[0.33769,11.06033,8.0977],"rotation":{"angle":-22.5,"axis":"z","origin":[0.39573,10.77637,8.0477]},"faces":{"north":{"uv":[4.1,0.1,4.9,0.9],"texture":"#o0"},"south":{"uv":[4.1,0.1,4.9,0.9],"texture":"#o0"},"east":{"uv":[4.1,0.1,4.9,0.9],"texture":"#o0"},"up":{"uv":[4.1,0.1,4.9,0.9],"texture":"#o0"}}},{"from":[0.21193,10.67725,7.9977],"to":[0.38068,10.996,8.0977],"rotation":{"angle":0.0,"axis":"y","origin":[-11.0,0.0,0.0]},"faces":{"north":{"uv":[4.1,0.1,4.9,0.9],"texture":"#o0"},"south":{"uv":[4.1,0.1,4.9,0.9],"texture":"#o0"},"east":{"uv":[4.1,0.1,4.9,0.9],"texture":"#o0"}}},{"from":[0.37852,10.54601,7.9977],"to":[0.43165,10.73976,8.0977],"rotation":{"angle":22.5,"axis":"z","origin":[0.43161,10.59601,8.0477]},"faces":{"north":{"uv":[4.1,0.1,4.9,0.9],"texture":"#o0"},"south":{"uv":[4.1,0.1,4.9,0.9],"texture":"#o0"},"east":{"uv":[4.1,0.1,4.9,0.9],"texture":"#o0"}}},{"from":[0.43003,10.34592,7.9977],"to":[0.62378,10.51466,8.0977],"rotation":{"angle":-45.0,"axis":"z","origin":[0.4979,10.52972,8.0477]},"faces":{"north":{"uv":[4.1,0.1,4.9,0.9],"texture":"#o0"},"south":{"uv":[4.1,0.1,4.9,0.9],"texture":"#o0"},"up":{"uv":[4.1,0.1,4.9,0.9],"texture":"#o0"}}},{"from":[0.54972,10.32018,7.9977],"to":[0.82159,10.4358,8.0977],"rotation":{"angle":-22.5,"axis":"z","origin":[0.58451,10.49384,8.0477]},"faces":{"north":{"uv":[4.1,0.1,4.9,0.9],"texture":"#o0"},"south":{"uv":[4.1,0.1,4.9,0.9],"texture":"#o0"},"up":{"uv":[4.1,0.1,4.9,0.9],"texture":"#o0"}}},{"from":[-0.16795,10.253,7.8977],"to":[0.8258,10.353,8.1977],"rotation":{"angle":0.0,"axis":"y","origin":[-11.0,0.0,0.0]},"faces":{"north":{"uv":[4.1,0.1,4.9,0.9],"texture":"#o0"},"south":{"uv":[4.1,0.1,4.9,0.9],"texture":"#o0"},"east":{"uv":[4.1,0.1,4.9,0.9],"texture":"#o0"},"west":{"uv":[4.1,0.1,4.9,0.9],"texture":"#o0"},"up":{"uv":[4.1,0.1,4.9,0.9],"texture":"#o0"}}},{"from":[-0.07896,10.34628,7.9977],"to":[0.4273,10.6006,8.0977],"rotation":{"angle":0.0,"axis":"y","origin":[-11.0,0.0,0.0]},"faces":{"north":{"uv":[4.1,0.1,4.9,0.9],"texture":"#o0"},"south":{"uv":[4.1,0.1,4.9,0.9],"texture":"#o0"},"west":{"uv":[4.1,0.1,4.9,0.9],"texture":"#o0"}}},{"from":[-0.07896,10.3619,7.9977],"to":[0.33667,10.6006,8.0977],"rotation":{"angle":-22.5,"axis":"z","origin":[0.52104,10.48125,8.0477]},"faces":{"north":{"uv":[4.1,0.1,4.9,0.9],"texture":"#o0"},"south":{"uv":[4.1,0.1,4.9,0.9],"texture":"#o0"},"west":{"uv":[4.1,0.1,4.9,0.9],"texture":"#o0"}}},{"from":[0.4017,10.88126,7.9977],"to":[0.64039,11.08125,8.0977],"rotation":{"angle":45.0,"axis":"z","origin":[0.52104,10.48125,8.0477]},"faces":{"north":{"uv":[4.1,0.1,4.9,0.9],"texture":"#o0"},"south":{"uv":[4.1,0.1,4.9,0.9],"texture":"#o0"},"up":{"uv":[4.1,0.1,4.9,0.9],"texture":"#o0"}}},{"from":[0.4017,11.01251,7.9977],"to":[0.64039,11.08125,8.0977],"rotation":{"angle":22.5,"axis":"z","origin":[0.52104,10.48125,8.0477]},"faces":{"north":{"uv":[4.1,0.1,4.9,0.9],"texture":"#o0"},"south":{"uv":[4.1,0.1,4.9,0.9],"texture":"#o0"},"up":{"uv":[4.1,0.1,4.9,0.9],"texture":"#o0"}}},{"from":[-7.36795,9.453,7.7977],"to":[1.33205,10.253,8.2977],"rotation":{"angle":0.0,"axis":"y","origin":[-11.0,0.0,0.0]},"faces":{"up":{"uv":[4.1,0.1,4.9,0.9],"texture":"#o0"}}},{"from":[-4.66795,7.7489,8.7018],"to":[-1.66795,8.6489,8.8018],"rotation":{"angle":0.0,"axis":"y","origin":[-11.0,0.0,0.0]},"faces":{"north":{"uv":[4.1,0.1,4.9,0.9],"texture":"#o0"},"south":{"uv":[4.1,0.1,4.9,0.9],"texture":"#o0"}}},{"from":[12.03205,7.7489,7.1018],"to":[12.19118,8.2489,9.0018],"rotation":{"angle":0.0,"axis":"y","origin":[-6.0,0.0,0.0]},"faces":{"north":{"uv":[8.1,0.1,8.9,0.9],"texture":"#o0"},"south":{"uv":[8.1,0.1,8.9,0.9],"texture":"#o0"},"down":{"uv":[8.1,0.1,8.9,0.9],"texture":"#o0"}}},{"from":[12.03205,7.7489,7.1018],"to":[12.19118,8.2489,9.0018],"rotation":{"angle":22.5,"axis":"z","origin":[12.11161,8.1489,8.9518]},"faces":{"north":{"uv":[8.1,0.1,8.9,0.9],"texture":"#o0"},"south":{"uv":[8.1,0.1,8.9,0.9],"texture":"#o0"},"down":{"uv":[8.1,0.1,8.9,0.9],"texture":"#o0"}}},{"from":[12.03205,7.7489,7.1018],"to":[12.19118,8.2489,9.0018],"rotation":{"angle":45.0,"axis":"z","origin":[12.11161,8.1489,8.9518]},"faces":{"north":{"uv":[8.1,0.1,8.9,0.9],"texture":"#o0"},"south":{"uv":[8.1,0.1,8.9,0.9],"texture":"#o0"},"down":{"uv":[8.1,0.1,8.9,0.9],"texture":"#o0"}}},{"from":[12.01161,8.06934,7.1018],"to":[12.51161,8.22846,9.0018],"rotation":{"angle":-22.5,"axis":"z","origin":[12.11161,8.1489,8.9518]},"faces":{"north":{"uv":[8.1,0.1,8.9,0.9],"texture":"#o0"},"south":{"uv":[8.1,0.1,8.9,0.9],"texture":"#o0"},"east":{"uv":[8.1,0.1,8.9,0.9],"texture":"#o0"}}},{"from":[12.01161,8.06934,7.1018],"to":[12.51161,8.22846,9.0018],"rotation":{"angle":0.0,"axis":"y","origin":[-6.0,0.0,0.0]},"faces":{"north":{"uv":[8.1,0.1,8.9,0.9],"texture":"#o0"},"south":{"uv":[8.1,0.1,8.9,0.9],"texture":"#o0"},"east":{"uv":[8.1,0.1,8.9,0.9],"texture":"#o0"}}},{"from":[12.03205,8.7489,7.1018],"to":[12.19118,9.2489,9.0018],"rotation":{"angle":-45.0,"axis":"z","origin":[12.11161,8.8489,8.9518]},"faces":{"north":{"uv":[8.1,0.1,8.9,0.9],"texture":"#o0"},"south":{"uv":[8.1,0.1,8.9,0.9],"texture":"#o0"},"up":{"uv":[8.1,0.1,8.9,0.9],"texture":"#o0"}}},{"from":[6.33205,7.7489,7.1018],"to":[12.03205,9.2489,9.0018],"rotation":{"angle":0.0,"axis":"y","origin":[-6.0,0.0,0.0]},"faces":{"north":{"uv":[8.1,0.1,8.9,0.9],"texture":"#o0"},"south":{"uv":[8.1,0.1,8.9,0.9],"texture":"#o0"},"up":{"uv":[8.1,0.1,8.9,0.9],"texture":"#o0"},"down":{"uv":[8.1,0.1,8.9,0.9],"texture":"#o0"}}},{"from":[5.85249,8.76934,7.1018],"to":[6.35249,8.92846,9.0018],"rotation":{"angle":-22.5,"axis":"z","origin":[6.25249,8.8489,8.9518]},"faces":{"north":{"uv":[8.1,0.1,8.9,0.9],"texture":"#o0"},"south":{"uv":[8.1,0.1,8.9,0.9],"texture":"#o0"},"west":{"uv":[8.1,0.1,8.9,0.9],"texture":"#o0"}}},{"from":[5.85249,8.76934,7.1018],"to":[6.35249,8.92846,9.0018],"rotation":{"angle":0.0,"axis":"y","origin":[-6.0,0.0,0.0]},"faces":{"north":{"uv":[8.1,0.1,8.9,0.9],"texture":"#o0"},"south":{"uv":[8.1,0.1,8.9,0.9],"texture":"#o0"},"west":{"uv":[8.1,0.1,8.9,0.9],"texture":"#o0"}}},{"from":[6.17292,8.7489,7.1018],"to":[6.33205,9.2489,9.0018],"rotation":{"angle":45.0,"axis":"z","origin":[6.25249,8.8489,8.9518]},"faces":{"north":{"uv":[8.1,0.1,8.9,0.9],"texture":"#o0"},"south":{"uv":[8.1,0.1,8.9,0.9],"texture":"#o0"},"up":{"uv":[8.1,0.1,8.9,0.9],"texture":"#o0"}}},{"from":[6.17292,8.7489,7.1018],"to":[6.33205,9.2489,9.0018],"rotation":{"angle":22.5,"axis":"z","origin":[6.25249,8.8489,8.9518]},"faces":{"north":{"uv":[8.1,0.1,8.9,0.9],"texture":"#o0"},"south":{"uv":[8.1,0.1,8.9,0.9],"texture":"#o0"},"up":{"uv":[8.1,0.1,8.9,0.9],"texture":"#o0"}}},{"from":[6.17292,8.7489,7.1018],"to":[6.33205,9.2489,9.0018],"rotation":{"angle":0.0,"axis":"y","origin":[-6.0,0.0,0.0]},"faces":{"north":{"uv":[8.1,0.1,8.9,0.9],"texture":"#o0"},"south":{"uv":[8.1,0.1,8.9,0.9],"texture":"#o0"},"up":{"uv":[8.1,0.1,8.9,0.9],"texture":"#o0"}}},{"from":[12.03205,8.7489,7.1018],"to":[12.19118,9.2489,9.0018],"rotation":{"angle":-22.5,"axis":"z","origin":[12.11161,8.8489,8.9518]},"faces":{"north":{"uv":[8.1,0.1,8.9,0.9],"texture":"#o0"},"south":{"uv":[8.1,0.1,8.9,0.9],"texture":"#o0"},"up":{"uv":[8.1,0.1,8.9,0.9],"texture":"#o0"}}},{"from":[12.03205,8.7489,7.1018],"to":[12.19118,9.2489,9.0018],"rotation":{"angle":0.0,"axis":"y","origin":[-6.0,0.0,0.0]},"faces":{"north":{"uv":[8.1,0.1,8.9,0.9],"texture":"#o0"},"south":{"uv":[8.1,0.1,8.9,0.9],"texture":"#o0"},"up":{"uv":[8.1,0.1,8.9,0.9],"texture":"#o0"}}},{"from":[5.85249,8.06934,7.1018],"to":[6.35249,8.22846,9.0018],"rotation":{"angle":22.5,"axis":"z","origin":[6.25249,8.1489,8.9518]},"faces":{"north":{"uv":[8.1,0.1,8.9,0.9],"texture":"#o0"},"south":{"uv":[8.1,0.1,8.9,0.9],"texture":"#o0"},"west":{"uv":[8.1,0.1,8.9,0.9],"texture":"#o0"}}},{"from":[5.85249,8.06934,7.1018],"to":[6.35249,8.22846,9.0018],"rotation":{"angle":0.0,"axis":"y","origin":[-6.0,0.0,0.0]},"faces":{"north":{"uv":[8.1,0.1,8.9,0.9],"texture":"#o0"},"south":{"uv":[8.1,0.1,8.9,0.9],"texture":"#o0"},"west":{"uv":[8.1,0.1,8.9,0.9],"texture":"#o0"}}},{"from":[6.17292,7.7489,7.1018],"to":[6.33205,8.2489,9.0018],"rotation":{"angle":-22.5,"axis":"z","origin":[6.25249,8.1489,8.9518]},"faces":{"north":{"uv":[8.1,0.1,8.9,0.9],"texture":"#o0"},"south":{"uv":[8.1,0.1,8.9,0.9],"texture":"#o0"},"down":{"uv":[8.1,0.1,8.9,0.9],"texture":"#o0"}}},{"from":[6.17292,7.7489,7.1018],"to":[6.33205,8.2489,9.0018],"rotation":{"angle":-45.0,"axis":"z","origin":[6.25249,8.1489,8.9518]},"faces":{"north":{"uv":[8.1,0.1,8.9,0.9],"texture":"#o0"},"south":{"uv":[8.1,0.1,8.9,0.9],"texture":"#o0"},"down":{"uv":[8.1,0.1,8.9,0.9],"texture":"#o0"}}},{"from":[6.17292,7.7489,7.1018],"to":[6.33205,8.2489,9.0018],"rotation":{"angle":0.0,"axis":"y","origin":[-6.0,0.0,0.0]},"faces":{"north":{"uv":[8.1,0.1,8.9,0.9],"texture":"#o0"},"south":{"uv":[8.1,0.1,8.9,0.9],"texture":"#o0"},"down":{"uv":[8.1,0.1,8.9,0.9],"texture":"#o0"}}},{"from":[12.01161,8.76934,7.1018],"to":[12.51161,8.92846,9.0018],"rotation":{"angle":0.0,"axis":"y","origin":[-6.0,0.0,0.0]},"faces":{"north":{"uv":[8.1,0.1,8.9,0.9],"texture":"#o0"},"south":{"uv":[8.1,0.1,8.9,0.9],"texture":"#o0"},"east":{"uv":[8.1,0.1,8.9,0.9],"texture":"#o0"}}},{"from":[12.01161,8.76934,7.1018],"to":[12.51161,8.92846,9.0018],"rotation":{"angle":22.5,"axis":"z","origin":[12.11161,8.8489,8.9518]},"faces":{"north":{"uv":[8.1,0.1,8.9,0.9],"texture":"#o0"},"south":{"uv":[8.1,0.1,8.9,0.9],"texture":"#o0"},"east":{"uv":[8.1,0.1,8.9,0.9],"texture":"#o0"}}},{"from":[12.03205,8.22846,7.1018],"to":[12.51161,8.76934,9.0018],"rotation":{"angle":0.0,"axis":"y","origin":[-6.0,0.0,0.0]},"faces":{"north":{"uv":[8.1,0.1,8.9,0.9],"texture":"#o0"},"south":{"uv":[8.1,0.1,8.9,0.9],"texture":"#o0"},"east":{"uv":[8.1,0.1,8.9,0.9],"texture":"#o0"}}},{"from":[5.85249,8.22846,7.1018],"to":[6.33205,8.76934,9.0018],"rotation":{"angle":0.0,"axis":"y","origin":[-6.0,0.0,0.0]},"faces":{"north":{"uv":[8.1,0.1,8.9,0.9],"texture":"#o0"},"south":{"uv":[8.1,0.1,8.9,0.9],"texture":"#o0"},"west":{"uv":[8.1,0.1,8.9,0.9],"texture":"#o0"}}},{"from":[3.33205,7.2489,8.4018],"to":[5.23205,8.0489,8.9018],"rotation":{"angle":0.0,"axis":"y","origin":[-6.0,0.0,0.0]},"faces":{"north":{"uv":[0.1,0.1,0.9,0.9],"texture":"#o0"},"south":{"uv":[0.1,0.1,0.9,0.9],"texture":"#o0"},"west":{"uv":[0.1,0.1,0.9,0.9],"texture":"#o0"},"up":{"uv":[0.1,0.1,0.9,0.9],"texture":"#o0"}}},{"from":[3.33205,8.4489,8.4018],"to":[5.23205,9.7489,8.9018],"rotation":{"angle":0.0,"axis":"y","origin":[-6.0,0.0,0.0]},"faces":{"south":{"uv":[0.1,0.1,0.9,0.9],"texture":"#o0"},"west":{"uv":[0.1,0.1,0.9,0.9],"texture":"#o0"},"down":{"uv":[0.1,0.1,0.9,0.9],"texture":"#o0"}}},{"from":[3.33205,8.0489,8.6018],"to":[3.93205,8.4489,8.9018],"rotation":{"angle":0.0,"axis":"y","origin":[-6.0,0.0,0.0]},"faces":{"south":{"uv":[0.1,0.1,0.9,0.9],"texture":"#o0"},"east":{"uv":[0.1,0.1,0.9,0.9],"texture":"#o0"},"west":{"uv":[0.1,0.1,0.9,0.9],"rotation":270,"texture":"#o0"}}},{"from":[3.93205,8.13327,8.5018],"to":[5.13205,8.3489,8.87055],"rotation":{"angle":0.0,"axis":"y","origin":[-6.0,0.0,0.0]},"faces":{"south":{"uv":[4.1,0.1,4.9,0.9],"texture":"#o0"},"east":{"uv":[4.1,0.1,4.9,0.9],"texture":"#o0"},"up":{"uv":[4.1,0.1,4.9,0.9],"texture":"#o0"},"down":{"uv":[4.1,0.1,4.9,0.9],"texture":"#o0"}}},{"from":[3.53205,8.03327,8.4018],"to":[5.73205,8.4489,8.8018],"rotation":{"angle":0.0,"axis":"y","origin":[-6.0,0.0,0.0]},"faces":{"south":{"uv":[0.1,0.1,0.9,0.9],"texture":"#o0"}}},{"from":[3.33205,7.2489,7.1936],"to":[5.23205,8.0489,7.6936],"rotation":{"angle":0.0,"axis":"y","origin":[-6.0,0.0,0.0]},"faces":{"north":{"uv":[0.1,0.1,0.9,0.9],"texture":"#o0"},"west":{"uv":[0.1,0.1,0.9,0.9],"texture":"#o0"},"up":{"uv":[0.1,0.1,0.9,0.9],"texture":"#o0"}}},{"from":[3.33205,7.0489,7.3936],"to":[5.23205,8.6489,8.6936],"rotation":{"angle":0.0,"axis":"y","origin":[-6.0,0.0,0.0]},"faces":{"west":{"uv":[0.1,0.1,0.9,0.9],"texture":"#o0"}}},{"from":[3.33205,8.4489,7.1936],"to":[5.23205,9.7489,7.6936],"rotation":{"angle":0.0,"axis":"y","origin":[-6.0,0.0,0.0]},"faces":{"north":{"uv":[0.1,0.1,0.9,0.9],"rotation":180,"texture":"#o0"},"west":{"uv":[0.1,0.1,0.9,0.9],"texture":"#o0"},"down":{"uv":[0.1,0.1,0.9,0.9],"texture":"#o0"}}},{"from":[-12.86795,9.15412,6.41164],"to":[15.33205,9.45412,6.91164],"rotation":{"angle":-22.5,"axis":"x","origin":[7.83205,14.45412,6.41164]},"faces":{"south":{"uv":[0.1,0.1,0.9,0.9],"texture":"#o0"},"east":{"uv":[0.1,0.1,0.9,0.9],"texture":"#o0"},"west":{"uv":[0.1,0.1,0.9,0.9],"texture":"#o0"}}},{"from":[3.33205,8.0489,7.1936],"to":[3.93205,8.4489,7.4936],"rotation":{"angle":0.0,"axis":"y","origin":[-6.0,0.0,0.0]},"faces":{"north":{"uv":[0.1,0.1,0.9,0.9],"texture":"#o0"},"east":{"uv":[0.1,0.1,0.9,0.9],"texture":"#o0"}}},{"from":[3.93205,8.03327,7.3018],"to":[6.13205,8.4489,7.7018],"rotation":{"angle":0.0,"axis":"y","origin":[-6.0,0.0,0.0]},"faces":{"north":{"uv":[0.1,0.1,0.9,0.9],"texture":"#o0"}}},{"from":[3.93205,8.13327,7.23305],"to":[5.13205,8.3489,7.6018],"rotation":{"angle":0.0,"axis":"y","origin":[-6.0,0.0,0.0]},"faces":{"north":{"uv":[4.1,0.1,4.9,0.9],"texture":"#o0"},"east":{"uv":[4.1,0.1,4.9,0.9],"texture":"#o0"},"up":{"uv":[4.1,0.1,4.9,0.9],"texture":"#o0"},"down":{"uv":[4.1,0.1,4.9,0.9],"texture":"#o0"}}},{"from":[0.33205,-0.2511,7.3936],"to":[3.33205,7.7489,8.7018],"rotation":{"angle":0.0,"axis":"y","origin":[-6.0,0.0,0.0]},"faces":{"north":{"uv":[6.1,0.1,11.9,15.9],"texture":"#o3"},"south":{"uv":[0.1,0.1,5.9,15.9],"texture":"#o3"},"east":{"uv":[12.5,0.1,13.5,7.9],"texture":"#o3"},"west":{"uv":[12.5,0.1,13.808,7.9],"texture":"#o3"},"up":{"uv":[13.1,2.5,15.9,3.5],"texture":"#o3"},"down":{"uv":[12.5,2.1,15.5,2.9],"texture":"#o3"}}},{"from":[-1.54069,11.90798,7.31245],"to":[0.01244,12.60798,8.81679],"rotation":{"angle":0.0,"axis":"y","origin":[-0.75338,12.27245,7.79654]},"faces":{"north":{"uv":[0.00156,0.00156,0.49844,0.49844],"texture":"#o8"},"south":{"uv":[0.00156,0.00156,0.49844,0.49844],"texture":"#o8"},"west":{"uv":[0.00156,0.00156,0.49844,0.49844],"texture":"#o8"},"up":{"uv":[0.49844,0.49844,0.00156,0.00156],"texture":"#o8"},"down":{"uv":[0.49844,0.49844,0.00156,0.00156],"texture":"#o8"}}},{"from":[-1.54069,11.70991,8.33436],"to":[-1.08756,11.90991,8.6949],"rotation":{"angle":0.0,"axis":"y","origin":[-0.75338,12.27245,7.79654]},"faces":{"north":{"uv":[0.00156,0.00156,0.99844,0.99844],"texture":"#o8"},"east":{"uv":[0.0,0.0,1.0,1.0],"texture":"#o8"},"west":{"uv":[0.00156,0.00156,0.99844,0.99844],"texture":"#o8"},"down":{"uv":[0.99844,0.99844,0.00156,0.00156],"texture":"#o8"}}},{"from":[-1.54069,11.70991,7.43436],"to":[-1.08756,11.90991,7.7949],"rotation":{"angle":0.0,"axis":"y","origin":[-0.75338,12.27245,7.79654]},"faces":{"south":{"uv":[0.00156,0.00156,0.99844,0.99844],"texture":"#o8"},"east":{"uv":[0.0,0.0,1.0,1.0],"texture":"#o8"},"west":{"uv":[0.00156,0.00156,0.99844,0.99844],"texture":"#o8"},"down":{"uv":[0.99844,0.99844,0.00156,0.00156],"texture":"#o8"}}},{"from":[-1.54069,11.65648,7.40297],"to":[-1.08756,11.85648,7.46351],"rotation":{"angle":22.5,"axis":"x","origin":[-0.83756,11.75648,7.58324]},"faces":{"east":{"uv":[0.00156,0.00156,0.99844,0.99844],"texture":"#o8"},"west":{"uv":[0.00156,0.00156,0.99844,0.99844],"texture":"#o8"},"down":{"uv":[0.99844,0.99844,0.00156,0.00156],"texture":"#o8"}}},{"from":[-1.54069,11.61913,7.35353],"to":[-1.08756,11.81913,7.41407],"rotation":{"angle":45.0,"axis":"x","origin":[-0.83756,11.71913,7.5338]},"faces":{"east":{"uv":[0.00156,0.00156,0.99844,0.99844],"texture":"#o8"},"west":{"uv":[0.00156,0.00156,0.99844,0.99844],"texture":"#o8"},"down":{"uv":[0.99844,0.99844,0.00156,0.00156],"texture":"#o8"}}},{"from":[-1.54069,11.82327,7.37383],"to":[-1.08756,11.88381,7.57383],"rotation":{"angle":-22.5,"axis":"x","origin":[-0.83756,11.70354,7.47383]},"faces":{"north":{"uv":[0.00156,0.00156,0.99844,0.99844],"texture":"#o8"},"east":{"uv":[0.00156,0.00156,0.99844,0.99844],"texture":"#o8"},"west":{"uv":[0.00156,0.00156,0.99844,0.99844],"texture":"#o8"}}},{"from":[-1.54069,11.65648,8.66573],"to":[-1.08756,11.85648,8.72627],"rotation":{"angle":-22.5,"axis":"x","origin":[-0.83756,11.75648,8.546]},"faces":{"east":{"uv":[0.99844,0.00156,0.00156,0.99844],"texture":"#o8"},"west":{"uv":[0.99844,0.00156,0.00156,0.99844],"texture":"#o8"},"down":{"uv":[0.00156,0.99844,0.99844,0.00156],"texture":"#o8"}}},{"from":[-1.54069,11.61913,8.71517],"to":[-1.08756,11.81913,8.77571],"rotation":{"angle":-45.0,"axis":"x","origin":[-0.83756,11.71913,8.59544]},"faces":{"east":{"uv":[0.99844,0.00156,0.00156,0.99844],"texture":"#o8"},"west":{"uv":[0.99844,0.00156,0.00156,0.99844],"texture":"#o8"},"down":{"uv":[0.00156,0.99844,0.99844,0.00156],"texture":"#o8"}}},{"from":[-1.54069,11.82327,8.55541],"to":[-1.08756,11.88381,8.75541],"rotation":{"angle":22.5,"axis":"x","origin":[-0.83756,11.70354,8.65541]},"faces":{"south":{"uv":[0.00156,0.99844,0.99844,0.00156],"texture":"#o8"},"east":{"uv":[0.00156,0.99844,0.99844,0.00156],"texture":"#o8"},"west":{"uv":[0.00156,0.99844,0.99844,0.00156],"texture":"#o8"}}},{"from":[-1.54069,11.83182,7.31245],"to":[-1.08756,11.90798,7.51245],"rotation":{"angle":0.0,"axis":"y","origin":[-0.75338,12.27245,7.89654]},"faces":{"north":{"uv":[0.00156,0.00156,0.99844,0.99844],"texture":"#o8"},"east":{"uv":[0.00156,0.00156,0.99844,0.99844],"texture":"#o8"},"west":{"uv":[0.00156,0.00156,0.99844,0.99844],"texture":"#o8"}}},{"from":[-1.54069,11.83182,8.61679],"to":[-1.08756,11.90798,8.81679],"rotation":{"angle":0.0,"axis":"y","origin":[-0.75338,12.27245,7.69654]},"faces":{"south":{"uv":[0.00156,0.00156,0.99844,0.99844],"texture":"#o8"},"east":{"uv":[0.00156,0.00156,0.99844,0.99844],"texture":"#o8"},"west":{"uv":[0.00156,0.00156,0.99844,0.99844],"texture":"#o8"}}},{"from":[-1.06569,11.71184,7.31808],"to":[0.00931,11.90991,8.8124],"rotation":{"angle":0.0,"axis":"y","origin":[-0.75338,12.27245,7.79654]},"faces":{"north":{"uv":[0.00156,0.00156,0.99844,0.99844],"texture":"#o8"},"south":{"uv":[0.00156,0.00156,0.99844,0.99844],"texture":"#o8"},"east":{"uv":[0.00156,0.00156,0.99844,0.99844],"texture":"#o8"},"west":{"uv":[0.00156,0.00156,0.99844,0.99844],"texture":"#o8"},"down":{"uv":[0.99844,0.99844,0.00156,0.00156],"rotation":180,"texture":"#o8"}}},{"from":[-0.50529,11.71746,7.17507],"to":[-0.41264,11.91554,7.47351],"rotation":{"angle":45.0,"axis":"y","origin":[-0.45997,11.8165,7.22572]},"faces":{"east":{"uv":[0.00156,0.00156,0.99844,0.99844],"texture":"#o8"},"west":{"uv":[0.0,0.0,1.0,1.0],"texture":"#o8"},"up":{"uv":[0.99844,0.99844,0.00156,0.00156],"texture":"#o8"},"down":{"uv":[0.99844,0.99844,0.00156,0.00156],"texture":"#o8"}}},{"from":[-1.59718,11.71746,7.15644],"to":[-0.46232,11.91554,7.22807],"rotation":{"angle":0.0,"axis":"y","origin":[-0.75338,12.26245,7.89654]},"faces":{"north":{"uv":[0.00156,0.00156,0.99844,0.99844],"texture":"#o8"},"south":{"uv":[0.00156,0.00156,0.99844,0.99844],"texture":"#o8"},"west":{"uv":[0.0,0.0,1.0,1.0],"texture":"#o8"},"up":{"uv":[0.99844,0.99844,0.00156,0.00156],"texture":"#o8"},"down":{"uv":[0.99844,0.99844,0.00156,0.00156],"texture":"#o8"}}},{"from":[-1.59406,11.93998,7.15644],"to":[-0.19806,12.34401,7.22807],"rotation":{"angle":0.0,"axis":"y","origin":[-0.75338,12.27245,7.89654]},"faces":{"north":{"uv":[0.00156,0.00156,0.99844,0.99844],"texture":"#o8"},"south":{"uv":[0.00156,0.00156,0.99844,0.99844],"texture":"#o8"},"east":{"uv":[0.00156,0.00156,0.99844,0.99844],"texture":"#o8"},"west":{"uv":[0.0,0.0,1.0,1.0],"texture":"#o8"},"down":{"uv":[0.99844,0.99844,0.00156,0.00156],"texture":"#o8"}}},{"from":[-0.61901,11.81884,7.15644],"to":[-0.21498,12.22394,7.22807],"rotation":{"angle":22.5,"axis":"z","origin":[-1.52663,12.12394,8.00861]},"faces":{"north":{"uv":[0.00156,0.99844,0.99844,0.00156],"texture":"#o8"},"south":{"uv":[0.00156,0.99844,0.99844,0.00156],"texture":"#o8"},"east":{"uv":[0.00156,0.99844,0.99844,0.00156],"texture":"#o8"},"west":{"uv":[0.00156,0.99844,0.99844,0.00156],"texture":"#o8"}}},{"from":[-1.59406,12.34401,7.15644],"to":[-0.35309,12.81828,7.22807],"rotation":{"angle":0.0,"axis":"y","origin":[-0.75338,12.27245,7.89654]},"faces":{"north":{"uv":[0.00156,0.99844,0.99844,0.00156],"texture":"#o8"},"south":{"uv":[0.00156,0.99844,0.99844,0.00156],"texture":"#o8"},"east":{"uv":[0.00156,0.99844,0.99844,0.00156],"texture":"#o8"},"west":{"uv":[0.00156,0.99844,0.99844,0.00156],"texture":"#o8"}}},{"from":[-1.59406,12.79033,7.22533],"to":[-0.35309,12.96459,7.29696],"rotation":{"angle":22.5,"axis":"x","origin":[-0.92357,12.97746,7.26115]},"faces":{"north":{"uv":[0.00156,0.00156,0.99844,0.99844],"texture":"#o8"},"south":{"uv":[0.00156,0.00156,0.99844,0.99844],"texture":"#o8"},"east":{"uv":[0.00156,0.00156,0.99844,0.99844],"texture":"#o8"},"west":{"uv":[0.00156,0.00156,0.99844,0.99844],"texture":"#o8"}}},{"from":[-1.59406,13.74392,8.5682],"to":[-0.35309,13.81555,8.69633],"rotation":{"angle":22.5,"axis":"x","origin":[-0.94406,13.77974,8.74289]},"faces":{"east":{"uv":[0.00156,0.99844,0.99844,0.00156],"rotation":270,"texture":"#o8"},"west":{"uv":[0.00156,0.99844,0.99844,0.00156],"rotation":90,"texture":"#o8"},"up":{"uv":[0.00156,0.99844,0.99844,0.00156],"rotation":180,"texture":"#o8"},"down":{"uv":[0.00156,0.99844,0.99844,0.00156],"texture":"#o8"}}},{"from":[-1.59406,13.72835,8.77596],"to":[-0.35309,13.85648,8.84759],"rotation":{"angle":-45.0,"axis":"x","origin":[-0.94406,13.68179,8.81178]},"faces":{"north":{"uv":[0.99844,0.00156,0.00156,0.99844],"texture":"#o8"},"south":{"uv":[0.99844,0.00156,0.00156,0.99844],"texture":"#o8"},"east":{"uv":[0.99844,0.00156,0.00156,0.99844],"texture":"#o8"},"west":{"uv":[0.99844,0.00156,0.00156,0.99844],"texture":"#o8"}}},{"from":[-1.59406,13.6115,8.80212],"to":[-0.35309,13.73963,8.87375],"rotation":{"angle":-22.5,"axis":"x","origin":[-0.94406,13.56494,8.83794]},"faces":{"north":{"uv":[0.99844,0.00156,0.00156,0.99844],"texture":"#o8"},"south":{"uv":[0.99844,0.00156,0.00156,0.99844],"texture":"#o8"},"east":{"uv":[0.99844,0.00156,0.00156,0.99844],"texture":"#o8"},"west":{"uv":[0.99844,0.00156,0.00156,0.99844],"texture":"#o8"}}},{"from":[-1.59406,13.31741,8.78158],"to":[-0.35309,13.62166,8.85321],"rotation":{"angle":0.0,"axis":"z","origin":[-0.75338,12.83799,8.17435]},"faces":{"north":{"uv":[0.99844,0.00156,0.00156,0.99844],"texture":"#o8"},"south":{"uv":[0.99844,0.00156,0.00156,0.99844],"texture":"#o8"},"east":{"uv":[0.99844,0.00156,0.00156,0.99844],"texture":"#o8"},"west":{"uv":[0.99844,0.00156,0.00156,0.99844],"texture":"#o8"}}},{"from":[-1.59406,12.94805,9.16597],"to":[-0.35309,13.1523,9.2376],"rotation":{"angle":-22.5,"axis":"x","origin":[-0.75338,12.26863,8.55874]},"faces":{"north":{"uv":[0.99844,0.00156,0.00156,0.99844],"texture":"#o8"},"south":{"uv":[0.99844,0.00156,0.00156,0.99844],"texture":"#o8"},"east":{"uv":[0.99844,0.00156,0.00156,0.99844],"texture":"#o8"},"west":{"uv":[0.99844,0.00156,0.00156,0.99844],"texture":"#o8"}}},{"from":[-1.59406,12.34187,8.85429],"to":[-0.35309,13.15612,8.92592],"rotation":{"angle":0.0,"axis":"y","origin":[-0.75338,12.06245,8.24706]},"faces":{"north":{"uv":[0.99844,0.00156,0.00156,0.99844],"texture":"#o8"},"south":{"uv":[0.99844,0.00156,0.00156,0.99844],"texture":"#o8"},"east":{"uv":[0.99844,0.00156,0.00156,0.99844],"texture":"#o8"},"west":{"uv":[0.99844,0.00156,0.00156,0.99844],"texture":"#o8"}}},{"from":[-1.34069,12.60798,8.74308],"to":[-0.38756,13.11486,8.81471],"rotation":{"angle":0.0,"axis":"y","origin":[-0.75338,12.27245,8.23062]},"faces":{"north":{"uv":[0.00156,0.00156,0.99844,0.99844],"texture":"#o8"},"south":{"uv":[0.00156,0.00156,0.99844,0.99844],"texture":"#o8"},"east":{"uv":[0.00156,0.00156,0.99844,0.99844],"texture":"#o8"},"west":{"uv":[0.00156,0.00156,0.99844,0.99844],"texture":"#o8"}}},{"from":[-1.34069,12.91688,8.91594],"to":[-0.38756,13.12376,8.98757],"rotation":{"angle":-22.5,"axis":"x","origin":[-0.75338,12.58135,8.40348]},"faces":{"north":{"uv":[0.00156,0.00156,0.99844,0.99844],"texture":"#o8"},"south":{"uv":[0.00156,0.00156,0.99844,0.99844],"texture":"#o8"},"east":{"uv":[0.00156,0.00156,0.99844,0.99844],"texture":"#o8"},"west":{"uv":[0.00156,0.00156,0.99844,0.99844],"texture":"#o8"}}},{"from":[-1.34069,13.27858,8.66936],"to":[-0.38756,13.58546,8.74099],"rotation":{"angle":0.0,"axis":"z","origin":[-0.75338,13.14305,8.1569]},"faces":{"north":{"uv":[0.00156,0.00156,0.99844,0.99844],"texture":"#o8"},"south":{"uv":[0.00156,0.00156,0.99844,0.99844],"texture":"#o8"},"east":{"uv":[0.00156,0.00156,0.99844,0.99844],"texture":"#o8"},"west":{"uv":[0.00156,0.00156,0.99844,0.99844],"texture":"#o8"}}},{"from":[-1.34069,13.57529,8.6899],"to":[-0.38756,13.67967,8.76154],"rotation":{"angle":-22.5,"axis":"x","origin":[-0.93756,13.52872,8.72571]},"faces":{"north":{"uv":[0.99844,0.00156,0.00156,0.99844],"texture":"#o8"},"south":{"uv":[0.99844,0.00156,0.00156,0.99844],"texture":"#o8"},"east":{"uv":[0.99844,0.00156,0.00156,0.99844],"texture":"#o8"},"west":{"uv":[0.99844,0.00156,0.00156,0.99844],"texture":"#o8"}}},{"from":[-1.34069,13.6702,8.67283],"to":[-0.38756,13.77458,8.74447],"rotation":{"angle":-45.0,"axis":"x","origin":[-0.93756,13.62363,8.70864]},"faces":{"north":{"uv":[0.99844,0.00156,0.00156,0.99844],"texture":"#o8"},"south":{"uv":[0.99844,0.00156,0.00156,0.99844],"texture":"#o8"},"east":{"uv":[0.99844,0.00156,0.00156,0.99844],"texture":"#o8"},"west":{"uv":[0.99844,0.00156,0.00156,0.99844],"texture":"#o8"}}},{"from":[-1.34069,13.66897,8.5056],"to":[-0.38756,13.74061,8.60998],"rotation":{"angle":22.5,"axis":"x","origin":[-0.93756,13.70478,8.65655]},"faces":{"east":{"uv":[0.00156,0.99844,0.99844,0.00156],"rotation":270,"texture":"#o8"},"west":{"uv":[0.00156,0.99844,0.99844,0.00156],"rotation":90,"texture":"#o8"},"up":{"uv":[0.00156,0.99844,0.99844,0.00156],"rotation":180,"texture":"#o8"},"down":{"uv":[0.00156,0.99844,0.99844,0.00156],"texture":"#o8"}}},{"from":[-1.59406,13.31741,7.29039],"to":[-0.35309,13.62166,7.36202],"rotation":{"angle":0.0,"axis":"z","origin":[-0.75338,12.83799,7.96925]},"faces":{"north":{"uv":[0.00156,0.00156,0.99844,0.99844],"texture":"#o8"},"south":{"uv":[0.00156,0.00156,0.99844,0.99844],"texture":"#o8"},"east":{"uv":[0.00156,0.00156,0.99844,0.99844],"texture":"#o8"},"west":{"uv":[0.00156,0.00156,0.99844,0.99844],"texture":"#o8"}}},{"from":[-1.59406,12.94805,6.906],"to":[-0.35309,13.1523,6.97763],"rotation":{"angle":22.5,"axis":"x","origin":[-0.75338,12.26863,7.58486]},"faces":{"north":{"uv":[0.00156,0.00156,0.99844,0.99844],"texture":"#o8"},"south":{"uv":[0.00156,0.00156,0.99844,0.99844],"texture":"#o8"},"east":{"uv":[0.00156,0.00156,0.99844,0.99844],"texture":"#o8"},"west":{"uv":[0.00156,0.00156,0.99844,0.99844],"texture":"#o8"}}},{"from":[-1.59406,12.95187,7.21768],"to":[-0.35309,13.15612,7.28931],"rotation":{"angle":0.0,"axis":"y","origin":[-0.75338,12.27245,7.89654]},"faces":{"north":{"uv":[0.00156,0.00156,0.99844,0.99844],"texture":"#o8"},"south":{"uv":[0.00156,0.00156,0.99844,0.99844],"texture":"#o8"},"east":{"uv":[0.00156,0.00156,0.99844,0.99844],"texture":"#o8"},"west":{"uv":[0.00156,0.00156,0.99844,0.99844],"texture":"#o8"}}},{"from":[-1.20316,11.93998,8.85429],"to":[-0.19806,12.34401,8.92592],"rotation":{"angle":0.0,"axis":"y","origin":[-0.75338,12.27245,7.69654]},"faces":{"north":{"uv":[0.00156,0.00156,0.99844,0.99844],"texture":"#o8"},"south":{"uv":[0.00156,0.00156,0.99844,0.99844],"texture":"#o8"},"east":{"uv":[0.00156,0.00156,0.99844,0.99844],"texture":"#o8"},"down":{"uv":[0.99844,0.99844,0.00156,0.00156],"texture":"#o8"}}},{"from":[-1.27368,11.89372,8.85429],"to":[-0.95805,11.9918,8.92592],"rotation":{"angle":22.5,"axis":"z","origin":[-1.09531,12.04697,8.96462]},"faces":{"north":{"uv":[0.00156,0.00156,0.99844,0.99844],"texture":"#o8"},"south":{"uv":[0.00156,0.00156,0.99844,0.99844],"texture":"#o8"},"down":{"uv":[0.99844,0.99844,0.00156,0.00156],"texture":"#o8"}}},{"from":[-1.59406,11.83713,8.85429],"to":[-1.20316,12.34401,8.92592],"rotation":{"angle":0.0,"axis":"y","origin":[-0.75338,12.27245,7.69654]},"faces":{"north":{"uv":[0.00156,0.00156,0.99844,0.99844],"texture":"#o8"},"south":{"uv":[0.00156,0.00156,0.99844,0.99844],"texture":"#o8"},"west":{"uv":[0.00156,0.00156,0.99844,0.99844],"texture":"#o8"},"down":{"uv":[0.99844,0.99844,0.00156,0.00156],"texture":"#o8"}}},{"from":[-1.34069,13.27858,7.38617],"to":[-0.38756,13.58546,7.4578],"rotation":{"angle":0.0,"axis":"z","origin":[-0.75338,13.14305,7.97026]},"faces":{"north":{"uv":[0.99844,0.00156,0.00156,0.99844],"texture":"#o8"},"south":{"uv":[0.99844,0.00156,0.00156,0.99844],"texture":"#o8"},"east":{"uv":[0.99844,0.00156,0.00156,0.99844],"texture":"#o8"},"west":{"uv":[0.99844,0.00156,0.00156,0.99844],"texture":"#o8"}}},{"from":[-1.34069,12.91688,7.13959],"to":[-0.38756,13.12376,7.21122],"rotation":{"angle":22.5,"axis":"x","origin":[-0.75338,12.58135,7.72368]},"faces":{"north":{"uv":[0.99844,0.00156,0.00156,0.99844],"texture":"#o8"},"south":{"uv":[0.99844,0.00156,0.00156,0.99844],"texture":"#o8"},"east":{"uv":[0.99844,0.00156,0.00156,0.99844],"texture":"#o8"},"west":{"uv":[0.99844,0.00156,0.00156,0.99844],"texture":"#o8"}}},{"from":[-1.34069,12.60798,7.31245],"to":[-0.38756,13.11486,7.38408],"rotation":{"angle":0.0,"axis":"y","origin":[-0.75338,12.27245,7.89654]},"faces":{"north":{"uv":[0.99844,0.00156,0.00156,0.99844],"texture":"#o8"},"south":{"uv":[0.99844,0.00156,0.00156,0.99844],"texture":"#o8"},"east":{"uv":[0.99844,0.00156,0.00156,0.99844],"texture":"#o8"},"west":{"uv":[0.99844,0.00156,0.00156,0.99844],"texture":"#o8"}}},{"from":[-0.61901,11.81884,8.85429],"to":[-0.21498,12.22394,8.92592],"rotation":{"angle":22.5,"axis":"z","origin":[-1.52663,12.12394,8.07375]},"faces":{"north":{"uv":[0.00156,0.00156,0.99844,0.99844],"texture":"#o8"},"south":{"uv":[0.00156,0.00156,0.99844,0.99844],"texture":"#o8"},"east":{"uv":[0.00156,0.00156,0.99844,0.99844],"texture":"#o8"},"west":{"uv":[0.00156,0.00156,0.99844,0.99844],"texture":"#o8"}}},{"from":[-1.34069,13.72402,7.59636],"to":[-0.38756,13.79565,8.5308],"rotation":{"angle":0.0,"axis":"y","origin":[-0.75338,12.23801,7.86523]},"faces":{"east":{"uv":[0.00156,0.00156,0.99844,0.99844],"texture":"#o8"},"west":{"uv":[0.00156,0.00156,0.99844,0.99844],"texture":"#o8"},"up":{"uv":[0.99844,0.99844,0.00156,0.00156],"texture":"#o8"},"down":{"uv":[0.99844,0.99844,0.00156,0.00156],"texture":"#o8"}}},{"from":[-1.34069,13.66897,7.51718],"to":[-0.38756,13.74061,7.62156],"rotation":{"angle":-22.5,"axis":"x","origin":[-0.93756,13.70478,7.47061]},"faces":{"east":{"uv":[0.00156,0.00156,0.99844,0.99844],"rotation":270,"texture":"#o8"},"west":{"uv":[0.00156,0.00156,0.99844,0.99844],"rotation":90,"texture":"#o8"},"up":{"uv":[0.00156,0.00156,0.99844,0.99844],"rotation":180,"texture":"#o8"},"down":{"uv":[0.00156,0.00156,0.99844,0.99844],"texture":"#o8"}}},{"from":[-1.34069,13.6702,7.38269],"to":[-0.38756,13.77458,7.45433],"rotation":{"angle":45.0,"axis":"x","origin":[-0.93756,13.62363,7.41852]},"faces":{"north":{"uv":[0.00156,0.00156,0.99844,0.99844],"texture":"#o8"},"south":{"uv":[0.00156,0.00156,0.99844,0.99844],"texture":"#o8"},"east":{"uv":[0.00156,0.00156,0.99844,0.99844],"texture":"#o8"},"west":{"uv":[0.00156,0.00156,0.99844,0.99844],"texture":"#o8"}}},{"from":[-1.34069,13.57529,7.36562],"to":[-0.38756,13.67967,7.43726],"rotation":{"angle":22.5,"axis":"x","origin":[-0.93756,13.52872,7.40145]},"faces":{"north":{"uv":[0.00156,0.00156,0.99844,0.99844],"texture":"#o8"},"south":{"uv":[0.00156,0.00156,0.99844,0.99844],"texture":"#o8"},"east":{"uv":[0.00156,0.00156,0.99844,0.99844],"texture":"#o8"},"west":{"uv":[0.00156,0.00156,0.99844,0.99844],"texture":"#o8"}}},{"from":[-1.34069,12.5519,8.67696],"to":[-0.38756,12.71878,8.76421],"rotation":{"angle":45.0,"axis":"x","origin":[-0.93756,12.63534,8.71277]},"faces":{"north":{"uv":[0.00156,0.00156,0.99844,0.99844],"texture":"#o8"},"east":{"uv":[0.00156,0.00156,0.99844,0.99844],"texture":"#o8"},"west":{"uv":[0.00156,0.00156,0.99844,0.99844],"texture":"#o8"}}},{"from":[-1.34069,12.5519,7.36503],"to":[-0.38756,12.72878,7.45228],"rotation":{"angle":-45.0,"axis":"x","origin":[-0.93756,12.63534,7.41647]},"faces":{"south":{"uv":[0.00156,0.00156,0.99844,0.99844],"texture":"#o8"},"east":{"uv":[0.00156,0.00156,0.99844,0.99844],"texture":"#o8"},"west":{"uv":[0.00156,0.00156,0.99844,0.99844],"texture":"#o8"}}},{"from":[-1.59406,13.6115,7.26985],"to":[-0.35309,13.73963,7.34148],"rotation":{"angle":22.5,"axis":"x","origin":[-0.94406,13.56494,7.30566]},"faces":{"north":{"uv":[0.00156,0.00156,0.99844,0.99844],"texture":"#o8"},"south":{"uv":[0.00156,0.00156,0.99844,0.99844],"texture":"#o8"},"east":{"uv":[0.00156,0.00156,0.99844,0.99844],"texture":"#o8"},"west":{"uv":[0.00156,0.00156,0.99844,0.99844],"texture":"#o8"}}},{"from":[-1.59406,13.74392,7.44727],"to":[-0.35309,13.81555,7.5754],"rotation":{"angle":-22.5,"axis":"x","origin":[-0.94406,13.77974,7.40071]},"faces":{"east":{"uv":[0.00156,0.00156,0.99844,0.99844],"rotation":270,"texture":"#o8"},"west":{"uv":[0.00156,0.00156,0.99844,0.99844],"rotation":90,"texture":"#o8"},"up":{"uv":[0.00156,0.00156,0.99844,0.99844],"rotation":180,"texture":"#o8"},"down":{"uv":[0.00156,0.00156,0.99844,0.99844],"texture":"#o8"}}},{"from":[-1.59406,13.72835,7.29601],"to":[-0.35309,13.85648,7.36764],"rotation":{"angle":45.0,"axis":"x","origin":[-0.94406,13.68179,7.33182]},"faces":{"north":{"uv":[0.00156,0.00156,0.99844,0.99844],"texture":"#o8"},"south":{"uv":[0.00156,0.00156,0.99844,0.99844],"texture":"#o8"},"east":{"uv":[0.00156,0.00156,0.99844,0.99844],"texture":"#o8"},"west":{"uv":[0.00156,0.00156,0.99844,0.99844],"texture":"#o8"}}},{"from":[-1.59406,13.81326,7.5484],"to":[-0.35309,13.87968,8.5952],"rotation":{"angle":0.0,"axis":"y","origin":[-0.75338,12.23862,7.85988]},"faces":{"east":{"uv":[0.00156,0.00156,0.99844,0.99844],"texture":"#o8"},"west":{"uv":[0.00156,0.00156,0.99844,0.99844],"texture":"#o8"},"up":{"uv":[0.99844,0.99844,0.00156,0.00156],"texture":"#o8"},"down":{"uv":[0.99844,0.99844,0.00156,0.00156],"texture":"#o8"}}},{"from":[-1.50944,11.90837,7.22807],"to":[-1.10294,12.68571,7.37495],"rotation":{"angle":0.0,"axis":"y","origin":[-0.75338,12.27245,7.89654]},"faces":{"south":{"uv":[0.00156,0.00156,0.99844,0.99844],"texture":"#o8"},"east":{"uv":[0.00156,0.00156,0.99844,0.99844],"texture":"#o8"},"west":{"uv":[0.00156,0.00156,0.99844,0.99844],"texture":"#o8"},"up":{"uv":[0.99844,0.99844,0.00156,0.00156],"texture":"#o8"},"down":{"uv":[0.99844,0.99844,0.00156,0.00156],"texture":"#o8"}}},{"from":[-1.50944,12.00837,8.7187],"to":[-0.40294,12.18571,8.8562],"rotation":{"angle":0.0,"axis":"y","origin":[-0.75338,12.27245,7.69654]},"faces":{"east":{"uv":[0.00156,0.00156,0.99844,0.99844],"texture":"#o8"},"west":{"uv":[0.00156,0.00156,0.99844,0.99844],"texture":"#o8"},"up":{"uv":[0.99844,0.99844,0.00156,0.00156],"texture":"#o8"},"down":{"uv":[0.99844,0.99844,0.00156,0.00156],"texture":"#o8"}}},{"from":[-0.1268,11.90798,7.31245],"to":[0.01243,12.22986,8.81679],"rotation":{"angle":45.0,"axis":"z","origin":[-0.05718,12.25798,8.41679]},"faces":{"north":{"uv":[0.00156,0.00156,0.99844,0.99844],"texture":"#o8"},"south":{"uv":[0.00156,0.00156,0.99844,0.99844],"texture":"#o8"},"down":{"uv":[0.99844,0.99844,0.00156,0.00156],"texture":"#o8"}}},{"from":[-0.1268,11.90798,7.31245],"to":[0.01243,12.22986,8.81679],"rotation":{"angle":22.5,"axis":"z","origin":[-0.05718,12.25798,8.41679]},"faces":{"north":{"uv":[0.00156,0.00156,0.99844,0.99844],"texture":"#o8"},"south":{"uv":[0.00156,0.00156,0.99844,0.99844],"texture":"#o8"},"down":{"uv":[0.99844,0.99844,0.00156,0.00156],"texture":"#o8"}}},{"from":[-0.1268,12.29236,7.31245],"to":[0.01243,12.60798,8.81679],"rotation":{"angle":-22.5,"axis":"z","origin":[-0.05718,12.25798,8.41679]},"faces":{"north":{"uv":[0.00156,0.00156,0.99844,0.99844],"texture":"#o8"},"south":{"uv":[0.00156,0.00156,0.99844,0.99844],"texture":"#o8"},"up":{"uv":[0.99844,0.99844,0.00156,0.00156],"texture":"#o8"}}},{"from":[-0.1268,12.27673,7.31245],"to":[0.01243,12.60798,8.81679],"rotation":{"angle":-45.0,"axis":"z","origin":[-0.05718,12.25798,8.41679]},"faces":{"north":{"uv":[0.00156,0.00156,0.99844,0.99844],"texture":"#o8"},"south":{"uv":[0.00156,0.00156,0.99844,0.99844],"texture":"#o8"},"up":{"uv":[0.99844,0.99844,0.00156,0.00156],"texture":"#o8"}}},{"from":[-0.04468,12.18836,7.31245],"to":[0.29282,12.3276,8.81679],"rotation":{"angle":22.5,"axis":"z","origin":[-0.05718,12.25798,8.41679]},"faces":{"north":{"uv":[0.00156,0.00156,0.99844,0.99844],"texture":"#o8"},"south":{"uv":[0.00156,0.00156,0.99844,0.99844],"texture":"#o8"},"east":{"uv":[0.00156,0.00156,0.99844,0.99844],"texture":"#o8"}}},{"from":[-0.10718,12.18836,7.31245],"to":[0.29282,12.3276,8.81679],"rotation":{"angle":0.0,"axis":"y","origin":[-0.85338,12.27245,7.79654]},"faces":{"north":{"uv":[0.00156,0.00156,0.99844,0.99844],"texture":"#o8"},"south":{"uv":[0.00156,0.00156,0.99844,0.99844],"texture":"#o8"},"east":{"uv":[0.00156,0.00156,0.99844,0.99844],"texture":"#o8"}}},{"from":[-0.04468,12.18836,7.31245],"to":[0.29282,12.3276,8.81679],"rotation":{"angle":-22.5,"axis":"z","origin":[-0.05718,12.25798,8.41679]},"faces":{"north":{"uv":[0.00156,0.00156,0.99844,0.99844],"texture":"#o8"},"south":{"uv":[0.00156,0.00156,0.99844,0.99844],"texture":"#o8"},"east":{"uv":[0.00156,0.00156,0.99844,0.99844],"texture":"#o8"}}},{"from":[-0.43969,12.69236,7.54516],"to":[-0.43969,13.69236,8.54516],"rotation":{"angle":0.0,"axis":"y","origin":[-0.85338,12.27245,7.79654]},"faces":{"west":{"uv":[2.00156,2.00156,13.99844,13.99844],"texture":"#o8"}}},{"from":[-5.54925,2.3,-0.44272],"to":[12.85075,6.9,3.00728],"rotation":{"angle":-45.0,"axis":"y","origin":[1.35075,6.9,3.00728]},"faces":{"north":{"uv":[14.75,16.0,13.75,13.0],"rotation":270,"texture":"#o2"},"south":{"uv":[12.0,13.0,13.0,16.0],"rotation":270,"texture":"#o2"},"east":{"uv":[13.75,12.0,14.5,13.0],"rotation":270,"texture":"#o2"},"west":{"uv":[13.75,13.0,13.0,12.0],"texture":"#o2"},"up":{"uv":[13.0,13.0,13.75,16.0],"rotation":270,"texture":"#o2"},"down":{"uv":[14.75,13.0,15.5,16.0],"rotation":270,"texture":"#o2"}}},{"from":[-4.27802,2.6,0.06031],"to":[11.72198,6.6,3.06031],"rotation":{"angle":-45.0,"axis":"y","origin":[1.72198,6.6,3.06031]},"faces":{"north":{"uv":[10.75,16.0,9.75,13.0],"rotation":270,"texture":"#o2"},"south":{"uv":[8.0,13.0,9.0,16.0],"rotation":270,"texture":"#o2"},"east":{"uv":[9.75,12.0,10.5,13.0],"rotation":270,"texture":"#o2"},"west":{"uv":[9.75,13.0,9.0,12.0],"texture":"#o2"},"up":{"uv":[9.0,13.0,9.75,16.0],"rotation":270,"texture":"#o2"},"down":{"uv":[10.75,13.0,11.5,16.0],"rotation":270,"texture":"#o2"}}},{"from":[-16.0,-16.0,-15.99],"to":[32.0,32.0,-15.99],"faces":{"north":{"uv":[0.0,0.0,16.0,16.0],"texture":"#icon_background"}}},{"from":[-16.0,-16.0,-16.0],"to":[32.0,32.0,-16.0],"faces":{"north":{"uv":[0.0,0.0,16.0,16.0],"texture":"#icon"}}}],"display":{"firstperson_lefthand":{"rotation":[0.0,0.0,0.0],"translation":[0.0,0.0,0.0],"scale":[0.0,0.0,0.0]},"firstperson_righthand":{"rotation":[0.0,90.0,0.0],"translation":[-0.25,11.85,-4.0],"scale":[1.0,1.0,1.0]},"thirdperson_lefthand":{"rotation":[0.0,0.0,0.0],"translation":[0.0,0.0,0.0],"scale":[0.0,0.0,0.0]},"thirdperson_righthand":{"rotation":[0.0,0.0,0.0],"translation":[0.0,0.0,0.0],"scale":[0.0,0.0,0.0]},"ground":{"rotation":[-90.0,0.0,0.0],"scale":[0.8,0.8,0.8]},"gui":{"rotation":[0.0,-180.0,0.0],"translation":[0.0,0.0,0.0],"scale":[0.333,0.333,0.333]},"fixed":{"rotation":[0.0,0.0,45.0],"translation":[-0.25,0.5,-0.25],"scale":[0.8,0.8,0.8]},"head":{"rotation":[90.0,0.0,0.0],"translation":[2.75,-41.75,0.0],"scale":[1.5,1.5,1.5]}},"gui_light":"front"}