{"parent":"generated/fs8wglj","display":{"firstperson_lefthand":{"rotation":[0.0,0.0,0.0],"translation":[0.0,0.0,0.0],"scale":[0.0,0.0,0.0]},"firstperson_righthand":{"rotation":[6.0,70.0,0.0],"translation":[-12.75,13.35,2.25],"scale":[1.2,1.2,1.2]},"thirdperson_lefthand":{"rotation":[0.0,0.0,0.0],"translation":[0.0,0.0,0.0],"scale":[0.0,0.0,0.0]},"thirdperson_righthand":{"rotation":[0.0,0.0,0.0],"translation":[0.0,0.0,0.0],"scale":[0.0,0.0,0.0]},"ground":{"rotation":[90.0,0.0,0.0],"scale":[0.6,0.6,0.6]},"gui":{"rotation":[0.0,-180.0,0.0],"translation":[0.0,0.0,0.0],"scale":[0.333,0.333,0.333]},"fixed":{"rotation":[0.0,0.0,45.0],"translation":[-2.5,-1.25,-0.25],"scale":[0.7,0.7,0.7]},"head":{"rotation":[90.0,-90.0,0.0],"translation":[2.25,-42.0,0.0],"scale":[1.7,1.7,1.7]}}}