{"textures":{"0":"gun/aimpoint/aimpoint","1":"gun/aimpoint/sight","particle":"gun/aimpoint/aimpoint"},"elements":[{"from":[7.85098,7.83,6.8],"to":[8.20902,7.93,7.3],"rotation":{"angle":45,"axis":"z","origin":[8.03,8.73,7.3]},"faces":{"north":{"uv":[1,1,2,2],"texture":"#0"},"south":{"uv":[5,1,6,2],"texture":"#0"},"up":{"uv":[6,2,5,1],"texture":"#0"},"down":{"uv":[2,2,1,1],"texture":"#0"}}},{"from":[7.85098,7.83,6.8],"to":[8.20902,7.93,7.3],"rotation":{"angle":22.5,"axis":"z","origin":[8.03,8.73,7.3]},"faces":{"north":{"uv":[1,1,2,2],"texture":"#0"},"south":{"uv":[5,1,6,2],"texture":"#0"},"up":{"uv":[6,2,5,1],"texture":"#0"},"down":{"uv":[2,2,1,1],"texture":"#0"}}},{"from":[7.85098,7.83,6.8],"to":[8.20902,7.93,7.3],"rotation":{"angle":0,"axis":"z","origin":[8.03,8.73,7.3]},"faces":{"north":{"uv":[1,1,2,2],"texture":"#0"},"south":{"uv":[5,1,6,2],"texture":"#0"},"up":{"uv":[6,2,5,1],"texture":"#0"},"down":{"uv":[2,2,1,1],"texture":"#0"}}},{"from":[7.85098,7.83,6.8],"to":[8.20902,7.93,7.3],"rotation":{"angle":-22.5,"axis":"z","origin":[8.03,8.73,7.3]},"faces":{"north":{"uv":[1,1,2,2],"texture":"#0"},"south":{"uv":[5,1,6,2],"texture":"#0"},"up":{"uv":[6,2,5,1],"texture":"#0"},"down":{"uv":[2,2,1,1],"texture":"#0"}}},{"from":[7.85098,7.83,6.8],"to":[8.20902,7.93,7.3],"rotation":{"angle":-45,"axis":"z","origin":[8.03,8.73,7.3]},"faces":{"north":{"uv":[1,1,2,2],"texture":"#0"},"south":{"uv":[5,1,6,2],"texture":"#0"},"up":{"uv":[6,2,5,1],"texture":"#0"},"down":{"uv":[2,2,1,1],"texture":"#0"}}},{"from":[7.85098,9.53,6.8],"to":[8.20902,9.63,7.3],"rotation":{"angle":45,"axis":"z","origin":[8.03,8.73,7.3]},"faces":{"north":{"uv":[1,1,2,2],"texture":"#0"},"south":{"uv":[5,1,6,2],"texture":"#0"},"up":{"uv":[2,2,1,1],"texture":"#0"},"down":{"uv":[6,2,5,1],"texture":"#0"}}},{"from":[7.85098,9.53,6.8],"to":[8.20902,9.63,7.3],"rotation":{"angle":22.5,"axis":"z","origin":[8.03,8.73,7.3]},"faces":{"north":{"uv":[1,1,2,2],"texture":"#0"},"south":{"uv":[5,1,6,2],"texture":"#0"},"up":{"uv":[2,2,1,1],"texture":"#0"},"down":{"uv":[6,2,5,1],"texture":"#0"}}},{"from":[7.85098,9.53,6.8],"to":[8.20902,9.63,7.3],"rotation":{"angle":0,"axis":"z","origin":[8.03,8.73,7.3]},"faces":{"north":{"uv":[1,1,2,2],"texture":"#0"},"south":{"uv":[5,1,6,2],"texture":"#0"},"up":{"uv":[2,2,1,1],"texture":"#0"},"down":{"uv":[6,2,5,1],"texture":"#0"}}},{"from":[7.85098,9.53,6.8],"to":[8.20902,9.63,7.3],"rotation":{"angle":-22.5,"axis":"z","origin":[8.03,8.73,7.3]},"faces":{"north":{"uv":[1,1,2,2],"texture":"#0"},"south":{"uv":[5,1,6,2],"texture":"#0"},"up":{"uv":[2,2,1,1],"texture":"#0"},"down":{"uv":[6,2,5,1],"texture":"#0"}}},{"from":[7.85098,9.53,6.8],"to":[8.20902,9.63,7.3],"rotation":{"angle":-45,"axis":"z","origin":[8.03,8.73,7.3]},"faces":{"north":{"uv":[1,1,2,2],"texture":"#0"},"south":{"uv":[5,1,6,2],"texture":"#0"},"up":{"uv":[2,2,1,1],"texture":"#0"},"down":{"uv":[6,2,5,1],"texture":"#0"}}},{"from":[8.83,8.55098,6.8],"to":[8.93,8.90902,7.3],"rotation":{"angle":22.5,"axis":"z","origin":[8.03,8.73,7.3]},"faces":{"north":{"uv":[1,1,2,2],"texture":"#0"},"east":{"uv":[1,1,2,2],"texture":"#0"},"south":{"uv":[5,1,6,2],"texture":"#0"},"west":{"uv":[5,1,6,2],"texture":"#0"}}},{"from":[8.83,8.55098,6.8],"to":[8.93,8.90902,7.3],"rotation":{"angle":0,"axis":"z","origin":[8.03,8.73,7.3]},"faces":{"north":{"uv":[1,1,2,2],"texture":"#0"},"east":{"uv":[1,1,2,2],"texture":"#0"},"south":{"uv":[5,1,6,2],"texture":"#0"},"west":{"uv":[5,1,6,2],"texture":"#0"}}},{"from":[8.83,8.55098,6.8],"to":[8.93,8.90902,7.3],"rotation":{"angle":-22.5,"axis":"z","origin":[8.03,8.73,7.3]},"faces":{"north":{"uv":[1,1,2,2],"texture":"#0"},"east":{"uv":[1,1,2,2],"texture":"#0"},"south":{"uv":[5,1,6,2],"texture":"#0"},"west":{"uv":[5,1,6,2],"texture":"#0"}}},{"from":[7.13,8.55098,6.8],"to":[7.23,8.90902,7.3],"rotation":{"angle":22.5,"axis":"z","origin":[8.03,8.73,7.3]},"faces":{"north":{"uv":[1,1,2,2],"texture":"#0"},"east":{"uv":[5,1,6,2],"texture":"#0"},"south":{"uv":[5,1,6,2],"texture":"#0"},"west":{"uv":[1,1,2,2],"texture":"#0"}}},{"from":[7.13,8.55098,6.8],"to":[7.23,8.90902,7.3],"rotation":{"angle":0,"axis":"z","origin":[8.03,8.73,7.3]},"faces":{"north":{"uv":[1,1,2,2],"texture":"#0"},"east":{"uv":[5,1,6,2],"texture":"#0"},"south":{"uv":[5,1,6,2],"texture":"#0"},"west":{"uv":[1,1,2,2],"texture":"#0"}}},{"from":[7.13,8.55098,6.8],"to":[7.23,8.90902,7.3],"rotation":{"angle":-22.5,"axis":"z","origin":[8.03,8.73,7.3]},"faces":{"north":{"uv":[1,1,2,2],"texture":"#0"},"east":{"uv":[5,1,6,2],"texture":"#0"},"south":{"uv":[5,1,6,2],"texture":"#0"},"west":{"uv":[1,1,2,2],"texture":"#0"}}},{"from":[7.84103,7.78,6.5],"to":[8.21897,7.88,6.8],"rotation":{"angle":45,"axis":"z","origin":[8.03,8.73,7]},"faces":{"north":{"uv":[1,1,2,2],"texture":"#0"},"south":{"uv":[1,1,2,2],"texture":"#0"},"up":{"uv":[2,2,1,1],"texture":"#0"},"down":{"uv":[2,2,1,1],"texture":"#0"}}},{"from":[7.84103,7.78,6.5],"to":[8.21897,7.88,6.8],"rotation":{"angle":22.5,"axis":"z","origin":[8.03,8.73,7]},"faces":{"north":{"uv":[1,1,2,2],"texture":"#0"},"south":{"uv":[1,1,2,2],"texture":"#0"},"up":{"uv":[2,2,1,1],"texture":"#0"},"down":{"uv":[2,2,1,1],"texture":"#0"}}},{"from":[7.84103,7.78,6.5],"to":[8.21897,7.88,6.8],"rotation":{"angle":0,"axis":"z","origin":[8.03,8.73,7]},"faces":{"north":{"uv":[1,1,2,2],"texture":"#0"},"south":{"uv":[1,1,2,2],"texture":"#0"},"up":{"uv":[2,2,1,1],"texture":"#0"},"down":{"uv":[2,2,1,1],"texture":"#0"}}},{"from":[7.84103,7.78,6.5],"to":[8.21897,7.88,6.8],"rotation":{"angle":-22.5,"axis":"z","origin":[8.03,8.73,7]},"faces":{"north":{"uv":[1,1,2,2],"texture":"#0"},"south":{"uv":[1,1,2,2],"texture":"#0"},"up":{"uv":[2,2,1,1],"texture":"#0"},"down":{"uv":[2,2,1,1],"texture":"#0"}}},{"from":[7.84103,7.78,6.5],"to":[8.21897,7.88,6.8],"rotation":{"angle":-45,"axis":"z","origin":[8.03,8.73,7]},"faces":{"north":{"uv":[1,1,2,2],"texture":"#0"},"south":{"uv":[1,1,2,2],"texture":"#0"},"up":{"uv":[2,2,1,1],"texture":"#0"},"down":{"uv":[2,2,1,1],"texture":"#0"}}},{"from":[7.84103,9.58,6.5],"to":[8.21897,9.68,6.8],"rotation":{"angle":45,"axis":"z","origin":[8.03,8.73,7]},"faces":{"north":{"uv":[1,1,2,2],"texture":"#0"},"south":{"uv":[1,1,2,2],"texture":"#0"},"up":{"uv":[2,2,1,1],"texture":"#0"},"down":{"uv":[2,2,1,1],"texture":"#0"}}},{"from":[7.84103,9.58,6.5],"to":[8.21897,9.68,6.8],"rotation":{"angle":22.5,"axis":"z","origin":[8.03,8.73,7]},"faces":{"north":{"uv":[1,1,2,2],"texture":"#0"},"south":{"uv":[1,1,2,2],"texture":"#0"},"up":{"uv":[2,2,1,1],"texture":"#0"},"down":{"uv":[2,2,1,1],"texture":"#0"}}},{"from":[7.84103,9.58,6.5],"to":[8.21897,9.68,6.8],"rotation":{"angle":0,"axis":"z","origin":[8.03,8.73,7]},"faces":{"north":{"uv":[1,1,2,2],"texture":"#0"},"south":{"uv":[1,1,2,2],"texture":"#0"},"up":{"uv":[2,2,1,1],"texture":"#0"},"down":{"uv":[2,2,1,1],"texture":"#0"}}},{"from":[7.84103,9.58,6.5],"to":[8.21897,9.68,6.8],"rotation":{"angle":-22.5,"axis":"z","origin":[8.03,8.73,7]},"faces":{"north":{"uv":[1,1,2,2],"texture":"#0"},"south":{"uv":[1,1,2,2],"texture":"#0"},"up":{"uv":[2,2,1,1],"texture":"#0"},"down":{"uv":[2,2,1,1],"texture":"#0"}}},{"from":[7.84103,9.58,6.5],"to":[8.21897,9.68,6.8],"rotation":{"angle":-45,"axis":"z","origin":[8.03,8.73,7]},"faces":{"north":{"uv":[1,1,2,2],"texture":"#0"},"south":{"uv":[1,1,2,2],"texture":"#0"},"up":{"uv":[2,2,1,1],"texture":"#0"},"down":{"uv":[2,2,1,1],"texture":"#0"}}},{"from":[8.88,8.54103,6.5],"to":[8.98,8.91897,6.8],"rotation":{"angle":22.5,"axis":"z","origin":[8.03,8.73,7]},"faces":{"north":{"uv":[1,1,2,2],"texture":"#0"},"east":{"uv":[1,1,2,2],"texture":"#0"},"south":{"uv":[1,1,2,2],"texture":"#0"},"west":{"uv":[1,1,2,2],"texture":"#0"}}},{"from":[8.88,8.54103,6.5],"to":[8.98,8.91897,6.8],"rotation":{"angle":0,"axis":"z","origin":[8.03,8.73,7]},"faces":{"north":{"uv":[1,1,2,2],"texture":"#0"},"east":{"uv":[1,1,2,2],"texture":"#0"},"south":{"uv":[1,1,2,2],"texture":"#0"},"west":{"uv":[1,1,2,2],"texture":"#0"}}},{"from":[8.88,8.54103,6.5],"to":[8.98,8.91897,6.8],"rotation":{"angle":-22.5,"axis":"z","origin":[8.03,8.73,7]},"faces":{"north":{"uv":[1,1,2,2],"texture":"#0"},"east":{"uv":[1,1,2,2],"texture":"#0"},"south":{"uv":[1,1,2,2],"texture":"#0"},"west":{"uv":[1,1,2,2],"texture":"#0"}}},{"from":[7.08,8.54103,6.5],"to":[7.18,8.91897,6.8],"rotation":{"angle":22.5,"axis":"z","origin":[8.03,8.73,7]},"faces":{"north":{"uv":[1,1,2,2],"texture":"#0"},"east":{"uv":[1,1,2,2],"texture":"#0"},"south":{"uv":[1,1,2,2],"texture":"#0"},"west":{"uv":[1,1,2,2],"texture":"#0"}}},{"from":[7.08,8.54103,6.5],"to":[7.18,8.91897,6.8],"rotation":{"angle":0,"axis":"z","origin":[8.03,8.73,7]},"faces":{"north":{"uv":[1,1,2,2],"texture":"#0"},"east":{"uv":[1,1,2,2],"texture":"#0"},"south":{"uv":[1,1,2,2],"texture":"#0"},"west":{"uv":[1,1,2,2],"texture":"#0"}}},{"from":[7.08,8.54103,6.5],"to":[7.18,8.91897,6.8],"rotation":{"angle":-22.5,"axis":"z","origin":[8.03,8.73,7]},"faces":{"north":{"uv":[1,1,2,2],"texture":"#0"},"east":{"uv":[1,1,2,2],"texture":"#0"},"south":{"uv":[1,1,2,2],"texture":"#0"},"west":{"uv":[1,1,2,2],"texture":"#0"}}},{"from":[7.8112,7.63,8.6],"to":[8.2488,7.73,11.3],"rotation":{"angle":45,"axis":"z","origin":[8.03,8.73,9.1]},"faces":{"north":{"uv":[1,1,2,2],"texture":"#0"},"east":{"uv":[1,1,2,2],"texture":"#0"},"south":{"uv":[1,1,2,2],"texture":"#0"},"west":{"uv":[1,1,2,2],"texture":"#0"},"up":{"uv":[6,2,5,1],"texture":"#0"},"down":{"uv":[2,2,1,1],"texture":"#0"}}},{"from":[7.8112,7.63,8.6],"to":[8.2488,7.73,11.3],"rotation":{"angle":22.5,"axis":"z","origin":[8.03,8.73,9.1]},"faces":{"north":{"uv":[1,1,2,2],"texture":"#0"},"east":{"uv":[1,1,2,2],"texture":"#0"},"south":{"uv":[1,1,2,2],"texture":"#0"},"west":{"uv":[1,1,2,2],"texture":"#0"},"up":{"uv":[6,2,5,1],"texture":"#0"},"down":{"uv":[2,2,1,1],"texture":"#0"}}},{"from":[7.8112,7.63,8.6],"to":[8.2488,7.73,11.3],"rotation":{"angle":0,"axis":"z","origin":[8.03,8.73,9.1]},"faces":{"east":{"uv":[1,1,2,2],"texture":"#0"},"south":{"uv":[1,1,2,2],"texture":"#0"},"west":{"uv":[1,1,2,2],"texture":"#0"},"up":{"uv":[6,2,5,1],"texture":"#0"},"down":{"uv":[2,2,1,1],"texture":"#0"}}},{"from":[7.8112,7.63,8.6],"to":[8.2488,7.73,11.3],"rotation":{"angle":-22.5,"axis":"z","origin":[8.03,8.73,9.1]},"faces":{"north":{"uv":[1,1,2,2],"texture":"#0"},"east":{"uv":[1,1,2,2],"texture":"#0"},"south":{"uv":[1,1,2,2],"texture":"#0"},"west":{"uv":[1,1,2,2],"texture":"#0"},"up":{"uv":[6,2,5,1],"texture":"#0"},"down":{"uv":[2,2,1,1],"texture":"#0"}}},{"from":[7.8112,7.63,8.6],"to":[8.2488,7.73,11.3],"rotation":{"angle":-45,"axis":"z","origin":[8.03,8.73,9.1]},"faces":{"north":{"uv":[1,1,2,2],"texture":"#0"},"east":{"uv":[1,1,2,2],"texture":"#0"},"south":{"uv":[1,1,2,2],"texture":"#0"},"west":{"uv":[1,1,2,2],"texture":"#0"},"up":{"uv":[6,2,5,1],"texture":"#0"},"down":{"uv":[2,2,1,1],"texture":"#0"}}},{"from":[7.8112,9.73,8.6],"to":[8.2488,9.83,11.3],"rotation":{"angle":45,"axis":"z","origin":[8.03,8.73,9.1]},"faces":{"north":{"uv":[1,1,2,2],"texture":"#0"},"east":{"uv":[1,1,2,2],"texture":"#0"},"south":{"uv":[1,1,2,2],"texture":"#0"},"west":{"uv":[1,1,2,2],"texture":"#0"},"up":{"uv":[2,2,1,1],"texture":"#0"},"down":{"uv":[6,2,5,1],"texture":"#0"}}},{"from":[7.8112,9.73,8.6],"to":[8.2488,9.83,11.3],"rotation":{"angle":22.5,"axis":"z","origin":[8.03,8.73,9.1]},"faces":{"north":{"uv":[1,1,2,2],"texture":"#0"},"east":{"uv":[1,1,2,2],"texture":"#0"},"south":{"uv":[1,1,2,2],"texture":"#0"},"west":{"uv":[1,1,2,2],"texture":"#0"},"up":{"uv":[2,2,1,1],"texture":"#0"},"down":{"uv":[6,2,5,1],"texture":"#0"}}},{"from":[7.8112,9.73,8.6],"to":[8.2488,9.83,11.3],"rotation":{"angle":0,"axis":"z","origin":[8.03,8.73,9.1]},"faces":{"north":{"uv":[1,1,2,2],"texture":"#0"},"east":{"uv":[1,1,2,2],"texture":"#0"},"south":{"uv":[1,1,2,2],"texture":"#0"},"west":{"uv":[1,1,2,2],"texture":"#0"},"up":{"uv":[2,2,1,1],"texture":"#0"},"down":{"uv":[6,2,5,1],"texture":"#0"}}},{"from":[7.8112,9.73,8.6],"to":[8.2488,9.83,11.3],"rotation":{"angle":-22.5,"axis":"z","origin":[8.03,8.73,9.1]},"faces":{"north":{"uv":[1,1,2,2],"texture":"#0"},"east":{"uv":[1,1,2,2],"texture":"#0"},"south":{"uv":[1,1,2,2],"texture":"#0"},"west":{"uv":[1,1,2,2],"texture":"#0"},"up":{"uv":[2,2,1,1],"texture":"#0"},"down":{"uv":[6,2,5,1],"texture":"#0"}}},{"from":[7.8112,9.73,8.6],"to":[8.2488,9.83,11.3],"rotation":{"angle":-45,"axis":"z","origin":[8.03,8.73,9.1]},"faces":{"north":{"uv":[1,1,2,2],"texture":"#0"},"east":{"uv":[1,1,2,2],"texture":"#0"},"south":{"uv":[1,1,2,2],"texture":"#0"},"west":{"uv":[1,1,2,2],"texture":"#0"},"up":{"uv":[2,2,1,1],"texture":"#0"},"down":{"uv":[6,2,5,1],"texture":"#0"}}},{"from":[9.03,8.5112,8.6],"to":[9.13,8.9488,11.3],"rotation":{"angle":22.5,"axis":"z","origin":[8.03,8.73,9.1]},"faces":{"north":{"uv":[1,1,2,2],"texture":"#0"},"east":{"uv":[1,1,2,2],"texture":"#0"},"south":{"uv":[1,1,2,2],"texture":"#0"},"west":{"uv":[5,1,6,2],"texture":"#0"},"up":{"uv":[2,2,1,1],"texture":"#0"},"down":{"uv":[2,2,1,1],"texture":"#0"}}},{"from":[9.03,8.5112,8.6],"to":[9.13,8.9488,11.3],"rotation":{"angle":0,"axis":"z","origin":[8.03,8.73,9.1]},"faces":{"north":{"uv":[1,1,2,2],"texture":"#0"},"east":{"uv":[1,1,2,2],"texture":"#0"},"south":{"uv":[1,1,2,2],"texture":"#0"},"west":{"uv":[5,1,6,2],"texture":"#0"},"up":{"uv":[2,2,1,1],"texture":"#0"},"down":{"uv":[2,2,1,1],"texture":"#0"}}},{"from":[9.03,8.5112,8.6],"to":[9.13,8.9488,11.3],"rotation":{"angle":-22.5,"axis":"z","origin":[8.03,8.73,9.1]},"faces":{"north":{"uv":[1,1,2,2],"texture":"#0"},"east":{"uv":[1,1,2,2],"texture":"#0"},"south":{"uv":[1,1,2,2],"texture":"#0"},"west":{"uv":[5,1,6,2],"texture":"#0"},"up":{"uv":[2,2,1,1],"texture":"#0"},"down":{"uv":[2,2,1,1],"texture":"#0"}}},{"from":[6.93,8.5112,8.6],"to":[7.03,8.9488,11.3],"rotation":{"angle":22.5,"axis":"z","origin":[8.03,8.73,9.1]},"faces":{"north":{"uv":[1,1,2,2],"texture":"#0"},"east":{"uv":[5,1,6,2],"texture":"#0"},"south":{"uv":[1,1,2,2],"texture":"#0"},"west":{"uv":[1,1,2,2],"texture":"#0"},"up":{"uv":[2,2,1,1],"texture":"#0"},"down":{"uv":[2,2,1,1],"texture":"#0"}}},{"from":[6.93,8.5112,8.6],"to":[7.03,8.9488,11.3],"rotation":{"angle":0,"axis":"z","origin":[8.03,8.73,9.1]},"faces":{"north":{"uv":[1,1,2,2],"texture":"#0"},"east":{"uv":[5,1,6,2],"texture":"#0"},"south":{"uv":[1,1,2,2],"texture":"#0"},"west":{"uv":[1,1,2,2],"texture":"#0"},"up":{"uv":[2,2,1,1],"texture":"#0"},"down":{"uv":[2,2,1,1],"texture":"#0"}}},{"from":[6.93,8.5112,8.6],"to":[7.03,8.9488,11.3],"rotation":{"angle":-22.5,"axis":"z","origin":[8.03,8.73,9.1]},"faces":{"north":{"uv":[1,1,2,2],"texture":"#0"},"east":{"uv":[5,1,6,2],"texture":"#0"},"south":{"uv":[1,1,2,2],"texture":"#0"},"west":{"uv":[1,1,2,2],"texture":"#0"},"up":{"uv":[2,2,1,1],"texture":"#0"},"down":{"uv":[2,2,1,1],"texture":"#0"}}},{"from":[7.8112,7.63,5.3],"to":[8.2488,7.73,6],"rotation":{"angle":45,"axis":"z","origin":[8.03,8.73,5.8]},"faces":{"north":{"uv":[1,1,2,2],"texture":"#0"},"east":{"uv":[1,1,2,2],"texture":"#0"},"south":{"uv":[1,1,2,2],"texture":"#0"},"west":{"uv":[1,1,2,2],"texture":"#0"},"up":{"uv":[2,2,1,1],"texture":"#0"},"down":{"uv":[2,2,1,1],"texture":"#0"}}},{"from":[7.8112,7.63,5.3],"to":[8.2488,7.73,6],"rotation":{"angle":22.5,"axis":"z","origin":[8.03,8.73,5.8]},"faces":{"north":{"uv":[1,1,2,2],"texture":"#0"},"east":{"uv":[1,1,2,2],"texture":"#0"},"south":{"uv":[1,1,2,2],"texture":"#0"},"west":{"uv":[1,1,2,2],"texture":"#0"},"up":{"uv":[2,2,1,1],"texture":"#0"},"down":{"uv":[2,2,1,1],"texture":"#0"}}},{"from":[7.8112,7.63,5.3],"to":[8.2488,7.73,6],"rotation":{"angle":0,"axis":"z","origin":[8.03,8.73,5.8]},"faces":{"north":{"uv":[1,1,2,2],"texture":"#0"},"east":{"uv":[1,1,2,2],"texture":"#0"},"south":{"uv":[1,1,2,2],"texture":"#0"},"west":{"uv":[1,1,2,2],"texture":"#0"},"up":{"uv":[2,2,1,1],"texture":"#0"},"down":{"uv":[2,2,1,1],"texture":"#0"}}},{"from":[7.8112,7.63,5.3],"to":[8.2488,7.73,6],"rotation":{"angle":-22.5,"axis":"z","origin":[8.03,8.73,5.8]},"faces":{"north":{"uv":[1,1,2,2],"texture":"#0"},"east":{"uv":[1,1,2,2],"texture":"#0"},"south":{"uv":[1,1,2,2],"texture":"#0"},"west":{"uv":[1,1,2,2],"texture":"#0"},"up":{"uv":[2,2,1,1],"texture":"#0"},"down":{"uv":[2,2,1,1],"texture":"#0"}}},{"from":[7.8112,7.63,5.3],"to":[8.2488,7.73,6],"rotation":{"angle":-45,"axis":"z","origin":[8.03,8.73,5.8]},"faces":{"north":{"uv":[1,1,2,2],"texture":"#0"},"east":{"uv":[1,1,2,2],"texture":"#0"},"south":{"uv":[1,1,2,2],"texture":"#0"},"west":{"uv":[1,1,2,2],"texture":"#0"},"up":{"uv":[2,2,1,1],"texture":"#0"},"down":{"uv":[2,2,1,1],"texture":"#0"}}},{"from":[7.8112,9.73,5.3],"to":[8.2488,9.83,6],"rotation":{"angle":45,"axis":"z","origin":[8.03,8.73,5.8]},"faces":{"north":{"uv":[1,1,2,2],"texture":"#0"},"east":{"uv":[1,1,2,2],"texture":"#0"},"south":{"uv":[1,1,2,2],"texture":"#0"},"west":{"uv":[1,1,2,2],"texture":"#0"},"up":{"uv":[2,2,1,1],"texture":"#0"},"down":{"uv":[2,2,1,1],"texture":"#0"}}},{"from":[7.8112,9.73,5.3],"to":[8.2488,9.83,6],"rotation":{"angle":22.5,"axis":"z","origin":[8.03,8.73,5.8]},"faces":{"north":{"uv":[1,1,2,2],"texture":"#0"},"east":{"uv":[1,1,2,2],"texture":"#0"},"south":{"uv":[1,1,2,2],"texture":"#0"},"west":{"uv":[1,1,2,2],"texture":"#0"},"up":{"uv":[2,2,1,1],"texture":"#0"},"down":{"uv":[2,2,1,1],"texture":"#0"}}},{"from":[7.8112,9.73,5.3],"to":[8.2488,9.83,6],"rotation":{"angle":0,"axis":"z","origin":[8.03,8.73,5.8]},"faces":{"north":{"uv":[1,1,2,2],"texture":"#0"},"east":{"uv":[1,1,2,2],"texture":"#0"},"south":{"uv":[1,1,2,2],"texture":"#0"},"west":{"uv":[1,1,2,2],"texture":"#0"},"up":{"uv":[2,2,1,1],"texture":"#0"},"down":{"uv":[2,2,1,1],"texture":"#0"}}},{"from":[7.8112,9.73,5.3],"to":[8.2488,9.83,6],"rotation":{"angle":-22.5,"axis":"z","origin":[8.03,8.73,5.8]},"faces":{"north":{"uv":[1,1,2,2],"texture":"#0"},"east":{"uv":[1,1,2,2],"texture":"#0"},"south":{"uv":[1,1,2,2],"texture":"#0"},"west":{"uv":[1,1,2,2],"texture":"#0"},"up":{"uv":[2,2,1,1],"texture":"#0"},"down":{"uv":[2,2,1,1],"texture":"#0"}}},{"from":[7.8112,9.73,5.3],"to":[8.2488,9.83,6],"rotation":{"angle":-45,"axis":"z","origin":[8.03,8.73,5.8]},"faces":{"north":{"uv":[1,1,2,2],"texture":"#0"},"east":{"uv":[1,1,2,2],"texture":"#0"},"south":{"uv":[1,1,2,2],"texture":"#0"},"west":{"uv":[1,1,2,2],"texture":"#0"},"up":{"uv":[2,2,1,1],"texture":"#0"},"down":{"uv":[2,2,1,1],"texture":"#0"}}},{"from":[9.03,8.5112,5.3],"to":[9.13,8.9488,6],"rotation":{"angle":22.5,"axis":"z","origin":[8.03,8.73,5.8]},"faces":{"north":{"uv":[1,1,2,2],"texture":"#0"},"east":{"uv":[1,1,2,2],"texture":"#0"},"south":{"uv":[1,1,2,2],"texture":"#0"},"west":{"uv":[1,1,2,2],"texture":"#0"},"up":{"uv":[2,2,1,1],"texture":"#0"},"down":{"uv":[2,2,1,1],"texture":"#0"}}},{"from":[9.03,8.5112,5.3],"to":[9.13,8.9488,6],"rotation":{"angle":0,"axis":"z","origin":[8.03,8.73,5.8]},"faces":{"north":{"uv":[1,1,2,2],"texture":"#0"},"east":{"uv":[1,1,2,2],"texture":"#0"},"south":{"uv":[1,1,2,2],"texture":"#0"},"west":{"uv":[1,1,2,2],"texture":"#0"},"up":{"uv":[2,2,1,1],"texture":"#0"},"down":{"uv":[2,2,1,1],"texture":"#0"}}},{"from":[9.03,8.5112,5.3],"to":[9.13,8.9488,6],"rotation":{"angle":-22.5,"axis":"z","origin":[8.03,8.73,5.8]},"faces":{"north":{"uv":[1,1,2,2],"texture":"#0"},"east":{"uv":[1,1,2,2],"texture":"#0"},"south":{"uv":[1,1,2,2],"texture":"#0"},"west":{"uv":[1,1,2,2],"texture":"#0"},"up":{"uv":[2,2,1,1],"texture":"#0"},"down":{"uv":[2,2,1,1],"texture":"#0"}}},{"from":[6.93,8.5112,5.3],"to":[7.03,8.9488,6],"rotation":{"angle":22.5,"axis":"z","origin":[8.03,8.73,5.8]},"faces":{"north":{"uv":[1,1,2,2],"texture":"#0"},"east":{"uv":[1,1,2,2],"texture":"#0"},"south":{"uv":[1,1,2,2],"texture":"#0"},"west":{"uv":[1,1,2,2],"texture":"#0"},"up":{"uv":[2,2,1,1],"texture":"#0"},"down":{"uv":[2,2,1,1],"texture":"#0"}}},{"from":[6.93,8.5112,5.3],"to":[7.03,8.9488,6],"rotation":{"angle":0,"axis":"z","origin":[8.03,8.73,5.8]},"faces":{"north":{"uv":[1,1,2,2],"texture":"#0"},"east":{"uv":[1,1,2,2],"texture":"#0"},"south":{"uv":[1,1,2,2],"texture":"#0"},"west":{"uv":[1,1,2,2],"texture":"#0"},"up":{"uv":[2,2,1,1],"texture":"#0"},"down":{"uv":[2,2,1,1],"texture":"#0"}}},{"from":[6.93,8.5112,5.3],"to":[7.03,8.9488,6],"rotation":{"angle":-22.5,"axis":"z","origin":[8.03,8.73,5.8]},"faces":{"north":{"uv":[1,1,2,2],"texture":"#0"},"east":{"uv":[1,1,2,2],"texture":"#0"},"south":{"uv":[1,1,2,2],"texture":"#0"},"west":{"uv":[1,1,2,2],"texture":"#0"},"up":{"uv":[2,2,1,1],"texture":"#0"},"down":{"uv":[2,2,1,1],"texture":"#0"}}},{"from":[7.83109,7.73,7.3],"to":[8.22891,7.83,8.6],"rotation":{"angle":45,"axis":"z","origin":[8.03,8.73,9.3]},"faces":{"north":{"uv":[1,1,2,2],"texture":"#0"},"east":{"uv":[1,1,2,2],"texture":"#0"},"south":{"uv":[5,1,6,2],"texture":"#0"},"west":{"uv":[1,1,2,2],"texture":"#0"},"up":{"uv":[6,2,5,1],"texture":"#0"},"down":{"uv":[2,2,1,1],"texture":"#0"}}},{"from":[7.83109,7.73,7.3],"to":[8.22891,7.83,8.6],"rotation":{"angle":22.5,"axis":"z","origin":[8.03,8.73,9.3]},"faces":{"north":{"uv":[1,1,2,2],"texture":"#0"},"east":{"uv":[1,1,2,2],"texture":"#0"},"south":{"uv":[5,1,6,2],"texture":"#0"},"up":{"uv":[6,2,5,1],"texture":"#0"},"down":{"uv":[2,2,1,1],"texture":"#0"}}},{"from":[7.83109,7.73,7.3],"to":[8.22891,7.83,8.6],"rotation":{"angle":0,"axis":"z","origin":[8.03,8.73,9.3]},"faces":{"north":{"uv":[1,1,2,2],"texture":"#0"},"south":{"uv":[5,1,6,2],"texture":"#0"},"up":{"uv":[6,2,5,1],"texture":"#0"}}},{"from":[7.83109,7.73,7.3],"to":[8.22891,7.83,8.6],"rotation":{"angle":-22.5,"axis":"z","origin":[8.03,8.73,9.3]},"faces":{"north":{"uv":[1,1,2,2],"texture":"#0"},"south":{"uv":[5,1,6,2],"texture":"#0"},"west":{"uv":[1,1,2,2],"texture":"#0"},"up":{"uv":[6,2,5,1],"texture":"#0"},"down":{"uv":[2,2,1,1],"texture":"#0"}}},{"from":[7.83109,7.73,7.3],"to":[8.22891,7.83,8.6],"rotation":{"angle":-45,"axis":"z","origin":[8.03,8.73,9.3]},"faces":{"north":{"uv":[1,1,2,2],"texture":"#0"},"east":{"uv":[1,1,2,2],"texture":"#0"},"south":{"uv":[5,1,6,2],"texture":"#0"},"west":{"uv":[1,1,2,2],"texture":"#0"},"up":{"uv":[6,2,5,1],"texture":"#0"},"down":{"uv":[2,2,1,1],"texture":"#0"}}},{"from":[7.83109,9.63,7.3],"to":[8.22891,9.73,8.6],"rotation":{"angle":45,"axis":"z","origin":[8.03,8.73,9.3]},"faces":{"north":{"uv":[1,1,2,2],"texture":"#0"},"east":{"uv":[1,1,2,2],"texture":"#0"},"south":{"uv":[5,1,6,2],"texture":"#0"},"west":{"uv":[1,1,2,2],"texture":"#0"},"up":{"uv":[2,2,1,1],"texture":"#0"},"down":{"uv":[6,2,5,1],"texture":"#0"}}},{"from":[7.83109,9.63,7.3],"to":[8.22891,9.73,8.6],"rotation":{"angle":22.5,"axis":"z","origin":[8.03,8.73,9.3]},"faces":{"north":{"uv":[1,1,2,2],"texture":"#0"},"east":{"uv":[1,1,2,2],"texture":"#0"},"south":{"uv":[5,1,6,2],"texture":"#0"},"west":{"uv":[1,1,2,2],"texture":"#0"},"up":{"uv":[2,2,1,1],"texture":"#0"},"down":{"uv":[6,2,5,1],"texture":"#0"}}},{"from":[7.83109,9.63,7.3],"to":[8.22891,9.73,8.6],"rotation":{"angle":0,"axis":"z","origin":[8.03,8.73,9.3]},"faces":{"north":{"uv":[1,1,2,2],"texture":"#0"},"east":{"uv":[1,1,2,2],"texture":"#0"},"south":{"uv":[5,1,6,2],"texture":"#0"},"west":{"uv":[1,1,2,2],"texture":"#0"},"up":{"uv":[2,2,1,1],"texture":"#0"},"down":{"uv":[6,2,5,1],"texture":"#0"}}},{"from":[7.83109,9.63,7.3],"to":[8.22891,9.73,8.6],"rotation":{"angle":-22.5,"axis":"z","origin":[8.03,8.73,9.3]},"faces":{"north":{"uv":[1,1,2,2],"texture":"#0"},"east":{"uv":[1,1,2,2],"texture":"#0"},"south":{"uv":[5,1,6,2],"texture":"#0"},"west":{"uv":[1,1,2,2],"texture":"#0"},"up":{"uv":[2,2,1,1],"texture":"#0"},"down":{"uv":[6,2,5,1],"texture":"#0"}}},{"from":[7.83109,9.63,7.3],"to":[8.22891,9.73,8.6],"rotation":{"angle":-45,"axis":"z","origin":[8.03,8.73,9.3]},"faces":{"north":{"uv":[1,1,2,2],"texture":"#0"},"east":{"uv":[1,1,2,2],"texture":"#0"},"south":{"uv":[5,1,6,2],"texture":"#0"},"west":{"uv":[1,1,2,2],"texture":"#0"},"up":{"uv":[2,2,1,1],"texture":"#0"},"down":{"uv":[6,2,5,1],"texture":"#0"}}},{"from":[8.93,8.53109,7.3],"to":[9.03,8.92891,8.6],"rotation":{"angle":22.5,"axis":"z","origin":[8.03,8.73,9.3]},"faces":{"north":{"uv":[1,1,2,2],"texture":"#0"},"east":{"uv":[1,1,2,2],"texture":"#0"},"south":{"uv":[5,1,6,2],"texture":"#0"},"west":{"uv":[5,1,6,2],"texture":"#0"},"up":{"uv":[2,2,1,1],"texture":"#0"},"down":{"uv":[2,2,1,1],"texture":"#0"}}},{"from":[8.93,8.53109,7.3],"to":[9.33,8.92891,8.6],"rotation":{"angle":0,"axis":"z","origin":[8.03,8.73,9.3]},"faces":{"north":{"uv":[5,1,6,2],"texture":"#0"},"east":{"uv":[5,1,6,2],"texture":"#0"},"south":{"uv":[5,1,6,2],"texture":"#0"},"west":{"uv":[5,1,6,2],"texture":"#0"},"up":{"uv":[5,1,6,2],"texture":"#0"},"down":{"uv":[5,1,6,2],"texture":"#0"}}},{"from":[8.93,8.53109,7.3],"to":[9.03,8.92891,8.6],"rotation":{"angle":-22.5,"axis":"z","origin":[8.03,8.73,9.3]},"faces":{"north":{"uv":[1,1,2,2],"texture":"#0"},"east":{"uv":[1,1,2,2],"texture":"#0"},"south":{"uv":[5,1,6,2],"texture":"#0"},"west":{"uv":[5,1,6,2],"texture":"#0"},"up":{"uv":[2,2,1,1],"texture":"#0"},"down":{"uv":[2,2,1,1],"texture":"#0"}}},{"from":[7.03,8.53109,7.3],"to":[7.13,8.92891,8.6],"rotation":{"angle":22.5,"axis":"z","origin":[8.03,8.73,9.3]},"faces":{"north":{"uv":[1,1,2,2],"texture":"#0"},"east":{"uv":[5,1,6,2],"texture":"#0"},"south":{"uv":[5,1,6,2],"texture":"#0"},"west":{"uv":[1,1,2,2],"texture":"#0"},"up":{"uv":[2,2,1,1],"texture":"#0"},"down":{"uv":[2,2,1,1],"texture":"#0"}}},{"from":[6.73,8.53109,7.3],"to":[7.13,8.92891,8.6],"rotation":{"angle":0,"axis":"z","origin":[8.03,8.73,9.3]},"faces":{"north":{"uv":[5,1,6,2],"texture":"#0"},"east":{"uv":[5,1,6,2],"texture":"#0"},"south":{"uv":[5,1,6,2],"texture":"#0"},"west":{"uv":[5,1,6,2],"texture":"#0"},"up":{"uv":[5,1,6,2],"texture":"#0"},"down":{"uv":[5,1,6,2],"texture":"#0"}}},{"from":[7.03,8.53109,7.3],"to":[7.13,8.92891,8.6],"rotation":{"angle":-22.5,"axis":"z","origin":[8.03,8.73,9.3]},"faces":{"north":{"uv":[1,1,2,2],"texture":"#0"},"east":{"uv":[5,1,6,2],"texture":"#0"},"south":{"uv":[5,1,6,2],"texture":"#0"},"west":{"uv":[1,1,2,2],"texture":"#0"},"up":{"uv":[2,2,1,1],"texture":"#0"},"down":{"uv":[2,2,1,1],"texture":"#0"}}},{"from":[7.83109,7.73,6],"to":[8.22891,7.83,6.5],"rotation":{"angle":45,"axis":"z","origin":[8.03,8.73,8]},"faces":{"north":{"uv":[1,1,2,2],"texture":"#0"},"east":{"uv":[1,1,2,2],"texture":"#0"},"south":{"uv":[1,1,2,2],"texture":"#0"},"west":{"uv":[1,1,2,2],"texture":"#0"},"up":{"uv":[2,2,1,1],"texture":"#0"},"down":{"uv":[2,2,1,1],"texture":"#0"}}},{"from":[7.83109,7.73,6],"to":[8.22891,7.83,6.5],"rotation":{"angle":22.5,"axis":"z","origin":[8.03,8.73,8]},"faces":{"north":{"uv":[1,1,2,2],"texture":"#0"},"east":{"uv":[1,1,2,2],"texture":"#0"},"south":{"uv":[1,1,2,2],"texture":"#0"},"west":{"uv":[1,1,2,2],"texture":"#0"},"up":{"uv":[2,2,1,1],"texture":"#0"},"down":{"uv":[2,2,1,1],"texture":"#0"}}},{"from":[7.83109,7.73,6],"to":[8.22891,7.83,6.5],"rotation":{"angle":0,"axis":"z","origin":[8.03,8.73,8]},"faces":{"north":{"uv":[1,1,2,2],"texture":"#0"},"east":{"uv":[1,1,2,2],"texture":"#0"},"south":{"uv":[1,1,2,2],"texture":"#0"},"west":{"uv":[1,1,2,2],"texture":"#0"},"up":{"uv":[2,2,1,1],"texture":"#0"},"down":{"uv":[2,2,1,1],"texture":"#0"}}},{"from":[7.83109,7.73,6],"to":[8.22891,7.83,6.5],"rotation":{"angle":-22.5,"axis":"z","origin":[8.03,8.73,8]},"faces":{"north":{"uv":[1,1,2,2],"texture":"#0"},"east":{"uv":[1,1,2,2],"texture":"#0"},"south":{"uv":[1,1,2,2],"texture":"#0"},"west":{"uv":[1,1,2,2],"texture":"#0"},"up":{"uv":[2,2,1,1],"texture":"#0"},"down":{"uv":[2,2,1,1],"texture":"#0"}}},{"from":[7.83109,7.73,6],"to":[8.22891,7.83,6.5],"rotation":{"angle":-45,"axis":"z","origin":[8.03,8.73,8]},"faces":{"north":{"uv":[1,1,2,2],"texture":"#0"},"east":{"uv":[1,1,2,2],"texture":"#0"},"south":{"uv":[1,1,2,2],"texture":"#0"},"west":{"uv":[1,1,2,2],"texture":"#0"},"up":{"uv":[2,2,1,1],"texture":"#0"},"down":{"uv":[2,2,1,1],"texture":"#0"}}},{"from":[7.83109,9.63,6],"to":[8.22891,9.73,6.5],"rotation":{"angle":45,"axis":"z","origin":[8.03,8.73,8]},"faces":{"north":{"uv":[1,1,2,2],"texture":"#0"},"east":{"uv":[1,1,2,2],"texture":"#0"},"south":{"uv":[1,1,2,2],"texture":"#0"},"west":{"uv":[1,1,2,2],"texture":"#0"},"up":{"uv":[2,2,1,1],"texture":"#0"},"down":{"uv":[2,2,1,1],"texture":"#0"}}},{"from":[7.83109,9.63,6],"to":[8.22891,9.73,6.5],"rotation":{"angle":22.5,"axis":"z","origin":[8.03,8.73,8]},"faces":{"north":{"uv":[1,1,2,2],"texture":"#0"},"east":{"uv":[1,1,2,2],"texture":"#0"},"south":{"uv":[1,1,2,2],"texture":"#0"},"west":{"uv":[1,1,2,2],"texture":"#0"},"up":{"uv":[2,2,1,1],"texture":"#0"},"down":{"uv":[2,2,1,1],"texture":"#0"}}},{"from":[7.83109,9.63,6],"to":[8.22891,9.73,6.5],"rotation":{"angle":0,"axis":"z","origin":[8.03,8.73,8]},"faces":{"north":{"uv":[1,1,2,2],"texture":"#0"},"east":{"uv":[1,1,2,2],"texture":"#0"},"south":{"uv":[1,1,2,2],"texture":"#0"},"west":{"uv":[1,1,2,2],"texture":"#0"},"up":{"uv":[2,2,1,1],"texture":"#0"},"down":{"uv":[2,2,1,1],"texture":"#0"}}},{"from":[7.83109,9.63,6],"to":[8.22891,9.73,6.5],"rotation":{"angle":-22.5,"axis":"z","origin":[8.03,8.73,8]},"faces":{"north":{"uv":[1,1,2,2],"texture":"#0"},"east":{"uv":[1,1,2,2],"texture":"#0"},"south":{"uv":[1,1,2,2],"texture":"#0"},"west":{"uv":[1,1,2,2],"texture":"#0"},"up":{"uv":[2,2,1,1],"texture":"#0"},"down":{"uv":[2,2,1,1],"texture":"#0"}}},{"from":[7.83109,9.63,6],"to":[8.22891,9.73,6.5],"rotation":{"angle":-45,"axis":"z","origin":[8.03,8.73,8]},"faces":{"north":{"uv":[1,1,2,2],"texture":"#0"},"east":{"uv":[1,1,2,2],"texture":"#0"},"south":{"uv":[1,1,2,2],"texture":"#0"},"west":{"uv":[1,1,2,2],"texture":"#0"},"up":{"uv":[2,2,1,1],"texture":"#0"},"down":{"uv":[2,2,1,1],"texture":"#0"}}},{"from":[8.93,8.53109,6],"to":[9.03,8.92891,6.5],"rotation":{"angle":22.5,"axis":"z","origin":[8.03,8.73,8]},"faces":{"north":{"uv":[1,1,2,2],"texture":"#0"},"east":{"uv":[1,1,2,2],"texture":"#0"},"south":{"uv":[1,1,2,2],"texture":"#0"},"west":{"uv":[1,1,2,2],"texture":"#0"},"up":{"uv":[2,2,1,1],"texture":"#0"},"down":{"uv":[2,2,1,1],"texture":"#0"}}},{"from":[8.93,8.53109,6],"to":[9.03,8.92891,6.5],"rotation":{"angle":0,"axis":"z","origin":[8.03,8.73,8]},"faces":{"north":{"uv":[1,1,2,2],"texture":"#0"},"east":{"uv":[1,1,2,2],"texture":"#0"},"south":{"uv":[1,1,2,2],"texture":"#0"},"west":{"uv":[1,1,2,2],"texture":"#0"},"up":{"uv":[2,2,1,1],"texture":"#0"},"down":{"uv":[2,2,1,1],"texture":"#0"}}},{"from":[8.93,8.53109,6],"to":[9.03,8.92891,6.5],"rotation":{"angle":-22.5,"axis":"z","origin":[8.03,8.73,8]},"faces":{"north":{"uv":[1,1,2,2],"texture":"#0"},"east":{"uv":[1,1,2,2],"texture":"#0"},"south":{"uv":[1,1,2,2],"texture":"#0"},"west":{"uv":[1,1,2,2],"texture":"#0"},"up":{"uv":[2,2,1,1],"texture":"#0"},"down":{"uv":[2,2,1,1],"texture":"#0"}}},{"from":[7.03,8.53109,6],"to":[7.13,8.92891,6.5],"rotation":{"angle":22.5,"axis":"z","origin":[8.03,8.73,8]},"faces":{"north":{"uv":[1,1,2,2],"texture":"#0"},"east":{"uv":[1,1,2,2],"texture":"#0"},"south":{"uv":[1,1,2,2],"texture":"#0"},"west":{"uv":[1,1,2,2],"texture":"#0"},"up":{"uv":[2,2,1,1],"texture":"#0"},"down":{"uv":[2,2,1,1],"texture":"#0"}}},{"from":[7.03,8.53109,6],"to":[7.13,8.92891,6.5],"rotation":{"angle":0,"axis":"z","origin":[8.03,8.73,8]},"faces":{"north":{"uv":[1,1,2,2],"texture":"#0"},"east":{"uv":[1,1,2,2],"texture":"#0"},"south":{"uv":[1,1,2,2],"texture":"#0"},"west":{"uv":[1,1,2,2],"texture":"#0"},"up":{"uv":[2,2,1,1],"texture":"#0"},"down":{"uv":[2,2,1,1],"texture":"#0"}}},{"from":[7.03,8.53109,6],"to":[7.13,8.92891,6.5],"rotation":{"angle":-22.5,"axis":"z","origin":[8.03,8.73,8]},"faces":{"north":{"uv":[1,1,2,2],"texture":"#0"},"east":{"uv":[1,1,2,2],"texture":"#0"},"south":{"uv":[1,1,2,2],"texture":"#0"},"west":{"uv":[1,1,2,2],"texture":"#0"},"up":{"uv":[2,2,1,1],"texture":"#0"},"down":{"uv":[2,2,1,1],"texture":"#0"}}},{"from":[7.06,6.98033,8.4],"to":[7.41,7.09967,9],"rotation":{"angle":45,"axis":"x","origin":[6.86,7.04,8.7]},"faces":{"north":{"uv":[1,1,2,2],"texture":"#0"},"east":{"uv":[1,1,2,2],"texture":"#0"},"south":{"uv":[1,1,2,2],"texture":"#0"},"west":{"uv":[1,1,2,2],"texture":"#0"},"up":{"uv":[2,2,1,1],"texture":"#0"},"down":{"uv":[2,2,1,1],"texture":"#0"}}},{"from":[7.06,6.98033,8.4],"to":[7.41,7.09967,9],"rotation":{"angle":22.5,"axis":"x","origin":[6.86,7.04,8.7]},"faces":{"north":{"uv":[1,1,2,2],"texture":"#0"},"east":{"uv":[1,1,2,2],"texture":"#0"},"south":{"uv":[1,1,2,2],"texture":"#0"},"west":{"uv":[1,1,2,2],"texture":"#0"},"up":{"uv":[2,2,1,1],"texture":"#0"},"down":{"uv":[2,2,1,1],"texture":"#0"}}},{"from":[7.06,6.98033,8.4],"to":[7.41,7.09967,9],"rotation":{"angle":0,"axis":"x","origin":[6.86,7.04,8.7]},"faces":{"north":{"uv":[1,1,2,2],"texture":"#0"},"east":{"uv":[1,1,2,2],"texture":"#0"},"south":{"uv":[1,1,2,2],"texture":"#0"},"west":{"uv":[1,1,2,2],"texture":"#0"},"up":{"uv":[2,2,1,1],"texture":"#0"},"down":{"uv":[2,2,1,1],"texture":"#0"}}},{"from":[7.06,6.98033,8.4],"to":[7.41,7.09967,9],"rotation":{"angle":-22.5,"axis":"x","origin":[6.86,7.04,8.7]},"faces":{"north":{"uv":[1,1,2,2],"texture":"#0"},"east":{"uv":[1,1,2,2],"texture":"#0"},"south":{"uv":[1,1,2,2],"texture":"#0"},"west":{"uv":[1,1,2,2],"texture":"#0"},"up":{"uv":[2,2,1,1],"texture":"#0"},"down":{"uv":[2,2,1,1],"texture":"#0"}}},{"from":[7.06,6.98033,8.4],"to":[7.41,7.09967,9],"rotation":{"angle":-45,"axis":"x","origin":[6.86,7.04,8.7]},"faces":{"north":{"uv":[1,1,2,2],"texture":"#0"},"east":{"uv":[1,1,2,2],"texture":"#0"},"south":{"uv":[1,1,2,2],"texture":"#0"},"west":{"uv":[1,1,2,2],"texture":"#0"},"up":{"uv":[2,2,1,1],"texture":"#0"},"down":{"uv":[2,2,1,1],"texture":"#0"}}},{"from":[7.06,6.74,8.64033],"to":[7.41,7.34,8.75967],"rotation":{"angle":22.5,"axis":"x","origin":[6.86,7.04,8.7]},"faces":{"north":{"uv":[1,1,2,2],"texture":"#0"},"east":{"uv":[1,1,2,2],"texture":"#0"},"south":{"uv":[1,1,2,2],"texture":"#0"},"west":{"uv":[1,1,2,2],"texture":"#0"},"up":{"uv":[2,2,1,1],"texture":"#0"},"down":{"uv":[2,2,1,1],"texture":"#0"}}},{"from":[7.06,6.74,8.64033],"to":[7.41,7.34,8.75967],"rotation":{"angle":0,"axis":"x","origin":[6.86,7.04,8.7]},"faces":{"north":{"uv":[1,1,2,2],"texture":"#0"},"east":{"uv":[1,1,2,2],"texture":"#0"},"south":{"uv":[1,1,2,2],"texture":"#0"},"west":{"uv":[1,1,2,2],"texture":"#0"},"up":{"uv":[2,2,1,1],"texture":"#0"},"down":{"uv":[2,2,1,1],"texture":"#0"}}},{"from":[7.06,6.74,8.64033],"to":[7.41,7.34,8.75967],"rotation":{"angle":-22.5,"axis":"x","origin":[6.86,7.04,8.7]},"faces":{"north":{"uv":[1,1,2,2],"texture":"#0"},"east":{"uv":[1,1,2,2],"texture":"#0"},"south":{"uv":[1,1,2,2],"texture":"#0"},"west":{"uv":[1,1,2,2],"texture":"#0"},"up":{"uv":[2,2,1,1],"texture":"#0"},"down":{"uv":[2,2,1,1],"texture":"#0"}}},{"from":[7.97033,9.74,9.7],"to":[8.08967,10,10.3],"rotation":{"angle":-45,"axis":"y","origin":[8.03,10.24,10]},"faces":{"north":{"uv":[1,1,2,2],"texture":"#0"},"east":{"uv":[1,1,2,2],"texture":"#0"},"south":{"uv":[1,1,2,2],"texture":"#0"},"west":{"uv":[1,1,2,2],"texture":"#0"},"up":{"uv":[2,2,1,1],"texture":"#0"},"down":{"uv":[2,2,1,1],"texture":"#0"}}},{"from":[7.97033,9.74,9.7],"to":[8.08967,10,10.3],"rotation":{"angle":-22.5,"axis":"y","origin":[8.03,10.24,10]},"faces":{"north":{"uv":[1,1,2,2],"texture":"#0"},"east":{"uv":[1,1,2,2],"texture":"#0"},"south":{"uv":[1,1,2,2],"texture":"#0"},"west":{"uv":[1,1,2,2],"texture":"#0"},"up":{"uv":[2,2,1,1],"texture":"#0"},"down":{"uv":[2,2,1,1],"texture":"#0"}}},{"from":[7.97033,9.74,9.7],"to":[8.08967,10,10.3],"rotation":{"angle":0,"axis":"y","origin":[8.03,10.24,10]},"faces":{"north":{"uv":[1,1,2,2],"texture":"#0"},"east":{"uv":[1,1,2,2],"texture":"#0"},"south":{"uv":[1,1,2,2],"texture":"#0"},"west":{"uv":[1,1,2,2],"texture":"#0"},"up":{"uv":[2,2,1,1],"texture":"#0"}}},{"from":[7.97033,9.74,9.7],"to":[8.08967,10,10.3],"rotation":{"angle":22.5,"axis":"y","origin":[8.03,10.24,10]},"faces":{"north":{"uv":[1,1,2,2],"texture":"#0"},"east":{"uv":[1,1,2,2],"texture":"#0"},"south":{"uv":[1,1,2,2],"texture":"#0"},"west":{"uv":[1,1,2,2],"texture":"#0"},"up":{"uv":[2,2,1,1],"texture":"#0"},"down":{"uv":[2,2,1,1],"texture":"#0"}}},{"from":[7.97033,9.74,9.7],"to":[8.08967,10,10.3],"rotation":{"angle":45,"axis":"y","origin":[8.03,10.24,10]},"faces":{"north":{"uv":[1,1,2,2],"texture":"#0"},"east":{"uv":[1,1,2,2],"texture":"#0"},"south":{"uv":[1,1,2,2],"texture":"#0"},"west":{"uv":[1,1,2,2],"texture":"#0"},"up":{"uv":[2,2,1,1],"texture":"#0"},"down":{"uv":[2,2,1,1],"texture":"#0"}}},{"from":[7.73,9.74,9.94033],"to":[8.33,10,10.05967],"rotation":{"angle":-22.5,"axis":"y","origin":[8.03,10.24,10]},"faces":{"north":{"uv":[1,1,2,2],"texture":"#0"},"east":{"uv":[1,1,2,2],"texture":"#0"},"south":{"uv":[1,1,2,2],"texture":"#0"},"west":{"uv":[1,1,2,2],"texture":"#0"},"up":{"uv":[2,2,1,1],"texture":"#0"},"down":{"uv":[2,2,1,1],"texture":"#0"}}},{"from":[7.73,9.74,9.94033],"to":[8.33,10,10.05967],"rotation":{"angle":0,"axis":"y","origin":[8.03,10.24,10]},"faces":{"north":{"uv":[1,1,2,2],"texture":"#0"},"east":{"uv":[1,1,2,2],"texture":"#0"},"south":{"uv":[1,1,2,2],"texture":"#0"},"west":{"uv":[1,1,2,2],"texture":"#0"}}},{"from":[7.73,9.74,9.94033],"to":[8.33,10,10.05967],"rotation":{"angle":22.5,"axis":"y","origin":[8.03,10.24,10]},"faces":{"north":{"uv":[1,1,2,2],"texture":"#0"},"east":{"uv":[1,1,2,2],"texture":"#0"},"south":{"uv":[1,1,2,2],"texture":"#0"},"west":{"uv":[1,1,2,2],"texture":"#0"},"up":{"uv":[2,2,1,1],"texture":"#0"},"down":{"uv":[2,2,1,1],"texture":"#0"}}},{"from":[9.06,8.67033,9.7],"to":[9.36,8.78967,10.3],"rotation":{"angle":45,"axis":"x","origin":[9.56,8.73,10]},"faces":{"north":{"uv":[1,1,2,2],"texture":"#0"},"east":{"uv":[1,1,2,2],"texture":"#0"},"south":{"uv":[1,1,2,2],"texture":"#0"},"west":{"uv":[1,1,2,2],"texture":"#0"},"up":{"uv":[2,2,1,1],"texture":"#0"},"down":{"uv":[2,2,1,1],"texture":"#0"}}},{"from":[9.06,8.67033,9.7],"to":[9.36,8.78967,10.3],"rotation":{"angle":22.5,"axis":"x","origin":[9.56,8.73,10]},"faces":{"north":{"uv":[1,1,2,2],"texture":"#0"},"east":{"uv":[1,1,2,2],"texture":"#0"},"south":{"uv":[1,1,2,2],"texture":"#0"},"west":{"uv":[1,1,2,2],"texture":"#0"},"up":{"uv":[2,2,1,1],"texture":"#0"},"down":{"uv":[2,2,1,1],"texture":"#0"}}},{"from":[9.06,8.67033,9.7],"to":[9.36,8.78967,10.3],"rotation":{"angle":0,"axis":"x","origin":[9.56,8.73,10]},"faces":{"north":{"uv":[1,1,2,2],"texture":"#0"},"east":{"uv":[1,1,2,2],"texture":"#0"},"south":{"uv":[1,1,2,2],"texture":"#0"},"up":{"uv":[2,2,1,1],"texture":"#0"},"down":{"uv":[2,2,1,1],"texture":"#0"}}},{"from":[9.06,8.67033,9.7],"to":[9.36,8.78967,10.3],"rotation":{"angle":-22.5,"axis":"x","origin":[9.56,8.73,10]},"faces":{"north":{"uv":[1,1,2,2],"texture":"#0"},"east":{"uv":[1,1,2,2],"texture":"#0"},"south":{"uv":[1,1,2,2],"texture":"#0"},"west":{"uv":[1,1,2,2],"texture":"#0"},"up":{"uv":[2,2,1,1],"texture":"#0"},"down":{"uv":[2,2,1,1],"texture":"#0"}}},{"from":[9.06,8.67033,9.7],"to":[9.36,8.78967,10.3],"rotation":{"angle":-45,"axis":"x","origin":[9.56,8.73,10]},"faces":{"north":{"uv":[1,1,2,2],"texture":"#0"},"east":{"uv":[1,1,2,2],"texture":"#0"},"south":{"uv":[1,1,2,2],"texture":"#0"},"west":{"uv":[1,1,2,2],"texture":"#0"},"up":{"uv":[2,2,1,1],"texture":"#0"},"down":{"uv":[2,2,1,1],"texture":"#0"}}},{"from":[9.06,8.43,9.94033],"to":[9.36,9.03,10.05967],"rotation":{"angle":22.5,"axis":"x","origin":[9.56,8.73,10]},"faces":{"north":{"uv":[1,1,2,2],"texture":"#0"},"east":{"uv":[1,1,2,2],"texture":"#0"},"south":{"uv":[1,1,2,2],"texture":"#0"},"west":{"uv":[1,1,2,2],"texture":"#0"},"up":{"uv":[2,2,1,1],"texture":"#0"},"down":{"uv":[2,2,1,1],"texture":"#0"}}},{"from":[9.06,8.43,9.94033],"to":[9.36,9.03,10.05967],"rotation":{"angle":0,"axis":"x","origin":[9.56,8.73,10]},"faces":{"north":{"uv":[1,1,2,2],"texture":"#0"},"south":{"uv":[1,1,2,2],"texture":"#0"},"up":{"uv":[2,2,1,1],"texture":"#0"},"down":{"uv":[2,2,1,1],"texture":"#0"}}},{"from":[9.36,8.43,9.74033],"to":[9.45,9.73,10.25967],"rotation":{"angle":0,"axis":"x","origin":[9.56,8.73,10]},"faces":{"north":{"uv":[1,1,2,2],"texture":"#0"},"east":{"uv":[1,1,2,2],"texture":"#0"},"south":{"uv":[1,1,2,2],"texture":"#0"},"west":{"uv":[1,1,2,2],"texture":"#0"},"down":{"uv":[2,2,1,1],"texture":"#0"}}},{"from":[9.06,8.43,9.94033],"to":[9.36,9.03,10.05967],"rotation":{"angle":-22.5,"axis":"x","origin":[9.56,8.73,10]},"faces":{"north":{"uv":[1,1,2,2],"texture":"#0"},"east":{"uv":[1,1,2,2],"texture":"#0"},"south":{"uv":[1,1,2,2],"texture":"#0"},"west":{"uv":[1,1,2,2],"texture":"#0"},"up":{"uv":[2,2,1,1],"texture":"#0"},"down":{"uv":[2,2,1,1],"texture":"#0"}}},{"from":[7.7112,7.53,7.3],"to":[8.3488,7.82,8.6],"rotation":{"angle":0,"axis":"z","origin":[8.03,8.73,9.1]},"faces":{"north":{"uv":[1,1,2,2],"texture":"#0"},"east":{"uv":[1,1,2,2],"texture":"#0"},"west":{"uv":[1,1,2,2],"texture":"#0"},"down":{"uv":[2,2,1,1],"texture":"#0"}}},{"from":[7.7112,7.53,8.6],"to":[8.3488,7.72,10.6],"rotation":{"angle":0,"axis":"z","origin":[8.03,8.73,9.1]},"faces":{"east":{"uv":[1,1,2,2],"texture":"#0"},"south":{"uv":[1,1,2,2],"texture":"#0"},"west":{"uv":[1,1,2,2],"texture":"#0"},"down":{"uv":[2,2,1,1],"texture":"#0"}}},{"from":[8.2112,9.78,10.8],"to":[8.3488,10.17,11.29],"rotation":{"angle":0,"axis":"z","origin":[8.03,8.73,9.1]},"faces":{"north":{"uv":[1,1,2,2],"texture":"#0"},"east":{"uv":[1,1,2,2],"texture":"#0"},"south":{"uv":[1,1,2,2],"texture":"#0"},"west":{"uv":[1,1,2,2],"texture":"#0"},"up":{"uv":[2,2,1,1],"texture":"#0"}}},{"from":[7.7112,9.78,10.8],"to":[7.8488,10.17,11.29],"rotation":{"angle":0,"axis":"z","origin":[8.03,8.73,9.1]},"faces":{"north":{"uv":[1,1,2,2],"texture":"#0"},"east":{"uv":[1,1,2,2],"texture":"#0"},"south":{"uv":[1,1,2,2],"texture":"#0"},"west":{"uv":[1,1,2,2],"texture":"#0"},"up":{"uv":[2,2,1,1],"texture":"#0"}}},{"from":[8.2112,9.78,5.31],"to":[8.3488,10.17,5.8],"rotation":{"angle":0,"axis":"z","origin":[8.03,8.73,9.1]},"faces":{"north":{"uv":[1,1,2,2],"texture":"#0"},"east":{"uv":[1,1,2,2],"texture":"#0"},"south":{"uv":[1,1,2,2],"texture":"#0"},"west":{"uv":[1,1,2,2],"texture":"#0"},"up":{"uv":[2,2,1,1],"texture":"#0"}}},{"from":[7.7112,9.78,5.31],"to":[7.8488,10.17,5.8],"rotation":{"angle":0,"axis":"z","origin":[8.03,8.73,9.1]},"faces":{"north":{"uv":[1,1,2,2],"texture":"#0"},"east":{"uv":[1,1,2,2],"texture":"#0"},"south":{"uv":[1,1,2,2],"texture":"#0"},"west":{"uv":[1,1,2,2],"texture":"#0"},"up":{"uv":[2,2,1,1],"texture":"#0"}}},{"from":[7.4112,7.23,7.3],"to":[8.6488,7.43,10.6],"rotation":{"angle":0,"axis":"z","origin":[8.03,8.73,9.1]},"faces":{"north":{"uv":[1,1,2,2],"texture":"#0"},"south":{"uv":[1,1,2,2],"texture":"#0"},"west":{"uv":[1,1,2,2],"texture":"#0"},"up":{"uv":[2,2,1,1],"texture":"#0"},"down":{"uv":[2,2,1,1],"texture":"#0"}}},{"from":[7.27359,7.03,8.3],"to":[7.4112,7.43,9.1],"rotation":{"angle":0,"axis":"z","origin":[7.73239,8.73,10.3]},"faces":{"north":{"uv":[1,1,2,2],"texture":"#0"},"east":{"uv":[1,1,2,2],"texture":"#0"},"south":{"uv":[1,1,2,2],"texture":"#0"},"west":{"uv":[1,1,2,2],"texture":"#0"},"up":{"uv":[2,2,1,1],"texture":"#0"},"down":{"uv":[2,2,1,1],"texture":"#0"}}},{"from":[8.6488,6.93,7.3],"to":[8.78641,7.43,10.6],"rotation":{"angle":0,"axis":"z","origin":[7.96761,8.73,9.1]},"faces":{"north":{"uv":[1,1,2,2],"texture":"#0"},"east":{"uv":[1,1,2,2],"texture":"#0"},"south":{"uv":[1,1,2,2],"texture":"#0"},"west":{"uv":[1,1,2,2],"texture":"#0"},"up":{"uv":[2,2,1,1],"texture":"#0"},"down":{"uv":[2,2,1,1],"texture":"#0"}}},{"from":[8.5112,6.93,7.3],"to":[8.6488,7.03,10.6],"rotation":{"angle":0,"axis":"z","origin":[8.03,8.73,9.1]},"faces":{"north":{"uv":[1,1,2,2],"texture":"#0"},"south":{"uv":[1,1,2,2],"texture":"#0"},"west":{"uv":[1,1,2,2],"texture":"#0"},"up":{"uv":[2,2,1,1],"texture":"#0"},"down":{"uv":[2,2,1,1],"texture":"#0"}}},{"from":[7.8112,7.43,7.3],"to":[8.3488,7.53,10.6],"rotation":{"angle":0,"axis":"z","origin":[8.03,8.73,9.1]},"faces":{"north":{"uv":[1,1,2,2],"texture":"#0"},"east":{"uv":[1,1,2,2],"texture":"#0"},"south":{"uv":[1,1,2,2],"texture":"#0"},"west":{"uv":[1,1,2,2],"texture":"#0"}}},{"from":[8.98033,9.4,8.6],"to":[9.09967,10,11],"rotation":{"angle":45,"axis":"z","origin":[9.04,9.7,9.1]},"faces":{"north":{"uv":[1,1,2,2],"texture":"#0"},"east":{"uv":[1,1,2,2],"texture":"#0"},"south":{"uv":[1,1,2,2],"texture":"#0"},"west":{"uv":[1,1,2,2],"texture":"#0"},"up":{"uv":[2,2,1,1],"texture":"#0"},"down":{"uv":[2,2,1,1],"texture":"#0"}}},{"from":[8.98033,9.4,8.6],"to":[9.09967,10,11],"rotation":{"angle":22.5,"axis":"z","origin":[9.04,9.7,9.1]},"faces":{"east":{"uv":[1,1,2,2],"texture":"#0"},"west":{"uv":[1,1,2,2],"texture":"#0"},"up":{"uv":[2,2,1,1],"texture":"#0"},"down":{"uv":[2,2,1,1],"texture":"#0"}}},{"from":[8.98033,9.4,8.6],"to":[9.09967,10,11],"rotation":{"angle":0,"axis":"z","origin":[9.04,9.7,9.1]},"faces":{"north":{"uv":[1,1,2,2],"texture":"#0"},"east":{"uv":[1,1,2,2],"texture":"#0"},"south":{"uv":[1,1,2,2],"texture":"#0"},"west":{"uv":[1,1,2,2],"texture":"#0"},"up":{"uv":[2,2,1,1],"texture":"#0"},"down":{"uv":[2,2,1,1],"texture":"#0"}}},{"from":[7.68033,9.9998,9.74033],"to":[9.1195,10.08958,10.25967],"rotation":{"angle":0,"axis":"z","origin":[9.04,9.7,9.1]},"faces":{"north":{"uv":[1,1,2,2],"texture":"#0"},"south":{"uv":[1,1,2,2],"texture":"#0"},"west":{"uv":[1,1,2,2],"texture":"#0"},"up":{"uv":[2,2,1,1],"texture":"#0"},"down":{"uv":[2,2,1,1],"texture":"#0"}}},{"from":[8.98033,9.3,8.6],"to":[9.09967,10,11],"rotation":{"angle":-22.5,"axis":"z","origin":[9.04,9.7,9.1]},"faces":{"north":{"uv":[1,1,2,2],"texture":"#0"},"east":{"uv":[1,1,2,2],"texture":"#0"},"south":{"uv":[1,1,2,2],"texture":"#0"},"west":{"uv":[1,1,2,2],"texture":"#0"},"up":{"uv":[2,2,1,1],"texture":"#0"}}},{"from":[8.98033,9.4,8.6],"to":[9.09967,10,11],"rotation":{"angle":-45,"axis":"z","origin":[9.04,9.7,9.1]},"faces":{"north":{"uv":[1,1,2,2],"texture":"#0"},"east":{"uv":[1,1,2,2],"texture":"#0"},"south":{"uv":[1,1,2,2],"texture":"#0"},"west":{"uv":[1,1,2,2],"texture":"#0"},"up":{"uv":[2,2,1,1],"texture":"#0"},"down":{"uv":[2,2,1,1],"texture":"#0"}}},{"from":[8.96033,9.99951,9.74033],"to":[9.11947,10.08951,10.25967],"rotation":{"angle":-45,"axis":"z","origin":[9.04,9.7,9.1]},"faces":{"north":{"uv":[1,1,2,2],"texture":"#0"},"south":{"uv":[1,1,2,2],"texture":"#0"},"up":{"uv":[2,2,1,1],"texture":"#0"}}},{"from":[8.64,9.64033,8.6],"to":[9.34,9.75967,11],"rotation":{"angle":22.5,"axis":"z","origin":[9.04,9.7,9.1]},"faces":{"north":{"uv":[1,1,2,2],"texture":"#0"},"east":{"uv":[1,1,2,2],"texture":"#0"},"south":{"uv":[1,1,2,2],"texture":"#0"},"up":{"uv":[2,2,1,1],"texture":"#0"},"down":{"uv":[2,2,1,1],"texture":"#0"}}},{"from":[9.34,9.57082,9.74033],"to":[9.43027,9.77564,10.25967],"rotation":{"angle":22.5,"axis":"z","origin":[9.04,9.7,9.1]},"faces":{"north":{"uv":[1,1,2,2],"texture":"#0"},"east":{"uv":[1,1,2,2],"texture":"#0"},"south":{"uv":[1,1,2,2],"texture":"#0"},"west":{"uv":[1,1,2,2],"texture":"#0"}}},{"from":[8.74,9.64033,8.6],"to":[9.34,9.75967,11],"rotation":{"angle":0,"axis":"z","origin":[9.04,9.7,9.1]},"faces":{"north":{"uv":[1,1,2,2],"texture":"#0"},"east":{"uv":[1,1,2,2],"texture":"#0"},"south":{"uv":[1,1,2,2],"texture":"#0"},"west":{"uv":[1,1,2,2],"texture":"#0"},"up":{"uv":[2,2,1,1],"texture":"#0"},"down":{"uv":[2,2,1,1],"texture":"#0"}}},{"from":[8.74,9.64033,8.6],"to":[9.34,9.75967,11],"rotation":{"angle":-22.5,"axis":"z","origin":[9.04,9.7,9.1]},"faces":{"east":{"uv":[1,1,2,2],"texture":"#0"},"west":{"uv":[1,1,2,2],"texture":"#0"},"up":{"uv":[2,2,1,1],"texture":"#0"},"down":{"uv":[2,2,1,1],"texture":"#0"}}},{"from":[8.98033,9.43,8.4],"to":[9.09967,9.97,8.6],"rotation":{"angle":45,"axis":"z","origin":[9.04,9.7,6.6]},"faces":{"north":{"uv":[5,1,6,2],"texture":"#0"},"up":{"uv":[6,2,5,1],"texture":"#0"},"down":{"uv":[6,2,5,1],"texture":"#0"}}},{"from":[8.98033,9.4,8.4],"to":[9.09967,10,8.6],"rotation":{"angle":22.5,"axis":"z","origin":[9.04,9.7,6.6]},"faces":{"north":{"uv":[5,1,6,2],"texture":"#0"},"east":{"uv":[1,1,2,2],"texture":"#0"},"west":{"uv":[1,1,2,2],"texture":"#0"},"up":{"uv":[2,2,1,1],"texture":"#0"},"down":{"uv":[2,2,1,1],"texture":"#0"}}},{"from":[8.98033,9.43,8.4],"to":[9.09967,9.97,8.6],"rotation":{"angle":0,"axis":"z","origin":[9.04,9.7,6.6]},"faces":{"north":{"uv":[5,1,6,2],"texture":"#0"},"up":{"uv":[6,2,5,1],"texture":"#0"},"down":{"uv":[6,2,5,1],"texture":"#0"}}},{"from":[8.98033,9.4,8.4],"to":[9.09967,10,8.6],"rotation":{"angle":-22.5,"axis":"z","origin":[9.04,9.7,6.6]},"faces":{"north":{"uv":[5,1,6,2],"texture":"#0"},"east":{"uv":[1,1,2,2],"texture":"#0"},"west":{"uv":[1,1,2,2],"texture":"#0"},"up":{"uv":[2,2,1,1],"texture":"#0"},"down":{"uv":[2,2,1,1],"texture":"#0"}}},{"from":[8.98033,9.43,8.4],"to":[9.09967,9.97,8.6],"rotation":{"angle":-45,"axis":"z","origin":[9.04,9.7,6.6]},"faces":{"north":{"uv":[5,1,6,2],"texture":"#0"},"up":{"uv":[6,2,5,1],"texture":"#0"},"down":{"uv":[6,2,5,1],"texture":"#0"}}},{"from":[8.74,9.64033,8.4],"to":[9.34,9.75967,8.6],"rotation":{"angle":22.5,"axis":"z","origin":[9.04,9.7,6.6]},"faces":{"north":{"uv":[5,1,6,2],"texture":"#0"},"east":{"uv":[1,1,2,2],"texture":"#0"},"west":{"uv":[1,1,2,2],"texture":"#0"},"up":{"uv":[2,2,1,1],"texture":"#0"},"down":{"uv":[2,2,1,1],"texture":"#0"}}},{"from":[8.77,9.64033,8.4],"to":[9.31,9.75967,8.6],"rotation":{"angle":0,"axis":"z","origin":[9.04,9.7,6.6]},"faces":{"north":{"uv":[5,1,6,2],"texture":"#0"},"east":{"uv":[5,1,6,2],"texture":"#0"},"west":{"uv":[1,1,2,2],"texture":"#0"}}},{"from":[8.74,9.64033,8.4],"to":[9.34,9.75967,8.6],"rotation":{"angle":-22.5,"axis":"z","origin":[9.04,9.7,6.6]},"faces":{"north":{"uv":[5,1,6,2],"texture":"#0"},"east":{"uv":[1,1,2,2],"texture":"#0"},"west":{"uv":[1,1,2,2],"texture":"#0"},"up":{"uv":[2,2,1,1],"texture":"#0"},"down":{"uv":[2,2,1,1],"texture":"#0"}}},{"from":[8.98033,9.43,11],"to":[9.09967,9.97,11.2],"rotation":{"angle":45,"axis":"z","origin":[9.04,9.7,9.2]},"faces":{"south":{"uv":[5,1,6,2],"texture":"#0"},"up":{"uv":[6,2,5,1],"texture":"#0"},"down":{"uv":[6,2,5,1],"texture":"#0"}}},{"from":[8.98033,9.4,11],"to":[9.09967,10,11.2],"rotation":{"angle":22.5,"axis":"z","origin":[9.04,9.7,9.2]},"faces":{"east":{"uv":[1,1,2,2],"texture":"#0"},"south":{"uv":[5,1,6,2],"texture":"#0"},"west":{"uv":[1,1,2,2],"texture":"#0"},"up":{"uv":[2,2,1,1],"texture":"#0"},"down":{"uv":[2,2,1,1],"texture":"#0"}}},{"from":[8.98033,9.43,11],"to":[9.09967,9.97,11.2],"rotation":{"angle":0,"axis":"z","origin":[9.04,9.7,9.2]},"faces":{"south":{"uv":[5,1,6,2],"texture":"#0"},"up":{"uv":[6,2,5,1],"texture":"#0"},"down":{"uv":[6,2,5,1],"texture":"#0"}}},{"from":[8.98033,9.4,11],"to":[9.09967,10,11.2],"rotation":{"angle":-22.5,"axis":"z","origin":[9.04,9.7,9.2]},"faces":{"east":{"uv":[1,1,2,2],"texture":"#0"},"south":{"uv":[5,1,6,2],"texture":"#0"},"west":{"uv":[1,1,2,2],"texture":"#0"},"up":{"uv":[2,2,1,1],"texture":"#0"},"down":{"uv":[2,2,1,1],"texture":"#0"}}},{"from":[8.96436,9.99963,9.74033],"to":[9.11545,10.09035,10.25967],"rotation":{"angle":-22.5,"axis":"z","origin":[9.04,9.7,9.2]},"faces":{"north":{"uv":[1,1,2,2],"texture":"#0"},"south":{"uv":[1,1,2,2],"texture":"#0"},"up":{"uv":[2,2,1,1],"texture":"#0"}}},{"from":[8.98033,9.43,11],"to":[9.09967,9.97,11.2],"rotation":{"angle":-45,"axis":"z","origin":[9.04,9.7,9.2]},"faces":{"south":{"uv":[5,1,6,2],"texture":"#0"},"up":{"uv":[6,2,5,1],"texture":"#0"},"down":{"uv":[6,2,5,1],"texture":"#0"}}},{"from":[8.74,9.64033,11],"to":[9.34,9.75967,11.2],"rotation":{"angle":22.5,"axis":"z","origin":[9.04,9.7,9.2]},"faces":{"east":{"uv":[1,1,2,2],"texture":"#0"},"south":{"uv":[5,1,6,2],"texture":"#0"},"west":{"uv":[1,1,2,2],"texture":"#0"},"up":{"uv":[2,2,1,1],"texture":"#0"},"down":{"uv":[2,2,1,1],"texture":"#0"}}},{"from":[8.77,9.64033,11],"to":[9.31,9.75967,11.2],"rotation":{"angle":0,"axis":"z","origin":[9.04,9.7,9.2]},"faces":{"east":{"uv":[5,1,6,2],"texture":"#0"},"south":{"uv":[5,1,6,2],"texture":"#0"},"west":{"uv":[5,1,6,2],"texture":"#0"}}},{"from":[8.74,9.64033,11],"to":[9.34,9.75967,11.2],"rotation":{"angle":-22.5,"axis":"z","origin":[9.04,9.7,9.2]},"faces":{"east":{"uv":[1,1,2,2],"texture":"#0"},"south":{"uv":[5,1,6,2],"texture":"#0"},"west":{"uv":[1,1,2,2],"texture":"#0"},"up":{"uv":[2,2,1,1],"texture":"#0"},"down":{"uv":[2,2,1,1],"texture":"#0"}}},{"from":[7.83109,7.73,5.9],"to":[8.22891,9.73,5.9],"rotation":{"angle":-45,"axis":"z","origin":[8.03,8.73,5.4]},"faces":{"north":{"uv":[9,1,10,2],"texture":"#0"}}},{"from":[7.83109,7.73,5.9],"to":[8.22891,9.73,5.9],"rotation":{"angle":-22.5,"axis":"z","origin":[8.03,8.73,5.4]},"faces":{"north":{"uv":[9,1,10,2],"texture":"#0"}}},{"from":[7.83109,7.73,5.9],"to":[8.22891,9.73,5.9],"rotation":{"angle":0,"axis":"z","origin":[8.03,8.73,5.4]},"faces":{"north":{"uv":[9,1,10,2],"texture":"#0"}}},{"from":[7.83109,7.73,5.9],"to":[8.22891,9.73,5.9],"rotation":{"angle":22.5,"axis":"z","origin":[8.03,8.73,5.4]},"faces":{"north":{"uv":[9,1,10,2],"texture":"#0"}}},{"from":[7.83109,7.73,5.9],"to":[8.22891,9.73,5.9],"rotation":{"angle":45,"axis":"z","origin":[8.03,8.73,5.4]},"faces":{"north":{"uv":[9,1,10,2],"texture":"#0"}}},{"from":[7.03,8.53109,5.9],"to":[9.03,8.92891,5.9],"rotation":{"angle":-22.5,"axis":"z","origin":[8.03,8.73,5.4]},"faces":{"north":{"uv":[9,1,10,2],"texture":"#0"}}},{"from":[7.03,8.53109,5.9],"to":[9.03,8.92891,5.9],"rotation":{"angle":0,"axis":"z","origin":[8.03,8.73,5.4]},"faces":{"north":{"uv":[9,1,10,2],"texture":"#0"}}},{"from":[7.03,8.53109,5.9],"to":[9.03,8.92891,5.9],"rotation":{"angle":22.5,"axis":"z","origin":[8.03,8.73,5.4]},"faces":{"north":{"uv":[9,1,10,2],"texture":"#0"}}},{"from":[7.90098,8.6,8.8],"to":[8.15902,8.86,8.8],"rotation":{"angle":0,"axis":"z","origin":[8.03,8.73,7.3]},"faces":{"south":{"uv":[1,1,16,16],"texture":"#1"}}}],"gui_light":"front","display":{"firstperson_righthand":{"translation":[-8.987,7.593,8.25]},"gui":{"rotation":[18,131,0],"translation":[-0.5,-2,0],"scale":[2.5,2.5,2.5]}}}