{"textures":{"o0":"generated/4","o1":"generated/3","o2":"generated/1","o3":"skin/player_skin_slim","o4":"skin/player_skin","o5":"generated/2","o6":"generated/5","o7":"generated/7","o8":"generated/27","o9":"generated/8","o11":"generated/0","o10":"generated/4","icon":"generated/32","icon_background":"generated/2a"},"elements":[{"from":[4.0833,1.3375,0.93899],"to":[20.0833,5.3375,4.93899],"rotation":{"angle":-45.0,"axis":"y","origin":[10.0833,6.0375,0.93899]},"faces":{"north":{"uv":[10.0,13.0,11.0,16.0],"rotation":90,"texture":"#o4"},"south":{"uv":[8.0,13.0,9.0,16.0],"rotation":270,"texture":"#o4"},"east":{"uv":[10.0,12.0,11.0,13.0],"texture":"#o4"},"west":{"uv":[10.0,13.0,9.0,12.0],"texture":"#o4"},"up":{"uv":[9.0,13.0,10.0,16.0],"rotation":270,"texture":"#o4"},"down":{"uv":[11.0,13.0,12.0,16.0],"rotation":270,"texture":"#o4"}}},{"from":[3.23633,1.2375,0.61169],"to":[21.63633,5.8375,5.06169],"rotation":{"angle":-45.0,"axis":"y","origin":[10.13633,6.6425,0.46169]},"faces":{"north":{"uv":[14.0,13.0,15.0,16.0],"rotation":90,"texture":"#o4"},"south":{"uv":[12.0,13.0,13.0,16.0],"rotation":270,"texture":"#o4"},"east":{"uv":[14.0,12.0,15.0,13.0],"rotation":270,"texture":"#o4"},"west":{"uv":[14.0,13.0,13.0,12.0],"texture":"#o4"},"up":{"uv":[13.0,13.0,14.0,16.0],"rotation":270,"texture":"#o4"},"down":{"uv":[15.0,13.0,16.0,16.0],"rotation":270,"texture":"#o4"}}},{"from":[10.06874,6.0246,7.47129],"to":[16.51874,6.5406,8.69145],"rotation":{"angle":0.0,"axis":"y","origin":[12.69174,6.0246,8.08137]},"faces":{"north":{"uv":[1.0,1.0,2.0,2.0],"texture":"#o0"},"south":{"uv":[1.0,1.0,2.0,2.0],"texture":"#o0"},"east":{"uv":[1.0,1.0,2.0,2.0],"texture":"#o0"},"west":{"uv":[1.0,1.0,2.0,2.0],"texture":"#o0"},"up":{"uv":[1.0,1.0,2.0,2.0],"rotation":90,"texture":"#o0"},"down":{"uv":[0.0,0.0,0.0,0.0],"texture":"#o0"}}},{"from":[13.33674,5.3366,7.72929],"to":[13.93874,5.7666,8.43345],"rotation":{"angle":0.0,"axis":"y","origin":[12.69174,6.0246,8.08137]},"faces":{"north":{"uv":[1.0,1.0,2.0,2.0],"texture":"#o0"},"south":{"uv":[1.0,1.0,2.0,2.0],"texture":"#o0"},"east":{"uv":[1.0,1.0,2.0,2.0],"texture":"#o0"},"west":{"uv":[0.0,0.0,0.0,0.0],"texture":"#o0"},"up":{"uv":[0.0,0.0,0.0,0.0],"texture":"#o0"},"down":{"uv":[1.0,1.0,2.0,2.0],"rotation":270,"texture":"#o0"}}},{"from":[16.51874,5.5086,7.47129],"to":[16.69074,6.5406,8.69145],"rotation":{"angle":0.0,"axis":"y","origin":[12.69174,6.0246,8.08137]},"faces":{"north":{"uv":[1.0,1.0,2.0,2.0],"texture":"#o0"},"south":{"uv":[1.0,1.0,2.0,2.0],"texture":"#o0"},"east":{"uv":[1.0,1.0,2.0,2.0],"texture":"#o0"},"west":{"uv":[1.0,1.0,2.0,2.0],"texture":"#o0"},"up":{"uv":[1.0,1.0,2.0,2.0],"rotation":90,"texture":"#o0"},"down":{"uv":[1.0,1.0,2.0,2.0],"rotation":270,"texture":"#o0"}}},{"from":[10.06874,5.67825,7.81763],"to":[16.51874,6.02225,8.34511],"rotation":{"angle":0.0,"axis":"y","origin":[12.69174,6.96825,7.73502]},"faces":{"north":{"uv":[0.0,0.0,0.0,0.0],"texture":"#o0"},"south":{"uv":[0.0,0.0,0.0,0.0],"texture":"#o0"},"east":{"uv":[0.0,0.0,0.0,0.0],"texture":"#o0"},"west":{"uv":[1.0,1.0,2.0,2.0],"texture":"#o0"},"up":{"uv":[0.0,0.0,0.0,0.0],"texture":"#o0"},"down":{"uv":[1.0,1.0,2.0,2.0],"rotation":270,"texture":"#o0"}}},{"from":[10.06874,6.12535,7.62231],"to":[16.51874,6.29735,8.06848],"rotation":{"angle":-22.5,"axis":"x","origin":[12.69174,5.78135,8.23239]},"faces":{"north":{"uv":[1.0,1.0,2.0,2.0],"texture":"#o0"},"south":{"uv":[0.0,0.0,0.0,0.0],"texture":"#o0"},"east":{"uv":[0.0,0.0,0.0,0.0],"texture":"#o0"},"west":{"uv":[1.0,1.0,2.0,2.0],"texture":"#o0"},"up":{"uv":[0.0,0.0,0.0,0.0],"texture":"#o0"},"down":{"uv":[0.0,0.0,0.0,0.0],"texture":"#o0"}}},{"from":[10.06874,6.27622,7.72328],"to":[16.51874,6.44822,8.16945],"rotation":{"angle":-45.0,"axis":"x","origin":[12.69174,5.93222,8.33337]},"faces":{"north":{"uv":[1.0,1.0,2.0,2.0],"texture":"#o0"},"south":{"uv":[0.0,0.0,0.0,0.0],"texture":"#o0"},"east":{"uv":[0.0,0.0,0.0,0.0],"texture":"#o0"},"west":{"uv":[1.0,1.0,2.0,2.0],"texture":"#o0"},"up":{"uv":[0.0,0.0,0.0,0.0],"texture":"#o0"},"down":{"uv":[0.0,0.0,0.0,0.0],"texture":"#o0"}}},{"from":[10.06874,5.50016,7.85292],"to":[16.51874,5.94633,8.02492],"rotation":{"angle":22.5,"axis":"x","origin":[12.69174,6.11025,8.36892]},"faces":{"north":{"uv":[0.0,0.0,0.0,0.0],"texture":"#o0"},"south":{"uv":[0.0,0.0,0.0,0.0],"texture":"#o0"},"east":{"uv":[0.0,0.0,0.0,0.0],"texture":"#o0"},"west":{"uv":[1.0,1.0,2.0,2.0],"rotation":270,"texture":"#o0"},"up":{"uv":[0.0,0.0,0.0,0.0],"texture":"#o0"},"down":{"uv":[1.0,1.0,2.0,2.0],"rotation":180,"texture":"#o0"}}},{"from":[10.06874,6.27622,7.99329],"to":[16.51874,6.44822,8.43946],"rotation":{"angle":45.0,"axis":"x","origin":[12.69174,5.93222,7.82937]},"faces":{"north":{"uv":[0.0,0.0,0.0,0.0],"texture":"#o0"},"south":{"uv":[2.0,1.0,1.0,2.0],"texture":"#o0"},"east":{"uv":[0.0,0.0,0.0,0.0],"texture":"#o0"},"west":{"uv":[2.0,1.0,1.0,2.0],"texture":"#o0"},"up":{"uv":[0.0,0.0,0.0,0.0],"texture":"#o0"},"down":{"uv":[0.0,0.0,0.0,0.0],"texture":"#o0"}}},{"from":[10.06874,6.12535,8.09426],"to":[16.51874,6.29735,8.54043],"rotation":{"angle":22.5,"axis":"x","origin":[12.69174,5.78135,7.93035]},"faces":{"north":{"uv":[0.0,0.0,0.0,0.0],"texture":"#o0"},"south":{"uv":[2.0,1.0,1.0,2.0],"texture":"#o0"},"east":{"uv":[0.0,0.0,0.0,0.0],"texture":"#o0"},"west":{"uv":[2.0,1.0,1.0,2.0],"texture":"#o0"},"up":{"uv":[0.0,0.0,0.0,0.0],"texture":"#o0"},"down":{"uv":[0.0,0.0,0.0,0.0],"texture":"#o0"}}},{"from":[10.06874,5.50016,8.13782],"to":[16.51874,5.94633,8.30982],"rotation":{"angle":-22.5,"axis":"x","origin":[12.69174,6.11025,7.79382]},"faces":{"north":{"uv":[0.0,0.0,0.0,0.0],"texture":"#o0"},"south":{"uv":[0.0,0.0,0.0,0.0],"texture":"#o0"},"east":{"uv":[0.0,0.0,0.0,0.0],"texture":"#o0"},"west":{"uv":[1.0,2.0,2.0,1.0],"rotation":270,"texture":"#o0"},"up":{"uv":[0.0,0.0,0.0,0.0],"texture":"#o0"},"down":{"uv":[1.0,2.0,2.0,1.0],"rotation":180,"texture":"#o0"}}},{"from":[9.49205,4.12427,7.47129],"to":[9.75005,6.18827,8.69145],"rotation":{"angle":22.5,"axis":"z","origin":[9.75005,7.69327,8.08137]},"faces":{"north":{"uv":[1.0,1.0,2.0,2.0],"rotation":90,"texture":"#o0"},"south":{"uv":[1.0,1.0,2.0,2.0],"rotation":270,"texture":"#o0"},"east":{"uv":[1.0,1.0,2.0,2.0],"rotation":180,"texture":"#o0"},"west":{"uv":[1.0,1.0,2.0,2.0],"texture":"#o0"},"up":{"uv":[0.0,0.0,0.0,0.0],"texture":"#o0"},"down":{"uv":[1.0,1.0,2.0,2.0],"rotation":270,"texture":"#o0"}}},{"from":[9.49205,4.03827,7.55729],"to":[9.75005,4.12427,8.60545],"rotation":{"angle":22.5,"axis":"z","origin":[9.75005,7.69327,8.08137]},"faces":{"north":{"uv":[1.0,1.0,2.0,2.0],"rotation":90,"texture":"#o0"},"south":{"uv":[1.0,1.0,2.0,2.0],"rotation":270,"texture":"#o0"},"east":{"uv":[1.0,1.0,2.0,2.0],"rotation":180,"texture":"#o0"},"west":{"uv":[1.0,1.0,2.0,2.0],"texture":"#o0"},"up":{"uv":[0.0,0.0,0.0,0.0],"texture":"#o0"},"down":{"uv":[1.0,1.0,2.0,2.0],"rotation":270,"texture":"#o0"}}},{"from":[9.49205,3.95227,7.72929],"to":[9.75005,4.03827,8.43345],"rotation":{"angle":22.5,"axis":"z","origin":[9.75005,7.69327,8.08137]},"faces":{"north":{"uv":[1.0,1.0,2.0,2.0],"rotation":90,"texture":"#o0"},"south":{"uv":[1.0,1.0,2.0,2.0],"rotation":270,"texture":"#o0"},"east":{"uv":[1.0,1.0,2.0,2.0],"rotation":180,"texture":"#o0"},"west":{"uv":[1.0,1.0,2.0,2.0],"texture":"#o0"},"up":{"uv":[0.0,0.0,0.0,0.0],"texture":"#o0"},"down":{"uv":[1.0,1.0,2.0,2.0],"rotation":270,"texture":"#o0"}}},{"from":[10.92874,4.9926,7.47129],"to":[15.05674,5.3366,8.69145],"rotation":{"angle":22.5,"axis":"z","origin":[12.08974,5.0786,8.08137]},"faces":{"north":{"uv":[1.0,1.0,2.0,2.0],"texture":"#o0"},"south":{"uv":[1.0,1.0,2.0,2.0],"texture":"#o0"},"east":{"uv":[0.0,0.0,0.0,0.0],"texture":"#o0"},"west":{"uv":[0.0,0.0,0.0,0.0],"texture":"#o0"},"up":{"uv":[1.0,1.0,2.0,2.0],"rotation":90,"texture":"#o0"},"down":{"uv":[1.0,1.0,2.0,2.0],"rotation":270,"texture":"#o0"}}},{"from":[10.92874,4.9066,7.55729],"to":[15.05674,4.9926,8.60545],"rotation":{"angle":22.5,"axis":"z","origin":[12.08974,5.0786,8.08137]},"faces":{"north":{"uv":[1.0,1.0,2.0,2.0],"texture":"#o0"},"south":{"uv":[1.0,1.0,2.0,2.0],"texture":"#o0"},"east":{"uv":[0.0,0.0,0.0,0.0],"texture":"#o0"},"west":{"uv":[0.0,0.0,0.0,0.0],"texture":"#o0"},"up":{"uv":[0.0,0.0,0.0,0.0],"texture":"#o0"},"down":{"uv":[1.0,1.0,2.0,2.0],"rotation":270,"texture":"#o0"}}},{"from":[10.92874,4.8206,7.64329],"to":[15.05674,4.9066,8.51945],"rotation":{"angle":22.5,"axis":"z","origin":[12.08974,5.0786,8.08137]},"faces":{"north":{"uv":[1.0,1.0,2.0,2.0],"texture":"#o0"},"south":{"uv":[1.0,1.0,2.0,2.0],"texture":"#o0"},"east":{"uv":[0.0,0.0,0.0,0.0],"texture":"#o0"},"west":{"uv":[0.0,0.0,0.0,0.0],"texture":"#o0"},"up":{"uv":[0.0,0.0,0.0,0.0],"texture":"#o0"},"down":{"uv":[1.0,1.0,2.0,2.0],"rotation":270,"texture":"#o0"}}},{"from":[10.92874,4.7346,7.81529],"to":[15.05674,4.8206,8.34745],"rotation":{"angle":22.5,"axis":"z","origin":[12.08974,5.0786,8.08137]},"faces":{"north":{"uv":[1.0,1.0,2.0,2.0],"texture":"#o0"},"south":{"uv":[1.0,1.0,2.0,2.0],"texture":"#o0"},"east":{"uv":[0.0,0.0,0.0,0.0],"texture":"#o0"},"west":{"uv":[0.0,0.0,0.0,0.0],"texture":"#o0"},"up":{"uv":[0.0,0.0,0.0,0.0],"texture":"#o0"},"down":{"uv":[1.0,1.0,2.0,2.0],"rotation":270,"texture":"#o0"}}},{"from":[-1.97,10.23,7.8112],"to":[0.73,10.33,8.2488],"rotation":{"angle":-45.0,"axis":"x","origin":[0.23,11.33,8.03]},"faces":{"north":{"uv":[1.0,1.0,2.0,2.0],"texture":"#o5"},"south":{"uv":[1.0,1.0,2.0,2.0],"texture":"#o5"},"east":{"uv":[1.0,1.0,2.0,2.0],"texture":"#o5"},"west":{"uv":[1.0,1.0,2.0,2.0],"texture":"#o5"},"up":{"uv":[6.0,2.0,5.0,1.0],"rotation":90,"texture":"#o5"},"down":{"uv":[2.0,2.0,1.0,1.0],"rotation":270,"texture":"#o5"}}},{"from":[-1.97,10.23,7.8112],"to":[0.73,10.33,8.2488],"rotation":{"angle":-22.5,"axis":"x","origin":[0.23,11.33,8.03]},"faces":{"north":{"uv":[1.0,1.0,2.0,2.0],"texture":"#o5"},"south":{"uv":[1.0,1.0,2.0,2.0],"texture":"#o5"},"east":{"uv":[1.0,1.0,2.0,2.0],"texture":"#o5"},"west":{"uv":[1.0,1.0,2.0,2.0],"texture":"#o5"},"up":{"uv":[6.0,2.0,5.0,1.0],"rotation":90,"texture":"#o5"},"down":{"uv":[2.0,2.0,1.0,1.0],"rotation":270,"texture":"#o5"}}},{"from":[-1.97,10.23,7.8112],"to":[0.73,10.33,8.2488],"rotation":{"angle":0.0,"axis":"z","origin":[0.23,11.33,8.03]},"faces":{"north":{"uv":[1.0,1.0,2.0,2.0],"texture":"#o5"},"south":{"uv":[1.0,1.0,2.0,2.0],"texture":"#o5"},"east":{"uv":[0.0,0.0,0.0,0.0],"texture":"#o5"},"west":{"uv":[1.0,1.0,2.0,2.0],"texture":"#o5"},"up":{"uv":[6.0,2.0,5.0,1.0],"rotation":90,"texture":"#o5"},"down":{"uv":[2.0,2.0,1.0,1.0],"rotation":270,"texture":"#o5"}}},{"from":[-1.97,10.23,7.8112],"to":[0.73,10.33,8.2488],"rotation":{"angle":22.5,"axis":"x","origin":[0.23,11.33,8.03]},"faces":{"north":{"uv":[1.0,1.0,2.0,2.0],"texture":"#o5"},"south":{"uv":[1.0,1.0,2.0,2.0],"texture":"#o5"},"east":{"uv":[1.0,1.0,2.0,2.0],"texture":"#o5"},"west":{"uv":[1.0,1.0,2.0,2.0],"texture":"#o5"},"up":{"uv":[6.0,2.0,5.0,1.0],"rotation":90,"texture":"#o5"},"down":{"uv":[2.0,2.0,1.0,1.0],"rotation":270,"texture":"#o5"}}},{"from":[-1.97,10.23,7.8112],"to":[0.73,10.33,8.2488],"rotation":{"angle":45.0,"axis":"x","origin":[0.23,11.33,8.03]},"faces":{"north":{"uv":[1.0,1.0,2.0,2.0],"texture":"#o5"},"south":{"uv":[1.0,1.0,2.0,2.0],"texture":"#o5"},"east":{"uv":[1.0,1.0,2.0,2.0],"texture":"#o5"},"west":{"uv":[1.0,1.0,2.0,2.0],"texture":"#o5"},"up":{"uv":[6.0,2.0,5.0,1.0],"rotation":90,"texture":"#o5"},"down":{"uv":[2.0,2.0,1.0,1.0],"rotation":270,"texture":"#o5"}}},{"from":[-1.97,12.33,7.8112],"to":[0.73,12.43,8.2488],"rotation":{"angle":-45.0,"axis":"x","origin":[0.23,11.33,8.03]},"faces":{"north":{"uv":[1.0,1.0,2.0,2.0],"texture":"#o5"},"south":{"uv":[1.0,1.0,2.0,2.0],"texture":"#o5"},"east":{"uv":[1.0,1.0,2.0,2.0],"texture":"#o5"},"west":{"uv":[1.0,1.0,2.0,2.0],"texture":"#o5"},"up":{"uv":[2.0,2.0,1.0,1.0],"rotation":90,"texture":"#o5"},"down":{"uv":[6.0,2.0,5.0,1.0],"rotation":270,"texture":"#o5"}}},{"from":[-1.97,12.33,7.8112],"to":[0.73,12.43,8.2488],"rotation":{"angle":-22.5,"axis":"x","origin":[0.23,11.33,8.03]},"faces":{"north":{"uv":[1.0,1.0,2.0,2.0],"texture":"#o5"},"south":{"uv":[1.0,1.0,2.0,2.0],"texture":"#o5"},"east":{"uv":[1.0,1.0,2.0,2.0],"texture":"#o5"},"west":{"uv":[1.0,1.0,2.0,2.0],"texture":"#o5"},"up":{"uv":[2.0,2.0,1.0,1.0],"rotation":90,"texture":"#o5"},"down":{"uv":[6.0,2.0,5.0,1.0],"rotation":270,"texture":"#o5"}}},{"from":[-1.97,12.33,7.8112],"to":[0.73,12.43,8.2488],"rotation":{"angle":0.0,"axis":"z","origin":[0.23,11.33,8.03]},"faces":{"north":{"uv":[1.0,1.0,2.0,2.0],"texture":"#o5"},"south":{"uv":[1.0,1.0,2.0,2.0],"texture":"#o5"},"east":{"uv":[1.0,1.0,2.0,2.0],"texture":"#o5"},"west":{"uv":[1.0,1.0,2.0,2.0],"texture":"#o5"},"up":{"uv":[2.0,2.0,1.0,1.0],"rotation":90,"texture":"#o5"},"down":{"uv":[6.0,2.0,5.0,1.0],"rotation":270,"texture":"#o5"}}},{"from":[-1.97,12.33,7.8112],"to":[0.73,12.43,8.2488],"rotation":{"angle":22.5,"axis":"x","origin":[0.23,11.33,8.03]},"faces":{"north":{"uv":[1.0,1.0,2.0,2.0],"texture":"#o5"},"south":{"uv":[1.0,1.0,2.0,2.0],"texture":"#o5"},"east":{"uv":[1.0,1.0,2.0,2.0],"texture":"#o5"},"west":{"uv":[1.0,1.0,2.0,2.0],"texture":"#o5"},"up":{"uv":[2.0,2.0,1.0,1.0],"rotation":90,"texture":"#o5"},"down":{"uv":[6.0,2.0,5.0,1.0],"rotation":270,"texture":"#o5"}}},{"from":[-1.97,12.33,7.8112],"to":[0.73,12.43,8.2488],"rotation":{"angle":45.0,"axis":"x","origin":[0.23,11.33,8.03]},"faces":{"north":{"uv":[1.0,1.0,2.0,2.0],"texture":"#o5"},"south":{"uv":[1.0,1.0,2.0,2.0],"texture":"#o5"},"east":{"uv":[1.0,1.0,2.0,2.0],"texture":"#o5"},"west":{"uv":[1.0,1.0,2.0,2.0],"texture":"#o5"},"up":{"uv":[2.0,2.0,1.0,1.0],"rotation":90,"texture":"#o5"},"down":{"uv":[6.0,2.0,5.0,1.0],"rotation":270,"texture":"#o5"}}},{"from":[-1.97,11.1112,9.03],"to":[0.73,11.5488,9.13],"rotation":{"angle":-22.5,"axis":"x","origin":[0.23,11.33,8.03]},"faces":{"north":{"uv":[5.0,1.0,6.0,2.0],"texture":"#o5"},"south":{"uv":[1.0,1.0,2.0,2.0],"texture":"#o5"},"east":{"uv":[1.0,1.0,2.0,2.0],"texture":"#o5"},"west":{"uv":[1.0,1.0,2.0,2.0],"texture":"#o5"},"up":{"uv":[2.0,2.0,1.0,1.0],"rotation":90,"texture":"#o5"},"down":{"uv":[2.0,2.0,1.0,1.0],"rotation":270,"texture":"#o5"}}},{"from":[-1.97,11.1112,9.03],"to":[0.73,11.5488,9.13],"rotation":{"angle":0.0,"axis":"z","origin":[0.23,11.33,8.03]},"faces":{"north":{"uv":[5.0,1.0,6.0,2.0],"texture":"#o5"},"south":{"uv":[1.0,1.0,2.0,2.0],"texture":"#o5"},"east":{"uv":[1.0,1.0,2.0,2.0],"texture":"#o5"},"west":{"uv":[1.0,1.0,2.0,2.0],"texture":"#o5"},"up":{"uv":[2.0,2.0,1.0,1.0],"rotation":90,"texture":"#o5"},"down":{"uv":[2.0,2.0,1.0,1.0],"rotation":270,"texture":"#o5"}}},{"from":[-1.97,11.1112,9.03],"to":[0.73,11.5488,9.13],"rotation":{"angle":22.5,"axis":"x","origin":[0.23,11.33,8.03]},"faces":{"north":{"uv":[5.0,1.0,6.0,2.0],"texture":"#o5"},"south":{"uv":[1.0,1.0,2.0,2.0],"texture":"#o5"},"east":{"uv":[1.0,1.0,2.0,2.0],"texture":"#o5"},"west":{"uv":[1.0,1.0,2.0,2.0],"texture":"#o5"},"up":{"uv":[2.0,2.0,1.0,1.0],"rotation":90,"texture":"#o5"},"down":{"uv":[2.0,2.0,1.0,1.0],"rotation":270,"texture":"#o5"}}},{"from":[-1.97,11.1112,6.93],"to":[0.73,11.5488,7.03],"rotation":{"angle":-22.5,"axis":"x","origin":[0.23,11.33,8.03]},"faces":{"north":{"uv":[1.0,1.0,2.0,2.0],"texture":"#o5"},"south":{"uv":[5.0,1.0,6.0,2.0],"texture":"#o5"},"east":{"uv":[1.0,1.0,2.0,2.0],"texture":"#o5"},"west":{"uv":[1.0,1.0,2.0,2.0],"texture":"#o5"},"up":{"uv":[2.0,2.0,1.0,1.0],"rotation":90,"texture":"#o5"},"down":{"uv":[2.0,2.0,1.0,1.0],"rotation":270,"texture":"#o5"}}},{"from":[-1.97,11.1112,6.93],"to":[0.73,11.5488,7.03],"rotation":{"angle":0.0,"axis":"z","origin":[0.23,11.33,8.03]},"faces":{"north":{"uv":[1.0,1.0,2.0,2.0],"texture":"#o5"},"south":{"uv":[5.0,1.0,6.0,2.0],"texture":"#o5"},"east":{"uv":[1.0,1.0,2.0,2.0],"texture":"#o5"},"west":{"uv":[1.0,1.0,2.0,2.0],"texture":"#o5"},"up":{"uv":[2.0,2.0,1.0,1.0],"rotation":90,"texture":"#o5"},"down":{"uv":[2.0,2.0,1.0,1.0],"rotation":270,"texture":"#o5"}}},{"from":[-1.97,11.1112,6.93],"to":[0.73,11.5488,7.03],"rotation":{"angle":22.5,"axis":"x","origin":[0.23,11.33,8.03]},"faces":{"north":{"uv":[1.0,1.0,2.0,2.0],"texture":"#o5"},"south":{"uv":[5.0,1.0,6.0,2.0],"texture":"#o5"},"east":{"uv":[1.0,1.0,2.0,2.0],"texture":"#o5"},"west":{"uv":[1.0,1.0,2.0,2.0],"texture":"#o5"},"up":{"uv":[2.0,2.0,1.0,1.0],"rotation":90,"texture":"#o5"},"down":{"uv":[2.0,2.0,1.0,1.0],"rotation":270,"texture":"#o5"}}},{"from":[3.33,10.23,7.8112],"to":[4.03,10.33,8.2488],"rotation":{"angle":-45.0,"axis":"x","origin":[3.53,11.33,8.03]},"faces":{"north":{"uv":[1.0,1.0,2.0,2.0],"texture":"#o5"},"south":{"uv":[1.0,1.0,2.0,2.0],"texture":"#o5"},"east":{"uv":[1.0,1.0,2.0,2.0],"texture":"#o5"},"west":{"uv":[1.0,1.0,2.0,2.0],"texture":"#o5"},"up":{"uv":[2.0,2.0,1.0,1.0],"rotation":90,"texture":"#o5"},"down":{"uv":[2.0,2.0,1.0,1.0],"rotation":270,"texture":"#o5"}}},{"from":[3.33,10.23,7.8112],"to":[4.03,10.33,8.2488],"rotation":{"angle":-22.5,"axis":"x","origin":[3.53,11.33,8.03]},"faces":{"north":{"uv":[1.0,1.0,2.0,2.0],"texture":"#o5"},"south":{"uv":[1.0,1.0,2.0,2.0],"texture":"#o5"},"east":{"uv":[1.0,1.0,2.0,2.0],"texture":"#o5"},"west":{"uv":[1.0,1.0,2.0,2.0],"texture":"#o5"},"up":{"uv":[2.0,2.0,1.0,1.0],"rotation":90,"texture":"#o5"},"down":{"uv":[2.0,2.0,1.0,1.0],"rotation":270,"texture":"#o5"}}},{"from":[3.33,10.23,7.8112],"to":[4.03,10.33,8.2488],"rotation":{"angle":0.0,"axis":"z","origin":[3.53,11.33,8.03]},"faces":{"north":{"uv":[1.0,1.0,2.0,2.0],"texture":"#o5"},"south":{"uv":[1.0,1.0,2.0,2.0],"texture":"#o5"},"east":{"uv":[1.0,1.0,2.0,2.0],"texture":"#o5"},"west":{"uv":[1.0,1.0,2.0,2.0],"texture":"#o5"},"up":{"uv":[2.0,2.0,1.0,1.0],"rotation":90,"texture":"#o5"},"down":{"uv":[2.0,2.0,1.0,1.0],"rotation":270,"texture":"#o5"}}},{"from":[3.33,10.23,7.8112],"to":[4.03,10.33,8.2488],"rotation":{"angle":22.5,"axis":"x","origin":[3.53,11.33,8.03]},"faces":{"north":{"uv":[1.0,1.0,2.0,2.0],"texture":"#o5"},"south":{"uv":[1.0,1.0,2.0,2.0],"texture":"#o5"},"east":{"uv":[1.0,1.0,2.0,2.0],"texture":"#o5"},"west":{"uv":[1.0,1.0,2.0,2.0],"texture":"#o5"},"up":{"uv":[2.0,2.0,1.0,1.0],"rotation":90,"texture":"#o5"},"down":{"uv":[2.0,2.0,1.0,1.0],"rotation":270,"texture":"#o5"}}},{"from":[3.33,10.23,7.8112],"to":[4.03,10.33,8.2488],"rotation":{"angle":45.0,"axis":"x","origin":[3.53,11.33,8.03]},"faces":{"north":{"uv":[1.0,1.0,2.0,2.0],"texture":"#o5"},"south":{"uv":[1.0,1.0,2.0,2.0],"texture":"#o5"},"east":{"uv":[1.0,1.0,2.0,2.0],"texture":"#o5"},"west":{"uv":[1.0,1.0,2.0,2.0],"texture":"#o5"},"up":{"uv":[2.0,2.0,1.0,1.0],"rotation":90,"texture":"#o5"},"down":{"uv":[2.0,2.0,1.0,1.0],"rotation":270,"texture":"#o5"}}},{"from":[3.33,12.33,7.8112],"to":[4.03,12.43,8.2488],"rotation":{"angle":-45.0,"axis":"x","origin":[3.53,11.33,8.03]},"faces":{"north":{"uv":[1.0,1.0,2.0,2.0],"texture":"#o5"},"south":{"uv":[1.0,1.0,2.0,2.0],"texture":"#o5"},"east":{"uv":[1.0,1.0,2.0,2.0],"texture":"#o5"},"west":{"uv":[1.0,1.0,2.0,2.0],"texture":"#o5"},"up":{"uv":[2.0,2.0,1.0,1.0],"rotation":90,"texture":"#o5"},"down":{"uv":[2.0,2.0,1.0,1.0],"rotation":270,"texture":"#o5"}}},{"from":[3.33,12.33,7.8112],"to":[4.03,12.43,8.2488],"rotation":{"angle":-22.5,"axis":"x","origin":[3.53,11.33,8.03]},"faces":{"north":{"uv":[1.0,1.0,2.0,2.0],"texture":"#o5"},"south":{"uv":[1.0,1.0,2.0,2.0],"texture":"#o5"},"east":{"uv":[1.0,1.0,2.0,2.0],"texture":"#o5"},"west":{"uv":[1.0,1.0,2.0,2.0],"texture":"#o5"},"up":{"uv":[2.0,2.0,1.0,1.0],"rotation":90,"texture":"#o5"},"down":{"uv":[2.0,2.0,1.0,1.0],"rotation":270,"texture":"#o5"}}},{"from":[3.33,12.33,7.8112],"to":[4.03,12.43,8.2488],"rotation":{"angle":0.0,"axis":"z","origin":[3.53,11.33,8.03]},"faces":{"north":{"uv":[1.0,1.0,2.0,2.0],"texture":"#o5"},"south":{"uv":[1.0,1.0,2.0,2.0],"texture":"#o5"},"east":{"uv":[1.0,1.0,2.0,2.0],"texture":"#o5"},"west":{"uv":[1.0,1.0,2.0,2.0],"texture":"#o5"},"up":{"uv":[2.0,2.0,1.0,1.0],"rotation":90,"texture":"#o5"},"down":{"uv":[2.0,2.0,1.0,1.0],"rotation":270,"texture":"#o5"}}},{"from":[3.33,12.33,7.8112],"to":[4.03,12.43,8.2488],"rotation":{"angle":22.5,"axis":"x","origin":[3.53,11.33,8.03]},"faces":{"north":{"uv":[1.0,1.0,2.0,2.0],"texture":"#o5"},"south":{"uv":[1.0,1.0,2.0,2.0],"texture":"#o5"},"east":{"uv":[1.0,1.0,2.0,2.0],"texture":"#o5"},"west":{"uv":[1.0,1.0,2.0,2.0],"texture":"#o5"},"up":{"uv":[2.0,2.0,1.0,1.0],"rotation":90,"texture":"#o5"},"down":{"uv":[2.0,2.0,1.0,1.0],"rotation":270,"texture":"#o5"}}},{"from":[3.33,12.33,7.8112],"to":[4.03,12.43,8.2488],"rotation":{"angle":45.0,"axis":"x","origin":[3.53,11.33,8.03]},"faces":{"north":{"uv":[1.0,1.0,2.0,2.0],"texture":"#o5"},"south":{"uv":[1.0,1.0,2.0,2.0],"texture":"#o5"},"east":{"uv":[1.0,1.0,2.0,2.0],"texture":"#o5"},"west":{"uv":[1.0,1.0,2.0,2.0],"texture":"#o5"},"up":{"uv":[2.0,2.0,1.0,1.0],"rotation":90,"texture":"#o5"},"down":{"uv":[2.0,2.0,1.0,1.0],"rotation":270,"texture":"#o5"}}},{"from":[3.33,11.1112,9.03],"to":[4.03,11.5488,9.13],"rotation":{"angle":-22.5,"axis":"x","origin":[3.53,11.33,8.03]},"faces":{"north":{"uv":[1.0,1.0,2.0,2.0],"texture":"#o5"},"south":{"uv":[1.0,1.0,2.0,2.0],"texture":"#o5"},"east":{"uv":[1.0,1.0,2.0,2.0],"texture":"#o5"},"west":{"uv":[1.0,1.0,2.0,2.0],"texture":"#o5"},"up":{"uv":[2.0,2.0,1.0,1.0],"rotation":90,"texture":"#o5"},"down":{"uv":[2.0,2.0,1.0,1.0],"rotation":270,"texture":"#o5"}}},{"from":[3.33,11.1112,9.03],"to":[4.03,11.5488,9.13],"rotation":{"angle":0.0,"axis":"z","origin":[3.53,11.33,8.03]},"faces":{"north":{"uv":[1.0,1.0,2.0,2.0],"texture":"#o5"},"south":{"uv":[1.0,1.0,2.0,2.0],"texture":"#o5"},"east":{"uv":[1.0,1.0,2.0,2.0],"texture":"#o5"},"west":{"uv":[1.0,1.0,2.0,2.0],"texture":"#o5"},"up":{"uv":[2.0,2.0,1.0,1.0],"rotation":90,"texture":"#o5"},"down":{"uv":[2.0,2.0,1.0,1.0],"rotation":270,"texture":"#o5"}}},{"from":[3.33,11.1112,9.03],"to":[4.03,11.5488,9.13],"rotation":{"angle":22.5,"axis":"x","origin":[3.53,11.33,8.03]},"faces":{"north":{"uv":[1.0,1.0,2.0,2.0],"texture":"#o5"},"south":{"uv":[1.0,1.0,2.0,2.0],"texture":"#o5"},"east":{"uv":[1.0,1.0,2.0,2.0],"texture":"#o5"},"west":{"uv":[1.0,1.0,2.0,2.0],"texture":"#o5"},"up":{"uv":[2.0,2.0,1.0,1.0],"rotation":90,"texture":"#o5"},"down":{"uv":[2.0,2.0,1.0,1.0],"rotation":270,"texture":"#o5"}}},{"from":[3.33,11.1112,6.93],"to":[4.03,11.5488,7.03],"rotation":{"angle":-22.5,"axis":"x","origin":[3.53,11.33,8.03]},"faces":{"north":{"uv":[1.0,1.0,2.0,2.0],"texture":"#o5"},"south":{"uv":[1.0,1.0,2.0,2.0],"texture":"#o5"},"east":{"uv":[1.0,1.0,2.0,2.0],"texture":"#o5"},"west":{"uv":[1.0,1.0,2.0,2.0],"texture":"#o5"},"up":{"uv":[2.0,2.0,1.0,1.0],"rotation":90,"texture":"#o5"},"down":{"uv":[2.0,2.0,1.0,1.0],"rotation":270,"texture":"#o5"}}},{"from":[3.33,11.1112,6.93],"to":[4.03,11.5488,7.03],"rotation":{"angle":0.0,"axis":"z","origin":[3.53,11.33,8.03]},"faces":{"north":{"uv":[1.0,1.0,2.0,2.0],"texture":"#o5"},"south":{"uv":[1.0,1.0,2.0,2.0],"texture":"#o5"},"east":{"uv":[1.0,1.0,2.0,2.0],"texture":"#o5"},"west":{"uv":[1.0,1.0,2.0,2.0],"texture":"#o5"},"up":{"uv":[2.0,2.0,1.0,1.0],"rotation":90,"texture":"#o5"},"down":{"uv":[2.0,2.0,1.0,1.0],"rotation":270,"texture":"#o5"}}},{"from":[3.33,11.1112,6.93],"to":[4.03,11.5488,7.03],"rotation":{"angle":22.5,"axis":"x","origin":[3.53,11.33,8.03]},"faces":{"north":{"uv":[1.0,1.0,2.0,2.0],"texture":"#o5"},"south":{"uv":[1.0,1.0,2.0,2.0],"texture":"#o5"},"east":{"uv":[1.0,1.0,2.0,2.0],"texture":"#o5"},"west":{"uv":[1.0,1.0,2.0,2.0],"texture":"#o5"},"up":{"uv":[2.0,2.0,1.0,1.0],"rotation":90,"texture":"#o5"},"down":{"uv":[2.0,2.0,1.0,1.0],"rotation":270,"texture":"#o5"}}},{"from":[0.83,11.13109,9.03],"to":[2.13,11.52891,9.33],"rotation":{"angle":0.0,"axis":"z","origin":[0.03,11.33,8.03]},"faces":{"north":{"uv":[5.0,1.0,6.0,2.0],"texture":"#o5"},"south":{"uv":[5.0,1.0,6.0,2.0],"texture":"#o5"},"east":{"uv":[5.0,1.0,6.0,2.0],"texture":"#o5"},"west":{"uv":[5.0,1.0,6.0,2.0],"texture":"#o5"},"up":{"uv":[5.0,1.0,6.0,2.0],"rotation":90,"texture":"#o5"},"down":{"uv":[5.0,1.0,6.0,2.0],"rotation":270,"texture":"#o5"}}},{"from":[0.83,11.13109,6.73],"to":[2.13,11.52891,7.03],"rotation":{"angle":0.0,"axis":"z","origin":[0.03,11.33,8.03]},"faces":{"north":{"uv":[5.0,1.0,6.0,2.0],"texture":"#o5"},"south":{"uv":[5.0,1.0,6.0,2.0],"texture":"#o5"},"east":{"uv":[5.0,1.0,6.0,2.0],"texture":"#o5"},"west":{"uv":[5.0,1.0,6.0,2.0],"texture":"#o5"},"up":{"uv":[5.0,1.0,6.0,2.0],"rotation":90,"texture":"#o5"},"down":{"uv":[5.0,1.0,6.0,2.0],"rotation":270,"texture":"#o5"}}},{"from":[0.73,10.33,7.83109],"to":[3.33,10.43,8.22891],"rotation":{"angle":-45.0,"axis":"x","origin":[1.33,11.33,8.03]},"faces":{"north":{"uv":[1.0,1.0,2.0,2.0],"texture":"#o5"},"south":{"uv":[1.0,1.0,2.0,2.0],"texture":"#o5"},"east":{"uv":[1.0,1.0,2.0,2.0],"texture":"#o5"},"west":{"uv":[1.0,1.0,2.0,2.0],"texture":"#o5"},"up":{"uv":[2.0,2.0,1.0,1.0],"rotation":90,"texture":"#o5"},"down":{"uv":[2.0,2.0,1.0,1.0],"rotation":270,"texture":"#o5"}}},{"from":[0.73,10.33,7.83109],"to":[3.33,10.43,8.22891],"rotation":{"angle":-22.5,"axis":"x","origin":[1.33,11.33,8.03]},"faces":{"north":{"uv":[1.0,1.0,2.0,2.0],"texture":"#o5"},"south":{"uv":[1.0,1.0,2.0,2.0],"texture":"#o5"},"east":{"uv":[1.0,1.0,2.0,2.0],"texture":"#o5"},"west":{"uv":[1.0,1.0,2.0,2.0],"texture":"#o5"},"up":{"uv":[2.0,2.0,1.0,1.0],"rotation":90,"texture":"#o5"},"down":{"uv":[2.0,2.0,1.0,1.0],"rotation":270,"texture":"#o5"}}},{"from":[0.73,10.33,7.83109],"to":[3.33,10.43,8.22891],"rotation":{"angle":0.0,"axis":"z","origin":[1.33,11.33,8.03]},"faces":{"north":{"uv":[1.0,1.0,2.0,2.0],"texture":"#o5"},"south":{"uv":[1.0,1.0,2.0,2.0],"texture":"#o5"},"east":{"uv":[1.0,1.0,2.0,2.0],"texture":"#o5"},"west":{"uv":[1.0,1.0,2.0,2.0],"texture":"#o5"},"up":{"uv":[2.0,2.0,1.0,1.0],"rotation":90,"texture":"#o5"},"down":{"uv":[2.0,2.0,1.0,1.0],"rotation":270,"texture":"#o5"}}},{"from":[0.73,10.33,7.83109],"to":[3.33,10.43,8.22891],"rotation":{"angle":22.5,"axis":"x","origin":[1.33,11.33,8.03]},"faces":{"north":{"uv":[1.0,1.0,2.0,2.0],"texture":"#o5"},"south":{"uv":[1.0,1.0,2.0,2.0],"texture":"#o5"},"east":{"uv":[1.0,1.0,2.0,2.0],"texture":"#o5"},"west":{"uv":[1.0,1.0,2.0,2.0],"texture":"#o5"},"up":{"uv":[2.0,2.0,1.0,1.0],"rotation":90,"texture":"#o5"},"down":{"uv":[2.0,2.0,1.0,1.0],"rotation":270,"texture":"#o5"}}},{"from":[0.73,10.33,7.83109],"to":[3.33,10.43,8.22891],"rotation":{"angle":45.0,"axis":"x","origin":[1.33,11.33,8.03]},"faces":{"north":{"uv":[1.0,1.0,2.0,2.0],"texture":"#o5"},"south":{"uv":[1.0,1.0,2.0,2.0],"texture":"#o5"},"east":{"uv":[1.0,1.0,2.0,2.0],"texture":"#o5"},"west":{"uv":[1.0,1.0,2.0,2.0],"texture":"#o5"},"up":{"uv":[2.0,2.0,1.0,1.0],"rotation":90,"texture":"#o5"},"down":{"uv":[2.0,2.0,1.0,1.0],"rotation":270,"texture":"#o5"}}},{"from":[0.73,12.23,7.83109],"to":[3.33,12.33,8.22891],"rotation":{"angle":-45.0,"axis":"x","origin":[1.33,11.33,8.03]},"faces":{"north":{"uv":[1.0,1.0,2.0,2.0],"texture":"#o5"},"south":{"uv":[1.0,1.0,2.0,2.0],"texture":"#o5"},"east":{"uv":[1.0,1.0,2.0,2.0],"texture":"#o5"},"west":{"uv":[1.0,1.0,2.0,2.0],"texture":"#o5"},"up":{"uv":[2.0,2.0,1.0,1.0],"rotation":90,"texture":"#o5"},"down":{"uv":[2.0,2.0,1.0,1.0],"rotation":270,"texture":"#o5"}}},{"from":[0.73,12.23,7.83109],"to":[3.33,12.33,8.22891],"rotation":{"angle":-22.5,"axis":"x","origin":[1.33,11.33,8.03]},"faces":{"north":{"uv":[1.0,1.0,2.0,2.0],"texture":"#o5"},"south":{"uv":[1.0,1.0,2.0,2.0],"texture":"#o5"},"east":{"uv":[1.0,1.0,2.0,2.0],"texture":"#o5"},"west":{"uv":[1.0,1.0,2.0,2.0],"texture":"#o5"},"up":{"uv":[2.0,2.0,1.0,1.0],"rotation":90,"texture":"#o5"},"down":{"uv":[2.0,2.0,1.0,1.0],"rotation":270,"texture":"#o5"}}},{"from":[0.73,12.23,7.83109],"to":[3.33,12.33,8.22891],"rotation":{"angle":0.0,"axis":"z","origin":[1.33,11.33,8.03]},"faces":{"north":{"uv":[1.0,1.0,2.0,2.0],"texture":"#o5"},"south":{"uv":[1.0,1.0,2.0,2.0],"texture":"#o5"},"east":{"uv":[1.0,1.0,2.0,2.0],"texture":"#o5"},"west":{"uv":[1.0,1.0,2.0,2.0],"texture":"#o5"},"up":{"uv":[2.0,2.0,1.0,1.0],"rotation":90,"texture":"#o5"},"down":{"uv":[2.0,2.0,1.0,1.0],"rotation":270,"texture":"#o5"}}},{"from":[0.73,12.23,7.83109],"to":[3.33,12.33,8.22891],"rotation":{"angle":22.5,"axis":"x","origin":[1.33,11.33,8.03]},"faces":{"north":{"uv":[1.0,1.0,2.0,2.0],"texture":"#o5"},"south":{"uv":[1.0,1.0,2.0,2.0],"texture":"#o5"},"east":{"uv":[1.0,1.0,2.0,2.0],"texture":"#o5"},"west":{"uv":[1.0,1.0,2.0,2.0],"texture":"#o5"},"up":{"uv":[2.0,2.0,1.0,1.0],"rotation":90,"texture":"#o5"},"down":{"uv":[2.0,2.0,1.0,1.0],"rotation":270,"texture":"#o5"}}},{"from":[0.73,12.23,7.83109],"to":[3.33,12.33,8.22891],"rotation":{"angle":45.0,"axis":"x","origin":[1.33,11.33,8.03]},"faces":{"north":{"uv":[1.0,1.0,2.0,2.0],"texture":"#o5"},"south":{"uv":[1.0,1.0,2.0,2.0],"texture":"#o5"},"east":{"uv":[1.0,1.0,2.0,2.0],"texture":"#o5"},"west":{"uv":[1.0,1.0,2.0,2.0],"texture":"#o5"},"up":{"uv":[2.0,2.0,1.0,1.0],"rotation":90,"texture":"#o5"},"down":{"uv":[2.0,2.0,1.0,1.0],"rotation":270,"texture":"#o5"}}},{"from":[0.73,11.13109,8.93],"to":[3.33,11.52891,9.03],"rotation":{"angle":-22.5,"axis":"x","origin":[1.33,11.33,8.03]},"faces":{"north":{"uv":[1.0,1.0,2.0,2.0],"texture":"#o5"},"south":{"uv":[1.0,1.0,2.0,2.0],"texture":"#o5"},"east":{"uv":[1.0,1.0,2.0,2.0],"texture":"#o5"},"west":{"uv":[1.0,1.0,2.0,2.0],"texture":"#o5"},"up":{"uv":[2.0,2.0,1.0,1.0],"rotation":90,"texture":"#o5"},"down":{"uv":[2.0,2.0,1.0,1.0],"rotation":270,"texture":"#o5"}}},{"from":[0.73,11.13109,8.93],"to":[3.33,11.52891,9.03],"rotation":{"angle":0.0,"axis":"z","origin":[1.33,11.33,8.03]},"faces":{"north":{"uv":[1.0,1.0,2.0,2.0],"texture":"#o5"},"south":{"uv":[1.0,1.0,2.0,2.0],"texture":"#o5"},"east":{"uv":[1.0,1.0,2.0,2.0],"texture":"#o5"},"west":{"uv":[1.0,1.0,2.0,2.0],"texture":"#o5"},"up":{"uv":[2.0,2.0,1.0,1.0],"rotation":90,"texture":"#o5"},"down":{"uv":[2.0,2.0,1.0,1.0],"rotation":270,"texture":"#o5"}}},{"from":[0.73,11.13109,8.93],"to":[3.33,11.52891,9.03],"rotation":{"angle":22.5,"axis":"x","origin":[1.33,11.33,8.03]},"faces":{"north":{"uv":[1.0,1.0,2.0,2.0],"texture":"#o5"},"south":{"uv":[1.0,1.0,2.0,2.0],"texture":"#o5"},"east":{"uv":[1.0,1.0,2.0,2.0],"texture":"#o5"},"west":{"uv":[1.0,1.0,2.0,2.0],"texture":"#o5"},"up":{"uv":[2.0,2.0,1.0,1.0],"rotation":90,"texture":"#o5"},"down":{"uv":[2.0,2.0,1.0,1.0],"rotation":270,"texture":"#o5"}}},{"from":[0.73,11.13109,7.03],"to":[3.33,11.52891,7.13],"rotation":{"angle":-22.5,"axis":"x","origin":[1.33,11.33,8.03]},"faces":{"north":{"uv":[1.0,1.0,2.0,2.0],"texture":"#o5"},"south":{"uv":[1.0,1.0,2.0,2.0],"texture":"#o5"},"east":{"uv":[1.0,1.0,2.0,2.0],"texture":"#o5"},"west":{"uv":[1.0,1.0,2.0,2.0],"texture":"#o5"},"up":{"uv":[2.0,2.0,1.0,1.0],"rotation":90,"texture":"#o5"},"down":{"uv":[2.0,2.0,1.0,1.0],"rotation":270,"texture":"#o5"}}},{"from":[0.73,11.13109,7.03],"to":[3.33,11.52891,7.13],"rotation":{"angle":0.0,"axis":"z","origin":[1.33,11.33,8.03]},"faces":{"north":{"uv":[1.0,1.0,2.0,2.0],"texture":"#o5"},"south":{"uv":[1.0,1.0,2.0,2.0],"texture":"#o5"},"east":{"uv":[1.0,1.0,2.0,2.0],"texture":"#o5"},"west":{"uv":[1.0,1.0,2.0,2.0],"texture":"#o5"},"up":{"uv":[2.0,2.0,1.0,1.0],"rotation":90,"texture":"#o5"},"down":{"uv":[2.0,2.0,1.0,1.0],"rotation":270,"texture":"#o5"}}},{"from":[0.73,11.13109,7.03],"to":[3.33,11.52891,7.13],"rotation":{"angle":22.5,"axis":"x","origin":[1.33,11.33,8.03]},"faces":{"north":{"uv":[1.0,1.0,2.0,2.0],"texture":"#o5"},"south":{"uv":[1.0,1.0,2.0,2.0],"texture":"#o5"},"east":{"uv":[1.0,1.0,2.0,2.0],"texture":"#o5"},"west":{"uv":[1.0,1.0,2.0,2.0],"texture":"#o5"},"up":{"uv":[2.0,2.0,1.0,1.0],"rotation":90,"texture":"#o5"},"down":{"uv":[2.0,2.0,1.0,1.0],"rotation":270,"texture":"#o5"}}},{"from":[0.32967,9.34,7.06],"to":[0.92967,9.94,7.41],"rotation":{"angle":0.0,"axis":"x","origin":[0.63,9.64,6.86]},"faces":{"north":{"uv":[1.0,1.0,2.0,2.0],"texture":"#o5"},"south":{"uv":[1.0,1.0,2.0,2.0],"texture":"#o5"},"east":{"uv":[1.0,1.0,2.0,2.0],"texture":"#o5"},"west":{"uv":[1.0,1.0,2.0,2.0],"texture":"#o5"},"up":{"uv":[2.0,2.0,1.0,1.0],"rotation":90,"texture":"#o5"},"down":{"uv":[2.0,2.0,1.0,1.0],"rotation":270,"texture":"#o5"}}},{"from":[-0.97,12.34,7.73033],"to":[-0.37,12.6,8.33033],"rotation":{"angle":0.0,"axis":"y","origin":[-0.67,12.84,8.03]},"faces":{"north":{"uv":[1.0,1.0,2.0,2.0],"texture":"#o5"},"south":{"uv":[1.0,1.0,2.0,2.0],"texture":"#o5"},"east":{"uv":[1.0,1.0,2.0,2.0],"texture":"#o5"},"west":{"uv":[1.0,1.0,2.0,2.0],"texture":"#o5"},"up":{"uv":[2.0,2.0,1.0,1.0],"rotation":90,"texture":"#o5"},"down":{"uv":[0.0,0.0,0.0,0.0],"rotation":270,"texture":"#o5"}}},{"from":[-0.97,11.03033,9.06],"to":[-0.37,11.63033,9.36],"rotation":{"angle":0.0,"axis":"x","origin":[-0.67,11.33,9.56]},"faces":{"north":{"uv":[0.0,0.0,0.0,0.0],"texture":"#o5"},"south":{"uv":[1.0,1.0,2.0,2.0],"texture":"#o5"},"east":{"uv":[1.0,1.0,2.0,2.0],"texture":"#o5"},"west":{"uv":[1.0,1.0,2.0,2.0],"texture":"#o5"},"up":{"uv":[2.0,2.0,1.0,1.0],"rotation":90,"texture":"#o5"},"down":{"uv":[2.0,2.0,1.0,1.0],"rotation":270,"texture":"#o5"}}},{"from":[-0.92967,11.03,9.36],"to":[-0.41033,12.33,9.45],"rotation":{"angle":0.0,"axis":"x","origin":[-0.67,11.33,9.56]},"faces":{"north":{"uv":[1.0,1.0,2.0,2.0],"texture":"#o5"},"south":{"uv":[1.0,1.0,2.0,2.0],"texture":"#o5"},"east":{"uv":[1.0,1.0,2.0,2.0],"texture":"#o5"},"west":{"uv":[1.0,1.0,2.0,2.0],"texture":"#o5"},"up":{"uv":[0.0,0.0,0.0,0.0],"rotation":90,"texture":"#o5"},"down":{"uv":[2.0,2.0,1.0,1.0],"rotation":270,"texture":"#o5"}}},{"from":[0.73,10.13,7.7112],"to":[2.03,10.42,8.3488],"rotation":{"angle":0.0,"axis":"z","origin":[0.23,11.33,8.03]},"faces":{"north":{"uv":[1.0,1.0,2.0,2.0],"texture":"#o5"},"south":{"uv":[1.0,1.0,2.0,2.0],"texture":"#o5"},"east":{"uv":[1.0,1.0,2.0,2.0],"texture":"#o5"},"west":{"uv":[0.0,0.0,0.0,0.0],"texture":"#o5"},"up":{"uv":[0.0,0.0,0.0,0.0],"rotation":90,"texture":"#o5"},"down":{"uv":[2.0,2.0,1.0,1.0],"rotation":270,"texture":"#o5"}}},{"from":[-1.27,10.03,7.7112],"to":[0.73,10.32,8.3488],"rotation":{"angle":0.0,"axis":"z","origin":[0.23,11.33,8.03]},"faces":{"north":{"uv":[1.0,1.0,2.0,2.0],"texture":"#o5"},"south":{"uv":[1.0,1.0,2.0,2.0],"texture":"#o5"},"east":{"uv":[0.0,0.0,0.0,0.0],"texture":"#o5"},"west":{"uv":[1.0,1.0,2.0,2.0],"texture":"#o5"},"up":{"uv":[0.0,0.0,0.0,0.0],"rotation":90,"texture":"#o5"},"down":{"uv":[2.0,2.0,1.0,1.0],"rotation":270,"texture":"#o5"}}},{"from":[-1.96,12.38,8.2112],"to":[-1.47,12.77,8.3488],"rotation":{"angle":0.0,"axis":"z","origin":[0.23,11.33,8.03]},"faces":{"north":{"uv":[1.0,1.0,2.0,2.0],"texture":"#o5"},"south":{"uv":[1.0,1.0,2.0,2.0],"texture":"#o5"},"east":{"uv":[1.0,1.0,2.0,2.0],"texture":"#o5"},"west":{"uv":[1.0,1.0,2.0,2.0],"texture":"#o5"},"up":{"uv":[2.0,2.0,1.0,1.0],"rotation":90,"texture":"#o5"},"down":{"uv":[0.0,0.0,0.0,0.0],"rotation":270,"texture":"#o5"}}},{"from":[-1.96,12.38,7.7112],"to":[-1.47,12.77,7.8488],"rotation":{"angle":0.0,"axis":"z","origin":[0.23,11.33,8.03]},"faces":{"north":{"uv":[1.0,1.0,2.0,2.0],"texture":"#o5"},"south":{"uv":[1.0,1.0,2.0,2.0],"texture":"#o5"},"east":{"uv":[1.0,1.0,2.0,2.0],"texture":"#o5"},"west":{"uv":[1.0,1.0,2.0,2.0],"texture":"#o5"},"up":{"uv":[2.0,2.0,1.0,1.0],"rotation":90,"texture":"#o5"},"down":{"uv":[0.0,0.0,0.0,0.0],"rotation":270,"texture":"#o5"}}},{"from":[3.53,12.38,8.2112],"to":[4.02,12.77,8.3488],"rotation":{"angle":0.0,"axis":"z","origin":[0.23,11.33,8.03]},"faces":{"north":{"uv":[1.0,1.0,2.0,2.0],"texture":"#o5"},"south":{"uv":[1.0,1.0,2.0,2.0],"texture":"#o5"},"east":{"uv":[1.0,1.0,2.0,2.0],"texture":"#o5"},"west":{"uv":[1.0,1.0,2.0,2.0],"texture":"#o5"},"up":{"uv":[2.0,2.0,1.0,1.0],"rotation":90,"texture":"#o5"},"down":{"uv":[0.0,0.0,0.0,0.0],"rotation":270,"texture":"#o5"}}},{"from":[3.53,12.38,7.7112],"to":[4.02,12.77,7.8488],"rotation":{"angle":0.0,"axis":"z","origin":[0.23,11.33,8.03]},"faces":{"north":{"uv":[1.0,1.0,2.0,2.0],"texture":"#o5"},"south":{"uv":[1.0,1.0,2.0,2.0],"texture":"#o5"},"east":{"uv":[1.0,1.0,2.0,2.0],"texture":"#o5"},"west":{"uv":[1.0,1.0,2.0,2.0],"texture":"#o5"},"up":{"uv":[2.0,2.0,1.0,1.0],"rotation":90,"texture":"#o5"},"down":{"uv":[0.0,0.0,0.0,0.0],"rotation":270,"texture":"#o5"}}},{"from":[-1.27,9.73,7.4112],"to":[2.03,10.03,8.8488],"rotation":{"angle":0.0,"axis":"z","origin":[0.23,11.33,8.03]},"faces":{"north":{"uv":[1.0,1.0,2.0,2.0],"texture":"#o5"},"south":{"uv":[0.0,0.0,0.0,0.0],"texture":"#o5"},"east":{"uv":[1.0,1.0,2.0,2.0],"texture":"#o5"},"west":{"uv":[1.0,1.0,2.0,2.0],"texture":"#o5"},"up":{"uv":[2.0,2.0,1.0,1.0],"rotation":90,"texture":"#o5"},"down":{"uv":[2.0,2.0,1.0,1.0],"rotation":270,"texture":"#o5"}}},{"from":[0.23,9.63,7.27359],"to":[1.03,10.03,7.4112],"rotation":{"angle":0.0,"axis":"z","origin":[-0.97,11.33,7.73239]},"faces":{"north":{"uv":[1.0,1.0,2.0,2.0],"texture":"#o5"},"south":{"uv":[1.0,1.0,2.0,2.0],"texture":"#o5"},"east":{"uv":[1.0,1.0,2.0,2.0],"texture":"#o5"},"west":{"uv":[1.0,1.0,2.0,2.0],"texture":"#o5"},"up":{"uv":[2.0,2.0,1.0,1.0],"rotation":90,"texture":"#o5"},"down":{"uv":[2.0,2.0,1.0,1.0],"rotation":270,"texture":"#o5"}}},{"from":[-1.27,9.43,8.8488],"to":[2.03,10.03,9.08641],"rotation":{"angle":0.0,"axis":"z","origin":[0.23,11.33,7.96761]},"faces":{"north":{"uv":[1.0,1.0,2.0,2.0],"texture":"#o5"},"south":{"uv":[1.0,1.0,2.0,2.0],"texture":"#o5"},"east":{"uv":[1.0,1.0,2.0,2.0],"texture":"#o5"},"west":{"uv":[1.0,1.0,2.0,2.0],"texture":"#o5"},"up":{"uv":[2.0,2.0,1.0,1.0],"rotation":90,"texture":"#o5"},"down":{"uv":[2.0,2.0,1.0,1.0],"rotation":270,"texture":"#o5"}}},{"from":[-1.27,9.53,8.5112],"to":[2.03,9.63,8.6488],"rotation":{"angle":0.0,"axis":"z","origin":[0.23,11.33,8.03]},"faces":{"north":{"uv":[1.0,1.0,2.0,2.0],"texture":"#o5"},"south":{"uv":[0.0,0.0,0.0,0.0],"texture":"#o5"},"east":{"uv":[1.0,1.0,2.0,2.0],"texture":"#o5"},"west":{"uv":[1.0,1.0,2.0,2.0],"texture":"#o5"},"up":{"uv":[2.0,2.0,1.0,1.0],"rotation":90,"texture":"#o5"},"down":{"uv":[2.0,2.0,1.0,1.0],"rotation":270,"texture":"#o5"}}},{"from":[-1.67,12.0,8.98033],"to":[0.73,12.6,9.09967],"rotation":{"angle":-45.0,"axis":"x","origin":[0.23,12.3,9.04]},"faces":{"north":{"uv":[1.0,1.0,2.0,2.0],"texture":"#o5"},"south":{"uv":[1.0,1.0,2.0,2.0],"texture":"#o5"},"east":{"uv":[1.0,1.0,2.0,2.0],"texture":"#o5"},"west":{"uv":[1.0,1.0,2.0,2.0],"texture":"#o5"},"up":{"uv":[2.0,2.0,1.0,1.0],"rotation":90,"texture":"#o5"},"down":{"uv":[2.0,2.0,1.0,1.0],"rotation":270,"texture":"#o5"}}},{"from":[-1.67,12.0,8.98033],"to":[0.73,12.6,9.09967],"rotation":{"angle":-22.5,"axis":"x","origin":[0.23,12.3,9.04]},"faces":{"north":{"uv":[1.0,1.0,2.0,2.0],"texture":"#o5"},"south":{"uv":[1.0,1.0,2.0,2.0],"texture":"#o5"},"east":{"uv":[0.0,0.0,0.0,0.0],"texture":"#o5"},"west":{"uv":[0.0,0.0,0.0,0.0],"texture":"#o5"},"up":{"uv":[2.0,2.0,1.0,1.0],"rotation":90,"texture":"#o5"},"down":{"uv":[2.0,2.0,1.0,1.0],"rotation":270,"texture":"#o5"}}},{"from":[-1.67,12.0,8.98033],"to":[0.73,12.6,9.09967],"rotation":{"angle":0.0,"axis":"z","origin":[0.23,12.3,9.04]},"faces":{"north":{"uv":[1.0,1.0,2.0,2.0],"texture":"#o5"},"south":{"uv":[1.0,1.0,2.0,2.0],"texture":"#o5"},"east":{"uv":[1.0,1.0,2.0,2.0],"texture":"#o5"},"west":{"uv":[1.0,1.0,2.0,2.0],"texture":"#o5"},"up":{"uv":[2.0,2.0,1.0,1.0],"rotation":90,"texture":"#o5"},"down":{"uv":[2.0,2.0,1.0,1.0],"rotation":270,"texture":"#o5"}}},{"from":[-0.92967,12.5998,7.68033],"to":[-0.41033,12.68958,9.1195],"rotation":{"angle":0.0,"axis":"z","origin":[0.23,12.3,9.04]},"faces":{"north":{"uv":[1.0,1.0,2.0,2.0],"texture":"#o5"},"south":{"uv":[0.0,0.0,0.0,0.0],"texture":"#o5"},"east":{"uv":[1.0,1.0,2.0,2.0],"texture":"#o5"},"west":{"uv":[1.0,1.0,2.0,2.0],"texture":"#o5"},"up":{"uv":[2.0,2.0,1.0,1.0],"rotation":90,"texture":"#o5"},"down":{"uv":[2.0,2.0,1.0,1.0],"rotation":270,"texture":"#o5"}}},{"from":[-1.67,11.9,8.98033],"to":[0.73,12.6,9.09967],"rotation":{"angle":22.5,"axis":"x","origin":[0.23,12.3,9.04]},"faces":{"north":{"uv":[1.0,1.0,2.0,2.0],"texture":"#o5"},"south":{"uv":[1.0,1.0,2.0,2.0],"texture":"#o5"},"east":{"uv":[1.0,1.0,2.0,2.0],"texture":"#o5"},"west":{"uv":[1.0,1.0,2.0,2.0],"texture":"#o5"},"up":{"uv":[2.0,2.0,1.0,1.0],"rotation":90,"texture":"#o5"},"down":{"uv":[0.0,0.0,0.0,0.0],"rotation":270,"texture":"#o5"}}},{"from":[-1.67,12.0,8.98033],"to":[0.73,12.6,9.09967],"rotation":{"angle":45.0,"axis":"x","origin":[0.23,12.3,9.04]},"faces":{"north":{"uv":[1.0,1.0,2.0,2.0],"texture":"#o5"},"south":{"uv":[1.0,1.0,2.0,2.0],"texture":"#o5"},"east":{"uv":[1.0,1.0,2.0,2.0],"texture":"#o5"},"west":{"uv":[1.0,1.0,2.0,2.0],"texture":"#o5"},"up":{"uv":[2.0,2.0,1.0,1.0],"rotation":90,"texture":"#o5"},"down":{"uv":[2.0,2.0,1.0,1.0],"rotation":270,"texture":"#o5"}}},{"from":[-0.92967,12.59951,8.96033],"to":[-0.41033,12.68951,9.11947],"rotation":{"angle":45.0,"axis":"x","origin":[0.23,12.3,9.04]},"faces":{"north":{"uv":[0.0,0.0,0.0,0.0],"texture":"#o5"},"south":{"uv":[0.0,0.0,0.0,0.0],"texture":"#o5"},"east":{"uv":[1.0,1.0,2.0,2.0],"texture":"#o5"},"west":{"uv":[1.0,1.0,2.0,2.0],"texture":"#o5"},"up":{"uv":[2.0,2.0,1.0,1.0],"rotation":90,"texture":"#o5"},"down":{"uv":[0.0,0.0,0.0,0.0],"rotation":270,"texture":"#o5"}}},{"from":[-1.67,12.24033,8.64],"to":[0.73,12.35967,9.34],"rotation":{"angle":-22.5,"axis":"x","origin":[0.23,12.3,9.04]},"faces":{"north":{"uv":[0.0,0.0,0.0,0.0],"texture":"#o5"},"south":{"uv":[1.0,1.0,2.0,2.0],"texture":"#o5"},"east":{"uv":[1.0,1.0,2.0,2.0],"texture":"#o5"},"west":{"uv":[1.0,1.0,2.0,2.0],"texture":"#o5"},"up":{"uv":[2.0,2.0,1.0,1.0],"rotation":90,"texture":"#o5"},"down":{"uv":[2.0,2.0,1.0,1.0],"rotation":270,"texture":"#o5"}}},{"from":[-0.92967,12.17082,9.34],"to":[-0.41033,12.37564,9.43027],"rotation":{"angle":-22.5,"axis":"x","origin":[0.23,12.3,9.04]},"faces":{"north":{"uv":[1.0,1.0,2.0,2.0],"texture":"#o5"},"south":{"uv":[1.0,1.0,2.0,2.0],"texture":"#o5"},"east":{"uv":[1.0,1.0,2.0,2.0],"texture":"#o5"},"west":{"uv":[1.0,1.0,2.0,2.0],"texture":"#o5"},"up":{"uv":[0.0,0.0,0.0,0.0],"rotation":90,"texture":"#o5"},"down":{"uv":[0.0,0.0,0.0,0.0],"rotation":270,"texture":"#o5"}}},{"from":[-1.67,12.24033,8.74],"to":[0.73,12.35967,9.34],"rotation":{"angle":0.0,"axis":"z","origin":[0.23,12.3,9.04]},"faces":{"north":{"uv":[1.0,1.0,2.0,2.0],"texture":"#o5"},"south":{"uv":[1.0,1.0,2.0,2.0],"texture":"#o5"},"east":{"uv":[1.0,1.0,2.0,2.0],"texture":"#o5"},"west":{"uv":[1.0,1.0,2.0,2.0],"texture":"#o5"},"up":{"uv":[2.0,2.0,1.0,1.0],"rotation":90,"texture":"#o5"},"down":{"uv":[2.0,2.0,1.0,1.0],"rotation":270,"texture":"#o5"}}},{"from":[-1.67,12.24033,8.74],"to":[0.73,12.35967,9.34],"rotation":{"angle":22.5,"axis":"x","origin":[0.23,12.3,9.04]},"faces":{"north":{"uv":[1.0,1.0,2.0,2.0],"texture":"#o5"},"south":{"uv":[1.0,1.0,2.0,2.0],"texture":"#o5"},"east":{"uv":[0.0,0.0,0.0,0.0],"texture":"#o5"},"west":{"uv":[0.0,0.0,0.0,0.0],"texture":"#o5"},"up":{"uv":[2.0,2.0,1.0,1.0],"rotation":90,"texture":"#o5"},"down":{"uv":[2.0,2.0,1.0,1.0],"rotation":270,"texture":"#o5"}}},{"from":[0.73,12.03,8.98033],"to":[0.93,12.57,9.09967],"rotation":{"angle":-45.0,"axis":"x","origin":[2.73,12.3,9.04]},"faces":{"north":{"uv":[0.0,0.0,0.0,0.0],"texture":"#o5"},"south":{"uv":[0.0,0.0,0.0,0.0],"texture":"#o5"},"east":{"uv":[5.0,1.0,6.0,2.0],"texture":"#o5"},"west":{"uv":[0.0,0.0,0.0,0.0],"texture":"#o5"},"up":{"uv":[6.0,2.0,5.0,1.0],"rotation":90,"texture":"#o5"},"down":{"uv":[6.0,2.0,5.0,1.0],"rotation":270,"texture":"#o5"}}},{"from":[0.73,12.0,8.98033],"to":[0.93,12.6,9.09967],"rotation":{"angle":-22.5,"axis":"x","origin":[2.73,12.3,9.04]},"faces":{"north":{"uv":[1.0,1.0,2.0,2.0],"texture":"#o5"},"south":{"uv":[1.0,1.0,2.0,2.0],"texture":"#o5"},"east":{"uv":[5.0,1.0,6.0,2.0],"texture":"#o5"},"west":{"uv":[0.0,0.0,0.0,0.0],"texture":"#o5"},"up":{"uv":[2.0,2.0,1.0,1.0],"rotation":90,"texture":"#o5"},"down":{"uv":[2.0,2.0,1.0,1.0],"rotation":270,"texture":"#o5"}}},{"from":[0.73,12.03,8.98033],"to":[0.93,12.57,9.09967],"rotation":{"angle":0.0,"axis":"z","origin":[2.73,12.3,9.04]},"faces":{"north":{"uv":[0.0,0.0,0.0,0.0],"texture":"#o5"},"south":{"uv":[0.0,0.0,0.0,0.0],"texture":"#o5"},"east":{"uv":[5.0,1.0,6.0,2.0],"texture":"#o5"},"west":{"uv":[0.0,0.0,0.0,0.0],"texture":"#o5"},"up":{"uv":[6.0,2.0,5.0,1.0],"rotation":90,"texture":"#o5"},"down":{"uv":[6.0,2.0,5.0,1.0],"rotation":270,"texture":"#o5"}}},{"from":[0.73,12.0,8.98033],"to":[0.93,12.6,9.09967],"rotation":{"angle":22.5,"axis":"x","origin":[2.73,12.3,9.04]},"faces":{"north":{"uv":[1.0,1.0,2.0,2.0],"texture":"#o5"},"south":{"uv":[1.0,1.0,2.0,2.0],"texture":"#o5"},"east":{"uv":[5.0,1.0,6.0,2.0],"texture":"#o5"},"west":{"uv":[0.0,0.0,0.0,0.0],"texture":"#o5"},"up":{"uv":[2.0,2.0,1.0,1.0],"rotation":90,"texture":"#o5"},"down":{"uv":[2.0,2.0,1.0,1.0],"rotation":270,"texture":"#o5"}}},{"from":[0.73,12.03,8.98033],"to":[0.93,12.57,9.09967],"rotation":{"angle":45.0,"axis":"x","origin":[2.73,12.3,9.04]},"faces":{"north":{"uv":[0.0,0.0,0.0,0.0],"texture":"#o5"},"south":{"uv":[0.0,0.0,0.0,0.0],"texture":"#o5"},"east":{"uv":[5.0,1.0,6.0,2.0],"texture":"#o5"},"west":{"uv":[0.0,0.0,0.0,0.0],"texture":"#o5"},"up":{"uv":[6.0,2.0,5.0,1.0],"rotation":90,"texture":"#o5"},"down":{"uv":[6.0,2.0,5.0,1.0],"rotation":270,"texture":"#o5"}}},{"from":[0.73,12.24033,8.74],"to":[0.93,12.35967,9.34],"rotation":{"angle":-22.5,"axis":"x","origin":[2.73,12.3,9.04]},"faces":{"north":{"uv":[1.0,1.0,2.0,2.0],"texture":"#o5"},"south":{"uv":[1.0,1.0,2.0,2.0],"texture":"#o5"},"east":{"uv":[5.0,1.0,6.0,2.0],"texture":"#o5"},"west":{"uv":[0.0,0.0,0.0,0.0],"texture":"#o5"},"up":{"uv":[2.0,2.0,1.0,1.0],"rotation":90,"texture":"#o5"},"down":{"uv":[2.0,2.0,1.0,1.0],"rotation":270,"texture":"#o5"}}},{"from":[0.73,12.24033,8.77],"to":[0.93,12.35967,9.31],"rotation":{"angle":0.0,"axis":"z","origin":[2.73,12.3,9.04]},"faces":{"north":{"uv":[1.0,1.0,2.0,2.0],"texture":"#o5"},"south":{"uv":[5.0,1.0,6.0,2.0],"texture":"#o5"},"east":{"uv":[5.0,1.0,6.0,2.0],"texture":"#o5"},"west":{"uv":[0.0,0.0,0.0,0.0],"texture":"#o5"},"up":{"uv":[0.0,0.0,0.0,0.0],"rotation":90,"texture":"#o5"},"down":{"uv":[0.0,0.0,0.0,0.0],"rotation":270,"texture":"#o5"}}},{"from":[0.73,12.24033,8.74],"to":[0.93,12.35967,9.34],"rotation":{"angle":22.5,"axis":"x","origin":[2.73,12.3,9.04]},"faces":{"north":{"uv":[1.0,1.0,2.0,2.0],"texture":"#o5"},"south":{"uv":[1.0,1.0,2.0,2.0],"texture":"#o5"},"east":{"uv":[5.0,1.0,6.0,2.0],"texture":"#o5"},"west":{"uv":[0.0,0.0,0.0,0.0],"texture":"#o5"},"up":{"uv":[2.0,2.0,1.0,1.0],"rotation":90,"texture":"#o5"},"down":{"uv":[2.0,2.0,1.0,1.0],"rotation":270,"texture":"#o5"}}},{"from":[-1.87,12.03,8.98033],"to":[-1.67,12.57,9.09967],"rotation":{"angle":-45.0,"axis":"x","origin":[0.13,12.3,9.04]},"faces":{"north":{"uv":[0.0,0.0,0.0,0.0],"texture":"#o5"},"south":{"uv":[0.0,0.0,0.0,0.0],"texture":"#o5"},"east":{"uv":[0.0,0.0,0.0,0.0],"texture":"#o5"},"west":{"uv":[5.0,1.0,6.0,2.0],"texture":"#o5"},"up":{"uv":[6.0,2.0,5.0,1.0],"rotation":90,"texture":"#o5"},"down":{"uv":[6.0,2.0,5.0,1.0],"rotation":270,"texture":"#o5"}}},{"from":[-1.87,12.0,8.98033],"to":[-1.67,12.6,9.09967],"rotation":{"angle":-22.5,"axis":"x","origin":[0.13,12.3,9.04]},"faces":{"north":{"uv":[1.0,1.0,2.0,2.0],"texture":"#o5"},"south":{"uv":[1.0,1.0,2.0,2.0],"texture":"#o5"},"east":{"uv":[0.0,0.0,0.0,0.0],"texture":"#o5"},"west":{"uv":[5.0,1.0,6.0,2.0],"texture":"#o5"},"up":{"uv":[2.0,2.0,1.0,1.0],"rotation":90,"texture":"#o5"},"down":{"uv":[2.0,2.0,1.0,1.0],"rotation":270,"texture":"#o5"}}},{"from":[-1.87,12.03,8.98033],"to":[-1.67,12.57,9.09967],"rotation":{"angle":0.0,"axis":"z","origin":[0.13,12.3,9.04]},"faces":{"north":{"uv":[0.0,0.0,0.0,0.0],"texture":"#o5"},"south":{"uv":[0.0,0.0,0.0,0.0],"texture":"#o5"},"east":{"uv":[0.0,0.0,0.0,0.0],"texture":"#o5"},"west":{"uv":[5.0,1.0,6.0,2.0],"texture":"#o5"},"up":{"uv":[6.0,2.0,5.0,1.0],"rotation":90,"texture":"#o5"},"down":{"uv":[6.0,2.0,5.0,1.0],"rotation":270,"texture":"#o5"}}},{"from":[-1.87,12.0,8.98033],"to":[-1.67,12.6,9.09967],"rotation":{"angle":22.5,"axis":"x","origin":[0.13,12.3,9.04]},"faces":{"north":{"uv":[1.0,1.0,2.0,2.0],"texture":"#o5"},"south":{"uv":[1.0,1.0,2.0,2.0],"texture":"#o5"},"east":{"uv":[0.0,0.0,0.0,0.0],"texture":"#o5"},"west":{"uv":[5.0,1.0,6.0,2.0],"texture":"#o5"},"up":{"uv":[2.0,2.0,1.0,1.0],"rotation":90,"texture":"#o5"},"down":{"uv":[2.0,2.0,1.0,1.0],"rotation":270,"texture":"#o5"}}},{"from":[-0.92967,12.59963,8.96436],"to":[-0.41033,12.69035,9.11545],"rotation":{"angle":22.5,"axis":"x","origin":[0.13,12.3,9.04]},"faces":{"north":{"uv":[0.0,0.0,0.0,0.0],"texture":"#o5"},"south":{"uv":[0.0,0.0,0.0,0.0],"texture":"#o5"},"east":{"uv":[1.0,1.0,2.0,2.0],"texture":"#o5"},"west":{"uv":[1.0,1.0,2.0,2.0],"texture":"#o5"},"up":{"uv":[2.0,2.0,1.0,1.0],"rotation":90,"texture":"#o5"},"down":{"uv":[0.0,0.0,0.0,0.0],"rotation":270,"texture":"#o5"}}},{"from":[-1.87,12.03,8.98033],"to":[-1.67,12.57,9.09967],"rotation":{"angle":45.0,"axis":"x","origin":[0.13,12.3,9.04]},"faces":{"north":{"uv":[0.0,0.0,0.0,0.0],"texture":"#o5"},"south":{"uv":[0.0,0.0,0.0,0.0],"texture":"#o5"},"east":{"uv":[0.0,0.0,0.0,0.0],"texture":"#o5"},"west":{"uv":[5.0,1.0,6.0,2.0],"texture":"#o5"},"up":{"uv":[6.0,2.0,5.0,1.0],"rotation":90,"texture":"#o5"},"down":{"uv":[6.0,2.0,5.0,1.0],"rotation":270,"texture":"#o5"}}},{"from":[-1.87,12.24033,8.74],"to":[-1.67,12.35967,9.34],"rotation":{"angle":-22.5,"axis":"x","origin":[0.13,12.3,9.04]},"faces":{"north":{"uv":[1.0,1.0,2.0,2.0],"texture":"#o5"},"south":{"uv":[1.0,1.0,2.0,2.0],"texture":"#o5"},"east":{"uv":[0.0,0.0,0.0,0.0],"texture":"#o5"},"west":{"uv":[5.0,1.0,6.0,2.0],"texture":"#o5"},"up":{"uv":[2.0,2.0,1.0,1.0],"rotation":90,"texture":"#o5"},"down":{"uv":[2.0,2.0,1.0,1.0],"rotation":270,"texture":"#o5"}}},{"from":[-1.87,12.24033,8.77],"to":[-1.67,12.35967,9.31],"rotation":{"angle":0.0,"axis":"z","origin":[0.13,12.3,9.04]},"faces":{"north":{"uv":[5.0,1.0,6.0,2.0],"texture":"#o5"},"south":{"uv":[5.0,1.0,6.0,2.0],"texture":"#o5"},"east":{"uv":[0.0,0.0,0.0,0.0],"texture":"#o5"},"west":{"uv":[5.0,1.0,6.0,2.0],"texture":"#o5"},"up":{"uv":[0.0,0.0,0.0,0.0],"rotation":90,"texture":"#o5"},"down":{"uv":[0.0,0.0,0.0,0.0],"rotation":270,"texture":"#o5"}}},{"from":[-1.87,12.24033,8.74],"to":[-1.67,12.35967,9.34],"rotation":{"angle":22.5,"axis":"x","origin":[0.13,12.3,9.04]},"faces":{"north":{"uv":[1.0,1.0,2.0,2.0],"texture":"#o5"},"south":{"uv":[1.0,1.0,2.0,2.0],"texture":"#o5"},"east":{"uv":[0.0,0.0,0.0,0.0],"texture":"#o5"},"west":{"uv":[5.0,1.0,6.0,2.0],"texture":"#o5"},"up":{"uv":[2.0,2.0,1.0,1.0],"rotation":90,"texture":"#o5"},"down":{"uv":[2.0,2.0,1.0,1.0],"rotation":270,"texture":"#o5"}}},{"from":[3.43,10.33,7.83109],"to":[3.43,12.33,8.22891],"rotation":{"angle":45.0,"axis":"x","origin":[3.93,11.33,8.03]},"faces":{"north":{"uv":[0.0,0.0,0.0,0.0],"texture":"#o5"},"south":{"uv":[0.0,0.0,0.0,0.0],"texture":"#o5"},"east":{"uv":[9.0,1.0,10.0,2.0],"texture":"#o5"},"up":{"uv":[0.0,0.0,0.0,0.0],"rotation":90,"texture":"#o5"},"down":{"uv":[0.0,0.0,0.0,0.0],"rotation":270,"texture":"#o5"}}},{"from":[3.43,10.33,7.83109],"to":[3.43,12.33,8.22891],"rotation":{"angle":22.5,"axis":"x","origin":[3.93,11.33,8.03]},"faces":{"north":{"uv":[0.0,0.0,0.0,0.0],"texture":"#o5"},"south":{"uv":[0.0,0.0,0.0,0.0],"texture":"#o5"},"east":{"uv":[9.0,1.0,10.0,2.0],"texture":"#o5"},"up":{"uv":[0.0,0.0,0.0,0.0],"rotation":90,"texture":"#o5"},"down":{"uv":[0.0,0.0,0.0,0.0],"rotation":270,"texture":"#o5"}}},{"from":[3.43,10.33,7.83109],"to":[3.43,12.33,8.22891],"rotation":{"angle":0.0,"axis":"z","origin":[3.93,11.33,8.03]},"faces":{"north":{"uv":[0.0,0.0,0.0,0.0],"texture":"#o5"},"south":{"uv":[0.0,0.0,0.0,0.0],"texture":"#o5"},"east":{"uv":[9.0,1.0,10.0,2.0],"texture":"#o5"},"up":{"uv":[0.0,0.0,0.0,0.0],"rotation":90,"texture":"#o5"},"down":{"uv":[0.0,0.0,0.0,0.0],"rotation":270,"texture":"#o5"}}},{"from":[3.43,10.33,7.83109],"to":[3.43,12.33,8.22891],"rotation":{"angle":-22.5,"axis":"x","origin":[3.93,11.33,8.03]},"faces":{"north":{"uv":[0.0,0.0,0.0,0.0],"texture":"#o5"},"south":{"uv":[0.0,0.0,0.0,0.0],"texture":"#o5"},"east":{"uv":[9.0,1.0,10.0,2.0],"texture":"#o5"},"up":{"uv":[0.0,0.0,0.0,0.0],"rotation":90,"texture":"#o5"},"down":{"uv":[0.0,0.0,0.0,0.0],"rotation":270,"texture":"#o5"}}},{"from":[3.43,10.33,7.83109],"to":[3.43,12.33,8.22891],"rotation":{"angle":-45.0,"axis":"x","origin":[3.93,11.33,8.03]},"faces":{"north":{"uv":[0.0,0.0,0.0,0.0],"texture":"#o5"},"south":{"uv":[0.0,0.0,0.0,0.0],"texture":"#o5"},"east":{"uv":[9.0,1.0,10.0,2.0],"texture":"#o5"},"up":{"uv":[0.0,0.0,0.0,0.0],"rotation":90,"texture":"#o5"},"down":{"uv":[0.0,0.0,0.0,0.0],"rotation":270,"texture":"#o5"}}},{"from":[3.43,11.13109,7.03],"to":[3.43,11.52891,9.03],"rotation":{"angle":22.5,"axis":"x","origin":[3.93,11.33,8.03]},"faces":{"north":{"uv":[0.0,0.0,0.0,0.0],"texture":"#o5"},"south":{"uv":[0.0,0.0,0.0,0.0],"texture":"#o5"},"east":{"uv":[9.0,1.0,10.0,2.0],"texture":"#o5"},"up":{"uv":[0.0,0.0,0.0,0.0],"rotation":90,"texture":"#o5"},"down":{"uv":[0.0,0.0,0.0,0.0],"rotation":270,"texture":"#o5"}}},{"from":[3.43,11.13109,7.03],"to":[3.43,11.52891,9.03],"rotation":{"angle":0.0,"axis":"z","origin":[3.93,11.33,8.03]},"faces":{"north":{"uv":[0.0,0.0,0.0,0.0],"texture":"#o5"},"south":{"uv":[0.0,0.0,0.0,0.0],"texture":"#o5"},"east":{"uv":[9.0,1.0,10.0,2.0],"texture":"#o5"},"up":{"uv":[0.0,0.0,0.0,0.0],"rotation":90,"texture":"#o5"},"down":{"uv":[0.0,0.0,0.0,0.0],"rotation":270,"texture":"#o5"}}},{"from":[3.43,11.13109,7.03],"to":[3.43,11.52891,9.03],"rotation":{"angle":-22.5,"axis":"x","origin":[3.93,11.33,8.03]},"faces":{"north":{"uv":[0.0,0.0,0.0,0.0],"texture":"#o5"},"south":{"uv":[0.0,0.0,0.0,0.0],"texture":"#o5"},"east":{"uv":[9.0,1.0,10.0,2.0],"texture":"#o5"},"up":{"uv":[0.0,0.0,0.0,0.0],"rotation":90,"texture":"#o5"},"down":{"uv":[0.0,0.0,0.0,0.0],"rotation":270,"texture":"#o5"}}},{"from":[0.53,11.2,7.90098],"to":[0.53,11.46,8.15902],"rotation":{"angle":0.0,"axis":"z","origin":[2.03,11.33,8.03]},"faces":{"north":{"uv":[0.0,0.0,0.0,0.0],"texture":"#o0"},"south":{"uv":[0.0,0.0,0.0,0.0],"texture":"#o0"},"east":{"uv":[0.0,0.0,0.0,0.0],"texture":"#o0"},"west":{"uv":[1.0,1.0,16.0,16.0],"texture":"#o1"},"up":{"uv":[0.0,0.0,0.0,0.0],"rotation":90,"texture":"#o0"},"down":{"uv":[0.0,0.0,0.0,0.0],"rotation":270,"texture":"#o0"}}},{"from":[24.3,7.49005,7.37],"to":[32.0,8.06995,7.77],"rotation":{"angle":45.0,"axis":"x","origin":[24.8,7.78,8.07]},"faces":{"north":{"uv":[0.0,1.0,0.25,1.25],"texture":"#o9"},"south":{"uv":[0.5,1.0,0.75,1.25],"texture":"#o9"},"east":{"uv":[0.0,1.0,0.25,1.25],"texture":"#o9"},"west":{"uv":[0.0,1.0,0.25,1.25],"texture":"#o9"},"up":{"uv":[0.0,1.0,0.25,1.25],"texture":"#o9"},"down":{"uv":[0.0,1.0,0.25,1.25],"texture":"#o9"}}},{"from":[24.3,7.49005,7.37],"to":[32.0,8.06995,7.77],"rotation":{"angle":0.0,"axis":"x","origin":[24.8,7.78,8.07]},"faces":{"north":{"uv":[0.0,1.0,0.25,1.25],"texture":"#o9"},"south":{"uv":[0.5,1.0,0.75,1.25],"texture":"#o9"},"east":{"uv":[0.0,1.0,0.25,1.25],"texture":"#o9"},"west":{"uv":[0.0,1.0,0.25,1.25],"texture":"#o9"},"up":{"uv":[0.0,1.0,0.25,1.25],"texture":"#o9"},"down":{"uv":[0.0,1.0,0.25,1.25],"texture":"#o9"}}},{"from":[24.3,7.49005,8.37],"to":[32.0,8.06995,8.77],"rotation":{"angle":45.0,"axis":"x","origin":[24.8,7.78,8.07]},"faces":{"north":{"uv":[0.5,1.0,0.75,1.25],"texture":"#o9"},"south":{"uv":[0.0,1.0,0.25,1.25],"texture":"#o9"},"east":{"uv":[0.0,1.0,0.25,1.25],"texture":"#o9"},"west":{"uv":[0.0,1.0,0.25,1.25],"texture":"#o9"},"up":{"uv":[0.0,1.0,0.25,1.25],"texture":"#o9"},"down":{"uv":[0.0,1.0,0.25,1.25],"texture":"#o9"}}},{"from":[24.3,7.49005,8.37],"to":[32.0,8.06995,8.77],"rotation":{"angle":0.0,"axis":"x","origin":[24.8,7.78,8.07]},"faces":{"north":{"uv":[0.5,1.0,0.75,1.25],"texture":"#o9"},"south":{"uv":[0.0,1.0,0.25,1.25],"texture":"#o9"},"east":{"uv":[0.0,1.0,0.25,1.25],"texture":"#o9"},"west":{"uv":[0.0,1.0,0.25,1.25],"texture":"#o9"},"up":{"uv":[0.0,1.0,0.25,1.25],"texture":"#o9"},"down":{"uv":[0.0,1.0,0.25,1.25],"texture":"#o9"}}},{"from":[24.3,7.08,7.78005],"to":[32.0,7.48,8.35995],"rotation":{"angle":45.0,"axis":"x","origin":[24.8,7.78,8.07]},"faces":{"north":{"uv":[0.0,1.0,0.25,1.25],"texture":"#o9"},"south":{"uv":[0.0,1.0,0.25,1.25],"texture":"#o9"},"east":{"uv":[0.0,1.0,0.25,1.25],"texture":"#o9"},"west":{"uv":[0.0,1.0,0.25,1.25],"texture":"#o9"},"up":{"uv":[0.5,1.0,0.75,1.25],"texture":"#o9"},"down":{"uv":[0.0,1.0,0.25,1.25],"texture":"#o9"}}},{"from":[24.3,7.08,7.78005],"to":[32.0,7.48,8.35995],"rotation":{"angle":0.0,"axis":"x","origin":[24.8,7.78,8.07]},"faces":{"north":{"uv":[0.0,1.0,0.25,1.25],"texture":"#o9"},"south":{"uv":[0.0,1.0,0.25,1.25],"texture":"#o9"},"east":{"uv":[0.0,1.0,0.25,1.25],"texture":"#o9"},"west":{"uv":[0.0,1.0,0.25,1.25],"texture":"#o9"},"up":{"uv":[0.5,1.0,0.75,1.25],"texture":"#o9"},"down":{"uv":[0.0,1.0,0.25,1.25],"texture":"#o9"}}},{"from":[24.3,8.08,7.78005],"to":[32.0,8.48,8.35995],"rotation":{"angle":45.0,"axis":"x","origin":[24.8,7.78,8.07]},"faces":{"north":{"uv":[0.0,1.0,0.25,1.25],"texture":"#o9"},"south":{"uv":[0.0,1.0,0.25,1.25],"texture":"#o9"},"east":{"uv":[0.0,1.0,0.25,1.25],"texture":"#o9"},"west":{"uv":[0.0,1.0,0.25,1.25],"texture":"#o9"},"up":{"uv":[0.0,1.0,0.25,1.25],"texture":"#o9"},"down":{"uv":[0.5,1.0,0.75,1.25],"texture":"#o9"}}},{"from":[24.3,8.08,7.78005],"to":[32.0,8.48,8.35995],"rotation":{"angle":0.0,"axis":"x","origin":[24.8,7.78,8.07]},"faces":{"north":{"uv":[0.0,1.0,0.25,1.25],"texture":"#o9"},"south":{"uv":[0.0,1.0,0.25,1.25],"texture":"#o9"},"east":{"uv":[0.0,1.0,0.25,1.25],"texture":"#o9"},"west":{"uv":[0.0,1.0,0.25,1.25],"texture":"#o9"},"up":{"uv":[0.0,1.0,0.25,1.25],"texture":"#o9"},"down":{"uv":[0.5,1.0,0.75,1.25],"texture":"#o9"}}},{"from":[1.12791,7.11437,9.16313],"to":[5.36791,7.92053,9.35929],"rotation":{"angle":0.0,"axis":"y","origin":[0.70791,7.01053,6.29952]},"faces":{"north":{"uv":[6.875,3.25,7.5,3.875],"texture":"#o8"},"south":{"uv":[6.875,3.25,7.5,3.875],"texture":"#o8"},"east":{"uv":[6.875,3.25,7.5,3.875],"texture":"#o8"},"west":{"uv":[6.875,3.25,7.5,3.875],"texture":"#o8"},"up":{"uv":[6.875,3.25,7.5,3.875],"texture":"#o8"},"down":{"uv":[6.875,3.25,7.5,3.875],"texture":"#o8"}}},{"from":[19.80791,7.39437,7.69313],"to":[24.50791,8.15053,8.43929],"rotation":{"angle":0.0,"axis":"y","origin":[7.40791,7.01053,6.29952]},"faces":{"north":{"uv":[12.375,0.125,13.0,0.75],"texture":"#o8"},"south":{"uv":[12.375,0.125,13.0,0.75],"texture":"#o8"},"east":{"uv":[12.375,0.125,13.0,0.75],"texture":"#o8"},"west":{"uv":[12.375,0.125,13.0,0.75],"texture":"#o8"},"up":{"uv":[12.375,0.125,13.0,0.75],"texture":"#o8"},"down":{"uv":[12.375,0.125,13.0,0.75],"texture":"#o8"}}},{"from":[19.80791,8.37437,7.88313],"to":[21.92791,8.73053,8.23929],"rotation":{"angle":0.0,"axis":"y","origin":[7.40791,7.59053,6.29952]},"faces":{"north":{"uv":[12.375,0.125,13.0,0.75],"texture":"#o8"},"south":{"uv":[12.375,0.125,13.0,0.75],"texture":"#o8"},"east":{"uv":[12.375,0.125,13.0,0.75],"texture":"#o8"},"west":{"uv":[12.375,0.125,13.0,0.75],"texture":"#o8"},"up":{"uv":[12.375,0.125,13.0,0.75],"texture":"#o8"},"down":{"uv":[12.375,0.125,13.0,0.75],"texture":"#o8"}}},{"from":[21.53791,9.69437,7.83313],"to":[21.92791,10.98053,8.28929],"rotation":{"angle":0.0,"axis":"y","origin":[7.76791,7.29053,6.29952]},"faces":{"north":{"uv":[5.375,5.125,6.0,5.75],"texture":"#o8"},"south":{"uv":[5.375,5.125,6.0,5.75],"texture":"#o8"},"east":{"uv":[5.375,5.125,6.0,5.75],"texture":"#o8"},"west":{"uv":[5.375,5.125,6.0,5.75],"texture":"#o8"},"up":{"uv":[5.375,5.125,6.0,5.75],"texture":"#o8"},"down":{"uv":[5.375,5.125,6.0,5.75],"texture":"#o8"}}},{"from":[21.38791,10.98053,7.83313],"to":[22.00791,11.20669,7.91929],"rotation":{"angle":0.0,"axis":"y","origin":[7.84791,8.57669,6.29952]},"faces":{"north":{"uv":[5.375,5.125,6.0,5.75],"texture":"#o8"},"south":{"uv":[5.375,5.125,6.0,5.75],"texture":"#o8"},"east":{"uv":[5.375,5.125,6.0,5.75],"texture":"#o8"},"west":{"uv":[5.375,5.125,6.0,5.75],"texture":"#o8"},"up":{"uv":[5.375,5.125,6.0,5.75],"texture":"#o8"},"down":{"uv":[5.375,5.125,6.0,5.75],"texture":"#o8"}}},{"from":[21.38791,10.98053,8.20313],"to":[22.00791,11.20669,8.28929],"rotation":{"angle":0.0,"axis":"y","origin":[7.84791,8.57669,6.66952]},"faces":{"north":{"uv":[5.375,5.125,6.0,5.75],"texture":"#o8"},"south":{"uv":[5.375,5.125,6.0,5.75],"texture":"#o8"},"east":{"uv":[5.375,5.125,6.0,5.75],"texture":"#o8"},"west":{"uv":[5.375,5.125,6.0,5.75],"texture":"#o8"},"up":{"uv":[5.375,5.125,6.0,5.75],"texture":"#o8"},"down":{"uv":[5.375,5.125,6.0,5.75],"texture":"#o8"}}},{"from":[21.72791,10.98053,8.02313],"to":[21.79791,11.09669,8.09929],"rotation":{"angle":0.0,"axis":"y","origin":[7.84791,8.57669,6.46952]},"faces":{"north":{"uv":[5.375,5.125,6.0,5.75],"texture":"#o8"},"south":{"uv":[5.375,5.125,6.0,5.75],"texture":"#o8"},"east":{"uv":[5.375,5.125,6.0,5.75],"texture":"#o8"},"west":{"uv":[5.375,5.125,6.0,5.75],"texture":"#o8"},"up":{"uv":[5.375,5.125,6.0,5.75],"texture":"#o8"},"down":{"uv":[5.375,5.125,6.0,5.75],"texture":"#o8"}}},{"from":[21.38791,10.38437,7.83313],"to":[21.53791,10.98053,8.28929],"rotation":{"angle":0.0,"axis":"y","origin":[7.37791,7.29053,6.29952]},"faces":{"north":{"uv":[5.375,5.125,6.0,5.75],"texture":"#o8"},"south":{"uv":[5.375,5.125,6.0,5.75],"texture":"#o8"},"up":{"uv":[5.375,5.125,6.0,5.75],"texture":"#o8"},"down":{"uv":[5.375,5.125,6.0,5.75],"texture":"#o8"}}},{"from":[20.99791,10.38437,7.83313],"to":[21.38791,10.58053,8.28929],"rotation":{"angle":0.0,"axis":"y","origin":[7.22791,7.29053,6.29952]},"faces":{"north":{"uv":[5.375,5.125,6.0,5.75],"texture":"#o8"},"south":{"uv":[5.375,5.125,6.0,5.75],"texture":"#o8"},"east":{"uv":[5.375,5.125,6.0,5.75],"texture":"#o8"},"west":{"uv":[5.375,5.125,6.0,5.75],"texture":"#o8"},"up":{"uv":[5.375,5.125,6.0,5.75],"texture":"#o8"},"down":{"uv":[5.375,5.125,6.0,5.75],"texture":"#o8"}}},{"from":[21.18791,10.58053,7.83313],"to":[21.38791,10.77669,8.28929],"rotation":{"angle":0.0,"axis":"y","origin":[7.22791,7.48669,6.29952]},"faces":{"north":{"uv":[5.375,5.125,6.0,5.75],"texture":"#o8"},"south":{"uv":[5.375,5.125,6.0,5.75],"texture":"#o8"}}},{"from":[21.15517,7.41864,7.83313],"to":[21.30517,11.0148,8.28929],"rotation":{"angle":-45.0,"axis":"z","origin":[21.23017,10.71672,8.06121]},"faces":{"north":{"uv":[5.375,5.125,6.0,5.75],"texture":"#o8"},"south":{"uv":[5.375,5.125,6.0,5.75],"texture":"#o8"},"east":{"uv":[5.375,5.125,6.0,5.75],"texture":"#o8"},"west":{"uv":[5.375,5.125,6.0,5.75],"texture":"#o8"},"up":{"uv":[5.375,5.125,6.0,5.75],"texture":"#o8"},"down":{"uv":[5.375,5.125,6.0,5.75],"texture":"#o8"}}},{"from":[21.92791,8.07437,7.83313],"to":[22.00791,10.98053,8.28929],"rotation":{"angle":0.0,"axis":"y","origin":[7.84791,7.29053,6.29952]},"faces":{"north":{"uv":[5.375,5.125,6.0,5.75],"texture":"#o8"},"south":{"uv":[5.375,5.125,6.0,5.75],"texture":"#o8"},"east":{"uv":[5.375,5.125,6.0,5.75],"texture":"#o8"},"west":{"uv":[5.375,5.125,6.0,5.75],"texture":"#o8"},"up":{"uv":[5.375,5.125,6.0,5.75],"texture":"#o8"},"down":{"uv":[5.375,5.125,6.0,5.75],"texture":"#o8"}}},{"from":[5.36791,7.51437,6.96313],"to":[6.30791,9.07053,9.15929],"rotation":{"angle":0.0,"axis":"y","origin":[0.70791,7.01053,6.29952]},"faces":{"north":{"uv":[5.125,5.125,5.75,5.76732],"texture":"#o8"},"south":{"uv":[5.125,5.125,5.75,5.76732],"texture":"#o8"},"east":{"uv":[5.125,5.125,5.75,5.76732],"texture":"#o8"},"west":{"uv":[5.125,5.125,5.75,5.76732],"texture":"#o8"},"up":{"uv":[5.125,5.125,5.75,5.76732],"texture":"#o8"},"down":{"uv":[5.125,5.125,5.75,5.76732],"texture":"#o8"}}},{"from":[1.12791,7.51437,6.96313],"to":[5.36791,9.07053,8.15929],"rotation":{"angle":0.0,"axis":"y","origin":[0.70791,7.01053,6.29952]},"faces":{"north":{"uv":[4.625,4.5,5.625,5.5],"texture":"#o8"},"south":{"uv":[6.875,3.25,7.5,3.875],"texture":"#o8"},"up":{"uv":[5.125,5.125,5.73,5.64232],"texture":"#o8"},"down":{"uv":[5.125,5.125,5.605,5.64232],"texture":"#o8"}}},{"from":[-5.03209,7.51437,6.96313],"to":[1.12791,9.07053,9.15929],"rotation":{"angle":0.0,"axis":"y","origin":[0.70791,7.01053,6.29952]},"faces":{"north":{"uv":[4.625,4.5,5.625,5.5],"texture":"#o8"},"south":{"uv":[5.125,5.0,5.695,5.61232],"texture":"#o8"},"east":{"uv":[5.125,5.0,5.695,5.61232],"texture":"#o8"},"west":{"uv":[5.0,5.125,5.76732,5.86232],"texture":"#o8"},"up":{"uv":[5.25,5.0,5.82,5.64232],"texture":"#o8"},"down":{"uv":[5.25,5.125,5.695,5.64232],"texture":"#o8"}}},{"from":[-5.03209,6.71437,7.12313],"to":[6.31791,7.52053,8.99929],"rotation":{"angle":0.0,"axis":"y","origin":[0.70791,7.01053,6.29952]},"faces":{"north":{"uv":[4.5,2.0,10.125,2.375],"texture":"#o8"},"south":{"uv":[10.125,2.0,4.5,2.375],"texture":"#o8"},"east":{"uv":[6.0,0.5,7.0,0.875],"texture":"#o8"},"west":{"uv":[1.0,6.0,2.0,6.375],"texture":"#o8"},"up":{"uv":[6.875,3.25,7.5,3.875],"texture":"#o8"},"down":{"uv":[5.5,5.25,5.0,5.75],"texture":"#o8"}}},{"from":[-3.51209,5.60437,7.12313],"to":[5.30791,6.72053,8.99929],"rotation":{"angle":0.0,"axis":"y","origin":[0.70791,7.01053,6.29952]},"faces":{"north":{"uv":[0.0,4.0,4.375,4.5],"texture":"#o8"},"south":{"uv":[4.375,4.0,0.0,4.5],"texture":"#o8"},"east":{"uv":[0.0,6.0,1.0,6.5],"texture":"#o8"},"west":{"uv":[4.625,4.5,5.625,5.5],"texture":"#o8"},"up":{"uv":[4.375,3.0,0.0,2.0],"texture":"#o8"},"down":{"uv":[4.375,3.0,0.0,4.0],"texture":"#o8"}}},{"from":[1.27791,3.88821,7.12313],"to":[5.30791,5.60437,8.99929],"rotation":{"angle":0.0,"axis":"y","origin":[0.72791,7.09437,6.29952]},"faces":{"north":{"uv":[0.0,5.0,2.0,5.875],"texture":"#o8"},"south":{"uv":[2.0,5.0,0.0,5.875],"texture":"#o8"},"east":{"uv":[4.0,5.0,5.0,5.875],"texture":"#o8"},"west":{"uv":[5.0,5.0,6.0,5.875],"texture":"#o8"},"down":{"uv":[6.5,4.0,4.5,5.0],"texture":"#o8"}}},{"from":[-2.60209,-0.27179,7.02313],"to":[-0.77209,4.79821,9.09929],"rotation":{"angle":-22.5,"axis":"z","origin":[0.82791,7.09437,6.29952]},"faces":{"north":{"uv":[12.125,0.0,13.125,1.0],"texture":"#o8"},"south":{"uv":[12.125,0.0,13.125,1.0],"texture":"#o8"},"east":{"uv":[12.125,0.0,13.125,1.0],"texture":"#o8"},"west":{"uv":[12.125,0.0,13.125,1.0],"texture":"#o8"},"up":{"uv":[12.125,0.0,13.125,1.0],"texture":"#o8"},"down":{"uv":[12.125,0.0,13.125,1.0],"texture":"#o8"}}},{"from":[-0.61209,5.18821,7.82313],"to":[-0.43209,5.68821,8.29929],"rotation":{"angle":-22.5,"axis":"z","origin":[-0.62209,5.58821,8.06121]},"faces":{"north":{"uv":[4.625,4.5,5.625,5.5],"texture":"#o8"},"south":{"uv":[4.625,4.5,5.625,5.5],"texture":"#o8"},"east":{"uv":[4.625,4.5,5.625,5.5],"texture":"#o8"},"west":{"uv":[4.625,4.5,5.625,5.5],"texture":"#o8"}}},{"from":[-0.76592,4.35483,7.82313],"to":[-0.58592,5.21483,8.29929],"rotation":{"angle":0.0,"axis":"z","origin":[-0.67592,5.25483,8.06121]},"faces":{"north":{"uv":[4.625,4.5,5.625,5.5],"texture":"#o8"},"south":{"uv":[4.625,4.5,5.625,5.5],"texture":"#o8"},"east":{"uv":[4.625,4.5,5.625,5.5],"texture":"#o8"},"west":{"uv":[4.625,4.5,5.625,5.5],"texture":"#o8"},"down":{"uv":[4.625,4.5,5.625,5.5],"texture":"#o8"}}},{"from":[-1.57209,3.88821,7.12313],"to":[1.27791,4.08821,8.99929],"rotation":{"angle":0.0,"axis":"y","origin":[0.82791,7.09437,6.29952]},"faces":{"north":{"uv":[4.625,4.5,5.625,5.5],"texture":"#o8"},"south":{"uv":[4.625,4.5,5.625,5.5],"texture":"#o8"},"up":{"uv":[4.625,4.5,5.625,5.5],"texture":"#o8"},"down":{"uv":[4.625,4.5,5.625,5.5],"texture":"#o8"}}},{"from":[-1.57209,4.08821,7.12313],"to":[-1.35209,5.60821,8.99929],"rotation":{"angle":0.0,"axis":"y","origin":[0.82791,7.09437,6.29952]},"faces":{"north":{"uv":[4.625,4.5,5.625,5.5],"texture":"#o8"},"south":{"uv":[4.625,4.5,5.625,5.5],"texture":"#o8"},"east":{"uv":[4.625,4.5,5.625,5.5],"texture":"#o8"}}},{"from":[-2.249,3.86529,7.02313],"to":[-1.529,5.58529,9.09929],"rotation":{"angle":0.0,"axis":"y","origin":[0.851,7.07145,6.29952]},"faces":{"north":{"uv":[12.125,0.0,13.125,1.0],"texture":"#o8"},"south":{"uv":[12.125,0.0,13.125,1.0],"texture":"#o8"},"east":{"uv":[12.125,0.0,13.125,1.0],"texture":"#o8"},"down":{"uv":[12.125,0.0,13.125,1.0],"texture":"#o8"}}},{"from":[-3.549,5.46529,7.02313],"to":[-3.2197,6.2856,9.09929],"rotation":{"angle":0.0,"axis":"y","origin":[0.851,7.07145,6.29952]},"faces":{"north":{"uv":[12.125,0.0,13.125,1.0],"texture":"#o8"},"south":{"uv":[12.125,0.0,13.125,1.0],"texture":"#o8"},"west":{"uv":[12.125,0.0,13.125,1.0],"texture":"#o8"},"up":{"uv":[12.125,0.0,13.125,1.0],"texture":"#o8"}}},{"from":[-15.51209,6.71437,7.12313],"to":[-5.03209,9.07053,8.99929],"rotation":{"angle":0.0,"axis":"y","origin":[0.84791,7.01053,6.29952]},"faces":{"north":{"uv":[4.625,4.5,5.625,5.5],"texture":"#o8"},"south":{"uv":[4.625,4.5,5.625,5.5],"texture":"#o8"},"west":{"uv":[4.625,4.5,5.625,5.5],"texture":"#o8"},"up":{"uv":[4.625,4.5,5.625,5.5],"texture":"#o8"}}},{"from":[-15.51209,2.52437,7.12313],"to":[-15.09209,6.71437,8.99929],"rotation":{"angle":0.0,"axis":"y","origin":[0.84791,7.01053,6.29952]},"faces":{"north":{"uv":[4.625,4.5,5.625,5.5],"texture":"#o8"},"south":{"uv":[4.625,4.5,5.625,5.5],"texture":"#o8"},"west":{"uv":[4.625,4.5,5.625,5.5],"texture":"#o8"},"down":{"uv":[4.625,4.5,5.625,5.5],"texture":"#o8"}}},{"from":[-15.96837,4.61193,7.12313],"to":[-5.0428,5.59193,8.98929],"rotation":{"angle":22.5,"axis":"z","origin":[-10.3278,5.79596,8.06121]},"faces":{"north":{"uv":[4.625,4.5,5.625,5.5],"texture":"#o8"},"south":{"uv":[4.625,4.5,5.625,5.5],"texture":"#o8"},"down":{"uv":[4.625,4.5,5.625,5.5],"texture":"#o8"}}},{"from":[-15.49591,5.61629,7.12313],"to":[-7.30034,6.56629,8.98929],"rotation":{"angle":22.5,"axis":"z","origin":[-10.20534,5.50032,8.06121]},"faces":{"north":{"uv":[4.625,4.5,5.625,5.5],"texture":"#o8"},"south":{"uv":[4.625,4.5,5.625,5.5],"texture":"#o8"}}},{"from":[-15.10591,6.56629,7.12313],"to":[-9.59034,7.50629,8.98929],"rotation":{"angle":22.5,"axis":"z","origin":[-10.20534,5.50032,8.06121]},"faces":{"north":{"uv":[4.625,4.5,5.625,5.5],"texture":"#o8"},"south":{"uv":[4.625,4.5,5.625,5.5],"texture":"#o8"}}},{"from":[-14.67591,7.50629,7.12313],"to":[-11.87034,8.51629,8.98929],"rotation":{"angle":22.5,"axis":"z","origin":[-10.20534,5.50032,8.06121]},"faces":{"north":{"uv":[4.625,4.5,5.625,5.5],"texture":"#o8"},"south":{"uv":[4.625,4.5,5.625,5.5],"texture":"#o8"}}},{"from":[-3.26209,9.07053,7.35313],"to":[-2.70209,9.45669,8.77929],"rotation":{"angle":0.0,"axis":"y","origin":[0.78791,6.67669,6.29952]},"faces":{"north":{"uv":[12.125,0.0,13.125,1.0],"texture":"#o8"},"south":{"uv":[12.125,0.0,13.125,1.0],"texture":"#o8"},"east":{"uv":[12.125,0.0,13.125,1.0],"texture":"#o8"},"west":{"uv":[12.125,0.0,13.125,1.0],"texture":"#o8"},"up":{"uv":[12.125,0.0,13.125,1.0],"texture":"#o8"},"down":{"uv":[12.125,0.0,13.125,1.0],"texture":"#o8"}}},{"from":[-2.66209,9.07053,7.35313],"to":[6.09791,9.45669,8.77929],"rotation":{"angle":0.0,"axis":"y","origin":[1.58791,6.67669,6.29952]},"faces":{"north":{"uv":[0.0,6.625,1.0,7.625],"texture":"#o8"},"south":{"uv":[0.0,6.625,1.0,7.625],"texture":"#o8"},"east":{"uv":[0.0,6.625,1.0,7.625],"texture":"#o8"},"west":{"uv":[0.0,6.625,1.0,7.625],"texture":"#o8"},"up":{"uv":[0.0,6.625,1.0,7.625],"texture":"#o8"},"down":{"uv":[0.0,6.625,1.0,7.625],"texture":"#o8"}}},{"from":[5.19791,9.45669,7.35313],"to":[6.09791,9.80669,8.77933],"rotation":{"angle":0.0,"axis":"y","origin":[2.61,7.06285,6.29952]},"faces":{"north":{"uv":[0.0,6.625,1.0,7.625],"texture":"#o8"},"south":{"uv":[0.0,6.625,1.0,7.625],"texture":"#o8"},"east":{"uv":[0.0,6.625,1.0,7.625],"texture":"#o8"},"west":{"uv":[0.0,6.625,1.0,7.625],"texture":"#o8"},"up":{"uv":[0.0,6.625,1.0,7.625],"texture":"#o8"},"down":{"uv":[0.0,6.625,1.0,7.625],"texture":"#o8"}}},{"from":[5.19791,9.10622,7.43825],"to":[6.09791,9.35371,7.68574],"rotation":{"angle":-45.0,"axis":"x","origin":[5.64791,9.17871,6.97264]},"faces":{"north":{"uv":[0.0,6.625,1.0,7.625],"texture":"#o8"},"south":{"uv":[0.0,6.625,1.0,7.625],"texture":"#o8"},"east":{"uv":[0.0,6.625,1.0,7.625],"texture":"#o8"},"west":{"uv":[0.0,6.625,1.0,7.625],"texture":"#o8"},"up":{"uv":[0.0,6.625,1.0,7.625],"texture":"#o8"},"down":{"uv":[0.0,6.625,1.0,7.625],"texture":"#o8"}}},{"from":[3.39791,9.10622,7.43825],"to":[4.29791,9.35371,7.68574],"rotation":{"angle":-45.0,"axis":"x","origin":[5.64791,9.17871,6.97264]},"faces":{"north":{"uv":[0.0,6.625,1.0,7.625],"texture":"#o8"},"south":{"uv":[0.0,6.625,1.0,7.625],"texture":"#o8"},"east":{"uv":[0.0,6.625,1.0,7.625],"texture":"#o8"},"west":{"uv":[0.0,6.625,1.0,7.625],"texture":"#o8"},"up":{"uv":[0.0,6.625,1.0,7.625],"texture":"#o8"},"down":{"uv":[0.0,6.625,1.0,7.625],"texture":"#o8"}}},{"from":[-0.20209,9.10622,7.43825],"to":[0.69791,9.35371,7.68574],"rotation":{"angle":-45.0,"axis":"x","origin":[5.64791,9.17871,6.97264]},"faces":{"north":{"uv":[0.0,6.625,1.0,7.625],"texture":"#o8"},"south":{"uv":[0.0,6.625,1.0,7.625],"texture":"#o8"},"east":{"uv":[0.0,6.625,1.0,7.625],"texture":"#o8"},"west":{"uv":[0.0,6.625,1.0,7.625],"texture":"#o8"},"up":{"uv":[0.0,6.625,1.0,7.625],"texture":"#o8"},"down":{"uv":[0.0,6.625,1.0,7.625],"texture":"#o8"}}},{"from":[-2.00209,9.10622,7.43825],"to":[-1.10209,9.35371,7.68574],"rotation":{"angle":-45.0,"axis":"x","origin":[5.64791,9.17871,6.97264]},"faces":{"north":{"uv":[0.0,6.625,1.0,7.625],"texture":"#o8"},"south":{"uv":[0.0,6.625,1.0,7.625],"texture":"#o8"},"east":{"uv":[0.0,6.625,1.0,7.625],"texture":"#o8"},"west":{"uv":[0.0,6.625,1.0,7.625],"texture":"#o8"},"up":{"uv":[0.0,6.625,1.0,7.625],"texture":"#o8"},"down":{"uv":[0.0,6.625,1.0,7.625],"texture":"#o8"}}},{"from":[1.59791,9.10622,7.43825],"to":[2.49791,9.35371,7.68574],"rotation":{"angle":-45.0,"axis":"x","origin":[5.64791,9.17871,6.97264]},"faces":{"north":{"uv":[0.0,6.625,1.0,7.625],"texture":"#o8"},"south":{"uv":[0.0,6.625,1.0,7.625],"texture":"#o8"},"east":{"uv":[0.0,6.625,1.0,7.625],"texture":"#o8"},"west":{"uv":[0.0,6.625,1.0,7.625],"texture":"#o8"},"up":{"uv":[0.0,6.625,1.0,7.625],"texture":"#o8"},"down":{"uv":[0.0,6.625,1.0,7.625],"texture":"#o8"}}},{"from":[-2.00209,9.10622,8.86445],"to":[-1.10209,9.35371,9.11194],"rotation":{"angle":-45.0,"axis":"x","origin":[5.64791,9.17871,8.39884]},"faces":{"north":{"uv":[0.0,6.625,1.0,7.625],"texture":"#o8"},"south":{"uv":[0.0,6.625,1.0,7.625],"texture":"#o8"},"east":{"uv":[0.0,6.625,1.0,7.625],"texture":"#o8"},"west":{"uv":[0.0,6.625,1.0,7.625],"texture":"#o8"},"up":{"uv":[0.0,6.625,1.0,7.625],"texture":"#o8"},"down":{"uv":[0.0,6.625,1.0,7.625],"texture":"#o8"}}},{"from":[-0.20209,9.10622,8.86445],"to":[0.69791,9.35371,9.11194],"rotation":{"angle":-45.0,"axis":"x","origin":[5.64791,9.17871,8.39884]},"faces":{"north":{"uv":[0.0,6.625,1.0,7.625],"texture":"#o8"},"south":{"uv":[0.0,6.625,1.0,7.625],"texture":"#o8"},"east":{"uv":[0.0,6.625,1.0,7.625],"texture":"#o8"},"west":{"uv":[0.0,6.625,1.0,7.625],"texture":"#o8"},"up":{"uv":[0.0,6.625,1.0,7.625],"texture":"#o8"},"down":{"uv":[0.0,6.625,1.0,7.625],"texture":"#o8"}}},{"from":[1.59791,9.10622,8.86445],"to":[2.49791,9.35371,9.11194],"rotation":{"angle":-45.0,"axis":"x","origin":[5.64791,9.17871,8.39884]},"faces":{"north":{"uv":[0.0,6.625,1.0,7.625],"texture":"#o8"},"south":{"uv":[0.0,6.625,1.0,7.625],"texture":"#o8"},"east":{"uv":[0.0,6.625,1.0,7.625],"texture":"#o8"},"west":{"uv":[0.0,6.625,1.0,7.625],"texture":"#o8"},"up":{"uv":[0.0,6.625,1.0,7.625],"texture":"#o8"},"down":{"uv":[0.0,6.625,1.0,7.625],"texture":"#o8"}}},{"from":[3.39791,9.10622,8.86445],"to":[4.29791,9.35371,9.11194],"rotation":{"angle":-45.0,"axis":"x","origin":[5.64791,9.17871,8.39884]},"faces":{"north":{"uv":[0.0,6.625,1.0,7.625],"texture":"#o8"},"south":{"uv":[0.0,6.625,1.0,7.625],"texture":"#o8"},"east":{"uv":[0.0,6.625,1.0,7.625],"texture":"#o8"},"west":{"uv":[0.0,6.625,1.0,7.625],"texture":"#o8"},"up":{"uv":[0.0,6.625,1.0,7.625],"texture":"#o8"},"down":{"uv":[0.0,6.625,1.0,7.625],"texture":"#o8"}}},{"from":[5.19791,9.10622,8.86445],"to":[6.09791,9.35371,9.11194],"rotation":{"angle":-45.0,"axis":"x","origin":[5.64791,9.17871,8.39884]},"faces":{"north":{"uv":[0.0,6.625,1.0,7.625],"texture":"#o8"},"south":{"uv":[0.0,6.625,1.0,7.625],"texture":"#o8"},"east":{"uv":[0.0,6.625,1.0,7.625],"texture":"#o8"},"west":{"uv":[0.0,6.625,1.0,7.625],"texture":"#o8"},"up":{"uv":[0.0,6.625,1.0,7.625],"texture":"#o8"},"down":{"uv":[0.0,6.625,1.0,7.625],"texture":"#o8"}}},{"from":[3.39791,9.45669,7.35313],"to":[4.29791,9.80669,8.77933],"rotation":{"angle":0.0,"axis":"y","origin":[0.81,7.06285,6.29952]},"faces":{"north":{"uv":[0.0,6.625,1.0,7.625],"texture":"#o8"},"south":{"uv":[0.0,6.625,1.0,7.625],"texture":"#o8"},"east":{"uv":[0.0,6.625,1.0,7.625],"texture":"#o8"},"west":{"uv":[0.0,6.625,1.0,7.625],"texture":"#o8"},"up":{"uv":[0.0,6.625,1.0,7.625],"texture":"#o8"},"down":{"uv":[0.0,6.625,1.0,7.625],"texture":"#o8"}}},{"from":[1.59791,9.45669,7.35313],"to":[2.49791,9.80669,8.77933],"rotation":{"angle":0.0,"axis":"y","origin":[-0.99,7.06285,6.29952]},"faces":{"north":{"uv":[0.0,6.625,1.0,7.625],"texture":"#o8"},"south":{"uv":[0.0,6.625,1.0,7.625],"texture":"#o8"},"east":{"uv":[0.0,6.625,1.0,7.625],"texture":"#o8"},"west":{"uv":[0.0,6.625,1.0,7.625],"texture":"#o8"},"up":{"uv":[0.0,6.625,1.0,7.625],"texture":"#o8"},"down":{"uv":[0.0,6.625,1.0,7.625],"texture":"#o8"}}},{"from":[-0.20209,9.45669,7.35313],"to":[0.69791,9.80669,8.77933],"rotation":{"angle":0.0,"axis":"y","origin":[-2.79,7.06285,6.29952]},"faces":{"north":{"uv":[0.0,6.625,1.0,7.625],"texture":"#o8"},"south":{"uv":[0.0,6.625,1.0,7.625],"texture":"#o8"},"east":{"uv":[0.0,6.625,1.0,7.625],"texture":"#o8"},"west":{"uv":[0.0,6.625,1.0,7.625],"texture":"#o8"},"up":{"uv":[0.0,6.625,1.0,7.625],"texture":"#o8"},"down":{"uv":[0.0,6.625,1.0,7.625],"texture":"#o8"}}},{"from":[-2.00209,9.45669,7.35313],"to":[-1.10209,9.80669,8.77933],"rotation":{"angle":0.0,"axis":"y","origin":[-4.59,7.06285,6.29952]},"faces":{"north":{"uv":[0.0,6.625,1.0,7.625],"texture":"#o8"},"south":{"uv":[0.0,6.625,1.0,7.625],"texture":"#o8"},"east":{"uv":[0.0,6.625,1.0,7.625],"texture":"#o8"},"west":{"uv":[0.0,6.625,1.0,7.625],"texture":"#o8"},"up":{"uv":[0.0,6.625,1.0,7.625],"texture":"#o8"},"down":{"uv":[0.0,6.625,1.0,7.625],"texture":"#o8"}}},{"from":[8.33791,6.34331,7.55313],"to":[17.09791,6.82947,8.77929],"rotation":{"angle":0.0,"axis":"y","origin":[1.58791,9.32331,6.29952]},"faces":{"north":{"uv":[0.0,7.625,1.0,6.625],"texture":"#o8"},"south":{"uv":[0.0,7.625,1.0,6.625],"texture":"#o8"},"east":{"uv":[0.0,7.625,1.0,6.625],"texture":"#o8"},"west":{"uv":[0.0,7.625,1.0,6.625],"texture":"#o8"},"up":{"uv":[0.0,7.625,1.0,6.625],"texture":"#o8"},"down":{"uv":[0.0,7.625,1.0,6.625],"texture":"#o8"}}},{"from":[16.19791,5.99331,7.55313],"to":[17.09791,6.34331,8.77933],"rotation":{"angle":0.0,"axis":"y","origin":[2.61,8.93715,6.29952]},"faces":{"north":{"uv":[0.0,7.625,1.0,6.625],"texture":"#o8"},"south":{"uv":[0.0,7.625,1.0,6.625],"texture":"#o8"},"east":{"uv":[0.0,7.625,1.0,6.625],"texture":"#o8"},"west":{"uv":[0.0,7.625,1.0,6.625],"texture":"#o8"},"up":{"uv":[0.0,7.625,1.0,6.625],"texture":"#o8"},"down":{"uv":[0.0,7.625,1.0,6.625],"texture":"#o8"}}},{"from":[14.39791,5.99331,7.55313],"to":[15.29791,6.34331,8.77933],"rotation":{"angle":0.0,"axis":"y","origin":[0.81,8.93715,6.29952]},"faces":{"north":{"uv":[0.0,7.625,1.0,6.625],"texture":"#o8"},"south":{"uv":[0.0,7.625,1.0,6.625],"texture":"#o8"},"east":{"uv":[0.0,7.625,1.0,6.625],"texture":"#o8"},"west":{"uv":[0.0,7.625,1.0,6.625],"texture":"#o8"},"up":{"uv":[0.0,7.625,1.0,6.625],"texture":"#o8"},"down":{"uv":[0.0,7.625,1.0,6.625],"texture":"#o8"}}},{"from":[12.59791,5.99331,7.55313],"to":[13.49791,6.34331,8.77933],"rotation":{"angle":0.0,"axis":"y","origin":[-0.99,8.93715,6.29952]},"faces":{"north":{"uv":[0.0,7.625,1.0,6.625],"texture":"#o8"},"south":{"uv":[0.0,7.625,1.0,6.625],"texture":"#o8"},"east":{"uv":[0.0,7.625,1.0,6.625],"texture":"#o8"},"west":{"uv":[0.0,7.625,1.0,6.625],"texture":"#o8"},"up":{"uv":[0.0,7.625,1.0,6.625],"texture":"#o8"},"down":{"uv":[0.0,7.625,1.0,6.625],"texture":"#o8"}}},{"from":[10.79791,5.99331,7.55313],"to":[11.69791,6.34331,8.77933],"rotation":{"angle":0.0,"axis":"y","origin":[-2.79,8.93715,6.29952]},"faces":{"north":{"uv":[0.0,7.625,1.0,6.625],"texture":"#o8"},"south":{"uv":[0.0,7.625,1.0,6.625],"texture":"#o8"},"east":{"uv":[0.0,7.625,1.0,6.625],"texture":"#o8"},"west":{"uv":[0.0,7.625,1.0,6.625],"texture":"#o8"},"up":{"uv":[0.0,7.625,1.0,6.625],"texture":"#o8"},"down":{"uv":[0.0,7.625,1.0,6.625],"texture":"#o8"}}},{"from":[8.99791,5.99331,7.55313],"to":[9.89791,6.34331,8.77933],"rotation":{"angle":0.0,"axis":"y","origin":[-4.59,8.93715,6.29952]},"faces":{"north":{"uv":[0.0,7.625,1.0,6.625],"texture":"#o8"},"south":{"uv":[0.0,7.625,1.0,6.625],"texture":"#o8"},"east":{"uv":[0.0,7.625,1.0,6.625],"texture":"#o8"},"west":{"uv":[0.0,7.625,1.0,6.625],"texture":"#o8"},"up":{"uv":[0.0,7.625,1.0,6.625],"texture":"#o8"},"down":{"uv":[0.0,7.625,1.0,6.625],"texture":"#o8"}}},{"from":[-4.02209,9.07053,6.85313],"to":[-3.26209,9.45669,9.26929],"rotation":{"angle":0.0,"axis":"y","origin":[0.70791,6.67669,6.29952]},"faces":{"north":{"uv":[12.125,0.0,13.125,1.0],"texture":"#o8"},"south":{"uv":[12.125,0.0,13.125,1.0],"texture":"#o8"},"east":{"uv":[12.125,0.0,13.125,1.0],"texture":"#o8"},"west":{"uv":[12.125,0.0,13.125,1.0],"texture":"#o8"},"up":{"uv":[12.125,0.0,13.125,1.0],"texture":"#o8"},"down":{"uv":[12.125,0.0,13.125,1.0],"texture":"#o8"}}},{"from":[1.12791,8.71437,8.16313],"to":[5.36791,9.07053,9.15929],"rotation":{"angle":0.0,"axis":"y","origin":[0.70791,7.01053,6.29952]},"faces":{"north":{"uv":[5.125,5.0,5.695,5.61232],"texture":"#o8"},"south":{"uv":[5.125,5.0,5.695,5.61232],"texture":"#o8"},"east":{"uv":[5.125,5.0,5.695,5.61232],"texture":"#o8"},"west":{"uv":[5.125,5.0,5.695,5.61232],"texture":"#o8"},"up":{"uv":[5.125,5.0,5.695,5.61232],"texture":"#o8"},"down":{"uv":[5.125,5.0,5.695,5.61232],"texture":"#o8"}}},{"from":[1.12791,7.51437,8.56313],"to":[5.36791,7.92053,9.15929],"rotation":{"angle":0.0,"axis":"y","origin":[0.70791,7.01053,6.29952]},"faces":{"north":{"uv":[6.875,3.25,7.5,3.875],"texture":"#o8"},"south":{"uv":[6.875,3.25,7.5,3.875],"texture":"#o8"},"east":{"uv":[6.875,3.25,7.5,3.875],"texture":"#o8"},"west":{"uv":[6.875,3.25,7.5,3.875],"texture":"#o8"},"up":{"uv":[6.875,3.25,7.5,3.875],"texture":"#o8"},"down":{"uv":[6.875,3.25,7.5,3.875],"texture":"#o8"}}},{"from":[13.0,7.42365,6.95],"to":[19.8,8.37635,9.25],"rotation":{"angle":45.0,"axis":"x","origin":[13.5,7.9,8.1]},"faces":{"north":{"uv":[6.875,3.375,7.375,3.875],"texture":"#o8"},"south":{"uv":[6.875,3.375,7.375,3.875],"texture":"#o8"},"east":{"uv":[6.875,3.375,7.375,3.875],"texture":"#o8"}}},{"from":[13.0,7.42365,6.95],"to":[19.8,8.37635,9.25],"rotation":{"angle":0.0,"axis":"x","origin":[13.5,7.9,8.1]},"faces":{"north":{"uv":[6.875,3.375,7.375,3.875],"texture":"#o8"},"south":{"uv":[6.875,3.375,7.375,3.875],"texture":"#o8"},"east":{"uv":[6.875,3.375,7.375,3.875],"texture":"#o8"}}},{"from":[13.0,6.75,7.62365],"to":[19.8,9.05,8.57635],"rotation":{"angle":45.0,"axis":"x","origin":[13.5,7.9,8.1]},"faces":{"east":{"uv":[6.875,3.375,7.375,3.875],"texture":"#o8"},"up":{"uv":[6.875,3.375,7.375,3.875],"texture":"#o8"},"down":{"uv":[6.875,3.375,7.375,3.875],"texture":"#o8"}}},{"from":[13.0,6.75,7.62365],"to":[19.8,9.05,8.57635],"rotation":{"angle":0.0,"axis":"x","origin":[13.5,7.9,8.1]},"faces":{"east":{"uv":[6.875,3.375,7.375,3.875],"texture":"#o8"},"up":{"uv":[6.875,3.375,7.375,3.875],"texture":"#o8"},"down":{"uv":[6.875,3.375,7.375,3.875],"texture":"#o8"}}},{"from":[6.3,7.38081,6.75],"to":[13.0,8.49919,9.45],"rotation":{"angle":45.0,"axis":"x","origin":[9.2,7.94,8.1]},"faces":{"north":{"uv":[6.875,3.375,7.375,3.875],"texture":"#o8"},"south":{"uv":[6.875,3.375,7.375,3.875],"texture":"#o8"},"east":{"uv":[6.875,3.375,7.375,3.875],"texture":"#o8"},"west":{"uv":[6.875,3.375,7.375,3.875],"texture":"#o8"}}},{"from":[6.3,7.38081,6.75],"to":[13.0,8.49919,9.45],"rotation":{"angle":0.0,"axis":"x","origin":[9.2,7.94,8.1]},"faces":{"north":{"uv":[6.875,3.375,7.375,3.875],"texture":"#o8"},"south":{"uv":[6.875,3.375,7.375,3.875],"texture":"#o8"},"east":{"uv":[6.875,3.375,7.375,3.875],"texture":"#o8"},"west":{"uv":[6.875,3.375,7.375,3.875],"texture":"#o8"}}},{"from":[6.3,6.59,7.54081],"to":[13.0,9.29,8.65919],"rotation":{"angle":45.0,"axis":"x","origin":[9.2,7.94,8.1]},"faces":{"east":{"uv":[6.875,3.375,7.375,3.875],"texture":"#o8"},"west":{"uv":[6.875,3.375,7.375,3.875],"texture":"#o8"},"up":{"uv":[6.875,3.375,7.375,3.875],"texture":"#o8"},"down":{"uv":[6.875,3.375,7.375,3.875],"texture":"#o8"}}},{"from":[6.3,6.59,7.54081],"to":[13.0,9.29,8.65919],"rotation":{"angle":0.0,"axis":"x","origin":[9.2,7.94,8.1]},"faces":{"east":{"uv":[6.875,3.375,7.375,3.875],"texture":"#o8"},"west":{"uv":[6.875,3.375,7.375,3.875],"texture":"#o8"},"up":{"uv":[6.875,3.375,7.375,3.875],"texture":"#o8"},"down":{"uv":[6.875,3.375,7.375,3.875],"texture":"#o8"}}},{"from":[1.50791,2.16821,7.22313],"to":[5.18791,3.88437,8.89929],"rotation":{"angle":0.0,"axis":"y","origin":[0.70791,5.37437,6.29952]},"faces":{"north":{"uv":[7.0,0.0,8.84,0.85808],"texture":"#o8"},"south":{"uv":[8.84,0.0,7.0,0.85808],"texture":"#o8"},"east":{"uv":[11.375,0.0,12.21308,0.85808],"texture":"#o8"},"west":{"uv":[11.25,0.0,12.08808,0.85808],"texture":"#o8"}}},{"from":[0.99861,-1.66752,7.23313],"to":[4.67861,1.74864,8.88929],"rotation":{"angle":22.5,"axis":"z","origin":[0.19861,3.23864,6.29952]},"faces":{"north":{"uv":[8.875,0.0,11.215,1.70808],"texture":"#o8"},"south":{"uv":[11.215,0.0,8.875,1.70808],"texture":"#o8"},"east":{"uv":[11.25,0.0,12.08808,1.70808],"texture":"#o8"},"west":{"uv":[11.25,0.0,12.08808,1.70808],"texture":"#o8"},"down":{"uv":[11.25,0.0,13.09,0.83808],"texture":"#o8"}}},{"from":[-16.0,-16.0,-15.99],"to":[32.0,32.0,-15.99],"faces":{"north":{"uv":[0.0,0.0,16.0,16.0],"texture":"#icon_background"}}},{"from":[-16.0,-16.0,-16.0],"to":[32.0,32.0,-16.0],"faces":{"north":{"uv":[0.0,0.0,16.0,16.0],"texture":"#icon"}}}],"display":{"firstperson_lefthand":{"rotation":[0.0,0.0,0.0],"translation":[0.0,0.0,0.0],"scale":[0.0,0.0,0.0]},"firstperson_righthand":{"rotation":[0.0,90.0,0.0],"translation":[-0.75,12.1,-2.25],"scale":[1.0,1.0,1.0]},"thirdperson_lefthand":{"rotation":[0.0,0.0,0.0],"translation":[0.0,0.0,0.0],"scale":[0.0,0.0,0.0]},"thirdperson_righthand":{"rotation":[0.0,0.0,0.0],"translation":[0.0,0.0,0.0],"scale":[0.0,0.0,0.0]},"ground":{"rotation":[-90.0,0.0,0.0],"translation":[5.5,0.0,0.0],"scale":[0.8,0.8,0.8]},"gui":{"rotation":[0.0,-180.0,0.0],"translation":[0.0,0.0,0.0],"scale":[0.333,0.333,0.333]},"fixed":{"rotation":[0.0,0.0,45.0],"translation":[-0.25,0.5,-0.25],"scale":[0.8,0.8,0.8]},"head":{"rotation":[90.0,0.0,0.0],"translation":[3.25,-41.75,1.0],"scale":[1.2,1.2,1.2]}},"gui_light":"front"}