{"textures":{"o0":"generated/0","o1":"generated/7","o2":"skin/player_skin_slim","o3":"skin/player_skin","o4":"generated/4","o5":"generated/6","o6":"generated/15","o7":"generated/8","o8":"generated/5","icon":"generated/2b","icon_background":"generated/2a"},"elements":[{"from":[-4.0,2.6,3.0],"to":[12.0,6.6,7.0],"rotation":{"angle":-22.5,"axis":"y","origin":[2.0,6.6,4.0]},"faces":{"north":{"uv":[11.0,16.0,10.0,13.0],"rotation":270,"texture":"#o3"},"south":{"uv":[8.0,13.0,9.0,16.0],"rotation":270,"texture":"#o3"},"east":{"uv":[10.0,12.0,11.0,13.0],"rotation":270,"texture":"#o3"},"west":{"uv":[10.0,13.0,9.0,12.0],"texture":"#o3"},"up":{"uv":[9.0,13.0,10.0,16.0],"rotation":270,"texture":"#o3"},"down":{"uv":[11.0,13.0,12.0,16.0],"rotation":270,"texture":"#o3"}}},{"from":[-5.09106,2.3,2.67732],"to":[13.30894,6.9,7.12732],"rotation":{"angle":-22.5,"axis":"y","origin":[1.80894,6.9,3.67732]},"faces":{"north":{"uv":[15.0,16.0,14.0,13.0],"rotation":270,"texture":"#o3"},"south":{"uv":[12.0,13.0,13.0,16.0],"rotation":270,"texture":"#o3"},"east":{"uv":[14.0,12.0,15.0,13.0],"rotation":270,"texture":"#o3"},"west":{"uv":[14.0,13.0,13.0,12.0],"texture":"#o3"},"up":{"uv":[13.0,13.0,14.0,16.0],"rotation":270,"texture":"#o3"},"down":{"uv":[15.0,13.0,16.0,16.0],"rotation":270,"texture":"#o3"}}},{"from":[17.42,7.19147,7.46],"to":[29.03,7.68853,7.56],"rotation":{"angle":45.0,"axis":"x","origin":[18.93,7.44,8.06]},"faces":{"north":{"uv":[1.0,1.0,2.25,2.25],"texture":"#o5"},"south":{"uv":[5.0,1.0,6.25,2.25],"texture":"#o5"},"east":{"uv":[1.0,1.0,2.25,2.25],"texture":"#o5"},"west":{"uv":[1.0,1.0,2.25,2.25],"texture":"#o5"},"up":{"uv":[1.0,1.0,2.25,2.25],"texture":"#o5"},"down":{"uv":[1.0,1.0,2.25,2.25],"texture":"#o5"}}},{"from":[17.42,7.19147,7.46],"to":[29.03,7.68853,7.56],"rotation":{"angle":0.0,"axis":"x","origin":[18.93,7.44,8.06]},"faces":{"north":{"uv":[1.0,1.0,2.25,2.25],"texture":"#o5"},"south":{"uv":[5.0,1.0,6.25,2.25],"texture":"#o5"},"east":{"uv":[1.0,1.0,2.25,2.25],"texture":"#o5"},"west":{"uv":[1.0,1.0,2.25,2.25],"texture":"#o5"},"up":{"uv":[1.0,1.0,2.25,2.25],"texture":"#o5"},"down":{"uv":[1.0,1.0,2.25,2.25],"texture":"#o5"}}},{"from":[17.42,7.19147,8.56],"to":[29.03,7.68853,8.66],"rotation":{"angle":45.0,"axis":"x","origin":[18.93,7.44,8.06]},"faces":{"north":{"uv":[5.0,1.0,6.25,2.25],"texture":"#o5"},"south":{"uv":[1.0,1.0,2.25,2.25],"texture":"#o5"},"east":{"uv":[1.0,1.0,2.25,2.25],"texture":"#o5"},"west":{"uv":[1.0,1.0,2.25,2.25],"texture":"#o5"},"up":{"uv":[1.0,1.0,2.25,2.25],"texture":"#o5"},"down":{"uv":[1.0,1.0,2.25,2.25],"texture":"#o5"}}},{"from":[17.42,7.19147,8.56],"to":[29.03,7.68853,8.66],"rotation":{"angle":0.0,"axis":"x","origin":[18.93,7.44,8.06]},"faces":{"north":{"uv":[5.0,1.0,6.25,2.25],"texture":"#o5"},"south":{"uv":[1.0,1.0,2.25,2.25],"texture":"#o5"},"east":{"uv":[1.0,1.0,2.25,2.25],"texture":"#o5"},"west":{"uv":[1.0,1.0,2.25,2.25],"texture":"#o5"},"up":{"uv":[1.0,1.0,2.25,2.25],"texture":"#o5"},"down":{"uv":[1.0,1.0,2.25,2.25],"texture":"#o5"}}},{"from":[17.42,6.84,7.81147],"to":[29.03,6.94,8.30853],"rotation":{"angle":45.0,"axis":"x","origin":[18.93,7.44,8.06]},"faces":{"north":{"uv":[1.0,1.0,2.25,2.25],"texture":"#o5"},"south":{"uv":[1.0,1.0,2.25,2.25],"texture":"#o5"},"east":{"uv":[1.0,1.0,2.25,2.25],"texture":"#o5"},"west":{"uv":[1.0,1.0,2.25,2.25],"texture":"#o5"},"up":{"uv":[5.0,1.0,6.25,2.25],"texture":"#o5"},"down":{"uv":[1.0,1.0,2.25,2.25],"texture":"#o5"}}},{"from":[17.42,6.84,7.81147],"to":[29.03,6.94,8.30853],"rotation":{"angle":0.0,"axis":"x","origin":[18.93,7.44,8.06]},"faces":{"north":{"uv":[1.0,1.0,2.25,2.25],"texture":"#o5"},"south":{"uv":[1.0,1.0,2.25,2.25],"texture":"#o5"},"east":{"uv":[1.0,1.0,2.25,2.25],"texture":"#o5"},"west":{"uv":[1.0,1.0,2.25,2.25],"texture":"#o5"},"up":{"uv":[5.0,1.0,6.25,2.25],"texture":"#o5"},"down":{"uv":[1.0,1.0,2.25,2.25],"texture":"#o5"}}},{"from":[17.42,7.94,7.81147],"to":[29.03,8.04,8.30853],"rotation":{"angle":45.0,"axis":"x","origin":[18.93,7.44,8.06]},"faces":{"north":{"uv":[1.0,1.0,2.25,2.25],"texture":"#o5"},"south":{"uv":[1.0,1.0,2.25,2.25],"texture":"#o5"},"east":{"uv":[1.0,1.0,2.25,2.25],"texture":"#o5"},"west":{"uv":[1.0,1.0,2.25,2.25],"texture":"#o5"},"up":{"uv":[1.0,1.0,2.25,2.25],"texture":"#o5"},"down":{"uv":[5.0,1.0,6.25,2.25],"texture":"#o5"}}},{"from":[17.42,7.94,7.81147],"to":[29.03,8.04,8.30853],"rotation":{"angle":0.0,"axis":"x","origin":[18.93,7.44,8.06]},"faces":{"north":{"uv":[1.0,1.0,2.25,2.25],"texture":"#o5"},"south":{"uv":[1.0,1.0,2.25,2.25],"texture":"#o5"},"east":{"uv":[1.0,1.0,2.25,2.25],"texture":"#o5"},"west":{"uv":[1.0,1.0,2.25,2.25],"texture":"#o5"},"up":{"uv":[1.0,1.0,2.25,2.25],"texture":"#o5"},"down":{"uv":[5.0,1.0,6.25,2.25],"texture":"#o5"}}},{"from":[-1.34973,11.85,8.4],"to":[-1.25027,12.35,8.6],"rotation":{"angle":-45.0,"axis":"z","origin":[-1.3,12.1,8.1]},"faces":{"north":{"uv":[3.75,14.0,4.5,14.75],"texture":"#o6"},"south":{"uv":[3.75,14.0,4.5,14.75],"texture":"#o6"},"east":{"uv":[3.75,14.0,4.5,14.75],"texture":"#o6"},"west":{"uv":[3.75,14.0,4.5,14.75],"texture":"#o6"},"up":{"uv":[3.75,14.0,4.5,14.75],"texture":"#o6"},"down":{"uv":[3.75,14.0,4.5,14.75],"texture":"#o6"}}},{"from":[-1.34973,11.85,8.4],"to":[-1.25027,12.35,8.6],"rotation":{"angle":-22.5,"axis":"z","origin":[-1.3,12.1,8.1]},"faces":{"north":{"uv":[3.75,14.0,4.5,14.75],"texture":"#o6"},"south":{"uv":[3.75,14.0,4.5,14.75],"texture":"#o6"},"east":{"uv":[3.75,14.0,4.5,14.75],"texture":"#o6"},"west":{"uv":[3.75,14.0,4.5,14.75],"texture":"#o6"},"up":{"uv":[3.75,14.0,4.5,14.75],"texture":"#o6"},"down":{"uv":[3.75,14.0,4.5,14.75],"texture":"#o6"}}},{"from":[-1.34973,11.85,8.4],"to":[-1.25027,12.35,8.6],"rotation":{"angle":0.0,"axis":"z","origin":[-1.3,12.1,8.1]},"faces":{"north":{"uv":[3.75,14.0,4.5,14.75],"texture":"#o6"},"south":{"uv":[3.75,14.0,4.5,14.75],"texture":"#o6"},"east":{"uv":[3.75,14.0,4.5,14.75],"texture":"#o6"},"west":{"uv":[3.75,14.0,4.5,14.75],"texture":"#o6"},"up":{"uv":[3.75,14.0,4.5,14.75],"texture":"#o6"},"down":{"uv":[3.75,14.0,4.5,14.75],"texture":"#o6"}}},{"from":[-1.34973,11.85,8.4],"to":[-1.25027,12.35,8.6],"rotation":{"angle":22.5,"axis":"z","origin":[-1.3,12.1,8.1]},"faces":{"north":{"uv":[3.75,14.0,4.5,14.75],"texture":"#o6"},"south":{"uv":[3.75,14.0,4.5,14.75],"texture":"#o6"},"east":{"uv":[3.75,14.0,4.5,14.75],"texture":"#o6"},"west":{"uv":[3.75,14.0,4.5,14.75],"texture":"#o6"},"up":{"uv":[3.75,14.0,4.5,14.75],"texture":"#o6"},"down":{"uv":[3.75,14.0,4.5,14.75],"texture":"#o6"}}},{"from":[-1.34973,11.85,8.4],"to":[-1.25027,12.35,8.6],"rotation":{"angle":45.0,"axis":"z","origin":[-1.3,12.1,8.1]},"faces":{"north":{"uv":[3.75,14.0,4.5,14.75],"texture":"#o6"},"south":{"uv":[3.75,14.0,4.5,14.75],"texture":"#o6"},"east":{"uv":[3.75,14.0,4.5,14.75],"texture":"#o6"},"west":{"uv":[3.75,14.0,4.5,14.75],"texture":"#o6"},"up":{"uv":[3.75,14.0,4.5,14.75],"texture":"#o6"},"down":{"uv":[3.75,14.0,4.5,14.75],"texture":"#o6"}}},{"from":[-1.55,12.05027,8.4],"to":[-1.05,12.14973,8.6],"rotation":{"angle":-22.5,"axis":"z","origin":[-1.3,12.1,8.1]},"faces":{"north":{"uv":[3.75,14.0,4.5,14.75],"texture":"#o6"},"south":{"uv":[3.75,14.0,4.5,14.75],"texture":"#o6"},"east":{"uv":[3.75,14.0,4.5,14.75],"texture":"#o6"},"west":{"uv":[3.75,14.0,4.5,14.75],"texture":"#o6"},"up":{"uv":[3.75,14.0,4.5,14.75],"texture":"#o6"},"down":{"uv":[3.75,14.0,4.5,14.75],"texture":"#o6"}}},{"from":[-1.55,12.05027,8.4],"to":[-1.05,12.14973,8.6],"rotation":{"angle":0.0,"axis":"z","origin":[-1.3,12.1,8.1]},"faces":{"north":{"uv":[3.75,14.0,4.5,14.75],"texture":"#o6"},"south":{"uv":[3.75,14.0,4.5,14.75],"texture":"#o6"},"east":{"uv":[3.75,14.0,4.5,14.75],"texture":"#o6"},"west":{"uv":[3.75,14.0,4.5,14.75],"texture":"#o6"},"up":{"uv":[3.75,14.0,4.5,14.75],"texture":"#o6"},"down":{"uv":[3.75,14.0,4.5,14.75],"texture":"#o6"}}},{"from":[-1.55,12.05027,8.4],"to":[-1.05,12.14973,8.6],"rotation":{"angle":22.5,"axis":"z","origin":[-1.3,12.1,8.1]},"faces":{"north":{"uv":[3.75,14.0,4.5,14.75],"texture":"#o6"},"south":{"uv":[3.75,14.0,4.5,14.75],"texture":"#o6"},"east":{"uv":[3.75,14.0,4.5,14.75],"texture":"#o6"},"west":{"uv":[3.75,14.0,4.5,14.75],"texture":"#o6"},"up":{"uv":[3.75,14.0,4.5,14.75],"texture":"#o6"},"down":{"uv":[3.75,14.0,4.5,14.75],"texture":"#o6"}}},{"from":[-1.03407,13.00863,7.8677],"to":[-0.83407,13.0883,7.9077],"rotation":{"angle":-45.0,"axis":"x","origin":[-1.00407,13.05847,8.0477]},"faces":{"north":{"uv":[3.75,14.0,4.5,14.75],"texture":"#o6"},"south":{"uv":[3.75,14.0,4.5,14.75],"texture":"#o6"},"east":{"uv":[3.75,14.0,4.5,14.75],"texture":"#o6"},"west":{"uv":[3.75,14.0,4.5,14.75],"texture":"#o6"},"up":{"uv":[3.75,14.0,4.5,14.75],"texture":"#o6"},"down":{"uv":[3.75,14.0,4.5,14.75],"texture":"#o6"}}},{"from":[-1.03407,12.94863,7.8977],"to":[-0.83407,13.0883,7.9077],"rotation":{"angle":-22.5,"axis":"x","origin":[-1.00407,13.05847,8.0477]},"faces":{"north":{"uv":[3.75,14.0,4.5,14.75],"texture":"#o6"},"south":{"uv":[3.75,14.0,4.5,14.75],"texture":"#o6"},"east":{"uv":[3.75,14.0,4.5,14.75],"texture":"#o6"},"west":{"uv":[3.75,14.0,4.5,14.75],"texture":"#o6"},"up":{"uv":[3.75,14.0,4.5,14.75],"texture":"#o6"},"down":{"uv":[3.75,14.0,4.5,14.75],"texture":"#o6"}}},{"from":[-1.03407,12.90863,7.8977],"to":[-0.83407,13.0883,7.9077],"rotation":{"angle":0.0,"axis":"x","origin":[-1.00407,13.05847,8.0477]},"faces":{"north":{"uv":[3.75,14.0,4.5,14.75],"texture":"#o6"},"south":{"uv":[3.75,14.0,4.5,14.75],"texture":"#o6"},"east":{"uv":[3.75,14.0,4.5,14.75],"texture":"#o6"},"west":{"uv":[3.75,14.0,4.5,14.75],"texture":"#o6"},"up":{"uv":[3.75,14.0,4.5,14.75],"texture":"#o6"},"down":{"uv":[3.75,14.0,4.5,14.75],"texture":"#o6"}}},{"from":[-1.03407,13.02863,7.8977],"to":[-0.83407,13.0883,7.9077],"rotation":{"angle":22.5,"axis":"x","origin":[-1.00407,13.05847,8.0477]},"faces":{"north":{"uv":[3.75,14.0,4.5,14.75],"texture":"#o6"},"south":{"uv":[3.75,14.0,4.5,14.75],"texture":"#o6"},"east":{"uv":[3.75,14.0,4.5,14.75],"texture":"#o6"},"west":{"uv":[3.75,14.0,4.5,14.75],"texture":"#o6"},"up":{"uv":[3.75,14.0,4.5,14.75],"texture":"#o6"},"down":{"uv":[3.75,14.0,4.5,14.75],"texture":"#o6"}}},{"from":[-1.03407,13.02863,7.8977],"to":[-0.83407,13.0883,7.9077],"rotation":{"angle":45.0,"axis":"x","origin":[-1.00407,13.05847,8.0477]},"faces":{"north":{"uv":[3.75,14.0,4.5,14.75],"texture":"#o6"},"south":{"uv":[3.75,14.0,4.5,14.75],"texture":"#o6"},"east":{"uv":[3.75,14.0,4.5,14.75],"texture":"#o6"},"west":{"uv":[3.75,14.0,4.5,14.75],"texture":"#o6"},"up":{"uv":[3.75,14.0,4.5,14.75],"texture":"#o6"},"down":{"uv":[3.75,14.0,4.5,14.75],"texture":"#o6"}}},{"from":[-1.03407,13.02863,8.1877],"to":[-0.83407,13.0883,8.1977],"rotation":{"angle":-45.0,"axis":"x","origin":[-1.00407,13.05847,8.0477]},"faces":{"north":{"uv":[3.75,14.0,4.5,14.75],"texture":"#o6"},"south":{"uv":[3.75,14.0,4.5,14.75],"texture":"#o6"},"east":{"uv":[3.75,14.0,4.5,14.75],"texture":"#o6"},"west":{"uv":[3.75,14.0,4.5,14.75],"texture":"#o6"},"up":{"uv":[3.75,14.0,4.5,14.75],"texture":"#o6"},"down":{"uv":[3.75,14.0,4.5,14.75],"texture":"#o6"}}},{"from":[-1.03407,13.02863,8.1877],"to":[-0.83407,13.0883,8.1977],"rotation":{"angle":-22.5,"axis":"x","origin":[-1.00407,13.05847,8.0477]},"faces":{"north":{"uv":[3.75,14.0,4.5,14.75],"texture":"#o6"},"south":{"uv":[3.75,14.0,4.5,14.75],"texture":"#o6"},"east":{"uv":[3.75,14.0,4.5,14.75],"texture":"#o6"},"west":{"uv":[3.75,14.0,4.5,14.75],"texture":"#o6"},"up":{"uv":[3.75,14.0,4.5,14.75],"texture":"#o6"},"down":{"uv":[3.75,14.0,4.5,14.75],"texture":"#o6"}}},{"from":[-1.03407,12.90863,8.1877],"to":[-0.83407,13.0883,8.1977],"rotation":{"angle":0.0,"axis":"x","origin":[-1.00407,13.05847,8.0477]},"faces":{"north":{"uv":[3.75,14.0,4.5,14.75],"texture":"#o6"},"south":{"uv":[3.75,14.0,4.5,14.75],"texture":"#o6"},"east":{"uv":[3.75,14.0,4.5,14.75],"texture":"#o6"},"west":{"uv":[3.75,14.0,4.5,14.75],"texture":"#o6"},"up":{"uv":[3.75,14.0,4.5,14.75],"texture":"#o6"},"down":{"uv":[3.75,14.0,4.5,14.75],"texture":"#o6"}}},{"from":[-1.03407,12.92863,8.1877],"to":[-0.83407,13.0883,8.1977],"rotation":{"angle":22.5,"axis":"x","origin":[-1.00407,13.05847,8.0477]},"faces":{"north":{"uv":[3.75,14.0,4.5,14.75],"texture":"#o6"},"south":{"uv":[3.75,14.0,4.5,14.75],"texture":"#o6"},"east":{"uv":[3.75,14.0,4.5,14.75],"texture":"#o6"},"west":{"uv":[3.75,14.0,4.5,14.75],"texture":"#o6"},"up":{"uv":[3.75,14.0,4.5,14.75],"texture":"#o6"},"down":{"uv":[3.75,14.0,4.5,14.75],"texture":"#o6"}}},{"from":[-1.03407,13.00863,8.1877],"to":[-0.83407,13.0883,8.2277],"rotation":{"angle":45.0,"axis":"x","origin":[-1.00407,13.05847,8.0477]},"faces":{"north":{"uv":[3.75,14.0,4.5,14.75],"texture":"#o6"},"south":{"uv":[3.75,14.0,4.5,14.75],"texture":"#o6"},"east":{"uv":[3.75,14.0,4.5,14.75],"texture":"#o6"},"west":{"uv":[3.75,14.0,4.5,14.75],"texture":"#o6"},"up":{"uv":[3.75,14.0,4.5,14.75],"texture":"#o6"},"down":{"uv":[3.75,14.0,4.5,14.75],"texture":"#o6"}}},{"from":[-1.03407,12.90863,8.1477],"to":[-0.83407,12.9483,8.1877],"rotation":{"angle":0.0,"axis":"x","origin":[-1.00407,13.05847,8.0477]},"faces":{"north":{"uv":[3.75,14.0,4.5,14.75],"texture":"#o6"},"south":{"uv":[3.75,14.0,4.5,14.75],"texture":"#o6"},"east":{"uv":[3.75,14.0,4.5,14.75],"texture":"#o6"},"west":{"uv":[3.75,14.0,4.5,14.75],"texture":"#o6"},"up":{"uv":[3.75,14.0,4.5,14.75],"texture":"#o6"},"down":{"uv":[3.75,14.0,4.5,14.75],"texture":"#o6"}}},{"from":[-1.03407,12.90863,7.9077],"to":[-0.83407,12.9483,7.9477],"rotation":{"angle":0.0,"axis":"x","origin":[-1.00407,13.05847,8.0477]},"faces":{"north":{"uv":[3.75,14.0,4.5,14.75],"texture":"#o6"},"south":{"uv":[3.75,14.0,4.5,14.75],"texture":"#o6"},"east":{"uv":[3.75,14.0,4.5,14.75],"texture":"#o6"},"west":{"uv":[3.75,14.0,4.5,14.75],"texture":"#o6"},"up":{"uv":[3.75,14.0,4.5,14.75],"texture":"#o6"},"down":{"uv":[3.75,14.0,4.5,14.75],"texture":"#o6"}}},{"from":[-1.03407,13.01863,7.8907],"to":[-0.83407,13.0683,7.9007],"rotation":{"angle":-22.5,"axis":"x","origin":[-1.00407,13.05847,8.0477]},"faces":{"north":{"uv":[3.75,14.0,4.5,14.75],"texture":"#o6"},"south":{"uv":[3.75,14.0,4.5,14.75],"texture":"#o6"},"east":{"uv":[3.75,14.0,4.5,14.75],"texture":"#o6"},"west":{"uv":[3.75,14.0,4.5,14.75],"texture":"#o6"},"up":{"uv":[3.75,14.0,4.5,14.75],"texture":"#o6"},"down":{"uv":[3.75,14.0,4.5,14.75],"texture":"#o6"}}},{"from":[-1.03407,13.01863,7.8807],"to":[-0.83407,13.04583,7.8907],"rotation":{"angle":-22.5,"axis":"x","origin":[-1.00407,13.05847,8.0477]},"faces":{"north":{"uv":[3.75,14.0,4.5,14.75],"texture":"#o6"},"south":{"uv":[3.75,14.0,4.5,14.75],"texture":"#o6"},"east":{"uv":[3.75,14.0,4.5,14.75],"texture":"#o6"},"west":{"uv":[3.75,14.0,4.5,14.75],"texture":"#o6"},"up":{"uv":[3.75,14.0,4.5,14.75],"texture":"#o6"},"down":{"uv":[3.75,14.0,4.5,14.75],"texture":"#o6"}}},{"from":[-1.03407,13.01863,8.1993],"to":[-0.83407,13.04583,8.2143],"rotation":{"angle":22.5,"axis":"x","origin":[-1.00407,13.05847,8.0423]},"faces":{"north":{"uv":[3.75,14.0,4.5,14.75],"texture":"#o6"},"south":{"uv":[3.75,14.0,4.5,14.75],"texture":"#o6"},"east":{"uv":[3.75,14.0,4.5,14.75],"texture":"#o6"},"west":{"uv":[3.75,14.0,4.5,14.75],"texture":"#o6"},"up":{"uv":[3.75,14.0,4.5,14.75],"texture":"#o6"},"down":{"uv":[3.75,14.0,4.5,14.75],"texture":"#o6"}}},{"from":[-1.03407,13.01863,8.1963],"to":[-0.83407,13.0683,8.2063],"rotation":{"angle":22.5,"axis":"x","origin":[-1.00407,13.05847,8.0423]},"faces":{"north":{"uv":[3.75,14.0,4.5,14.75],"texture":"#o6"},"south":{"uv":[3.75,14.0,4.5,14.75],"texture":"#o6"},"east":{"uv":[3.75,14.0,4.5,14.75],"texture":"#o6"},"west":{"uv":[3.75,14.0,4.5,14.75],"texture":"#o6"},"up":{"uv":[3.75,14.0,4.5,14.75],"texture":"#o6"},"down":{"uv":[3.75,14.0,4.5,14.75],"texture":"#o6"}}},{"from":[-1.03407,12.87847,8.01786],"to":[-0.83407,12.91847,8.07754],"rotation":{"angle":-22.5,"axis":"x","origin":[-1.00407,13.05847,8.0477]},"faces":{"north":{"uv":[3.75,14.0,4.5,14.75],"texture":"#o6"},"south":{"uv":[3.75,14.0,4.5,14.75],"texture":"#o6"},"east":{"uv":[3.75,14.0,4.5,14.75],"texture":"#o6"},"west":{"uv":[3.75,14.0,4.5,14.75],"texture":"#o6"},"up":{"uv":[3.75,14.0,4.5,14.75],"texture":"#o6"},"down":{"uv":[3.75,14.0,4.5,14.75],"texture":"#o6"}}},{"from":[-1.03407,12.90847,8.01786],"to":[-0.83407,12.91847,8.07754],"rotation":{"angle":0.0,"axis":"x","origin":[-1.00407,13.05847,8.0477]},"faces":{"north":{"uv":[3.75,14.0,4.5,14.75],"texture":"#o6"},"south":{"uv":[3.75,14.0,4.5,14.75],"texture":"#o6"},"east":{"uv":[3.75,14.0,4.5,14.75],"texture":"#o6"},"west":{"uv":[3.75,14.0,4.5,14.75],"texture":"#o6"},"up":{"uv":[3.75,14.0,4.5,14.75],"texture":"#o6"},"down":{"uv":[3.75,14.0,4.5,14.75],"texture":"#o6"}}},{"from":[-1.03407,12.88847,8.01786],"to":[-0.83407,12.91847,8.07754],"rotation":{"angle":22.5,"axis":"x","origin":[-1.00407,13.05847,8.0477]},"faces":{"north":{"uv":[3.75,14.0,4.5,14.75],"texture":"#o6"},"south":{"uv":[3.75,14.0,4.5,14.75],"texture":"#o6"},"east":{"uv":[3.75,14.0,4.5,14.75],"texture":"#o6"},"west":{"uv":[3.75,14.0,4.5,14.75],"texture":"#o6"},"up":{"uv":[3.75,14.0,4.5,14.75],"texture":"#o6"},"down":{"uv":[3.75,14.0,4.5,14.75],"texture":"#o6"}}},{"from":[-1.03407,13.19847,8.01786],"to":[-0.83407,13.20847,8.07754],"rotation":{"angle":-22.5,"axis":"x","origin":[-1.00407,13.05847,8.0477]},"faces":{"north":{"uv":[3.75,14.0,4.5,14.75],"texture":"#o6"},"south":{"uv":[3.75,14.0,4.5,14.75],"texture":"#o6"},"east":{"uv":[3.75,14.0,4.5,14.75],"texture":"#o6"},"west":{"uv":[3.75,14.0,4.5,14.75],"texture":"#o6"},"up":{"uv":[3.75,14.0,4.5,14.75],"texture":"#o6"},"down":{"uv":[3.75,14.0,4.5,14.75],"texture":"#o6"}}},{"from":[-1.03407,13.19847,8.01786],"to":[-0.83407,13.20847,8.07754],"rotation":{"angle":0.0,"axis":"x","origin":[-1.00407,13.05847,8.0477]},"faces":{"north":{"uv":[3.75,14.0,4.5,14.75],"texture":"#o6"},"south":{"uv":[3.75,14.0,4.5,14.75],"texture":"#o6"},"east":{"uv":[3.75,14.0,4.5,14.75],"texture":"#o6"},"west":{"uv":[3.75,14.0,4.5,14.75],"texture":"#o6"},"up":{"uv":[3.75,14.0,4.5,14.75],"texture":"#o6"},"down":{"uv":[3.75,14.0,4.5,14.75],"texture":"#o6"}}},{"from":[-1.03407,13.19847,8.01786],"to":[-0.83407,13.20847,8.07754],"rotation":{"angle":22.5,"axis":"x","origin":[-1.00407,13.05847,8.0477]},"faces":{"north":{"uv":[3.75,14.0,4.5,14.75],"texture":"#o6"},"south":{"uv":[3.75,14.0,4.5,14.75],"texture":"#o6"},"east":{"uv":[3.75,14.0,4.5,14.75],"texture":"#o6"},"west":{"uv":[3.75,14.0,4.5,14.75],"texture":"#o6"},"up":{"uv":[3.75,14.0,4.5,14.75],"texture":"#o6"},"down":{"uv":[3.75,14.0,4.5,14.75],"texture":"#o6"}}},{"from":[5.76593,12.90863,7.8977],"to":[5.96593,13.1583,7.9077],"rotation":{"angle":0.0,"axis":"x","origin":[5.79593,13.05847,8.0477]},"faces":{"north":{"uv":[3.75,14.0,4.5,14.75],"texture":"#o6"},"south":{"uv":[3.75,14.0,4.5,14.75],"texture":"#o6"},"east":{"uv":[3.75,14.0,4.5,14.75],"texture":"#o6"},"west":{"uv":[3.75,14.0,4.5,14.75],"texture":"#o6"},"up":{"uv":[3.75,14.0,4.5,14.75],"texture":"#o6"},"down":{"uv":[3.75,14.0,4.5,14.75],"texture":"#o6"}}},{"from":[5.76593,12.90863,8.1877],"to":[5.96593,13.1583,8.1977],"rotation":{"angle":0.0,"axis":"x","origin":[5.79593,13.05847,8.0477]},"faces":{"north":{"uv":[3.75,14.0,4.5,14.75],"texture":"#o6"},"south":{"uv":[3.75,14.0,4.5,14.75],"texture":"#o6"},"east":{"uv":[3.75,14.0,4.5,14.75],"texture":"#o6"},"west":{"uv":[3.75,14.0,4.5,14.75],"texture":"#o6"},"up":{"uv":[3.75,14.0,4.5,14.75],"texture":"#o6"},"down":{"uv":[3.75,14.0,4.5,14.75],"texture":"#o6"}}},{"from":[5.85593,12.90847,8.03786],"to":[5.90593,13.05847,8.05754],"rotation":{"angle":0.0,"axis":"x","origin":[5.79593,13.05847,8.0477]},"faces":{"north":{"uv":[3.75,14.0,4.5,14.75],"texture":"#o6"},"south":{"uv":[3.75,14.0,4.5,14.75],"texture":"#o6"},"east":{"uv":[3.75,14.0,4.5,14.75],"texture":"#o6"},"west":{"uv":[3.75,14.0,4.5,14.75],"texture":"#o6"},"up":{"uv":[3.75,14.0,4.5,14.75],"texture":"#o6"},"down":{"uv":[3.75,14.0,4.5,14.75],"texture":"#o6"}}},{"from":[-1.63407,11.50863,7.5977],"to":[-0.4215,12.10863,8.4977],"rotation":{"angle":0.0,"axis":"y","origin":[-6.0,-0.2,0.0]},"faces":{"north":{"uv":[3.75,14.0,4.5,14.75],"texture":"#o6"},"south":{"uv":[3.75,14.0,4.5,14.75],"texture":"#o6"},"east":{"uv":[3.75,14.0,4.5,14.75],"texture":"#o6"},"west":{"uv":[3.75,14.0,4.5,14.75],"texture":"#o6"},"up":{"uv":[3.75,14.0,4.5,14.75],"texture":"#o6"},"down":{"uv":[3.75,14.0,4.5,14.75],"texture":"#o6"}}},{"from":[-1.03407,12.10863,7.8977],"to":[-0.8215,12.90863,8.1977],"rotation":{"angle":0.0,"axis":"y","origin":[-6.0,-0.2,0.0]},"faces":{"north":{"uv":[3.75,14.0,4.5,14.75],"texture":"#o6"},"south":{"uv":[3.75,14.0,4.5,14.75],"texture":"#o6"},"east":{"uv":[3.75,14.0,4.5,14.75],"texture":"#o6"},"west":{"uv":[3.75,14.0,4.5,14.75],"texture":"#o6"},"up":{"uv":[3.75,14.0,4.5,14.75],"texture":"#o6"},"down":{"uv":[3.75,14.0,4.5,14.75],"texture":"#o6"}}},{"from":[-0.93407,12.20863,7.6977],"to":[-0.7215,12.40863,8.3977],"rotation":{"angle":0.0,"axis":"y","origin":[-6.0,-0.2,0.0]},"faces":{"north":{"uv":[3.75,14.0,4.5,14.75],"texture":"#o6"},"south":{"uv":[3.75,14.0,4.5,14.75],"texture":"#o6"},"east":{"uv":[3.75,14.0,4.5,14.75],"texture":"#o6"},"west":{"uv":[3.75,14.0,4.5,14.75],"texture":"#o6"},"up":{"uv":[3.75,14.0,4.5,14.75],"texture":"#o6"},"down":{"uv":[3.75,14.0,4.5,14.75],"texture":"#o6"}}},{"from":[5.16593,11.50863,7.5977],"to":[6.3785,12.10863,8.4977],"rotation":{"angle":0.0,"axis":"y","origin":[0.8,-0.2,0.0]},"faces":{"north":{"uv":[3.75,14.0,4.5,14.75],"texture":"#o6"},"south":{"uv":[3.75,14.0,4.5,14.75],"texture":"#o6"},"east":{"uv":[3.75,14.0,4.5,14.75],"texture":"#o6"},"west":{"uv":[3.75,14.0,4.5,14.75],"texture":"#o6"},"up":{"uv":[3.75,14.0,4.5,14.75],"texture":"#o6"},"down":{"uv":[3.75,14.0,4.5,14.75],"texture":"#o6"}}},{"from":[5.76593,12.10863,7.8977],"to":[5.9785,12.90863,8.1977],"rotation":{"angle":0.0,"axis":"y","origin":[0.8,-0.2,0.0]},"faces":{"north":{"uv":[3.75,14.0,4.5,14.75],"texture":"#o6"},"south":{"uv":[3.75,14.0,4.5,14.75],"texture":"#o6"},"east":{"uv":[3.75,14.0,4.5,14.75],"texture":"#o6"},"west":{"uv":[3.75,14.0,4.5,14.75],"texture":"#o6"},"up":{"uv":[3.75,14.0,4.5,14.75],"texture":"#o6"},"down":{"uv":[3.75,14.0,4.5,14.75],"texture":"#o6"}}},{"from":[0.23,10.25,7.9],"to":[0.48,11.05,8.2],"rotation":{"angle":0.0,"axis":"y","origin":[-4.9,0.0,7.1]},"faces":{"north":{"uv":[2.25,13.75,3.0,14.5],"texture":"#o6"},"south":{"uv":[2.25,13.75,3.0,14.5],"texture":"#o6"},"east":{"uv":[2.25,13.75,3.0,14.5],"texture":"#o6"},"west":{"uv":[2.25,13.75,3.0,14.5],"texture":"#o6"},"up":{"uv":[2.25,13.75,3.0,14.5],"texture":"#o6"},"down":{"uv":[2.25,13.75,3.0,14.5],"texture":"#o6"}}},{"from":[0.06931,10.24218,7.9],"to":[0.33931,11.04218,8.2],"rotation":{"angle":-22.5,"axis":"z","origin":[0.16931,10.64218,8.05]},"faces":{"north":{"uv":[2.25,13.75,3.0,14.5],"texture":"#o6"},"south":{"uv":[2.25,13.75,3.0,14.5],"texture":"#o6"},"east":{"uv":[2.25,13.75,3.0,14.5],"texture":"#o6"},"west":{"uv":[2.25,13.75,3.0,14.5],"texture":"#o6"},"up":{"uv":[2.25,13.75,3.0,14.5],"texture":"#o6"},"down":{"uv":[2.25,13.75,3.0,14.5],"texture":"#o6"}}},{"from":[3.33,6.65,7.1],"to":[15.33,10.35,9.0],"rotation":{"angle":0.0,"axis":"y","origin":[0.0,0.0,7.1]},"faces":{"north":{"uv":[0.0,0.0,12.0,3.75],"texture":"#o6"},"south":{"uv":[12.0,0.0,0.0,3.75],"texture":"#o6"},"east":{"uv":[0.0,12.0,2.0,15.75],"texture":"#o6"},"west":{"uv":[0.25,11.0,1.0,11.75],"texture":"#o6"},"up":{"uv":[12.0,10.0,0.0,8.0],"texture":"#o6"},"down":{"uv":[12.0,10.0,0.0,12.0],"texture":"#o6"}}},{"from":[15.33,8.45,7.4],"to":[15.53,9.95,8.7],"rotation":{"angle":0.0,"axis":"y","origin":[0.0,0.0,7.1]},"faces":{"north":{"uv":[2.25,13.75,3.0,14.5],"texture":"#o6"},"south":{"uv":[2.25,13.75,3.0,14.5],"texture":"#o6"},"east":{"uv":[2.25,13.75,3.0,14.5],"texture":"#o6"},"west":{"uv":[2.25,13.75,3.0,14.5],"texture":"#o6"},"up":{"uv":[2.25,13.75,3.0,14.5],"texture":"#o6"},"down":{"uv":[2.25,13.75,3.0,14.5],"texture":"#o6"}}},{"from":[-12.87,7.25,7.1],"to":[3.33,10.35,8.0],"rotation":{"angle":0.0,"axis":"z","origin":[0.0,0.0,7.1]},"faces":{"north":{"uv":[0.25,11.0,1.0,11.75],"texture":"#o6"},"west":{"uv":[0.25,11.0,1.0,11.75],"texture":"#o6"},"up":{"uv":[0.25,11.0,1.0,11.75],"texture":"#o6"},"down":{"uv":[0.25,11.0,1.0,11.75],"texture":"#o6"}}},{"from":[-12.87,7.25,8.0],"to":[0.33,10.35,9.0],"rotation":{"angle":0.0,"axis":"z","origin":[0.0,0.0,7.1]},"faces":{"south":{"uv":[0.25,11.0,1.0,11.75],"texture":"#o6"},"east":{"uv":[0.25,11.0,1.0,11.75],"texture":"#o6"},"west":{"uv":[0.25,11.0,1.0,11.75],"texture":"#o6"},"up":{"uv":[0.25,11.0,1.0,11.75],"texture":"#o6"},"down":{"uv":[0.25,11.0,1.0,11.75],"texture":"#o6"}}},{"from":[0.33,8.65,8.0],"to":[3.33,10.35,9.0],"rotation":{"angle":0.0,"axis":"z","origin":[0.0,0.0,7.1]},"faces":{"south":{"uv":[0.25,11.0,1.0,11.75],"texture":"#o6"},"up":{"uv":[0.25,11.0,1.0,11.75],"texture":"#o6"},"down":{"uv":[0.25,11.0,1.0,11.75],"texture":"#o6"}}},{"from":[0.33,7.25,8.0],"to":[3.33,7.75,9.0],"rotation":{"angle":0.0,"axis":"z","origin":[0.0,0.0,7.1]},"faces":{"north":{"uv":[0.25,11.0,1.0,11.75],"texture":"#o6"},"south":{"uv":[0.25,11.0,1.0,11.75],"texture":"#o6"},"east":{"uv":[0.25,11.0,1.0,11.75],"texture":"#o6"},"west":{"uv":[0.25,11.0,1.0,11.75],"texture":"#o6"},"up":{"uv":[0.25,11.0,1.0,11.75],"texture":"#o6"},"down":{"uv":[0.25,11.0,1.0,11.75],"texture":"#o6"}}},{"from":[-3.37,6.25,7.1],"to":[0.23,7.25,9.0],"rotation":{"angle":0.0,"axis":"z","origin":[0.0,0.0,7.1]},"faces":{"north":{"uv":[0.25,11.0,1.0,11.75],"texture":"#o6"},"south":{"uv":[0.25,11.0,1.0,11.75],"texture":"#o6"},"east":{"uv":[0.25,11.0,1.0,11.75],"texture":"#o6"},"west":{"uv":[0.25,11.0,1.0,11.75],"texture":"#o6"},"up":{"uv":[0.25,11.0,1.0,11.75],"texture":"#o6"},"down":{"uv":[0.25,11.0,1.0,11.75],"texture":"#o6"}}},{"from":[0.23,0.35,7.4],"to":[0.33,7.25,8.7],"rotation":{"angle":0.0,"axis":"z","origin":[0.0,0.0,7.1]},"faces":{"north":{"uv":[2.25,13.75,3.0,14.5],"texture":"#o6"},"south":{"uv":[2.25,13.75,3.0,14.5],"texture":"#o6"},"east":{"uv":[2.25,13.75,3.0,14.5],"texture":"#o6"},"west":{"uv":[2.25,13.75,3.0,14.5],"texture":"#o6"},"up":{"uv":[2.25,13.75,3.0,14.5],"texture":"#o6"},"down":{"uv":[2.25,13.75,3.0,14.5],"texture":"#o6"}}},{"from":[-5.06466,0.23357,7.4],"to":[0.11534,0.33357,8.7],"rotation":{"angle":-22.5,"axis":"z","origin":[0.46534,0.00357,7.1]},"faces":{"north":{"uv":[2.25,13.75,3.0,14.5],"texture":"#o6"},"south":{"uv":[2.25,13.75,3.0,14.5],"texture":"#o6"},"east":{"uv":[2.25,13.75,3.0,14.5],"texture":"#o6"},"west":{"uv":[2.25,13.75,3.0,14.5],"texture":"#o6"},"up":{"uv":[2.25,13.75,3.0,14.5],"texture":"#o6"},"down":{"uv":[2.25,13.75,3.0,14.5],"texture":"#o6"}}},{"from":[-1.75466,5.33357,7.4],"to":[0.23534,5.47357,8.7],"rotation":{"angle":0.0,"axis":"z","origin":[0.46534,0.00357,7.1]},"faces":{"north":{"uv":[2.25,13.75,3.0,14.5],"texture":"#o6"},"south":{"uv":[2.25,13.75,3.0,14.5],"texture":"#o6"},"east":{"uv":[2.25,13.75,3.0,14.5],"texture":"#o6"},"west":{"uv":[2.25,13.75,3.0,14.5],"texture":"#o6"},"up":{"uv":[2.25,13.75,3.0,14.5],"texture":"#o6"},"down":{"uv":[2.25,13.75,3.0,14.5],"texture":"#o6"}}},{"from":[-1.26966,5.89857,7.9],"to":[-1.11966,6.39857,8.0],"rotation":{"angle":0.0,"axis":"z","origin":[-0.75966,5.40357,8.0]},"faces":{"north":{"uv":[2.25,13.75,3.0,14.5],"texture":"#o6"},"south":{"uv":[2.25,13.75,3.0,14.5],"texture":"#o6"},"east":{"uv":[2.25,13.75,3.0,14.5],"texture":"#o6"},"west":{"uv":[2.25,13.75,3.0,14.5],"texture":"#o6"},"up":{"uv":[2.25,13.75,3.0,14.5],"texture":"#o6"},"down":{"uv":[2.25,13.75,3.0,14.5],"texture":"#o6"}}},{"from":[-0.92771,5.79948,7.9],"to":[-0.77771,6.16948,8.0],"rotation":{"angle":22.5,"axis":"z","origin":[-0.41771,5.17448,8.0]},"faces":{"north":{"uv":[2.25,13.75,3.0,14.5],"texture":"#o6"},"south":{"uv":[2.25,13.75,3.0,14.5],"texture":"#o6"},"east":{"uv":[2.25,13.75,3.0,14.5],"texture":"#o6"},"west":{"uv":[2.25,13.75,3.0,14.5],"texture":"#o6"},"up":{"uv":[2.25,13.75,3.0,14.5],"texture":"#o6"},"down":{"uv":[2.25,13.75,3.0,14.5],"texture":"#o6"}}},{"from":[-5.1,0.51,7.1],"to":[-3.6,4.44,9.0],"rotation":{"angle":-22.5,"axis":"z","origin":[0.0,0.0,7.1]},"faces":{"north":{"uv":[0.25,11.0,1.0,11.75],"texture":"#o6"},"south":{"uv":[0.25,11.0,1.0,11.75],"texture":"#o6"},"east":{"uv":[0.25,11.0,1.0,11.75],"texture":"#o6"},"west":{"uv":[0.25,11.0,1.0,11.75],"texture":"#o6"},"up":{"uv":[0.25,11.0,1.0,11.75],"texture":"#o6"},"down":{"uv":[0.25,11.0,1.0,11.75],"texture":"#o6"}}},{"from":[-3.37,5.04,7.1],"to":[-1.81,6.25,9.0],"rotation":{"angle":0.0,"axis":"z","origin":[1.63,1.81,7.1]},"faces":{"north":{"uv":[0.25,11.0,1.0,11.75],"texture":"#o6"},"south":{"uv":[0.25,11.0,1.0,11.75],"texture":"#o6"},"east":{"uv":[0.25,11.0,1.0,11.75],"texture":"#o6"},"west":{"uv":[0.25,11.0,1.0,11.75],"texture":"#o6"},"up":{"uv":[0.25,11.0,1.0,11.75],"texture":"#o6"},"down":{"uv":[0.25,11.0,1.0,11.75],"texture":"#o6"}}},{"from":[-2.64,6.32,7.1],"to":[-2.34,6.85,9.0],"rotation":{"angle":-45.0,"axis":"z","origin":[-2.62,5.585,8.1]},"faces":{"north":{"uv":[0.25,11.0,1.0,11.75],"texture":"#o6"},"south":{"uv":[0.25,11.0,1.0,11.75],"texture":"#o6"},"east":{"uv":[0.25,11.0,1.0,11.75],"texture":"#o6"},"west":{"uv":[0.25,11.0,1.0,11.75],"texture":"#o6"},"up":{"uv":[0.25,11.0,1.0,11.75],"texture":"#o6"},"down":{"uv":[0.25,11.0,1.0,11.75],"texture":"#o6"}}},{"from":[-2.28327,4.81014,7.1],"to":[-1.98327,5.34014,9.0],"rotation":{"angle":45.0,"axis":"z","origin":[-2.61327,5.57514,8.1]},"faces":{"north":{"uv":[0.25,11.0,1.0,11.75],"texture":"#o6"},"south":{"uv":[0.25,11.0,1.0,11.75],"texture":"#o6"},"east":{"uv":[0.25,11.0,1.0,11.75],"texture":"#o6"},"west":{"uv":[0.25,11.0,1.0,11.75],"texture":"#o6"},"up":{"uv":[0.25,11.0,1.0,11.75],"texture":"#o6"},"down":{"uv":[0.25,11.0,1.0,11.75],"texture":"#o6"}}},{"from":[-2.49327,6.71014,7.1],"to":[-1.89327,7.84014,9.0],"rotation":{"angle":45.0,"axis":"z","origin":[-2.61327,5.57514,8.1]},"faces":{"north":{"uv":[0.25,11.0,1.0,11.75],"texture":"#o6"},"south":{"uv":[0.25,11.0,1.0,11.75],"texture":"#o6"},"west":{"uv":[0.25,11.0,1.0,11.75],"texture":"#o6"}}},{"from":[-12.87,4.62317,7.1],"to":[-11.78193,7.25,9.0],"rotation":{"angle":0.0,"axis":"z","origin":[0.0,-2.2,7.1]},"faces":{"north":{"uv":[0.25,11.0,1.0,11.75],"texture":"#o6"},"south":{"uv":[0.25,11.0,1.0,11.75],"texture":"#o6"},"west":{"uv":[0.25,11.0,1.0,11.75],"texture":"#o6"},"down":{"uv":[0.25,11.0,1.0,11.75],"texture":"#o6"}}},{"from":[-9.11587,8.78,7.1],"to":[-2.24,11.62326,9.0],"rotation":{"angle":22.5,"axis":"z","origin":[0.0,0.0,7.1]},"faces":{"north":{"uv":[0.25,11.0,1.0,11.75],"texture":"#o6"},"south":{"uv":[0.25,11.0,1.0,11.75],"texture":"#o6"},"down":{"uv":[0.25,11.0,1.0,11.75],"texture":"#o6"}}},{"from":[10.74768,10.453,7.7977],"to":[15.33205,10.653,8.2977],"rotation":{"angle":0.0,"axis":"y","origin":[-6.0,0.0,0.0]},"faces":{"north":{"uv":[12.1,0.1,12.9,0.9],"texture":"#o6"},"south":{"uv":[12.1,0.1,12.9,0.9],"texture":"#o6"},"east":{"uv":[12.1,0.1,12.9,0.9],"texture":"#o6"},"west":{"uv":[12.1,0.1,12.9,0.9],"texture":"#o6"},"up":{"uv":[12.1,0.1,12.9,0.9],"texture":"#o6"},"down":{"uv":[12.1,0.1,12.9,0.9],"texture":"#o6"}}},{"from":[7.34768,10.353,7.7977],"to":[15.33205,10.453,8.2977],"rotation":{"angle":0.0,"axis":"y","origin":[-6.0,0.0,0.0]},"faces":{"north":{"uv":[12.1,0.1,12.9,0.9],"texture":"#o6"},"south":{"uv":[12.1,0.1,12.9,0.9],"texture":"#o6"},"east":{"uv":[12.1,0.1,12.9,0.9],"texture":"#o6"},"west":{"uv":[12.1,0.1,12.9,0.9],"texture":"#o6"},"up":{"uv":[12.1,0.1,12.9,0.9],"texture":"#o6"},"down":{"uv":[12.1,0.1,12.9,0.9],"texture":"#o6"}}},{"from":[7.34768,10.453,7.7977],"to":[10.50979,10.653,8.2977],"rotation":{"angle":0.0,"axis":"y","origin":[-6.0,0.0,0.0]},"faces":{"north":{"uv":[12.1,0.1,12.9,0.9],"texture":"#o6"},"south":{"uv":[12.1,0.1,12.9,0.9],"texture":"#o6"},"east":{"uv":[12.1,0.1,12.9,0.9],"texture":"#o6"},"west":{"uv":[12.1,0.1,12.9,0.9],"texture":"#o6"},"up":{"uv":[12.1,0.1,12.9,0.9],"texture":"#o6"},"down":{"uv":[12.1,0.1,12.9,0.9],"texture":"#o6"}}},{"from":[6.44834,9.74797,7.7977],"to":[7.22408,11.68939,8.2977],"rotation":{"angle":45.0,"axis":"z","origin":[6.84834,10.84797,8.0477]},"faces":{"north":{"uv":[12.1,0.1,12.9,0.9],"texture":"#o6"},"south":{"uv":[12.1,0.1,12.9,0.9],"texture":"#o6"},"east":{"uv":[12.1,0.1,12.9,0.9],"texture":"#o6"},"west":{"uv":[12.1,0.1,12.9,0.9],"texture":"#o6"},"up":{"uv":[12.1,0.1,12.9,0.9],"texture":"#o6"},"down":{"uv":[12.1,0.1,12.9,0.9],"texture":"#o6"}}},{"from":[6.41906,11.67726,7.7977],"to":[6.7948,12.01867,8.2977],"rotation":{"angle":45.0,"axis":"z","origin":[6.81906,10.87726,8.0477]},"faces":{"north":{"uv":[12.1,0.1,12.9,0.9],"texture":"#o6"},"south":{"uv":[12.1,0.1,12.9,0.9],"texture":"#o6"},"east":{"uv":[12.1,0.1,12.9,0.9],"texture":"#o6"},"west":{"uv":[12.1,0.1,12.9,0.9],"texture":"#o6"},"up":{"uv":[12.1,0.1,12.9,0.9],"texture":"#o6"},"down":{"uv":[12.1,0.1,12.9,0.9],"texture":"#o6"}}},{"from":[-1.64663,11.34295,7.7977],"to":[6.51906,11.70863,8.2977],"rotation":{"angle":0.0,"axis":"y","origin":[-6.0,0.0,0.0]},"faces":{"north":{"uv":[12.1,0.1,12.9,0.9],"texture":"#o6"},"south":{"uv":[12.1,0.1,12.9,0.9],"texture":"#o6"},"east":{"uv":[12.1,0.1,12.9,0.9],"texture":"#o6"},"west":{"uv":[12.1,0.1,12.9,0.9],"texture":"#o6"},"up":{"uv":[12.1,0.1,12.9,0.9],"texture":"#o6"},"down":{"uv":[12.1,0.1,12.9,0.9],"texture":"#o6"}}},{"from":[4.55695,11.70863,7.7977],"to":[6.51906,11.90863,8.2977],"rotation":{"angle":0.0,"axis":"y","origin":[-6.0,0.0,0.0]},"faces":{"north":{"uv":[12.1,0.1,12.9,0.9],"texture":"#o6"},"south":{"uv":[12.1,0.1,12.9,0.9],"texture":"#o6"},"east":{"uv":[12.1,0.1,12.9,0.9],"texture":"#o6"},"west":{"uv":[12.1,0.1,12.9,0.9],"texture":"#o6"},"up":{"uv":[12.1,0.1,12.9,0.9],"texture":"#o6"},"down":{"uv":[12.1,0.1,12.9,0.9],"texture":"#o6"}}},{"from":[2.34132,11.70863,7.7977],"to":[4.35389,11.90863,8.2977],"rotation":{"angle":0.0,"axis":"y","origin":[-6.0,0.0,0.0]},"faces":{"north":{"uv":[12.1,0.1,12.9,0.9],"texture":"#o6"},"south":{"uv":[12.1,0.1,12.9,0.9],"texture":"#o6"},"east":{"uv":[12.1,0.1,12.9,0.9],"texture":"#o6"},"west":{"uv":[12.1,0.1,12.9,0.9],"texture":"#o6"},"up":{"uv":[12.1,0.1,12.9,0.9],"texture":"#o6"},"down":{"uv":[12.1,0.1,12.9,0.9],"texture":"#o6"}}},{"from":[-0.15868,11.70863,7.7977],"to":[2.15389,11.90863,8.2977],"rotation":{"angle":0.0,"axis":"y","origin":[-6.0,0.0,0.0]},"faces":{"north":{"uv":[12.1,0.1,12.9,0.9],"texture":"#o6"},"south":{"uv":[12.1,0.1,12.9,0.9],"texture":"#o6"},"east":{"uv":[12.1,0.1,12.9,0.9],"texture":"#o6"},"west":{"uv":[12.1,0.1,12.9,0.9],"texture":"#o6"},"up":{"uv":[12.1,0.1,12.9,0.9],"texture":"#o6"},"down":{"uv":[12.1,0.1,12.9,0.9],"texture":"#o6"}}},{"from":[-0.58381,11.70863,7.7977],"to":[-0.37124,11.90863,8.2977],"rotation":{"angle":0.0,"axis":"y","origin":[-6.0,0.0,0.0]},"faces":{"north":{"uv":[12.1,0.1,12.9,0.9],"texture":"#o6"},"south":{"uv":[12.1,0.1,12.9,0.9],"texture":"#o6"},"east":{"uv":[12.1,0.1,12.9,0.9],"texture":"#o6"},"west":{"uv":[12.1,0.1,12.9,0.9],"texture":"#o6"},"up":{"uv":[12.1,0.1,12.9,0.9],"texture":"#o6"}}},{"from":[-1.00894,11.70863,7.7977],"to":[-0.79637,11.90863,8.2977],"rotation":{"angle":0.0,"axis":"y","origin":[-6.0,0.0,0.0]},"faces":{"north":{"uv":[12.1,0.1,12.9,0.9],"texture":"#o6"},"south":{"uv":[12.1,0.1,12.9,0.9],"texture":"#o6"},"east":{"uv":[12.1,0.1,12.9,0.9],"texture":"#o6"},"west":{"uv":[12.1,0.1,12.9,0.9],"texture":"#o6"},"up":{"uv":[12.1,0.1,12.9,0.9],"texture":"#o6"}}},{"from":[-1.43407,11.70863,7.7977],"to":[-1.2215,11.90863,8.2977],"rotation":{"angle":0.0,"axis":"y","origin":[-6.0,0.0,0.0]},"faces":{"north":{"uv":[12.1,0.1,12.9,0.9],"texture":"#o6"},"south":{"uv":[12.1,0.1,12.9,0.9],"texture":"#o6"},"east":{"uv":[12.1,0.1,12.9,0.9],"texture":"#o6"},"west":{"uv":[12.1,0.1,12.9,0.9],"texture":"#o6"},"up":{"uv":[12.1,0.1,12.9,0.9],"texture":"#o6"}}},{"from":[-2.81232,11.34295,7.7977],"to":[-1.64663,11.90863,8.2977],"rotation":{"angle":0.0,"axis":"y","origin":[-6.0,0.0,0.0]},"faces":{"north":{"uv":[12.1,0.1,12.9,0.9],"texture":"#o6"},"south":{"uv":[12.1,0.1,12.9,0.9],"texture":"#o6"},"east":{"uv":[12.1,0.1,12.9,0.9],"texture":"#o6"},"west":{"uv":[12.1,0.1,12.9,0.9],"texture":"#o6"},"up":{"uv":[12.1,0.1,12.9,0.9],"texture":"#o6"},"down":{"uv":[12.1,0.1,12.9,0.9],"texture":"#o6"}}},{"from":[-4.43854,10.44797,7.7977],"to":[-2.20729,11.24797,8.2977],"rotation":{"angle":45.0,"axis":"z","origin":[-3.30729,10.84797,8.0477]},"faces":{"north":{"uv":[12.1,0.1,12.9,0.9],"texture":"#o6"},"south":{"uv":[12.1,0.1,12.9,0.9],"texture":"#o6"},"east":{"uv":[12.1,0.1,12.9,0.9],"texture":"#o6"},"west":{"uv":[12.1,0.1,12.9,0.9],"texture":"#o6"},"up":{"uv":[12.1,0.1,12.9,0.9],"texture":"#o6"},"down":{"uv":[12.1,0.1,12.9,0.9],"texture":"#o6"}}},{"from":[-3.24663,10.34295,7.7977],"to":[-2.24663,11.34295,8.2977],"rotation":{"angle":0.0,"axis":"y","origin":[-6.0,0.0,0.0]},"faces":{"north":{"uv":[12.1,0.1,12.9,0.9],"texture":"#o6"},"south":{"uv":[12.1,0.1,12.9,0.9],"texture":"#o6"},"east":{"uv":[12.1,0.1,12.9,0.9],"texture":"#o6"},"west":{"uv":[12.1,0.1,12.9,0.9],"texture":"#o6"},"up":{"uv":[12.1,0.1,12.9,0.9],"texture":"#o6"},"down":{"uv":[12.1,0.1,12.9,0.9],"texture":"#o6"}}},{"from":[15.3,7.19147,7.46],"to":[17.42,7.68853,7.56],"rotation":{"angle":45.0,"axis":"x","origin":[15.8,7.44,8.06]},"faces":{"north":{"uv":[2.25,13.75,3.0,14.5],"texture":"#o6"},"south":{"uv":[2.25,13.75,3.0,14.5],"texture":"#o6"},"east":{"uv":[2.25,13.75,3.0,14.5],"texture":"#o6"},"west":{"uv":[2.25,13.75,3.0,14.5],"texture":"#o6"},"up":{"uv":[2.25,13.75,3.0,14.5],"texture":"#o6"},"down":{"uv":[2.25,13.75,3.0,14.5],"texture":"#o6"}}},{"from":[15.3,7.19147,7.46],"to":[17.42,7.68853,7.56],"rotation":{"angle":0.0,"axis":"x","origin":[15.8,7.44,8.06]},"faces":{"north":{"uv":[2.25,13.75,3.0,14.5],"texture":"#o6"},"south":{"uv":[2.25,13.75,3.0,14.5],"texture":"#o6"},"east":{"uv":[2.25,13.75,3.0,14.5],"texture":"#o6"},"west":{"uv":[2.25,13.75,3.0,14.5],"texture":"#o6"},"up":{"uv":[2.25,13.75,3.0,14.5],"texture":"#o6"},"down":{"uv":[2.25,13.75,3.0,14.5],"texture":"#o6"}}},{"from":[15.3,7.19147,8.56],"to":[17.42,7.68853,8.66],"rotation":{"angle":45.0,"axis":"x","origin":[15.8,7.44,8.06]},"faces":{"north":{"uv":[2.25,13.75,3.0,14.5],"texture":"#o6"},"south":{"uv":[2.25,13.75,3.0,14.5],"texture":"#o6"},"east":{"uv":[2.25,13.75,3.0,14.5],"texture":"#o6"},"west":{"uv":[2.25,13.75,3.0,14.5],"texture":"#o6"},"up":{"uv":[2.25,13.75,3.0,14.5],"texture":"#o6"},"down":{"uv":[2.25,13.75,3.0,14.5],"texture":"#o6"}}},{"from":[15.3,7.19147,8.56],"to":[17.42,7.68853,8.66],"rotation":{"angle":0.0,"axis":"x","origin":[15.8,7.44,8.06]},"faces":{"north":{"uv":[2.25,13.75,3.0,14.5],"texture":"#o6"},"south":{"uv":[2.25,13.75,3.0,14.5],"texture":"#o6"},"east":{"uv":[2.25,13.75,3.0,14.5],"texture":"#o6"},"west":{"uv":[2.25,13.75,3.0,14.5],"texture":"#o6"},"up":{"uv":[2.25,13.75,3.0,14.5],"texture":"#o6"},"down":{"uv":[2.25,13.75,3.0,14.5],"texture":"#o6"}}},{"from":[15.3,6.84,7.81147],"to":[17.42,6.94,8.30853],"rotation":{"angle":45.0,"axis":"x","origin":[15.8,7.44,8.06]},"faces":{"north":{"uv":[2.25,13.75,3.0,14.5],"texture":"#o6"},"south":{"uv":[2.25,13.75,3.0,14.5],"texture":"#o6"},"east":{"uv":[2.25,13.75,3.0,14.5],"texture":"#o6"},"west":{"uv":[2.25,13.75,3.0,14.5],"texture":"#o6"},"up":{"uv":[2.25,13.75,3.0,14.5],"texture":"#o6"},"down":{"uv":[2.25,13.75,3.0,14.5],"texture":"#o6"}}},{"from":[15.3,6.84,7.81147],"to":[17.42,6.94,8.30853],"rotation":{"angle":0.0,"axis":"x","origin":[15.8,7.44,8.06]},"faces":{"north":{"uv":[2.25,13.75,3.0,14.5],"texture":"#o6"},"south":{"uv":[2.25,13.75,3.0,14.5],"texture":"#o6"},"east":{"uv":[2.25,13.75,3.0,14.5],"texture":"#o6"},"west":{"uv":[2.25,13.75,3.0,14.5],"texture":"#o6"},"up":{"uv":[2.25,13.75,3.0,14.5],"texture":"#o6"},"down":{"uv":[2.25,13.75,3.0,14.5],"texture":"#o6"}}},{"from":[15.3,7.94,7.81147],"to":[17.42,8.04,8.30853],"rotation":{"angle":45.0,"axis":"x","origin":[15.8,7.44,8.06]},"faces":{"north":{"uv":[2.25,13.75,3.0,14.5],"texture":"#o6"},"south":{"uv":[2.25,13.75,3.0,14.5],"texture":"#o6"},"east":{"uv":[2.25,13.75,3.0,14.5],"texture":"#o6"},"west":{"uv":[2.25,13.75,3.0,14.5],"texture":"#o6"},"up":{"uv":[2.25,13.75,3.0,14.5],"texture":"#o6"},"down":{"uv":[2.25,13.75,3.0,14.5],"texture":"#o6"}}},{"from":[15.3,7.94,7.81147],"to":[17.42,8.04,8.30853],"rotation":{"angle":0.0,"axis":"x","origin":[15.8,7.44,8.06]},"faces":{"north":{"uv":[2.25,13.75,3.0,14.5],"texture":"#o6"},"south":{"uv":[2.25,13.75,3.0,14.5],"texture":"#o6"},"east":{"uv":[2.25,13.75,3.0,14.5],"texture":"#o6"},"west":{"uv":[2.25,13.75,3.0,14.5],"texture":"#o6"},"up":{"uv":[2.25,13.75,3.0,14.5],"texture":"#o6"},"down":{"uv":[2.25,13.75,3.0,14.5],"texture":"#o6"}}},{"from":[13.87145,6.40649,7.51156],"to":[14.61065,6.55433,8.49298],"rotation":{"angle":0.0,"axis":"y","origin":[12.46697,-1.88454,7.31454]},"faces":{"north":{"uv":[12.1,0.1,12.9,0.9],"texture":"#o6"},"south":{"uv":[12.1,0.1,12.9,0.9],"texture":"#o6"},"east":{"uv":[12.1,0.1,12.9,0.9],"texture":"#o6"},"west":{"uv":[12.1,0.1,12.9,0.9],"texture":"#o6"},"up":{"uv":[12.1,0.1,12.9,0.9],"texture":"#o6"},"down":{"uv":[12.1,0.1,12.9,0.9],"texture":"#o6"}}},{"from":[6.47945,6.55433,7.51156],"to":[14.61065,6.85001,8.49298],"rotation":{"angle":0.0,"axis":"y","origin":[12.46697,-1.88454,7.31454]},"faces":{"north":{"uv":[12.1,0.1,12.9,0.9],"texture":"#o6"},"south":{"uv":[12.1,0.1,12.9,0.9],"texture":"#o6"},"east":{"uv":[12.1,0.1,12.9,0.9],"texture":"#o6"},"west":{"uv":[12.1,0.1,12.9,0.9],"texture":"#o6"},"up":{"uv":[12.1,0.1,12.9,0.9],"texture":"#o6"},"down":{"uv":[12.1,0.1,12.9,0.9],"texture":"#o6"}}},{"from":[12.39305,6.40649,7.51156],"to":[13.13225,6.55433,8.49298],"rotation":{"angle":0.0,"axis":"y","origin":[12.46697,-1.88454,7.31454]},"faces":{"north":{"uv":[12.1,0.1,12.9,0.9],"texture":"#o6"},"south":{"uv":[12.1,0.1,12.9,0.9],"texture":"#o6"},"east":{"uv":[12.1,0.1,12.9,0.9],"texture":"#o6"},"west":{"uv":[12.1,0.1,12.9,0.9],"texture":"#o6"},"up":{"uv":[12.1,0.1,12.9,0.9],"texture":"#o6"},"down":{"uv":[12.1,0.1,12.9,0.9],"texture":"#o6"}}},{"from":[10.91465,6.40649,7.51156],"to":[11.65385,6.55433,8.49298],"rotation":{"angle":0.0,"axis":"y","origin":[12.46697,-1.88454,7.31454]},"faces":{"north":{"uv":[12.1,0.1,12.9,0.9],"texture":"#o6"},"south":{"uv":[12.1,0.1,12.9,0.9],"texture":"#o6"},"east":{"uv":[12.1,0.1,12.9,0.9],"texture":"#o6"},"west":{"uv":[12.1,0.1,12.9,0.9],"texture":"#o6"},"up":{"uv":[12.1,0.1,12.9,0.9],"texture":"#o6"},"down":{"uv":[12.1,0.1,12.9,0.9],"texture":"#o6"}}},{"from":[9.43625,6.40649,7.51156],"to":[10.17545,6.55433,8.49298],"rotation":{"angle":0.0,"axis":"y","origin":[12.46697,-1.88454,7.31454]},"faces":{"north":{"uv":[12.1,0.1,12.9,0.9],"texture":"#o6"},"south":{"uv":[12.1,0.1,12.9,0.9],"texture":"#o6"},"east":{"uv":[12.1,0.1,12.9,0.9],"texture":"#o6"},"west":{"uv":[12.1,0.1,12.9,0.9],"texture":"#o6"},"up":{"uv":[12.1,0.1,12.9,0.9],"texture":"#o6"},"down":{"uv":[12.1,0.1,12.9,0.9],"texture":"#o6"}}},{"from":[7.95785,6.40649,7.51156],"to":[8.69705,6.55433,8.49298],"rotation":{"angle":0.0,"axis":"y","origin":[12.46697,-1.88454,7.31454]},"faces":{"north":{"uv":[12.1,0.1,12.9,0.9],"texture":"#o6"},"south":{"uv":[12.1,0.1,12.9,0.9],"texture":"#o6"},"east":{"uv":[12.1,0.1,12.9,0.9],"texture":"#o6"},"west":{"uv":[12.1,0.1,12.9,0.9],"texture":"#o6"},"up":{"uv":[12.1,0.1,12.9,0.9],"texture":"#o6"},"down":{"uv":[12.1,0.1,12.9,0.9],"texture":"#o6"}}},{"from":[6.47945,6.40649,7.51156],"to":[7.21865,6.55433,8.49298],"rotation":{"angle":0.0,"axis":"y","origin":[12.46697,-1.88454,7.31454]},"faces":{"north":{"uv":[12.1,0.1,12.9,0.9],"texture":"#o6"},"south":{"uv":[12.1,0.1,12.9,0.9],"texture":"#o6"},"east":{"uv":[12.1,0.1,12.9,0.9],"texture":"#o6"},"west":{"uv":[12.1,0.1,12.9,0.9],"texture":"#o6"},"up":{"uv":[12.1,0.1,12.9,0.9],"texture":"#o6"},"down":{"uv":[12.1,0.1,12.9,0.9],"texture":"#o6"}}},{"from":[0.33,-0.25,7.3],"to":[3.33,7.25,8.8],"rotation":{"angle":0.0,"axis":"z","origin":[0.0,0.0,7.1]},"faces":{"north":{"uv":[12.25,4.0,15.25,11.5],"texture":"#o6"},"south":{"uv":[12.25,4.0,15.25,11.5],"texture":"#o6"},"east":{"uv":[2.25,14.75,2.9,15.35],"texture":"#o6"},"west":{"uv":[2.25,14.75,2.9,15.35],"texture":"#o6"},"down":{"uv":[2.25,14.75,2.9,15.35],"texture":"#o6"}}},{"from":[-16.0,-16.0,-15.99],"to":[32.0,32.0,-15.99],"faces":{"north":{"uv":[0.0,0.0,16.0,16.0],"texture":"#icon_background"}}},{"from":[-16.0,-16.0,-16.0],"to":[32.0,32.0,-16.0],"faces":{"north":{"uv":[0.0,0.0,16.0,16.0],"texture":"#icon"}}}],"display":{"firstperson_lefthand":{"rotation":[0.0,0.0,0.0],"translation":[0.0,0.0,0.0],"scale":[0.0,0.0,0.0]},"firstperson_righthand":{"rotation":[0.0,90.0,0.0],"translation":[-9.011,12.87,-0.75],"scale":[1.0,1.0,1.0]},"thirdperson_lefthand":{"rotation":[0.0,0.0,0.0],"translation":[0.0,0.0,0.0],"scale":[0.0,0.0,0.0]},"thirdperson_righthand":{"rotation":[0.0,0.0,0.0],"translation":[0.0,0.0,0.0],"scale":[0.0,0.0,0.0]},"ground":{"rotation":[-90.0,0.0,0.0],"translation":[5.5,0.0,0.0],"scale":[0.8,0.8,0.8]},"gui":{"rotation":[0.0,-180.0,0.0],"translation":[0.0,0.0,0.0],"scale":[0.333,0.333,0.333]},"fixed":{"rotation":[0.0,0.0,45.0],"translation":[-0.25,0.5,-0.25],"scale":[0.8,0.8,0.8]},"head":{"rotation":[90.0,0.0,0.0],"translation":[2.75,-41.75,0.0],"scale":[1.5,1.5,1.5]}},"gui_light":"front"}