{"textures":{"0":"grenade/frag_grenade","particle":"grenade/frag_grenade"},"elements":[{"from":[5,0,7.40326],"to":[11,1,8.59674],"rotation":{"angle":-45,"axis":"y","origin":[8,0,8]},"faces":{"north":{"uv":[1,1,2,2],"texture":"#0"},"east":{"uv":[1,1,2,2],"texture":"#0"},"south":{"uv":[1,1,2,2],"texture":"#0"},"west":{"uv":[1,1,2,2],"texture":"#0"},"up":{"uv":[1,1,2,2],"rotation":90,"texture":"#0"},"down":{"uv":[1,1,2,2],"rotation":270,"texture":"#0"}}},{"from":[5,0,7.40326],"to":[11,1,8.59674],"rotation":{"angle":-22.5,"axis":"y","origin":[8,0,8]},"faces":{"north":{"uv":[1,1,2,2],"texture":"#0"},"east":{"uv":[1,1,2,2],"texture":"#0"},"south":{"uv":[1,1,2,2],"texture":"#0"},"west":{"uv":[1,1,2,2],"texture":"#0"},"up":{"uv":[1,1,2,2],"rotation":90,"texture":"#0"},"down":{"uv":[1,1,2,2],"rotation":270,"texture":"#0"}}},{"from":[5,0,7.40326],"to":[11,1,8.59674],"rotation":{"angle":0,"axis":"y","origin":[8,0,8]},"faces":{"north":{"uv":[1,1,2,2],"texture":"#0"},"east":{"uv":[1,1,2,2],"texture":"#0"},"south":{"uv":[1,1,2,2],"texture":"#0"},"west":{"uv":[1,1,2,2],"texture":"#0"},"up":{"uv":[1,1,2,2],"rotation":90,"texture":"#0"},"down":{"uv":[1,1,2,2],"rotation":270,"texture":"#0"}}},{"from":[5,0,7.40326],"to":[11,1,8.59674],"rotation":{"angle":22.5,"axis":"y","origin":[8,0,8]},"faces":{"north":{"uv":[1,1,2,2],"texture":"#0"},"east":{"uv":[1,1,2,2],"texture":"#0"},"south":{"uv":[1,1,2,2],"texture":"#0"},"west":{"uv":[1,1,2,2],"texture":"#0"},"up":{"uv":[1,1,2,2],"rotation":90,"texture":"#0"},"down":{"uv":[1,1,2,2],"rotation":270,"texture":"#0"}}},{"from":[7.40326,0,5],"to":[8.59674,1,11],"rotation":{"angle":-45,"axis":"y","origin":[8,0,8]},"faces":{"north":{"uv":[1,1,2,2],"texture":"#0"},"east":{"uv":[1,1,2,2],"texture":"#0"},"south":{"uv":[1,1,2,2],"texture":"#0"},"west":{"uv":[1,1,2,2],"texture":"#0"},"up":{"uv":[1,1,2,2],"texture":"#0"},"down":{"uv":[1,1,2,2],"texture":"#0"}}},{"from":[7.40326,0,5],"to":[8.59674,1,11],"rotation":{"angle":-22.5,"axis":"y","origin":[8,0,8]},"faces":{"north":{"uv":[1,1,2,2],"texture":"#0"},"east":{"uv":[1,1,2,2],"texture":"#0"},"south":{"uv":[1,1,2,2],"texture":"#0"},"west":{"uv":[1,1,2,2],"texture":"#0"},"up":{"uv":[1,1,2,2],"rotation":90,"texture":"#0"},"down":{"uv":[1,1,2,2],"rotation":270,"texture":"#0"}}},{"from":[7.40326,0,5],"to":[8.59674,1,11],"rotation":{"angle":0,"axis":"y","origin":[8,0,8]},"faces":{"north":{"uv":[1,1,2,2],"texture":"#0"},"east":{"uv":[1,1,2,2],"texture":"#0"},"south":{"uv":[1,1,2,2],"texture":"#0"},"west":{"uv":[1,1,2,2],"texture":"#0"},"up":{"uv":[1,1,2,2],"rotation":90,"texture":"#0"},"down":{"uv":[1,1,2,2],"rotation":270,"texture":"#0"}}},{"from":[7.40326,0,5],"to":[8.59674,1,11],"rotation":{"angle":22.5,"axis":"y","origin":[8,0,8]},"faces":{"north":{"uv":[1,1,2,2],"texture":"#0"},"east":{"uv":[1,1,2,2],"texture":"#0"},"south":{"uv":[1,1,2,2],"texture":"#0"},"west":{"uv":[1,1,2,2],"texture":"#0"},"up":{"uv":[1,1,2,2],"rotation":90,"texture":"#0"},"down":{"uv":[1,1,2,2],"rotation":270,"texture":"#0"}}},{"from":[3,1,7.00544],"to":[13,2,8.99456],"rotation":{"angle":-45,"axis":"y","origin":[8,1.3,8]},"faces":{"north":{"uv":[1,1,2,2],"texture":"#0"},"east":{"uv":[1,1,2,2],"texture":"#0"},"south":{"uv":[1,1,2,2],"texture":"#0"},"west":{"uv":[1,1,2,2],"texture":"#0"},"up":{"uv":[1,1,2,2],"rotation":90,"texture":"#0"},"down":{"uv":[1,1,2,2],"rotation":270,"texture":"#0"}}},{"from":[3,1,7.00544],"to":[13,2,8.99456],"rotation":{"angle":-22.5,"axis":"y","origin":[8,1.3,8]},"faces":{"north":{"uv":[1,1,2,2],"texture":"#0"},"east":{"uv":[1,1,2,2],"texture":"#0"},"south":{"uv":[1,1,2,2],"texture":"#0"},"west":{"uv":[1,1,2,2],"texture":"#0"},"up":{"uv":[1,1,2,2],"rotation":90,"texture":"#0"},"down":{"uv":[1,1,2,2],"rotation":270,"texture":"#0"}}},{"from":[3,1,7.00544],"to":[13,2,8.99456],"rotation":{"angle":0,"axis":"y","origin":[8,1.3,8]},"faces":{"north":{"uv":[1,1,2,2],"texture":"#0"},"east":{"uv":[1,1,2,2],"texture":"#0"},"south":{"uv":[1,1,2,2],"texture":"#0"},"west":{"uv":[1,1,2,2],"texture":"#0"},"up":{"uv":[1,1,2,2],"rotation":90,"texture":"#0"},"down":{"uv":[1,1,2,2],"rotation":270,"texture":"#0"}}},{"from":[3,1,7.00544],"to":[13,2,8.99456],"rotation":{"angle":22.5,"axis":"y","origin":[8,1.3,8]},"faces":{"north":{"uv":[1,1,2,2],"texture":"#0"},"east":{"uv":[1,1,2,2],"texture":"#0"},"south":{"uv":[1,1,2,2],"texture":"#0"},"west":{"uv":[1,1,2,2],"texture":"#0"},"up":{"uv":[1,1,2,2],"rotation":90,"texture":"#0"},"down":{"uv":[1,1,2,2],"rotation":270,"texture":"#0"}}},{"from":[7.00544,1,3],"to":[8.99456,2,13],"rotation":{"angle":-45,"axis":"y","origin":[8,1.3,8]},"faces":{"north":{"uv":[1,1,2,2],"texture":"#0"},"east":{"uv":[1,1,2,2],"texture":"#0"},"south":{"uv":[1,1,2,2],"texture":"#0"},"west":{"uv":[1,1,2,2],"texture":"#0"},"up":{"uv":[1,1,2,2],"texture":"#0"},"down":{"uv":[1,1,2,2],"texture":"#0"}}},{"from":[7.00544,1,3],"to":[8.99456,2,13],"rotation":{"angle":-22.5,"axis":"y","origin":[8,1.3,8]},"faces":{"north":{"uv":[1,1,2,2],"texture":"#0"},"east":{"uv":[1,1,2,2],"texture":"#0"},"south":{"uv":[1,1,2,2],"texture":"#0"},"west":{"uv":[1,1,2,2],"texture":"#0"},"up":{"uv":[1,1,2,2],"rotation":90,"texture":"#0"},"down":{"uv":[1,1,2,2],"rotation":270,"texture":"#0"}}},{"from":[7.00544,1,3],"to":[8.99456,2,13],"rotation":{"angle":0,"axis":"y","origin":[8,1.3,8]},"faces":{"north":{"uv":[1,1,2,2],"texture":"#0"},"east":{"uv":[1,1,2,2],"texture":"#0"},"south":{"uv":[1,1,2,2],"texture":"#0"},"west":{"uv":[1,1,2,2],"texture":"#0"},"up":{"uv":[1,1,2,2],"rotation":90,"texture":"#0"},"down":{"uv":[1,1,2,2],"rotation":270,"texture":"#0"}}},{"from":[7.00544,1,3],"to":[8.99456,2,13],"rotation":{"angle":22.5,"axis":"y","origin":[8,1.3,8]},"faces":{"north":{"uv":[1,1,2,2],"texture":"#0"},"east":{"uv":[1,1,2,2],"texture":"#0"},"south":{"uv":[1,1,2,2],"texture":"#0"},"west":{"uv":[1,1,2,2],"texture":"#0"},"up":{"uv":[1,1,2,2],"rotation":90,"texture":"#0"},"down":{"uv":[1,1,2,2],"rotation":270,"texture":"#0"}}},{"from":[2,2,6.80653],"to":[14,3,9.19347],"rotation":{"angle":-45,"axis":"y","origin":[8,2,8]},"faces":{"north":{"uv":[1,1,2,2],"texture":"#0"},"east":{"uv":[1,1,2,2],"texture":"#0"},"south":{"uv":[1,1,2,2],"texture":"#0"},"west":{"uv":[1,1,2,2],"texture":"#0"},"up":{"uv":[1,1,2,2],"rotation":90,"texture":"#0"},"down":{"uv":[1,1,2,2],"rotation":270,"texture":"#0"}}},{"from":[2,2,6.80653],"to":[14,3,9.19347],"rotation":{"angle":-22.5,"axis":"y","origin":[8,2,8]},"faces":{"north":{"uv":[1,1,2,2],"texture":"#0"},"east":{"uv":[1,1,2,2],"texture":"#0"},"south":{"uv":[1,1,2,2],"texture":"#0"},"west":{"uv":[1,1,2,2],"texture":"#0"},"up":{"uv":[1,1,2,2],"rotation":90,"texture":"#0"},"down":{"uv":[1,1,2,2],"rotation":270,"texture":"#0"}}},{"from":[2,2,6.80653],"to":[14,3,9.19347],"rotation":{"angle":0,"axis":"y","origin":[8,2,8]},"faces":{"north":{"uv":[1,1,2,2],"texture":"#0"},"east":{"uv":[1,1,2,2],"texture":"#0"},"south":{"uv":[1,1,2,2],"texture":"#0"},"west":{"uv":[1,1,2,2],"texture":"#0"},"up":{"uv":[1,1,2,2],"rotation":90,"texture":"#0"},"down":{"uv":[1,1,2,2],"rotation":270,"texture":"#0"}}},{"from":[2,2,6.80653],"to":[14,3,9.19347],"rotation":{"angle":22.5,"axis":"y","origin":[8,2,8]},"faces":{"north":{"uv":[1,1,2,2],"texture":"#0"},"east":{"uv":[1,1,2,2],"texture":"#0"},"south":{"uv":[1,1,2,2],"texture":"#0"},"west":{"uv":[1,1,2,2],"texture":"#0"},"up":{"uv":[1,1,2,2],"rotation":90,"texture":"#0"},"down":{"uv":[1,1,2,2],"rotation":270,"texture":"#0"}}},{"from":[6.80653,2,2],"to":[9.19347,3,14],"rotation":{"angle":-45,"axis":"y","origin":[8,2,8]},"faces":{"north":{"uv":[1,1,2,2],"texture":"#0"},"east":{"uv":[1,1,2,2],"texture":"#0"},"south":{"uv":[1,1,2,2],"texture":"#0"},"west":{"uv":[1,1,2,2],"texture":"#0"},"up":{"uv":[1,1,2,2],"texture":"#0"},"down":{"uv":[1,1,2,2],"texture":"#0"}}},{"from":[6.80653,2,2],"to":[9.19347,3,14],"rotation":{"angle":-22.5,"axis":"y","origin":[8,2,8]},"faces":{"north":{"uv":[1,1,2,2],"texture":"#0"},"east":{"uv":[1,1,2,2],"texture":"#0"},"south":{"uv":[1,1,2,2],"texture":"#0"},"west":{"uv":[1,1,2,2],"texture":"#0"},"up":{"uv":[1,1,2,2],"rotation":90,"texture":"#0"},"down":{"uv":[1,1,2,2],"rotation":270,"texture":"#0"}}},{"from":[6.80653,2,2],"to":[9.19347,3,14],"rotation":{"angle":0,"axis":"y","origin":[8,2,8]},"faces":{"north":{"uv":[1,1,2,2],"texture":"#0"},"east":{"uv":[1,1,2,2],"texture":"#0"},"south":{"uv":[1,1,2,2],"texture":"#0"},"west":{"uv":[1,1,2,2],"texture":"#0"},"up":{"uv":[1,1,2,2],"rotation":90,"texture":"#0"},"down":{"uv":[1,1,2,2],"rotation":270,"texture":"#0"}}},{"from":[6.80653,2,2],"to":[9.19347,3,14],"rotation":{"angle":22.5,"axis":"y","origin":[8,2,8]},"faces":{"north":{"uv":[1,1,2,2],"texture":"#0"},"east":{"uv":[1,1,2,2],"texture":"#0"},"south":{"uv":[1,1,2,2],"texture":"#0"},"west":{"uv":[1,1,2,2],"texture":"#0"},"up":{"uv":[1,1,2,2],"rotation":90,"texture":"#0"},"down":{"uv":[1,1,2,2],"rotation":270,"texture":"#0"}}},{"from":[1,3,6.60761],"to":[15,4,9.39239],"rotation":{"angle":-45,"axis":"y","origin":[8,3.5,8]},"faces":{"north":{"uv":[1,1,2,2],"texture":"#0"},"east":{"uv":[1,1,2,2],"texture":"#0"},"south":{"uv":[1,1,2,2],"texture":"#0"},"west":{"uv":[1,1,2,2],"texture":"#0"},"up":{"uv":[1,1,2,2],"rotation":90,"texture":"#0"},"down":{"uv":[1,1,2,2],"rotation":270,"texture":"#0"}}},{"from":[1,3,6.60761],"to":[15,4,9.39239],"rotation":{"angle":-22.5,"axis":"y","origin":[8,3.5,8]},"faces":{"north":{"uv":[1,1,2,2],"texture":"#0"},"east":{"uv":[1,1,2,2],"texture":"#0"},"south":{"uv":[1,1,2,2],"texture":"#0"},"west":{"uv":[1,1,2,2],"texture":"#0"},"up":{"uv":[1,1,2,2],"rotation":90,"texture":"#0"},"down":{"uv":[1,1,2,2],"rotation":270,"texture":"#0"}}},{"from":[1,3,6.60761],"to":[15,4,9.39239],"rotation":{"angle":0,"axis":"y","origin":[8,3.5,8]},"faces":{"north":{"uv":[1,1,2,2],"texture":"#0"},"east":{"uv":[1,1,2,2],"texture":"#0"},"south":{"uv":[1,1,2,2],"texture":"#0"},"west":{"uv":[1,1,2,2],"texture":"#0"},"up":{"uv":[1,1,2,2],"rotation":90,"texture":"#0"},"down":{"uv":[1,1,2,2],"rotation":270,"texture":"#0"}}},{"from":[1,3,6.60761],"to":[15,4,9.39239],"rotation":{"angle":22.5,"axis":"y","origin":[8,3.5,8]},"faces":{"north":{"uv":[1,1,2,2],"texture":"#0"},"east":{"uv":[1,1,2,2],"texture":"#0"},"south":{"uv":[1,1,2,2],"texture":"#0"},"west":{"uv":[1,1,2,2],"texture":"#0"},"up":{"uv":[1,1,2,2],"rotation":90,"texture":"#0"},"down":{"uv":[1,1,2,2],"rotation":270,"texture":"#0"}}},{"from":[6.60761,3,1],"to":[9.39239,4,15],"rotation":{"angle":-45,"axis":"y","origin":[8,3.5,8]},"faces":{"north":{"uv":[1,1,2,2],"texture":"#0"},"east":{"uv":[1,1,2,2],"texture":"#0"},"south":{"uv":[1,1,2,2],"texture":"#0"},"west":{"uv":[1,1,2,2],"texture":"#0"},"up":{"uv":[1,1,2,2],"texture":"#0"},"down":{"uv":[1,1,2,2],"texture":"#0"}}},{"from":[6.60761,3,1],"to":[9.39239,4,15],"rotation":{"angle":-22.5,"axis":"y","origin":[8,3.5,8]},"faces":{"north":{"uv":[1,1,2,2],"texture":"#0"},"east":{"uv":[1,1,2,2],"texture":"#0"},"south":{"uv":[1,1,2,2],"texture":"#0"},"west":{"uv":[1,1,2,2],"texture":"#0"},"up":{"uv":[1,1,2,2],"rotation":90,"texture":"#0"},"down":{"uv":[1,1,2,2],"rotation":270,"texture":"#0"}}},{"from":[6.60761,3,1],"to":[9.39239,4,15],"rotation":{"angle":0,"axis":"y","origin":[8,3.5,8]},"faces":{"north":{"uv":[1,1,2,2],"texture":"#0"},"east":{"uv":[1,1,2,2],"texture":"#0"},"south":{"uv":[1,1,2,2],"texture":"#0"},"west":{"uv":[1,1,2,2],"texture":"#0"},"up":{"uv":[1,1,2,2],"rotation":90,"texture":"#0"},"down":{"uv":[1,1,2,2],"rotation":270,"texture":"#0"}}},{"from":[6.60761,3,1],"to":[9.39239,4,15],"rotation":{"angle":22.5,"axis":"y","origin":[8,3.5,8]},"faces":{"north":{"uv":[1,1,2,2],"texture":"#0"},"east":{"uv":[1,1,2,2],"texture":"#0"},"south":{"uv":[1,1,2,2],"texture":"#0"},"west":{"uv":[1,1,2,2],"texture":"#0"},"up":{"uv":[1,1,2,2],"rotation":90,"texture":"#0"},"down":{"uv":[1,1,2,2],"rotation":270,"texture":"#0"}}},{"from":[0.5,4,6.50816],"to":[15.5,6.2,9.49184],"rotation":{"angle":-45,"axis":"y","origin":[8,4.5,8]},"faces":{"north":{"uv":[1,1,2,2],"texture":"#0"},"east":{"uv":[1,1,2,2],"texture":"#0"},"south":{"uv":[1,1,2,2],"texture":"#0"},"west":{"uv":[1,1,2,2],"texture":"#0"},"up":{"uv":[1,1,2,2],"rotation":90,"texture":"#0"},"down":{"uv":[1,1,2,2],"rotation":270,"texture":"#0"}}},{"from":[0.5,4,6.50816],"to":[15.5,6.2,9.49184],"rotation":{"angle":-22.5,"axis":"y","origin":[8,4.5,8]},"faces":{"north":{"uv":[1,1,2,2],"texture":"#0"},"east":{"uv":[1,1,2,2],"texture":"#0"},"south":{"uv":[1,1,2,2],"texture":"#0"},"west":{"uv":[1,1,2,2],"texture":"#0"},"up":{"uv":[1,1,2,2],"rotation":90,"texture":"#0"},"down":{"uv":[1,1,2,2],"rotation":270,"texture":"#0"}}},{"from":[0.5,4,6.50816],"to":[15.5,6.2,9.49184],"rotation":{"angle":0,"axis":"y","origin":[8,4.5,8]},"faces":{"north":{"uv":[1,1,2,2],"texture":"#0"},"east":{"uv":[1,1,2,2],"texture":"#0"},"south":{"uv":[1,1,2,2],"texture":"#0"},"west":{"uv":[1,1,2,2],"texture":"#0"},"up":{"uv":[1,1,2,2],"rotation":90,"texture":"#0"},"down":{"uv":[1,1,2,2],"rotation":270,"texture":"#0"}}},{"from":[0.5,4,6.50816],"to":[15.5,6.2,9.49184],"rotation":{"angle":22.5,"axis":"y","origin":[8,4.5,8]},"faces":{"north":{"uv":[1,1,2,2],"texture":"#0"},"east":{"uv":[1,1,2,2],"texture":"#0"},"south":{"uv":[1,1,2,2],"texture":"#0"},"west":{"uv":[1,1,2,2],"texture":"#0"},"up":{"uv":[1,1,2,2],"rotation":90,"texture":"#0"},"down":{"uv":[1,1,2,2],"rotation":270,"texture":"#0"}}},{"from":[6.50816,4,0.5],"to":[9.49184,6.2,15.5],"rotation":{"angle":-45,"axis":"y","origin":[8,4.5,8]},"faces":{"north":{"uv":[1,1,2,2],"texture":"#0"},"east":{"uv":[1,1,2,2],"texture":"#0"},"south":{"uv":[1,1,2,2],"texture":"#0"},"west":{"uv":[1,1,2,2],"texture":"#0"},"up":{"uv":[1,1,2,2],"texture":"#0"},"down":{"uv":[1,1,2,2],"texture":"#0"}}},{"from":[6.50816,4,0.5],"to":[9.49184,6.2,15.5],"rotation":{"angle":-22.5,"axis":"y","origin":[8,4.5,8]},"faces":{"north":{"uv":[1,1,2,2],"texture":"#0"},"east":{"uv":[1,1,2,2],"texture":"#0"},"south":{"uv":[1,1,2,2],"texture":"#0"},"west":{"uv":[1,1,2,2],"texture":"#0"},"up":{"uv":[1,1,2,2],"rotation":90,"texture":"#0"},"down":{"uv":[1,1,2,2],"rotation":270,"texture":"#0"}}},{"from":[6.50816,4,0.5],"to":[9.49184,6.2,15.5],"rotation":{"angle":0,"axis":"y","origin":[8,4.5,8]},"faces":{"north":{"uv":[1,1,2,2],"texture":"#0"},"east":{"uv":[1,1,2,2],"texture":"#0"},"south":{"uv":[1,1,2,2],"texture":"#0"},"west":{"uv":[1,1,2,2],"texture":"#0"},"up":{"uv":[1,1,2,2],"rotation":90,"texture":"#0"},"down":{"uv":[1,1,2,2],"rotation":270,"texture":"#0"}}},{"from":[6.50816,4,0.5],"to":[9.49184,6.2,15.5],"rotation":{"angle":22.5,"axis":"y","origin":[8,4.5,8]},"faces":{"north":{"uv":[1,1,2,2],"texture":"#0"},"east":{"uv":[1,1,2,2],"texture":"#0"},"south":{"uv":[1,1,2,2],"texture":"#0"},"west":{"uv":[1,1,2,2],"texture":"#0"},"up":{"uv":[1,1,2,2],"rotation":90,"texture":"#0"},"down":{"uv":[1,1,2,2],"rotation":270,"texture":"#0"}}},{"from":[0.128,6.088,6.43416],"to":[15.872,10.312,9.56584],"rotation":{"angle":-45,"axis":"y","origin":[8,6.568,8]},"faces":{"north":{"uv":[1,1,2,2],"texture":"#0"},"east":{"uv":[1,1,2,2],"texture":"#0"},"south":{"uv":[1,1,2,2],"texture":"#0"},"west":{"uv":[1,1,2,2],"texture":"#0"},"up":{"uv":[1,1,2,2],"rotation":90,"texture":"#0"},"down":{"uv":[1,1,2,2],"rotation":270,"texture":"#0"}}},{"from":[0.128,6.088,6.43416],"to":[15.872,10.312,9.56584],"rotation":{"angle":-22.5,"axis":"y","origin":[8,6.568,8]},"faces":{"north":{"uv":[1,1,2,2],"texture":"#0"},"east":{"uv":[1,1,2,2],"texture":"#0"},"south":{"uv":[1,1,2,2],"texture":"#0"},"west":{"uv":[1,1,2,2],"texture":"#0"},"up":{"uv":[1,1,2,2],"rotation":90,"texture":"#0"},"down":{"uv":[1,1,2,2],"rotation":270,"texture":"#0"}}},{"from":[0.128,6.088,6.43416],"to":[15.872,10.312,9.56584],"rotation":{"angle":0,"axis":"y","origin":[8,6.568,8]},"faces":{"north":{"uv":[1,1,2,2],"texture":"#0"},"east":{"uv":[1,1,2,2],"texture":"#0"},"south":{"uv":[1,1,2,2],"texture":"#0"},"west":{"uv":[1,1,2,2],"texture":"#0"},"up":{"uv":[1,1,2,2],"rotation":90,"texture":"#0"},"down":{"uv":[1,1,2,2],"rotation":270,"texture":"#0"}}},{"from":[0.128,6.088,6.43416],"to":[15.872,10.312,9.56584],"rotation":{"angle":22.5,"axis":"y","origin":[8,6.568,8]},"faces":{"north":{"uv":[1,1,2,2],"texture":"#0"},"east":{"uv":[1,1,2,2],"texture":"#0"},"south":{"uv":[1,1,2,2],"texture":"#0"},"west":{"uv":[1,1,2,2],"texture":"#0"},"up":{"uv":[1,1,2,2],"rotation":90,"texture":"#0"},"down":{"uv":[1,1,2,2],"rotation":270,"texture":"#0"}}},{"from":[6.43416,6.088,0.128],"to":[9.56584,10.312,15.872],"rotation":{"angle":-45,"axis":"y","origin":[8,6.568,8]},"faces":{"north":{"uv":[1,1,2,2],"texture":"#0"},"east":{"uv":[1,1,2,2],"texture":"#0"},"south":{"uv":[1,1,2,2],"texture":"#0"},"west":{"uv":[1,1,2,2],"texture":"#0"},"up":{"uv":[1,1,2,2],"texture":"#0"},"down":{"uv":[1,1,2,2],"texture":"#0"}}},{"from":[6.43416,6.088,0.128],"to":[9.56584,10.312,15.872],"rotation":{"angle":-22.5,"axis":"y","origin":[8,6.568,8]},"faces":{"north":{"uv":[1,1,2,2],"texture":"#0"},"east":{"uv":[1,1,2,2],"texture":"#0"},"south":{"uv":[1,1,2,2],"texture":"#0"},"west":{"uv":[1,1,2,2],"texture":"#0"},"up":{"uv":[1,1,2,2],"rotation":90,"texture":"#0"},"down":{"uv":[1,1,2,2],"rotation":270,"texture":"#0"}}},{"from":[6.43416,6.088,0.128],"to":[9.56584,10.312,15.872],"rotation":{"angle":0,"axis":"y","origin":[8,6.568,8]},"faces":{"north":{"uv":[1,1,2,2],"texture":"#0"},"east":{"uv":[1,1,2,2],"texture":"#0"},"south":{"uv":[1,1,2,2],"texture":"#0"},"west":{"uv":[1,1,2,2],"texture":"#0"},"up":{"uv":[1,1,2,2],"rotation":90,"texture":"#0"},"down":{"uv":[1,1,2,2],"rotation":270,"texture":"#0"}}},{"from":[6.43416,6.088,0.128],"to":[9.56584,10.312,15.872],"rotation":{"angle":22.5,"axis":"y","origin":[8,6.568,8]},"faces":{"north":{"uv":[1,1,2,2],"texture":"#0"},"east":{"uv":[1,1,2,2],"texture":"#0"},"south":{"uv":[1,1,2,2],"texture":"#0"},"west":{"uv":[1,1,2,2],"texture":"#0"},"up":{"uv":[1,1,2,2],"rotation":90,"texture":"#0"},"down":{"uv":[1,1,2,2],"rotation":270,"texture":"#0"}}},{"from":[0.95,9.933,6.59767],"to":[15.05,10.967,9.40233],"rotation":{"angle":-45,"axis":"y","origin":[8,10.967,8]},"faces":{"north":{"uv":[1,1,2,2],"texture":"#0"},"east":{"uv":[1,1,2,2],"texture":"#0"},"south":{"uv":[1,1,2,2],"texture":"#0"},"west":{"uv":[1,1,2,2],"texture":"#0"},"up":{"uv":[1,1,2,2],"rotation":90,"texture":"#0"},"down":{"uv":[1,1,2,2],"rotation":270,"texture":"#0"}}},{"from":[0.95,9.933,6.59767],"to":[15.05,10.967,9.40233],"rotation":{"angle":-22.5,"axis":"y","origin":[8,10.967,8]},"faces":{"north":{"uv":[1,1,2,2],"texture":"#0"},"east":{"uv":[1,1,2,2],"texture":"#0"},"south":{"uv":[1,1,2,2],"texture":"#0"},"west":{"uv":[1,1,2,2],"texture":"#0"},"up":{"uv":[1,1,2,2],"rotation":90,"texture":"#0"},"down":{"uv":[1,1,2,2],"rotation":270,"texture":"#0"}}},{"from":[0.95,9.933,6.59767],"to":[15.05,10.967,9.40233],"rotation":{"angle":0,"axis":"y","origin":[8,10.967,8]},"faces":{"north":{"uv":[1,1,2,2],"texture":"#0"},"east":{"uv":[1,1,2,2],"texture":"#0"},"south":{"uv":[1,1,2,2],"texture":"#0"},"west":{"uv":[1,1,2,2],"texture":"#0"},"up":{"uv":[1,1,2,2],"rotation":90,"texture":"#0"},"down":{"uv":[1,1,2,2],"rotation":270,"texture":"#0"}}},{"from":[0.95,9.933,6.59767],"to":[15.05,10.967,9.40233],"rotation":{"angle":22.5,"axis":"y","origin":[8,10.967,8]},"faces":{"north":{"uv":[1,1,2,2],"texture":"#0"},"east":{"uv":[1,1,2,2],"texture":"#0"},"south":{"uv":[1,1,2,2],"texture":"#0"},"west":{"uv":[1,1,2,2],"texture":"#0"},"up":{"uv":[1,1,2,2],"rotation":90,"texture":"#0"},"down":{"uv":[1,1,2,2],"rotation":270,"texture":"#0"}}},{"from":[6.59767,9.933,0.95],"to":[9.40233,10.967,15.05],"rotation":{"angle":-45,"axis":"y","origin":[8,10.967,8]},"faces":{"north":{"uv":[1,1,2,2],"texture":"#0"},"east":{"uv":[1,1,2,2],"texture":"#0"},"south":{"uv":[1,1,2,2],"texture":"#0"},"west":{"uv":[1,1,2,2],"texture":"#0"},"up":{"uv":[1,1,2,2],"texture":"#0"},"down":{"uv":[1,1,2,2],"texture":"#0"}}},{"from":[6.59767,9.933,0.95],"to":[9.40233,10.967,15.05],"rotation":{"angle":-22.5,"axis":"y","origin":[8,10.967,8]},"faces":{"north":{"uv":[1,1,2,2],"texture":"#0"},"east":{"uv":[1,1,2,2],"texture":"#0"},"south":{"uv":[1,1,2,2],"texture":"#0"},"west":{"uv":[1,1,2,2],"texture":"#0"},"up":{"uv":[1,1,2,2],"rotation":90,"texture":"#0"},"down":{"uv":[1,1,2,2],"rotation":270,"texture":"#0"}}},{"from":[6.59767,9.933,0.95],"to":[9.40233,10.967,15.05],"rotation":{"angle":0,"axis":"y","origin":[8,10.967,8]},"faces":{"north":{"uv":[1,1,2,2],"texture":"#0"},"east":{"uv":[1,1,2,2],"texture":"#0"},"south":{"uv":[1,1,2,2],"texture":"#0"},"west":{"uv":[1,1,2,2],"texture":"#0"},"up":{"uv":[1,1,2,2],"rotation":90,"texture":"#0"},"down":{"uv":[1,1,2,2],"rotation":270,"texture":"#0"}}},{"from":[6.59767,9.933,0.95],"to":[9.40233,10.967,15.05],"rotation":{"angle":22.5,"axis":"y","origin":[8,10.967,8]},"faces":{"north":{"uv":[1,1,2,2],"texture":"#0"},"east":{"uv":[1,1,2,2],"texture":"#0"},"south":{"uv":[1,1,2,2],"texture":"#0"},"west":{"uv":[1,1,2,2],"texture":"#0"},"up":{"uv":[1,1,2,2],"rotation":90,"texture":"#0"},"down":{"uv":[1,1,2,2],"rotation":270,"texture":"#0"}}},{"from":[2,11,6.80653],"to":[14,12,9.19347],"rotation":{"angle":-45,"axis":"y","origin":[8,12,8]},"faces":{"north":{"uv":[1,1,2,2],"texture":"#0"},"east":{"uv":[1,1,2,2],"texture":"#0"},"south":{"uv":[1,1,2,2],"texture":"#0"},"west":{"uv":[1,1,2,2],"texture":"#0"},"up":{"uv":[1,1,2,2],"rotation":90,"texture":"#0"},"down":{"uv":[1,1,2,2],"rotation":270,"texture":"#0"}}},{"from":[2,11,6.80653],"to":[14,12,9.19347],"rotation":{"angle":-22.5,"axis":"y","origin":[8,12,8]},"faces":{"north":{"uv":[1,1,2,2],"texture":"#0"},"east":{"uv":[1,1,2,2],"texture":"#0"},"south":{"uv":[1,1,2,2],"texture":"#0"},"west":{"uv":[1,1,2,2],"texture":"#0"},"up":{"uv":[1,1,2,2],"rotation":90,"texture":"#0"},"down":{"uv":[1,1,2,2],"rotation":270,"texture":"#0"}}},{"from":[2,11,6.80653],"to":[14,12,9.19347],"rotation":{"angle":0,"axis":"y","origin":[8,12,8]},"faces":{"north":{"uv":[1,1,2,2],"texture":"#0"},"east":{"uv":[1,1,2,2],"texture":"#0"},"south":{"uv":[1,1,2,2],"texture":"#0"},"west":{"uv":[1,1,2,2],"texture":"#0"},"up":{"uv":[1,1,2,2],"rotation":90,"texture":"#0"},"down":{"uv":[1,1,2,2],"rotation":270,"texture":"#0"}}},{"from":[2,11,6.80653],"to":[14,12,9.19347],"rotation":{"angle":22.5,"axis":"y","origin":[8,12,8]},"faces":{"north":{"uv":[1,1,2,2],"texture":"#0"},"east":{"uv":[1,1,2,2],"texture":"#0"},"south":{"uv":[1,1,2,2],"texture":"#0"},"west":{"uv":[1,1,2,2],"texture":"#0"},"up":{"uv":[1,1,2,2],"rotation":90,"texture":"#0"},"down":{"uv":[1,1,2,2],"rotation":270,"texture":"#0"}}},{"from":[6.80653,11,2],"to":[9.19347,12,14],"rotation":{"angle":-45,"axis":"y","origin":[8,12,8]},"faces":{"north":{"uv":[1,1,2,2],"texture":"#0"},"east":{"uv":[1,1,2,2],"texture":"#0"},"south":{"uv":[1,1,2,2],"texture":"#0"},"west":{"uv":[1,1,2,2],"texture":"#0"},"up":{"uv":[1,1,2,2],"texture":"#0"},"down":{"uv":[1,1,2,2],"texture":"#0"}}},{"from":[6.80653,11,2],"to":[9.19347,12,14],"rotation":{"angle":-22.5,"axis":"y","origin":[8,12,8]},"faces":{"north":{"uv":[1,1,2,2],"texture":"#0"},"east":{"uv":[1,1,2,2],"texture":"#0"},"south":{"uv":[1,1,2,2],"texture":"#0"},"west":{"uv":[1,1,2,2],"texture":"#0"},"up":{"uv":[1,1,2,2],"rotation":90,"texture":"#0"},"down":{"uv":[1,1,2,2],"rotation":270,"texture":"#0"}}},{"from":[6.80653,11,2],"to":[9.19347,12,14],"rotation":{"angle":0,"axis":"y","origin":[8,12,8]},"faces":{"north":{"uv":[1,1,2,2],"texture":"#0"},"east":{"uv":[1,1,2,2],"texture":"#0"},"south":{"uv":[1,1,2,2],"texture":"#0"},"west":{"uv":[1,1,2,2],"texture":"#0"},"up":{"uv":[1,1,2,2],"rotation":90,"texture":"#0"},"down":{"uv":[1,1,2,2],"rotation":270,"texture":"#0"}}},{"from":[6.80653,11,2],"to":[9.19347,12,14],"rotation":{"angle":22.5,"axis":"y","origin":[8,12,8]},"faces":{"north":{"uv":[1,1,2,2],"texture":"#0"},"east":{"uv":[1,1,2,2],"texture":"#0"},"south":{"uv":[1,1,2,2],"texture":"#0"},"west":{"uv":[1,1,2,2],"texture":"#0"},"up":{"uv":[1,1,2,2],"rotation":90,"texture":"#0"},"down":{"uv":[1,1,2,2],"rotation":270,"texture":"#0"}}},{"from":[5,11.9,7.40326],"to":[11,13,8.59674],"rotation":{"angle":-45,"axis":"y","origin":[8,13,8]},"faces":{"north":{"uv":[1,1,2,2],"texture":"#0"},"east":{"uv":[1,1,2,2],"texture":"#0"},"south":{"uv":[1,1,2,2],"texture":"#0"},"west":{"uv":[1,1,2,2],"texture":"#0"},"up":{"uv":[1,1,2,2],"rotation":90,"texture":"#0"},"down":{"uv":[1,1,2,2],"rotation":270,"texture":"#0"}}},{"from":[5,11.9,7.40326],"to":[11,13,8.59674],"rotation":{"angle":-22.5,"axis":"y","origin":[8,13,8]},"faces":{"north":{"uv":[1,1,2,2],"texture":"#0"},"east":{"uv":[1,1,2,2],"texture":"#0"},"south":{"uv":[1,1,2,2],"texture":"#0"},"west":{"uv":[1,1,2,2],"texture":"#0"},"up":{"uv":[1,1,2,2],"rotation":90,"texture":"#0"},"down":{"uv":[1,1,2,2],"rotation":270,"texture":"#0"}}},{"from":[5,11.9,7.40326],"to":[11,13,8.59674],"rotation":{"angle":0,"axis":"y","origin":[8,13,8]},"faces":{"north":{"uv":[1,1,2,2],"texture":"#0"},"east":{"uv":[1,1,2,2],"texture":"#0"},"south":{"uv":[1,1,2,2],"texture":"#0"},"west":{"uv":[1,1,2,2],"texture":"#0"},"up":{"uv":[1,1,2,2],"rotation":90,"texture":"#0"},"down":{"uv":[1,1,2,2],"rotation":270,"texture":"#0"}}},{"from":[5,11.9,7.40326],"to":[11,13,8.59674],"rotation":{"angle":22.5,"axis":"y","origin":[8,13,8]},"faces":{"north":{"uv":[1,1,2,2],"texture":"#0"},"east":{"uv":[1,1,2,2],"texture":"#0"},"south":{"uv":[1,1,2,2],"texture":"#0"},"west":{"uv":[1,1,2,2],"texture":"#0"},"up":{"uv":[1,1,2,2],"rotation":90,"texture":"#0"},"down":{"uv":[1,1,2,2],"rotation":270,"texture":"#0"}}},{"from":[7.40326,11.9,5],"to":[8.59674,13,11],"rotation":{"angle":-45,"axis":"y","origin":[8,13,8]},"faces":{"north":{"uv":[1,1,2,2],"texture":"#0"},"east":{"uv":[1,1,2,2],"texture":"#0"},"south":{"uv":[1,1,2,2],"texture":"#0"},"west":{"uv":[1,1,2,2],"texture":"#0"},"up":{"uv":[1,1,2,2],"texture":"#0"},"down":{"uv":[1,1,2,2],"texture":"#0"}}},{"from":[7.40326,11.9,5],"to":[8.59674,13,11],"rotation":{"angle":-22.5,"axis":"y","origin":[8,13,8]},"faces":{"north":{"uv":[1,1,2,2],"texture":"#0"},"east":{"uv":[1,1,2,2],"texture":"#0"},"south":{"uv":[1,1,2,2],"texture":"#0"},"west":{"uv":[1,1,2,2],"texture":"#0"},"up":{"uv":[1,1,2,2],"rotation":90,"texture":"#0"},"down":{"uv":[1,1,2,2],"rotation":270,"texture":"#0"}}},{"from":[7.40326,11.9,5],"to":[8.59674,13,11],"rotation":{"angle":0,"axis":"y","origin":[8,13,8]},"faces":{"north":{"uv":[1,1,2,2],"texture":"#0"},"east":{"uv":[1,1,2,2],"texture":"#0"},"south":{"uv":[1,1,2,2],"texture":"#0"},"west":{"uv":[1,1,2,2],"texture":"#0"},"up":{"uv":[1,1,2,2],"rotation":90,"texture":"#0"},"down":{"uv":[1,1,2,2],"rotation":270,"texture":"#0"}}},{"from":[7.40326,11.9,5],"to":[8.59674,13,11],"rotation":{"angle":22.5,"axis":"y","origin":[8,13,8]},"faces":{"north":{"uv":[1,1,2,2],"texture":"#0"},"east":{"uv":[1,1,2,2],"texture":"#0"},"south":{"uv":[1,1,2,2],"texture":"#0"},"west":{"uv":[1,1,2,2],"texture":"#0"},"up":{"uv":[1,1,2,2],"rotation":90,"texture":"#0"},"down":{"uv":[1,1,2,2],"rotation":270,"texture":"#0"}}},{"from":[6,13,7.60218],"to":[10,17.9,8.39782],"rotation":{"angle":-45,"axis":"y","origin":[8,13.5,8]},"faces":{"north":{"uv":[1,1,2,2],"texture":"#0"},"east":{"uv":[1,1,2,2],"texture":"#0"},"south":{"uv":[1,1,2,2],"texture":"#0"},"west":{"uv":[1,1,2,2],"texture":"#0"},"up":{"uv":[1,1,2,2],"rotation":90,"texture":"#0"},"down":{"uv":[1,1,2,2],"rotation":270,"texture":"#0"}}},{"from":[6,13,7.60218],"to":[10,17.9,8.39782],"rotation":{"angle":-22.5,"axis":"y","origin":[8,13.5,8]},"faces":{"north":{"uv":[1,1,2,2],"texture":"#0"},"east":{"uv":[1,1,2,2],"texture":"#0"},"south":{"uv":[1,1,2,2],"texture":"#0"},"west":{"uv":[1,1,2,2],"texture":"#0"},"up":{"uv":[1,1,2,2],"rotation":90,"texture":"#0"},"down":{"uv":[1,1,2,2],"rotation":270,"texture":"#0"}}},{"from":[6,13,7.60218],"to":[10,17.9,8.39782],"rotation":{"angle":0,"axis":"y","origin":[8,13.5,8]},"faces":{"north":{"uv":[1,1,2,2],"texture":"#0"},"east":{"uv":[1,1,2,2],"texture":"#0"},"south":{"uv":[1,1,2,2],"texture":"#0"},"west":{"uv":[1,1,2,2],"texture":"#0"},"up":{"uv":[1,1,2,2],"rotation":90,"texture":"#0"},"down":{"uv":[1,1,2,2],"rotation":270,"texture":"#0"}}},{"from":[6,13,7.60218],"to":[10,17.9,8.39782],"rotation":{"angle":22.5,"axis":"y","origin":[8,13.5,8]},"faces":{"north":{"uv":[1,1,2,2],"texture":"#0"},"east":{"uv":[1,1,2,2],"texture":"#0"},"south":{"uv":[1,1,2,2],"texture":"#0"},"west":{"uv":[1,1,2,2],"texture":"#0"},"up":{"uv":[1,1,2,2],"rotation":90,"texture":"#0"},"down":{"uv":[1,1,2,2],"rotation":270,"texture":"#0"}}},{"from":[7.60218,13,6],"to":[8.39782,17.9,10],"rotation":{"angle":-45,"axis":"y","origin":[8,13.5,8]},"faces":{"north":{"uv":[1,1,2,2],"texture":"#0"},"east":{"uv":[1,1,2,2],"texture":"#0"},"south":{"uv":[1,1,2,2],"texture":"#0"},"west":{"uv":[1,1,2,2],"texture":"#0"},"up":{"uv":[1,1,2,2],"texture":"#0"},"down":{"uv":[1,1,2,2],"texture":"#0"}}},{"from":[7.60218,13,6],"to":[8.39782,17.9,10],"rotation":{"angle":-22.5,"axis":"y","origin":[8,13.5,8]},"faces":{"north":{"uv":[1,1,2,2],"texture":"#0"},"east":{"uv":[1,1,2,2],"texture":"#0"},"south":{"uv":[1,1,2,2],"texture":"#0"},"west":{"uv":[1,1,2,2],"texture":"#0"},"up":{"uv":[1,1,2,2],"rotation":90,"texture":"#0"},"down":{"uv":[1,1,2,2],"rotation":270,"texture":"#0"}}},{"from":[7.60218,13,6],"to":[8.39782,17.9,10],"rotation":{"angle":0,"axis":"y","origin":[8,13.5,8]},"faces":{"north":{"uv":[1,1,2,2],"texture":"#0"},"east":{"uv":[1,1,2,2],"texture":"#0"},"south":{"uv":[1,1,2,2],"texture":"#0"},"west":{"uv":[1,1,2,2],"texture":"#0"},"up":{"uv":[1,1,2,2],"rotation":90,"texture":"#0"},"down":{"uv":[1,1,2,2],"rotation":270,"texture":"#0"}}},{"from":[7.60218,13,6],"to":[8.39782,17.9,10],"rotation":{"angle":22.5,"axis":"y","origin":[8,13.5,8]},"faces":{"north":{"uv":[1,1,2,2],"texture":"#0"},"east":{"uv":[1,1,2,2],"texture":"#0"},"south":{"uv":[1,1,2,2],"texture":"#0"},"west":{"uv":[1,1,2,2],"texture":"#0"},"up":{"uv":[1,1,2,2],"rotation":90,"texture":"#0"},"down":{"uv":[1,1,2,2],"rotation":270,"texture":"#0"}}},{"from":[5.6,18.00054,10.3],"to":[10.4,18.1,10.8],"rotation":{"angle":-45,"axis":"x","origin":[6.2,18.05027,10.55]},"faces":{"north":{"uv":[5,1,6,2],"texture":"#0"},"east":{"uv":[5,1,6,2],"texture":"#0"},"south":{"uv":[5,1,6,2],"texture":"#0"},"west":{"uv":[5,1,6,2],"texture":"#0"},"up":{"uv":[5,1,6,2],"texture":"#0"},"down":{"uv":[5,1,6,2],"texture":"#0"}}},{"from":[5.6,18.00054,10.3],"to":[10.4,18.1,10.8],"rotation":{"angle":-22.5,"axis":"x","origin":[6.2,18.05027,10.55]},"faces":{"north":{"uv":[5,1,6,2],"texture":"#0"},"east":{"uv":[5,1,6,2],"texture":"#0"},"south":{"uv":[5,1,6,2],"texture":"#0"},"west":{"uv":[5,1,6,2],"texture":"#0"},"up":{"uv":[5,1,6,2],"texture":"#0"},"down":{"uv":[5,1,6,2],"texture":"#0"}}},{"from":[5.6,18.00054,10.3],"to":[10.4,18.1,10.8],"rotation":{"angle":0,"axis":"x","origin":[6.2,18.05027,10.55]},"faces":{"north":{"uv":[5,1,6,2],"texture":"#0"},"east":{"uv":[5,1,6,2],"texture":"#0"},"south":{"uv":[5,1,6,2],"texture":"#0"},"west":{"uv":[5,1,6,2],"texture":"#0"},"up":{"uv":[5,1,6,2],"texture":"#0"},"down":{"uv":[5,1,6,2],"texture":"#0"}}},{"from":[5.6,18.00054,10.3],"to":[10.4,18.1,10.8],"rotation":{"angle":22.5,"axis":"x","origin":[6.2,18.05027,10.55]},"faces":{"north":{"uv":[5,1,6,2],"texture":"#0"},"east":{"uv":[5,1,6,2],"texture":"#0"},"south":{"uv":[5,1,6,2],"texture":"#0"},"west":{"uv":[5,1,6,2],"texture":"#0"},"up":{"uv":[5,1,6,2],"texture":"#0"},"down":{"uv":[5,1,6,2],"texture":"#0"}}},{"from":[5.6,18.00054,10.3],"to":[10.4,18.1,10.8],"rotation":{"angle":45,"axis":"x","origin":[6.2,18.05027,10.55]},"faces":{"north":{"uv":[5,1,6,2],"texture":"#0"},"east":{"uv":[5,1,6,2],"texture":"#0"},"south":{"uv":[5,1,6,2],"texture":"#0"},"west":{"uv":[5,1,6,2],"texture":"#0"},"up":{"uv":[5,1,6,2],"texture":"#0"},"down":{"uv":[5,1,6,2],"texture":"#0"}}},{"from":[5.6,17.80027,10.50027],"to":[10.4,18.30027,10.59973],"rotation":{"angle":-22.5,"axis":"x","origin":[6.2,18.05027,10.55]},"faces":{"north":{"uv":[5,1,6,2],"texture":"#0"},"east":{"uv":[5,1,6,2],"texture":"#0"},"south":{"uv":[5,1,6,2],"texture":"#0"},"west":{"uv":[5,1,6,2],"texture":"#0"},"up":{"uv":[5,1,6,2],"texture":"#0"},"down":{"uv":[5,1,6,2],"texture":"#0"}}},{"from":[5.6,17.80027,10.50027],"to":[10.4,18.30027,10.59973],"rotation":{"angle":0,"axis":"x","origin":[6.2,18.05027,10.55]},"faces":{"north":{"uv":[5,1,6,2],"texture":"#0"},"east":{"uv":[5,1,6,2],"texture":"#0"},"south":{"uv":[5,1,6,2],"texture":"#0"},"west":{"uv":[5,1,6,2],"texture":"#0"},"up":{"uv":[5,1,6,2],"texture":"#0"},"down":{"uv":[5,1,6,2],"texture":"#0"}}},{"from":[5.6,17.80027,10.50027],"to":[10.4,18.30027,10.59973],"rotation":{"angle":22.5,"axis":"x","origin":[6.2,18.05027,10.55]},"faces":{"north":{"uv":[5,1,6,2],"texture":"#0"},"east":{"uv":[5,1,6,2],"texture":"#0"},"south":{"uv":[5,1,6,2],"texture":"#0"},"west":{"uv":[5,1,6,2],"texture":"#0"},"up":{"uv":[5,1,6,2],"texture":"#0"},"down":{"uv":[5,1,6,2],"texture":"#0"}}},{"from":[10.1,14.4,5.9],"to":[10.3,17.9,10.1],"rotation":{"angle":0,"axis":"z","origin":[5.8,16.7,8]},"faces":{"north":{"uv":[5,1,6,2],"texture":"#0"},"east":{"uv":[5,1,6,2],"texture":"#0"},"south":{"uv":[5,1,6,2],"texture":"#0"},"west":{"uv":[5,1,6,2],"texture":"#0"},"up":{"uv":[5,1,6,2],"texture":"#0"},"down":{"uv":[5,1,6,2],"texture":"#0"}}},{"from":[5.7,17.9,5.7],"to":[10.3,18.1,10.3],"rotation":{"angle":0,"axis":"y","origin":[0,-1.1,0]},"faces":{"north":{"uv":[9,1,10,2],"texture":"#0"},"east":{"uv":[9,1,10,2],"texture":"#0"},"south":{"uv":[9,1,10,2],"texture":"#0"},"west":{"uv":[9,1,10,2],"texture":"#0"},"up":{"uv":[9,1,10,2],"texture":"#0"},"down":{"uv":[9,1,10,2],"texture":"#0"}}},{"from":[5.7,16.70294,4.04437],"to":[10.3,18.70294,4.24437],"rotation":{"angle":45,"axis":"x","origin":[8,16.40294,4.14437]},"faces":{"north":{"uv":[9,1,10,2],"rotation":270,"texture":"#0"},"east":{"uv":[9,1,10,2],"rotation":270,"texture":"#0"},"south":{"uv":[9,1,10,2],"rotation":270,"texture":"#0"},"west":{"uv":[9,1,10,2],"rotation":270,"texture":"#0"},"up":{"uv":[9,1,10,2],"rotation":270,"texture":"#0"},"down":{"uv":[9,1,10,2],"rotation":270,"texture":"#0"}}},{"from":[5.7,12.52608,0.69035],"to":[10.3,14.52608,0.89035],"rotation":{"angle":45,"axis":"x","origin":[8,12.22608,0.79035]},"faces":{"north":{"uv":[9,1,10,2],"rotation":270,"texture":"#0"},"east":{"uv":[9,1,10,2],"rotation":270,"texture":"#0"},"south":{"uv":[9,1,10,2],"rotation":270,"texture":"#0"},"west":{"uv":[9,1,10,2],"rotation":270,"texture":"#0"},"up":{"uv":[9,1,10,2],"rotation":270,"texture":"#0"},"down":{"uv":[9,1,10,2],"rotation":270,"texture":"#0"}}},{"from":[5.7,14.61451,2.36736],"to":[10.3,16.61451,2.56736],"rotation":{"angle":45,"axis":"x","origin":[8,14.31451,2.46736]},"faces":{"north":{"uv":[9,1,10,2],"rotation":270,"texture":"#0"},"east":{"uv":[9,1,10,2],"rotation":270,"texture":"#0"},"south":{"uv":[9,1,10,2],"rotation":270,"texture":"#0"},"west":{"uv":[9,1,10,2],"rotation":270,"texture":"#0"},"up":{"uv":[9,1,10,2],"rotation":270,"texture":"#0"},"down":{"uv":[9,1,10,2],"rotation":270,"texture":"#0"}}},{"from":[5.7,10.43765,-0.98665],"to":[10.3,12.43765,-0.78665],"rotation":{"angle":45,"axis":"x","origin":[8,10.13765,-0.88665]},"faces":{"north":{"uv":[9,1,10,2],"rotation":270,"texture":"#0"},"east":{"uv":[9,1,10,2],"rotation":270,"texture":"#0"},"south":{"uv":[9,1,10,2],"rotation":270,"texture":"#0"},"west":{"uv":[9,1,10,2],"rotation":270,"texture":"#0"},"up":{"uv":[9,1,10,2],"rotation":270,"texture":"#0"},"down":{"uv":[9,1,10,2],"rotation":270,"texture":"#0"}}},{"from":[5.7,15.83991,4.31644],"to":[10.3,16.63991,4.51644],"rotation":{"angle":22.5,"axis":"x","origin":[8,16.73991,4.41644]},"faces":{"north":{"uv":[9,1,10,2],"rotation":270,"texture":"#0"},"east":{"uv":[9,1,10,2],"rotation":270,"texture":"#0"},"south":{"uv":[9,1,10,2],"rotation":270,"texture":"#0"},"west":{"uv":[9,1,10,2],"rotation":270,"texture":"#0"},"up":{"uv":[9,1,10,2],"rotation":270,"texture":"#0"},"down":{"uv":[9,1,10,2],"rotation":270,"texture":"#0"}}},{"from":[5.7,11.66304,0.96243],"to":[10.3,12.46304,1.16243],"rotation":{"angle":22.5,"axis":"x","origin":[8,12.56304,1.06243]},"faces":{"north":{"uv":[9,1,10,2],"rotation":270,"texture":"#0"},"east":{"uv":[9,1,10,2],"rotation":270,"texture":"#0"},"south":{"uv":[9,1,10,2],"rotation":270,"texture":"#0"},"west":{"uv":[9,1,10,2],"rotation":270,"texture":"#0"},"up":{"uv":[9,1,10,2],"rotation":270,"texture":"#0"},"down":{"uv":[9,1,10,2],"rotation":270,"texture":"#0"}}},{"from":[5.7,13.75147,2.63944],"to":[10.3,14.55147,2.83944],"rotation":{"angle":22.5,"axis":"x","origin":[8,14.65147,2.73944]},"faces":{"north":{"uv":[9,1,10,2],"rotation":270,"texture":"#0"},"east":{"uv":[9,1,10,2],"rotation":270,"texture":"#0"},"south":{"uv":[9,1,10,2],"rotation":270,"texture":"#0"},"west":{"uv":[9,1,10,2],"rotation":270,"texture":"#0"},"up":{"uv":[9,1,10,2],"rotation":270,"texture":"#0"},"down":{"uv":[9,1,10,2],"rotation":270,"texture":"#0"}}},{"from":[5.7,9.57461,-0.71457],"to":[10.3,10.37461,-0.51457],"rotation":{"angle":22.5,"axis":"x","origin":[8,10.47461,-0.61457]},"faces":{"north":{"uv":[9,1,10,2],"rotation":270,"texture":"#0"},"east":{"uv":[9,1,10,2],"rotation":270,"texture":"#0"},"south":{"uv":[9,1,10,2],"rotation":270,"texture":"#0"},"west":{"uv":[9,1,10,2],"rotation":270,"texture":"#0"},"up":{"uv":[9,1,10,2],"rotation":270,"texture":"#0"},"down":{"uv":[9,1,10,2],"rotation":270,"texture":"#0"}}},{"from":[5.7,0.88139,-1.05138],"to":[10.3,9.68139,-0.85138],"rotation":{"angle":0,"axis":"x","origin":[8,9.78139,-0.95138]},"faces":{"north":{"uv":[9,1,10,2],"rotation":270,"texture":"#0"},"east":{"uv":[9,1,10,2],"rotation":270,"texture":"#0"},"south":{"uv":[9,1,10,2],"rotation":270,"texture":"#0"},"west":{"uv":[9,1,10,2],"rotation":270,"texture":"#0"},"up":{"uv":[9,1,10,2],"rotation":270,"texture":"#0"},"down":{"uv":[9,1,10,2],"rotation":270,"texture":"#0"}}},{"from":[5.7,0.88139,-0.85138],"to":[10.3,1.08139,-0.35138],"rotation":{"angle":0,"axis":"x","origin":[8,9.78139,-0.95138]},"faces":{"north":{"uv":[9,1,10,2],"rotation":270,"texture":"#0"},"east":{"uv":[9,1,10,2],"rotation":270,"texture":"#0"},"south":{"uv":[9,1,10,2],"rotation":270,"texture":"#0"},"west":{"uv":[9,1,10,2],"rotation":270,"texture":"#0"},"up":{"uv":[9,1,10,2],"rotation":270,"texture":"#0"},"down":{"uv":[9,1,10,2],"rotation":270,"texture":"#0"}}},{"from":[5.7,14.4,10.1],"to":[10.3,17.9,10.3],"rotation":{"angle":0,"axis":"x","origin":[8,16.85,10.4]},"faces":{"north":{"uv":[5,1,6,2],"texture":"#0"},"east":{"uv":[5,1,6,2],"texture":"#0"},"south":{"uv":[5,1,6,2],"texture":"#0"},"west":{"uv":[5,1,6,2],"texture":"#0"},"up":{"uv":[5,1,6,2],"texture":"#0"},"down":{"uv":[5,1,6,2],"texture":"#0"}}},{"from":[6,16.6,9.42],"to":[10,17.9,9.9],"rotation":{"angle":22.5,"axis":"x","origin":[8,15.75,10.4]},"faces":{"north":{"uv":[5,1,6,2],"texture":"#0"},"east":{"uv":[5,1,6,2],"texture":"#0"},"south":{"uv":[5,1,6,2],"texture":"#0"},"west":{"uv":[5,1,6,2],"texture":"#0"},"up":{"uv":[5,1,6,2],"texture":"#0"},"down":{"uv":[5,1,6,2],"texture":"#0"}}},{"from":[5.7,14.4,5.7],"to":[10.3,17.9,5.9],"rotation":{"angle":0,"axis":"x","origin":[8,16.85,10.4]},"faces":{"north":{"uv":[5,1,6,2],"texture":"#0"},"east":{"uv":[5,1,6,2],"texture":"#0"},"south":{"uv":[5,1,6,2],"texture":"#0"},"west":{"uv":[5,1,6,2],"texture":"#0"},"up":{"uv":[5,1,6,2],"texture":"#0"},"down":{"uv":[5,1,6,2],"texture":"#0"}}},{"from":[5.7,14.4,5.9],"to":[5.9,17.9,10.1],"rotation":{"angle":0,"axis":"z","origin":[5.8,16.7,8]},"faces":{"north":{"uv":[5,1,6,2],"texture":"#0"},"east":{"uv":[5,1,6,2],"texture":"#0"},"south":{"uv":[5,1,6,2],"texture":"#0"},"west":{"uv":[5,1,6,2],"texture":"#0"},"up":{"uv":[5,1,6,2],"texture":"#0"},"down":{"uv":[5,1,6,2],"texture":"#0"}}},{"from":[10.4,17.70163,5.9],"to":[10.5,18.29837,6],"rotation":{"angle":-45,"axis":"x","origin":[10.9,18,7.4]},"faces":{"north":{"uv":[13,1,14,2],"texture":"#0"},"east":{"uv":[13,1,14,2],"texture":"#0"},"south":{"uv":[13,1,14,2],"texture":"#0"},"west":{"uv":[13,1,14,2],"texture":"#0"},"up":{"uv":[13,1,14,2],"texture":"#0"},"down":{"uv":[13,1,14,2],"texture":"#0"}}},{"from":[10.4,17.70163,5.9],"to":[10.5,18.29837,6],"rotation":{"angle":-22.5,"axis":"x","origin":[10.9,18,7.4]},"faces":{"north":{"uv":[13,1,14,2],"texture":"#0"},"east":{"uv":[13,1,14,2],"texture":"#0"},"south":{"uv":[13,1,14,2],"texture":"#0"},"west":{"uv":[13,1,14,2],"texture":"#0"},"up":{"uv":[13,1,14,2],"texture":"#0"},"down":{"uv":[13,1,14,2],"texture":"#0"}}},{"from":[10.4,17.70163,5.9],"to":[10.5,18.29837,6],"rotation":{"angle":0,"axis":"x","origin":[10.9,18,7.4]},"faces":{"north":{"uv":[13,1,14,2],"texture":"#0"},"east":{"uv":[13,1,14,2],"texture":"#0"},"south":{"uv":[13,1,14,2],"texture":"#0"},"west":{"uv":[13,1,14,2],"texture":"#0"},"up":{"uv":[13,1,14,2],"texture":"#0"},"down":{"uv":[13,1,14,2],"texture":"#0"}}},{"from":[10.3,17.90163,6],"to":[10.6,17.99837,6.1],"rotation":{"angle":0,"axis":"x","origin":[10.9,18,7.4]},"faces":{"north":{"uv":[13,1,14,2],"texture":"#0"},"east":{"uv":[13,1,14,2],"texture":"#0"},"south":{"uv":[13,1,14,2],"texture":"#0"},"west":{"uv":[13,1,14,2],"texture":"#0"},"up":{"uv":[13,1,14,2],"texture":"#0"},"down":{"uv":[13,1,14,2],"texture":"#0"}}},{"from":[10.3,17.90163,5.8],"to":[10.6,17.99837,5.9],"rotation":{"angle":0,"axis":"x","origin":[10.9,18,7.4]},"faces":{"north":{"uv":[13,1,14,2],"texture":"#0"},"east":{"uv":[13,1,14,2],"texture":"#0"},"south":{"uv":[13,1,14,2],"texture":"#0"},"west":{"uv":[13,1,14,2],"texture":"#0"},"up":{"uv":[13,1,14,2],"texture":"#0"},"down":{"uv":[13,1,14,2],"texture":"#0"}}},{"from":[10.5,17.90163,5.9],"to":[10.6,17.99837,6],"rotation":{"angle":0,"axis":"x","origin":[10.9,18,7.4]},"faces":{"north":{"uv":[13,1,14,2],"texture":"#0"},"east":{"uv":[13,1,14,2],"texture":"#0"},"south":{"uv":[13,1,14,2],"texture":"#0"},"west":{"uv":[13,1,14,2],"texture":"#0"},"up":{"uv":[13,1,14,2],"texture":"#0"},"down":{"uv":[13,1,14,2],"texture":"#0"}}},{"from":[10.4,17.70163,5.9],"to":[10.5,18.29837,6],"rotation":{"angle":22.5,"axis":"x","origin":[10.9,18,7.4]},"faces":{"north":{"uv":[13,1,14,2],"texture":"#0"},"east":{"uv":[13,1,14,2],"texture":"#0"},"south":{"uv":[13,1,14,2],"texture":"#0"},"west":{"uv":[13,1,14,2],"texture":"#0"},"up":{"uv":[13,1,14,2],"texture":"#0"},"down":{"uv":[13,1,14,2],"texture":"#0"}}},{"from":[10.4,17.70163,5.9],"to":[10.5,18.29837,6],"rotation":{"angle":45,"axis":"x","origin":[10.9,18,7.4]},"faces":{"north":{"uv":[13,1,14,2],"texture":"#0"},"east":{"uv":[13,1,14,2],"texture":"#0"},"south":{"uv":[13,1,14,2],"texture":"#0"},"west":{"uv":[13,1,14,2],"texture":"#0"},"up":{"uv":[13,1,14,2],"texture":"#0"},"down":{"uv":[13,1,14,2],"texture":"#0"}}},{"from":[10.4,17.70163,8.8],"to":[10.5,18.29837,8.9],"rotation":{"angle":-45,"axis":"x","origin":[10.9,18,7.4]},"faces":{"north":{"uv":[13,1,14,2],"texture":"#0"},"east":{"uv":[13,1,14,2],"texture":"#0"},"south":{"uv":[13,1,14,2],"texture":"#0"},"west":{"uv":[13,1,14,2],"texture":"#0"},"up":{"uv":[13,1,14,2],"texture":"#0"},"down":{"uv":[13,1,14,2],"texture":"#0"}}},{"from":[10.4,17.70163,8.8],"to":[10.5,18.29837,8.9],"rotation":{"angle":-22.5,"axis":"x","origin":[10.9,18,7.4]},"faces":{"north":{"uv":[13,1,14,2],"texture":"#0"},"east":{"uv":[13,1,14,2],"texture":"#0"},"south":{"uv":[13,1,14,2],"texture":"#0"},"west":{"uv":[13,1,14,2],"texture":"#0"},"up":{"uv":[13,1,14,2],"texture":"#0"},"down":{"uv":[13,1,14,2],"texture":"#0"}}},{"from":[10.4,17.70163,8.8],"to":[10.5,18.29837,8.9],"rotation":{"angle":0,"axis":"x","origin":[10.9,18,7.4]},"faces":{"north":{"uv":[13,1,14,2],"texture":"#0"},"east":{"uv":[13,1,14,2],"texture":"#0"},"south":{"uv":[13,1,14,2],"texture":"#0"},"west":{"uv":[13,1,14,2],"texture":"#0"},"up":{"uv":[13,1,14,2],"texture":"#0"},"down":{"uv":[13,1,14,2],"texture":"#0"}}},{"from":[10.4,17.70163,8.8],"to":[10.5,18.29837,8.9],"rotation":{"angle":22.5,"axis":"x","origin":[10.9,18,7.4]},"faces":{"north":{"uv":[13,1,14,2],"texture":"#0"},"east":{"uv":[13,1,14,2],"texture":"#0"},"south":{"uv":[13,1,14,2],"texture":"#0"},"west":{"uv":[13,1,14,2],"texture":"#0"},"up":{"uv":[13,1,14,2],"texture":"#0"},"down":{"uv":[13,1,14,2],"texture":"#0"}}},{"from":[10.4,17.70163,8.8],"to":[10.5,18.29837,8.9],"rotation":{"angle":45,"axis":"x","origin":[10.9,18,7.4]},"faces":{"north":{"uv":[13,1,14,2],"texture":"#0"},"east":{"uv":[13,1,14,2],"texture":"#0"},"south":{"uv":[13,1,14,2],"texture":"#0"},"west":{"uv":[13,1,14,2],"texture":"#0"},"up":{"uv":[13,1,14,2],"texture":"#0"},"down":{"uv":[13,1,14,2],"texture":"#0"}}},{"from":[10.4,16.5,7.10163],"to":[10.5,16.6,7.69837],"rotation":{"angle":-22.5,"axis":"x","origin":[10.9,18,7.4]},"faces":{"north":{"uv":[13,1,14,2],"texture":"#0"},"east":{"uv":[13,1,14,2],"texture":"#0"},"south":{"uv":[13,1,14,2],"texture":"#0"},"west":{"uv":[13,1,14,2],"texture":"#0"},"up":{"uv":[13,1,14,2],"texture":"#0"},"down":{"uv":[13,1,14,2],"texture":"#0"}}},{"from":[10.4,16.5,7.10163],"to":[10.5,16.6,7.69837],"rotation":{"angle":0,"axis":"x","origin":[10.9,18,7.4]},"faces":{"north":{"uv":[13,1,14,2],"texture":"#0"},"east":{"uv":[13,1,14,2],"texture":"#0"},"south":{"uv":[13,1,14,2],"texture":"#0"},"west":{"uv":[13,1,14,2],"texture":"#0"},"up":{"uv":[13,1,14,2],"texture":"#0"},"down":{"uv":[13,1,14,2],"texture":"#0"}}},{"from":[10.4,16.5,7.10163],"to":[10.5,16.6,7.69837],"rotation":{"angle":22.5,"axis":"x","origin":[10.9,18,7.4]},"faces":{"north":{"uv":[13,1,14,2],"texture":"#0"},"east":{"uv":[13,1,14,2],"texture":"#0"},"south":{"uv":[13,1,14,2],"texture":"#0"},"west":{"uv":[13,1,14,2],"texture":"#0"},"up":{"uv":[13,1,14,2],"texture":"#0"},"down":{"uv":[13,1,14,2],"texture":"#0"}}},{"from":[10.4,19.4,7.10163],"to":[10.5,19.5,7.69837],"rotation":{"angle":-22.5,"axis":"x","origin":[10.9,18,7.4]},"faces":{"north":{"uv":[13,1,14,2],"texture":"#0"},"east":{"uv":[13,1,14,2],"texture":"#0"},"south":{"uv":[13,1,14,2],"texture":"#0"},"west":{"uv":[13,1,14,2],"texture":"#0"},"up":{"uv":[13,1,14,2],"texture":"#0"},"down":{"uv":[13,1,14,2],"texture":"#0"}}},{"from":[10.4,19.4,7.10163],"to":[10.5,19.5,7.69837],"rotation":{"angle":0,"axis":"x","origin":[10.9,18,7.4]},"faces":{"north":{"uv":[13,1,14,2],"texture":"#0"},"east":{"uv":[13,1,14,2],"texture":"#0"},"south":{"uv":[13,1,14,2],"texture":"#0"},"west":{"uv":[13,1,14,2],"texture":"#0"},"up":{"uv":[13,1,14,2],"texture":"#0"},"down":{"uv":[13,1,14,2],"texture":"#0"}}},{"from":[10.4,19.4,7.10163],"to":[10.5,19.5,7.69837],"rotation":{"angle":22.5,"axis":"x","origin":[10.9,18,7.4]},"faces":{"north":{"uv":[13,1,14,2],"texture":"#0"},"east":{"uv":[13,1,14,2],"texture":"#0"},"south":{"uv":[13,1,14,2],"texture":"#0"},"west":{"uv":[13,1,14,2],"texture":"#0"},"up":{"uv":[13,1,14,2],"texture":"#0"},"down":{"uv":[13,1,14,2],"texture":"#0"}}}],"gui_light":"front","display":{"thirdperson_righthand":{"translation":[0,1,1],"scale":[0.1,0.1,0.1]},"thirdperson_lefthand":{"translation":[0,1,1],"scale":[0.1,0.1,0.1]},"firstperson_righthand":{"rotation":[0,-133,0],"translation":[-1.25,11.6,1],"scale":[0.3,0.3,0.3]},"firstperson_lefthand":{"rotation":[0,-133,0],"translation":[-1.25,2,1],"scale":[0.3,0.3,0.3]},"ground":{"scale":[0.3,0.3,0.3]},"gui":{"rotation":[20,-60,0],"translation":[-0.25,-0.75,-1.25],"scale":[0.7,0.7,0.7]},"head":{"translation":[0,-49.25,0],"scale":[0.3,0.3,0.3]},"fixed":{"rotation":[0,90,0],"translation":[0,0,-1.25],"scale":[0.5,0.5,0.5]}}}