{"textures":{"o0":"generated/c","o1":"generated/16","o2":"generated/8","o3":"gun/player_skin","o4":"gun/player_skin_slim","o5":"generated/a","o6":"generated/9","o7":"generated/4","o8":"generated/b","o9":"generated/10","o11":"generated/11","o10":"generated/10","o12":"generated/f","icon":"generated/20","icon_background":"generated/7"},"elements":[{"from":[7.9,16.87727,-8.4],"to":[8.1,16.94727,-7.14],"rotation":{"angle":-45.0,"axis":"z","origin":[8.0,17.38,-7.7]},"faces":{"north":{"uv":[0.0,0.0,1.0,1.0],"texture":"#o1"},"south":{"uv":[0.0,0.0,1.0,1.0],"texture":"#o1"},"east":{"uv":[0.0,0.0,1.0,1.0],"texture":"#o1"},"west":{"uv":[0.0,0.0,1.0,1.0],"texture":"#o1"},"up":{"uv":[0.0,0.0,1.0,1.0],"texture":"#o1"},"down":{"uv":[0.0,0.0,1.0,1.0],"texture":"#o1"}}},{"from":[7.9,16.87727,-8.4],"to":[8.2,16.94727,-7.14],"rotation":{"angle":-22.5,"axis":"z","origin":[8.0,17.38,-7.7]},"faces":{"north":{"uv":[0.0,0.0,1.0,1.0],"texture":"#o1"},"south":{"uv":[0.0,0.0,1.0,1.0],"texture":"#o1"},"east":{"uv":[0.0,0.0,1.0,1.0],"texture":"#o1"},"west":{"uv":[0.0,0.0,1.0,1.0],"texture":"#o1"},"up":{"uv":[0.0,0.0,1.0,1.0],"texture":"#o1"},"down":{"uv":[0.0,0.0,1.0,1.0],"texture":"#o1"}}},{"from":[7.8,16.87727,-8.4],"to":[8.1,16.94727,-7.14],"rotation":{"angle":22.5,"axis":"z","origin":[8.0,17.38,-7.7]},"faces":{"north":{"uv":[0.0,0.0,1.0,1.0],"texture":"#o1"},"south":{"uv":[0.0,0.0,1.0,1.0],"texture":"#o1"},"east":{"uv":[0.0,0.0,1.0,1.0],"texture":"#o1"},"west":{"uv":[0.0,0.0,1.0,1.0],"texture":"#o1"},"up":{"uv":[0.0,0.0,1.0,1.0],"texture":"#o1"},"down":{"uv":[0.0,0.0,1.0,1.0],"texture":"#o1"}}},{"from":[7.9,16.87727,-8.4],"to":[8.1,16.94727,-7.14],"rotation":{"angle":45.0,"axis":"z","origin":[8.0,17.38,-7.7]},"faces":{"north":{"uv":[0.0,0.0,1.0,1.0],"texture":"#o1"},"south":{"uv":[0.0,0.0,1.0,1.0],"texture":"#o1"},"east":{"uv":[0.0,0.0,1.0,1.0],"texture":"#o1"},"west":{"uv":[0.0,0.0,1.0,1.0],"texture":"#o1"},"up":{"uv":[0.0,0.0,1.0,1.0],"texture":"#o1"},"down":{"uv":[0.0,0.0,1.0,1.0],"texture":"#o1"}}},{"from":[7.9,17.81273,-8.4],"to":[8.1,17.88273,-7.14],"rotation":{"angle":-45.0,"axis":"z","origin":[8.0,17.38,-7.7]},"faces":{"north":{"uv":[0.0,0.0,1.0,1.0],"texture":"#o1"},"south":{"uv":[0.0,0.0,1.0,1.0],"texture":"#o1"},"east":{"uv":[0.0,0.0,1.0,1.0],"texture":"#o1"},"west":{"uv":[0.0,0.0,1.0,1.0],"texture":"#o1"},"up":{"uv":[0.0,0.0,1.0,1.0],"texture":"#o1"},"down":{"uv":[0.0,0.0,1.0,1.0],"texture":"#o1"}}},{"from":[7.9,17.81273,-8.4],"to":[8.1,17.88273,-7.14],"rotation":{"angle":-22.5,"axis":"z","origin":[8.0,17.38,-7.7]},"faces":{"north":{"uv":[0.0,0.0,1.0,1.0],"texture":"#o1"},"south":{"uv":[0.0,0.0,1.0,1.0],"texture":"#o1"},"east":{"uv":[0.0,0.0,1.0,1.0],"texture":"#o1"},"west":{"uv":[0.0,0.0,1.0,1.0],"texture":"#o1"},"up":{"uv":[0.0,0.0,1.0,1.0],"texture":"#o1"},"down":{"uv":[0.0,0.0,1.0,1.0],"texture":"#o1"}}},{"from":[7.9,17.81273,-8.4],"to":[8.1,17.88273,-7.14],"rotation":{"angle":0.0,"axis":"z","origin":[8.0,17.38,-7.7]},"faces":{"north":{"uv":[0.0,0.0,1.0,1.0],"texture":"#o1"},"south":{"uv":[0.0,0.0,1.0,1.0],"texture":"#o1"},"east":{"uv":[0.0,0.0,1.0,1.0],"texture":"#o1"},"west":{"uv":[0.0,0.0,1.0,1.0],"texture":"#o1"},"up":{"uv":[0.0,0.0,1.0,1.0],"texture":"#o1"},"down":{"uv":[0.0,0.0,1.0,1.0],"texture":"#o1"}}},{"from":[7.98,16.93273,-8.2],"to":[8.02,17.34273,-7.74],"rotation":{"angle":0.0,"axis":"z","origin":[8.0,17.38,-7.7]},"faces":{"north":{"uv":[0.0,0.0,1.0,1.0],"texture":"#o1"},"south":{"uv":[0.0,0.0,1.0,1.0],"texture":"#o1"},"east":{"uv":[0.0,0.0,1.0,1.0],"texture":"#o1"},"west":{"uv":[0.0,0.0,1.0,1.0],"texture":"#o1"},"up":{"uv":[0.0,0.0,1.0,1.0],"texture":"#o1"},"down":{"uv":[0.0,0.0,1.0,1.0],"texture":"#o1"}}},{"from":[7.9,17.81273,-8.4],"to":[8.1,17.88273,-7.14],"rotation":{"angle":22.5,"axis":"z","origin":[8.0,17.38,-7.7]},"faces":{"north":{"uv":[0.0,0.0,1.0,1.0],"texture":"#o1"},"south":{"uv":[0.0,0.0,1.0,1.0],"texture":"#o1"},"east":{"uv":[0.0,0.0,1.0,1.0],"texture":"#o1"},"west":{"uv":[0.0,0.0,1.0,1.0],"texture":"#o1"},"up":{"uv":[0.0,0.0,1.0,1.0],"texture":"#o1"},"down":{"uv":[0.0,0.0,1.0,1.0],"texture":"#o1"}}},{"from":[7.9,17.81273,-8.4],"to":[8.1,17.88273,-7.14],"rotation":{"angle":45.0,"axis":"z","origin":[8.0,17.38,-7.7]},"faces":{"north":{"uv":[0.0,0.0,1.0,1.0],"texture":"#o1"},"south":{"uv":[0.0,0.0,1.0,1.0],"texture":"#o1"},"east":{"uv":[0.0,0.0,1.0,1.0],"texture":"#o1"},"west":{"uv":[0.0,0.0,1.0,1.0],"texture":"#o1"},"up":{"uv":[0.0,0.0,1.0,1.0],"texture":"#o1"},"down":{"uv":[0.0,0.0,1.0,1.0],"texture":"#o1"}}},{"from":[7.49727,17.28,-8.4],"to":[7.56727,17.48,-7.14],"rotation":{"angle":-22.5,"axis":"z","origin":[8.0,17.38,-7.7]},"faces":{"north":{"uv":[0.0,0.0,1.0,1.0],"texture":"#o1"},"south":{"uv":[0.0,0.0,1.0,1.0],"texture":"#o1"},"east":{"uv":[0.0,0.0,1.0,1.0],"texture":"#o1"},"west":{"uv":[0.0,0.0,1.0,1.0],"texture":"#o1"},"up":{"uv":[0.0,0.0,1.0,1.0],"texture":"#o1"},"down":{"uv":[0.0,0.0,1.0,1.0],"texture":"#o1"}}},{"from":[7.49727,17.28,-8.4],"to":[7.56727,17.48,-7.14],"rotation":{"angle":0.0,"axis":"z","origin":[8.0,17.38,-7.7]},"faces":{"north":{"uv":[0.0,0.0,1.0,1.0],"texture":"#o1"},"south":{"uv":[0.0,0.0,1.0,1.0],"texture":"#o1"},"east":{"uv":[0.0,0.0,1.0,1.0],"texture":"#o1"},"west":{"uv":[0.0,0.0,1.0,1.0],"texture":"#o1"},"up":{"uv":[0.0,0.0,1.0,1.0],"texture":"#o1"},"down":{"uv":[0.0,0.0,1.0,1.0],"texture":"#o1"}}},{"from":[7.49727,17.28,-8.4],"to":[7.56727,17.48,-7.14],"rotation":{"angle":22.5,"axis":"z","origin":[8.0,17.38,-7.7]},"faces":{"north":{"uv":[0.0,0.0,1.0,1.0],"texture":"#o1"},"south":{"uv":[0.0,0.0,1.0,1.0],"texture":"#o1"},"east":{"uv":[0.0,0.0,1.0,1.0],"texture":"#o1"},"west":{"uv":[0.0,0.0,1.0,1.0],"texture":"#o1"},"up":{"uv":[0.0,0.0,1.0,1.0],"texture":"#o1"},"down":{"uv":[0.0,0.0,1.0,1.0],"texture":"#o1"}}},{"from":[8.43273,17.28,-8.4],"to":[8.50273,17.48,-7.14],"rotation":{"angle":-22.5,"axis":"z","origin":[8.0,17.38,-7.7]},"faces":{"north":{"uv":[0.0,0.0,1.0,1.0],"texture":"#o1"},"south":{"uv":[0.0,0.0,1.0,1.0],"texture":"#o1"},"east":{"uv":[0.0,0.0,1.0,1.0],"texture":"#o1"},"west":{"uv":[0.0,0.0,1.0,1.0],"texture":"#o1"},"up":{"uv":[0.0,0.0,1.0,1.0],"texture":"#o1"},"down":{"uv":[0.0,0.0,1.0,1.0],"texture":"#o1"}}},{"from":[8.43273,17.28,-8.4],"to":[8.50273,17.48,-7.14],"rotation":{"angle":0.0,"axis":"z","origin":[8.0,17.38,-7.7]},"faces":{"north":{"uv":[0.0,0.0,1.0,1.0],"texture":"#o1"},"south":{"uv":[0.0,0.0,1.0,1.0],"texture":"#o1"},"east":{"uv":[0.0,0.0,1.0,1.0],"texture":"#o1"},"west":{"uv":[0.0,0.0,1.0,1.0],"texture":"#o1"},"up":{"uv":[0.0,0.0,1.0,1.0],"texture":"#o1"},"down":{"uv":[0.0,0.0,1.0,1.0],"texture":"#o1"}}},{"from":[8.43273,17.28,-8.4],"to":[8.50273,17.48,-7.14],"rotation":{"angle":22.5,"axis":"z","origin":[8.0,17.38,-7.7]},"faces":{"north":{"uv":[0.0,0.0,1.0,1.0],"texture":"#o1"},"south":{"uv":[0.0,0.0,1.0,1.0],"texture":"#o1"},"east":{"uv":[0.0,0.0,1.0,1.0],"texture":"#o1"},"west":{"uv":[0.0,0.0,1.0,1.0],"texture":"#o1"},"up":{"uv":[0.0,0.0,1.0,1.0],"texture":"#o1"},"down":{"uv":[0.0,0.0,1.0,1.0],"texture":"#o1"}}},{"from":[7.41,16.3,2.17],"to":[8.57,16.73,3.48],"rotation":{"angle":0.0,"axis":"y","origin":[0.0,-0.42,1.0]},"faces":{"north":{"uv":[0.0,0.0,1.16,0.43],"texture":"#o1"},"south":{"uv":[0.0,0.0,1.16,0.43],"texture":"#o1"},"east":{"uv":[0.0,0.0,1.31,0.43],"texture":"#o1"},"west":{"uv":[0.0,0.0,1.31,0.43],"texture":"#o1"},"up":{"uv":[0.0,0.0,1.16,1.31],"texture":"#o1"},"down":{"uv":[0.0,0.0,1.16,1.31],"texture":"#o1"}}},{"from":[7.41,16.3,3.83],"to":[8.57,16.73,4.09],"rotation":{"angle":0.0,"axis":"y","origin":[0.0,-0.42,1.0]},"faces":{"north":{"uv":[0.0,0.0,1.16,0.43],"texture":"#o1"},"south":{"uv":[0.0,0.0,1.16,0.43],"texture":"#o1"},"east":{"uv":[0.0,0.0,0.26,0.43],"texture":"#o1"},"west":{"uv":[0.0,0.0,0.26,0.43],"texture":"#o1"},"up":{"uv":[0.0,0.0,1.16,0.26],"texture":"#o1"},"down":{"uv":[0.0,0.0,1.16,0.26],"texture":"#o1"}}},{"from":[7.41,16.3,4.46],"to":[8.57,16.73,4.72],"rotation":{"angle":0.0,"axis":"y","origin":[0.0,-0.42,1.0]},"faces":{"north":{"uv":[0.0,0.0,1.16,0.43],"texture":"#o1"},"south":{"uv":[0.0,0.0,1.16,0.43],"texture":"#o1"},"east":{"uv":[0.0,0.0,0.26,0.43],"texture":"#o1"},"west":{"uv":[0.0,0.0,0.26,0.43],"texture":"#o1"},"up":{"uv":[0.0,0.0,1.16,0.26],"texture":"#o1"},"down":{"uv":[0.0,0.0,1.16,0.26],"texture":"#o1"}}},{"from":[7.41,16.3,5.04],"to":[8.57,16.73,5.3],"rotation":{"angle":0.0,"axis":"y","origin":[0.0,-0.42,1.0]},"faces":{"north":{"uv":[0.0,0.0,1.16,0.43],"texture":"#o1"},"south":{"uv":[0.0,0.0,1.16,0.43],"texture":"#o1"},"east":{"uv":[0.0,0.0,0.26,0.43],"texture":"#o1"},"west":{"uv":[0.0,0.0,0.26,0.43],"texture":"#o1"},"up":{"uv":[0.0,0.0,1.16,0.26],"texture":"#o1"},"down":{"uv":[0.0,0.0,1.16,0.26],"texture":"#o1"}}},{"from":[7.41,16.3,5.68],"to":[8.57,16.73,5.94],"rotation":{"angle":0.0,"axis":"y","origin":[0.0,-0.42,1.0]},"faces":{"north":{"uv":[0.0,0.0,1.16,0.43],"texture":"#o1"},"south":{"uv":[0.0,0.0,1.16,0.43],"texture":"#o1"},"east":{"uv":[0.0,0.0,0.26,0.43],"texture":"#o1"},"west":{"uv":[0.0,0.0,0.26,0.43],"texture":"#o1"},"up":{"uv":[0.0,0.0,1.16,0.26],"texture":"#o1"},"down":{"uv":[0.0,0.0,1.16,0.26],"texture":"#o1"}}},{"from":[7.41,16.3,6.29],"to":[8.57,16.73,6.55],"rotation":{"angle":0.0,"axis":"y","origin":[0.0,-0.42,1.0]},"faces":{"north":{"uv":[0.0,0.0,1.16,0.43],"texture":"#o1"},"south":{"uv":[0.0,0.0,1.16,0.43],"texture":"#o1"},"east":{"uv":[0.0,0.0,0.26,0.43],"texture":"#o1"},"west":{"uv":[0.0,0.0,0.26,0.43],"texture":"#o1"},"up":{"uv":[0.0,0.0,1.16,0.26],"texture":"#o1"},"down":{"uv":[0.0,0.0,1.16,0.26],"texture":"#o1"}}},{"from":[7.41,16.3,6.9],"to":[8.57,16.73,7.16],"rotation":{"angle":0.0,"axis":"y","origin":[0.0,-0.42,1.0]},"faces":{"north":{"uv":[0.0,0.0,1.16,0.43],"texture":"#o1"},"south":{"uv":[0.0,0.0,1.16,0.43],"texture":"#o1"},"east":{"uv":[0.0,0.0,0.26,0.43],"texture":"#o1"},"west":{"uv":[0.0,0.0,0.26,0.43],"texture":"#o1"},"up":{"uv":[0.0,0.0,1.16,0.26],"texture":"#o1"},"down":{"uv":[0.0,0.0,1.16,0.26],"texture":"#o1"}}},{"from":[7.41,16.3,7.5],"to":[8.57,16.73,7.76],"rotation":{"angle":0.0,"axis":"y","origin":[0.0,-0.42,1.0]},"faces":{"north":{"uv":[0.0,0.0,1.16,0.43],"texture":"#o1"},"south":{"uv":[0.0,0.0,1.16,0.43],"texture":"#o1"},"east":{"uv":[0.0,0.0,0.26,0.43],"texture":"#o1"},"west":{"uv":[0.0,0.0,0.26,0.43],"texture":"#o1"},"up":{"uv":[0.0,0.0,1.16,0.26],"texture":"#o1"},"down":{"uv":[0.0,0.0,1.16,0.26],"texture":"#o1"}}},{"from":[7.41,16.3,8.1],"to":[8.57,16.73,8.36],"rotation":{"angle":0.0,"axis":"y","origin":[0.0,-0.42,1.0]},"faces":{"north":{"uv":[0.0,0.0,1.16,0.43],"texture":"#o1"},"south":{"uv":[0.0,0.0,1.16,0.43],"texture":"#o1"},"east":{"uv":[0.0,0.0,0.26,0.43],"texture":"#o1"},"west":{"uv":[0.0,0.0,0.26,0.43],"texture":"#o1"},"up":{"uv":[0.0,0.0,1.16,0.26],"texture":"#o1"},"down":{"uv":[0.0,0.0,1.16,0.26],"texture":"#o1"}}},{"from":[7.41,16.3,8.73],"to":[8.57,16.73,8.99],"rotation":{"angle":0.0,"axis":"y","origin":[0.0,-0.42,1.0]},"faces":{"north":{"uv":[0.0,0.0,1.16,0.43],"texture":"#o1"},"south":{"uv":[0.0,0.0,1.16,0.43],"texture":"#o1"},"east":{"uv":[0.0,0.0,0.26,0.43],"texture":"#o1"},"west":{"uv":[0.0,0.0,0.26,0.43],"texture":"#o1"},"up":{"uv":[0.0,0.0,1.16,0.26],"texture":"#o1"},"down":{"uv":[0.0,0.0,1.16,0.26],"texture":"#o1"}}},{"from":[7.41,16.3,9.35],"to":[8.57,16.73,9.61],"rotation":{"angle":0.0,"axis":"y","origin":[0.0,-0.42,1.0]},"faces":{"north":{"uv":[0.0,0.0,1.16,0.43],"texture":"#o1"},"south":{"uv":[0.0,0.0,1.16,0.43],"texture":"#o1"},"east":{"uv":[0.0,0.0,0.26,0.43],"texture":"#o1"},"west":{"uv":[0.0,0.0,0.26,0.43],"texture":"#o1"},"up":{"uv":[0.0,0.0,1.16,0.26],"texture":"#o1"},"down":{"uv":[0.0,0.0,1.16,0.26],"texture":"#o1"}}},{"from":[7.41,16.3,9.96],"to":[8.57,16.73,10.22],"rotation":{"angle":0.0,"axis":"y","origin":[0.0,-0.42,1.0]},"faces":{"north":{"uv":[0.0,0.0,1.16,0.43],"texture":"#o1"},"south":{"uv":[0.0,0.0,1.16,0.43],"texture":"#o1"},"east":{"uv":[0.0,0.0,0.26,0.43],"texture":"#o1"},"west":{"uv":[0.0,0.0,0.26,0.43],"texture":"#o1"},"up":{"uv":[0.0,0.0,1.16,0.26],"texture":"#o1"},"down":{"uv":[0.0,0.0,1.16,0.26],"texture":"#o1"}}},{"from":[7.41,16.3,10.55],"to":[8.57,16.73,11.86],"rotation":{"angle":0.0,"axis":"y","origin":[0.0,-0.42,1.0]},"faces":{"north":{"uv":[0.0,0.0,1.16,0.43],"texture":"#o1"},"south":{"uv":[0.0,0.0,1.16,0.43],"texture":"#o1"},"east":{"uv":[0.0,0.0,1.31,0.43],"texture":"#o1"},"west":{"uv":[0.0,0.0,1.31,0.43],"texture":"#o1"},"up":{"uv":[0.0,0.0,1.16,1.31],"texture":"#o1"},"down":{"uv":[0.0,0.0,1.16,1.31],"texture":"#o1"}}},{"from":[7.37,16.26,12.17],"to":[8.62,16.69,15.1],"rotation":{"angle":0.0,"axis":"y","origin":[-0.04,-0.46,0.68]},"faces":{"north":{"uv":[0.0,0.0,1.25,0.43],"texture":"#o1"},"south":{"uv":[0.0,0.0,1.25,0.43],"texture":"#o1"},"east":{"uv":[0.0,0.0,2.93,0.43],"texture":"#o1"},"west":{"uv":[0.0,0.0,2.93,0.43],"texture":"#o1"},"up":{"uv":[0.0,0.0,1.25,2.93],"texture":"#o1"},"down":{"uv":[0.0,0.0,1.25,2.93],"texture":"#o1"}}},{"from":[7.37,16.03422,15.15509],"to":[8.62,16.46422,15.64509],"rotation":{"angle":0.0,"axis":"y","origin":[-0.04,-0.68578,1.22509]},"faces":{"north":{"uv":[0.0,0.0,1.25,0.43],"texture":"#o1"},"south":{"uv":[0.0,0.0,1.25,0.43],"texture":"#o1"},"east":{"uv":[0.0,0.0,0.49,0.43],"texture":"#o1"},"west":{"uv":[0.0,0.0,0.49,0.43],"texture":"#o1"},"up":{"uv":[0.0,0.0,1.25,0.49],"texture":"#o1"},"down":{"uv":[0.0,0.0,1.25,0.49],"texture":"#o1"}}},{"from":[7.41,16.3,3.47],"to":[8.57,16.52,10.54],"rotation":{"angle":0.0,"axis":"y","origin":[0.0,-0.42,1.0]},"faces":{"north":{"uv":[0.0,0.0,1.16,0.22],"texture":"#o1"},"south":{"uv":[0.0,0.0,1.16,0.22],"texture":"#o1"},"east":{"uv":[0.0,0.0,7.07,0.22],"texture":"#o1"},"west":{"uv":[0.0,0.0,7.07,0.22],"texture":"#o1"},"up":{"uv":[0.0,0.0,1.16,7.07],"texture":"#o1"},"down":{"uv":[0.0,0.0,1.16,7.07],"texture":"#o1"}}},{"from":[7.55164,15.56415,-8.4],"to":[7.90164,16.37372,2.26],"rotation":{"angle":-45.0,"axis":"z","origin":[7.72664,15.49394,-7.75]},"faces":{"north":{"uv":[0.0,0.0,1.0,1.0],"texture":"#o1"},"south":{"uv":[0.0,0.0,1.0,1.0],"texture":"#o1"},"east":{"uv":[0.0,0.0,1.0,1.0],"texture":"#o1"},"west":{"uv":[0.0,0.0,1.0,1.0],"texture":"#o1"},"up":{"uv":[0.0,0.0,1.0,1.0],"texture":"#o1"},"down":{"uv":[0.0,0.0,1.0,1.0],"texture":"#o1"}}},{"from":[8.09836,15.55415,-8.4],"to":[8.44836,16.37372,2.26],"rotation":{"angle":45.0,"axis":"z","origin":[8.27336,15.49394,-7.75]},"faces":{"north":{"uv":[0.0,0.0,1.0,1.0],"texture":"#o1"},"south":{"uv":[0.0,0.0,1.0,1.0],"texture":"#o1"},"east":{"uv":[0.0,0.0,1.0,1.0],"texture":"#o1"},"west":{"uv":[0.0,0.0,1.0,1.0],"texture":"#o1"},"up":{"uv":[0.0,0.0,1.0,1.0],"texture":"#o1"},"down":{"uv":[0.0,0.0,1.0,1.0],"texture":"#o1"}}},{"from":[7.39357,15.31894,-8.4],"to":[8.23314,15.66894,2.26],"rotation":{"angle":-22.5,"axis":"z","origin":[8.27336,15.49394,-7.75]},"faces":{"north":{"uv":[0.0,0.0,1.0,1.0],"texture":"#o1"},"south":{"uv":[0.0,0.0,1.0,1.0],"texture":"#o1"},"east":{"uv":[0.0,0.0,1.0,1.0],"texture":"#o1"},"west":{"uv":[0.0,0.0,1.0,1.0],"texture":"#o1"},"up":{"uv":[0.0,0.0,1.0,1.0],"texture":"#o1"},"down":{"uv":[0.0,0.0,1.0,1.0],"texture":"#o1"}}},{"from":[7.76686,15.31894,-8.4],"to":[8.60643,15.66894,2.26],"rotation":{"angle":22.5,"axis":"z","origin":[7.72664,15.49394,-7.75]},"faces":{"north":{"uv":[0.0,0.0,1.0,1.0],"texture":"#o1"},"south":{"uv":[0.0,0.0,1.0,1.0],"texture":"#o1"},"east":{"uv":[0.0,0.0,1.0,1.0],"texture":"#o1"},"west":{"uv":[0.0,0.0,1.0,1.0],"texture":"#o1"},"up":{"uv":[0.0,0.0,1.0,1.0],"texture":"#o1"},"down":{"uv":[0.0,0.0,1.0,1.0],"texture":"#o1"}}},{"from":[7.775,14.64022,-8.4],"to":[8.225,16.23978,2.26],"rotation":{"angle":0.0,"axis":"y","origin":[8.0,16.6,2.0]},"faces":{"north":{"uv":[0.0,0.0,1.0,1.0],"texture":"#o1"},"south":{"uv":[0.0,0.0,1.0,1.0],"texture":"#o1"},"east":{"uv":[0.0,0.0,1.0,1.0],"texture":"#o1"},"west":{"uv":[0.0,0.0,1.0,1.0],"texture":"#o1"},"up":{"uv":[0.0,0.0,1.0,1.0],"texture":"#o1"},"down":{"uv":[0.0,0.0,1.0,1.0],"texture":"#o1"}}},{"from":[7.775,16.24022,-8.4],"to":[8.225,16.93978,-7.14],"rotation":{"angle":0.0,"axis":"y","origin":[8.0,16.6,2.0]},"faces":{"north":{"uv":[0.0,0.0,1.0,1.0],"texture":"#o1"},"south":{"uv":[0.0,0.0,1.0,1.0],"texture":"#o1"},"east":{"uv":[0.0,0.0,1.0,1.0],"texture":"#o1"},"west":{"uv":[0.0,0.0,1.0,1.0],"texture":"#o1"},"up":{"uv":[0.0,0.0,1.0,1.0],"texture":"#o1"}}},{"from":[7.395,14.24022,-8.4],"to":[8.605,15.66978,2.26],"rotation":{"angle":0.0,"axis":"y","origin":[8.0,16.6,2.0]},"faces":{"north":{"uv":[0.0,0.0,1.0,1.0],"texture":"#o1"},"south":{"uv":[0.0,0.0,1.0,1.0],"texture":"#o1"},"east":{"uv":[0.0,0.0,1.0,1.0],"texture":"#o1"},"west":{"uv":[0.0,0.0,1.0,1.0],"texture":"#o1"},"up":{"uv":[0.0,0.0,1.0,1.0],"texture":"#o1"},"down":{"uv":[0.0,0.0,1.0,1.0],"texture":"#o1"}}},{"from":[7.16,15.11009,1.79009],"to":[8.84,15.98009,2.11009],"rotation":{"angle":0.0,"axis":"y","origin":[0.0,0.45009,8.55009]},"faces":{"north":{"uv":[0.0,0.0,1.68,0.87],"texture":"#o1"},"south":{"uv":[0.0,0.0,1.68,0.87],"texture":"#o1"},"east":{"uv":[0.0,0.0,0.32,0.87],"texture":"#o1"},"west":{"uv":[0.0,0.0,0.32,0.87],"texture":"#o1"},"up":{"uv":[0.0,0.0,1.68,0.32],"texture":"#o1"},"down":{"uv":[0.0,0.0,1.68,0.32],"texture":"#o1"}}},{"from":[7.16004,14.7,2.08],"to":[8.84,16.25738,16.60526],"rotation":{"angle":0.0,"axis":"y","origin":[0.0,-0.42,1.0]},"faces":{"north":{"uv":[0.0,0.0,1.67,1.57],"texture":"#o1"},"south":{"uv":[0.0,0.0,1.67,1.57],"texture":"#o1"},"east":{"uv":[0.0,0.0,14.54,1.57],"texture":"#o1"},"west":{"uv":[0.0,0.0,14.54,1.57],"texture":"#o1"},"up":{"uv":[0.0,0.0,1.67,14.54],"texture":"#o1"},"down":{"uv":[0.0,0.0,1.67,14.54],"texture":"#o1"}}},{"from":[7.17,12.64,16.61],"to":[8.84,15.03,18.14],"rotation":{"angle":0.0,"axis":"y","origin":[0.0,-0.42,1.0]},"faces":{"north":{"uv":[0.0,0.0,1.67,2.39],"texture":"#o1"},"south":{"uv":[0.0,0.0,1.67,2.39],"texture":"#o1"},"east":{"uv":[0.0,0.0,1.53,2.39],"texture":"#o1"},"west":{"uv":[0.0,0.0,1.53,2.39],"texture":"#o1"},"up":{"uv":[0.0,0.0,1.67,1.53],"texture":"#o1"},"down":{"uv":[0.0,0.0,1.67,1.53],"texture":"#o1"}}},{"from":[7.16004,16.26,12.17],"to":[7.37,17.37529,13.9064],"rotation":{"angle":0.0,"axis":"y","origin":[0.0,-0.42,1.0]},"faces":{"north":{"uv":[0.0,0.0,0.21,1.32],"texture":"#o1"},"south":{"uv":[0.0,0.0,0.21,1.32],"texture":"#o1"},"east":{"uv":[0.0,0.0,1.28,1.32],"texture":"#o1"},"west":{"uv":[0.0,0.0,1.28,1.32],"texture":"#o1"},"up":{"uv":[0.0,0.0,0.21,1.28],"texture":"#o1"},"down":{"uv":[0.0,0.0,0.21,1.28],"texture":"#o1"}}},{"from":[7.16004,16.06532,13.64871],"to":[7.37,17.37085,16.56994],"rotation":{"angle":22.5,"axis":"x","origin":[7.26,16.72532,13.78871]},"faces":{"north":{"uv":[0.0,0.0,0.21,1.32],"texture":"#o1"},"south":{"uv":[0.0,0.0,0.21,1.32],"texture":"#o1"},"east":{"uv":[0.0,0.0,3.42,1.32],"texture":"#o1"},"west":{"uv":[0.0,0.0,3.42,1.32],"texture":"#o1"},"up":{"uv":[0.0,0.0,0.21,3.42],"texture":"#o1"},"down":{"uv":[0.0,0.0,0.21,3.42],"texture":"#o1"}}},{"from":[7.16004,14.90801,16.30702],"to":[8.84004,16.07801,19.70702],"rotation":{"angle":22.5,"axis":"x","origin":[7.27004,15.41801,16.90702]},"faces":{"north":{"uv":[0.0,0.0,1.68,1.17],"texture":"#o1"},"south":{"uv":[0.0,0.0,1.68,1.17],"texture":"#o1"},"east":{"uv":[0.0,0.0,3.4,1.17],"texture":"#o1"},"west":{"uv":[0.0,0.0,3.4,1.17],"texture":"#o1"},"up":{"uv":[0.0,0.0,1.68,3.4],"texture":"#o1"},"down":{"uv":[0.0,0.0,1.68,3.4],"texture":"#o1"}}},{"from":[7.16004,14.17702,19.09231],"to":[8.84004,14.69702,20.07231],"rotation":{"angle":45.0,"axis":"x","origin":[7.27004,14.03702,19.73231]},"faces":{"north":{"uv":[0.0,0.0,1.68,0.52],"texture":"#o1"},"south":{"uv":[0.0,0.0,1.68,0.52],"texture":"#o1"},"east":{"uv":[0.0,0.0,0.98,0.52],"texture":"#o1"},"west":{"uv":[0.0,0.0,0.98,0.52],"texture":"#o1"},"up":{"uv":[0.0,0.0,1.68,0.98],"texture":"#o1"},"down":{"uv":[0.0,0.0,1.68,0.98],"texture":"#o1"}}},{"from":[7.16004,14.17702,19.14231],"to":[8.84004,14.53702,19.49231],"rotation":{"angle":45.0,"axis":"x","origin":[7.27004,14.03702,19.40231]},"faces":{"north":{"uv":[0.0,0.0,1.68,0.36],"texture":"#o1"},"south":{"uv":[0.0,0.0,1.68,0.36],"texture":"#o1"},"east":{"uv":[0.0,0.0,0.35,0.36],"texture":"#o1"},"west":{"uv":[0.0,0.0,0.35,0.36],"texture":"#o1"},"up":{"uv":[0.0,0.0,1.68,0.35],"texture":"#o1"},"down":{"uv":[0.0,0.0,1.68,0.35],"texture":"#o1"}}},{"from":[7.17,12.84532,17.80871],"to":[8.84,13.56532,21.65871],"rotation":{"angle":22.5,"axis":"x","origin":[7.26,12.90532,17.27871]},"faces":{"north":{"uv":[0.0,0.0,1.67,0.72],"texture":"#o1"},"south":{"uv":[0.0,0.0,1.67,0.72],"texture":"#o1"},"east":{"uv":[0.0,0.0,3.85,0.72],"texture":"#o1"},"west":{"uv":[0.0,0.0,3.85,0.72],"texture":"#o1"},"up":{"uv":[0.0,0.0,1.67,3.85],"texture":"#o1"},"down":{"uv":[0.0,0.0,1.67,3.85],"texture":"#o1"}}},{"from":[7.17,10.97906,21.85105],"to":[8.84,11.69906,26.87105],"rotation":{"angle":22.5,"axis":"x","origin":[7.26,11.03906,22.49105]},"faces":{"north":{"uv":[0.0,0.0,1.67,0.72],"texture":"#o1"},"south":{"uv":[0.0,0.0,1.67,0.72],"texture":"#o1"},"east":{"uv":[0.0,0.0,5.02,0.72],"texture":"#o1"},"west":{"uv":[0.0,0.0,5.02,0.72],"texture":"#o1"},"up":{"uv":[0.0,0.0,1.67,5.02],"texture":"#o1"},"down":{"uv":[0.0,0.0,1.67,5.02],"texture":"#o1"}}},{"from":[7.17,10.3259,27.7647],"to":[8.84,11.0459,29.6147],"rotation":{"angle":22.5,"axis":"x","origin":[7.26,10.3859,25.2347]},"faces":{"north":{"uv":[0.0,0.0,1.67,0.72],"texture":"#o1"},"south":{"uv":[0.0,0.0,1.67,0.72],"texture":"#o1"},"east":{"uv":[0.0,0.0,1.85,0.72],"texture":"#o1"},"west":{"uv":[0.0,0.0,1.85,0.72],"texture":"#o1"},"up":{"uv":[0.0,0.0,1.67,1.85],"texture":"#o1"},"down":{"uv":[0.0,0.0,1.67,1.85],"texture":"#o1"}}},{"from":[7.17,11.17374,21.30234],"to":[8.84,11.89374,22.15234],"rotation":{"angle":0.0,"axis":"y","origin":[7.26,11.23374,21.94234]},"faces":{"north":{"uv":[0.0,0.0,1.67,0.72],"texture":"#o1"},"south":{"uv":[0.0,0.0,1.67,0.72],"texture":"#o1"},"east":{"uv":[0.0,0.0,0.85,0.72],"texture":"#o1"},"west":{"uv":[0.0,0.0,0.85,0.72],"texture":"#o1"},"up":{"uv":[0.0,0.0,1.67,0.85],"texture":"#o1"},"down":{"uv":[0.0,0.0,1.67,0.85],"texture":"#o1"}}},{"from":[7.37,10.91374,23.29234],"to":[8.45,14.24374,24.14234],"rotation":{"angle":0.0,"axis":"y","origin":[7.26,11.23374,23.93234]},"faces":{"north":{"uv":[0.0,0.0,1.08,3.33],"texture":"#o1"},"south":{"uv":[0.0,0.0,1.08,3.33],"texture":"#o1"},"east":{"uv":[0.0,0.0,0.85,3.33],"texture":"#o1"},"west":{"uv":[0.0,0.0,0.85,3.33],"texture":"#o1"},"up":{"uv":[0.0,0.0,1.08,0.85],"texture":"#o1"},"down":{"uv":[0.0,0.0,1.08,0.85],"texture":"#o1"}}},{"from":[7.37,9.89374,24.21234],"to":[8.45,10.38374,27.48234],"rotation":{"angle":22.5,"axis":"x","origin":[7.26,9.86374,26.25234]},"faces":{"north":{"uv":[0.0,0.0,1.08,0.49],"rotation":180,"texture":"#o1"},"south":{"uv":[0.0,0.0,1.08,0.49],"texture":"#o1"},"east":{"uv":[0.0,0.0,0.49,3.27],"rotation":270,"texture":"#o1"},"west":{"uv":[0.0,0.0,0.49,3.27],"rotation":90,"texture":"#o1"},"up":{"uv":[0.0,0.0,1.08,3.27],"rotation":180,"texture":"#o1"},"down":{"uv":[0.0,0.0,1.08,3.27],"texture":"#o1"}}},{"from":[7.37,9.38374,27.62234],"to":[8.45,9.87374,30.09234],"rotation":{"angle":22.5,"axis":"x","origin":[7.26,9.35374,28.86234]},"faces":{"north":{"uv":[0.0,0.0,1.08,0.49],"rotation":180,"texture":"#o1"},"south":{"uv":[0.0,0.0,1.08,0.49],"texture":"#o1"},"east":{"uv":[0.0,0.0,0.49,2.47],"rotation":270,"texture":"#o1"},"west":{"uv":[0.0,0.0,0.49,2.47],"rotation":90,"texture":"#o1"},"up":{"uv":[0.0,0.0,1.08,2.47],"rotation":180,"texture":"#o1"},"down":{"uv":[0.0,0.0,1.08,2.47],"texture":"#o1"}}},{"from":[7.37,9.74374,28.85234],"to":[8.45,10.40374,29.34234],"rotation":{"angle":22.5,"axis":"x","origin":[7.26,10.47374,29.37234]},"faces":{"north":{"uv":[0.0,0.0,1.08,0.66],"texture":"#o1"},"south":{"uv":[0.0,0.0,1.08,0.66],"texture":"#o1"},"east":{"uv":[0.0,0.0,0.49,0.66],"texture":"#o1"},"west":{"uv":[0.0,0.0,0.49,0.66],"texture":"#o1"},"up":{"uv":[0.0,0.0,1.08,0.49],"texture":"#o1"},"down":{"uv":[0.0,0.0,1.08,0.49],"texture":"#o1"}}},{"from":[7.37,10.437,29.00857],"to":[8.45,10.927,29.66857],"rotation":{"angle":-22.5,"axis":"x","origin":[7.26,10.407,29.73857]},"faces":{"north":{"uv":[0.0,0.0,1.08,0.49],"rotation":180,"texture":"#o1"},"south":{"uv":[0.0,0.0,1.08,0.49],"texture":"#o1"},"east":{"uv":[0.0,0.0,0.49,0.66],"rotation":270,"texture":"#o1"},"west":{"uv":[0.0,0.0,0.49,0.66],"rotation":90,"texture":"#o1"},"up":{"uv":[0.0,0.0,1.08,0.66],"rotation":180,"texture":"#o1"},"down":{"uv":[0.0,0.0,1.08,0.66],"texture":"#o1"}}},{"from":[7.37,10.13086,29.22034],"to":[8.45,10.62086,29.88034],"rotation":{"angle":22.5,"axis":"x","origin":[7.26,10.10086,29.95034]},"faces":{"north":{"uv":[0.0,0.0,1.08,0.49],"rotation":180,"texture":"#o1"},"south":{"uv":[0.0,0.0,1.08,0.49],"texture":"#o1"},"east":{"uv":[0.0,0.0,0.49,0.66],"rotation":270,"texture":"#o1"},"west":{"uv":[0.0,0.0,0.49,0.66],"rotation":90,"texture":"#o1"},"up":{"uv":[0.0,0.0,1.08,0.66],"rotation":180,"texture":"#o1"},"down":{"uv":[0.0,0.0,1.08,0.66],"texture":"#o1"}}},{"from":[7.37,9.45718,29.73959],"to":[8.45,10.11718,30.22959],"rotation":{"angle":22.5,"axis":"x","origin":[7.91,9.78718,29.98459]},"faces":{"north":{"uv":[0.0,0.0,1.08,0.66],"rotation":180,"texture":"#o1"},"south":{"uv":[0.0,0.0,1.08,0.66],"rotation":180,"texture":"#o1"},"east":{"uv":[0.0,0.0,0.49,0.66],"rotation":180,"texture":"#o1"},"west":{"uv":[0.0,0.0,0.49,0.66],"rotation":180,"texture":"#o1"},"up":{"uv":[0.0,0.0,1.08,0.49],"texture":"#o1"},"down":{"uv":[0.0,0.0,1.08,0.49],"texture":"#o1"}}},{"from":[7.37,9.87942,29.73959],"to":[8.45,10.53942,30.22959],"rotation":{"angle":-22.5,"axis":"x","origin":[7.91,10.20942,29.98459]},"faces":{"north":{"uv":[0.0,0.0,1.08,0.66],"rotation":180,"texture":"#o1"},"south":{"uv":[0.0,0.0,1.08,0.66],"rotation":180,"texture":"#o1"},"east":{"uv":[0.0,0.0,0.49,0.66],"rotation":180,"texture":"#o1"},"west":{"uv":[0.0,0.0,0.49,0.66],"rotation":180,"texture":"#o1"},"up":{"uv":[0.0,0.0,1.08,0.49],"texture":"#o1"},"down":{"uv":[0.0,0.0,1.08,0.49],"texture":"#o1"}}},{"from":[7.37,9.2436,29.35602],"to":[8.45,9.7336,30.01602],"rotation":{"angle":-22.5,"axis":"x","origin":[7.91,9.4886,29.68602]},"faces":{"north":{"uv":[0.0,0.0,1.08,0.49],"rotation":180,"texture":"#o1"},"south":{"uv":[0.0,0.0,1.08,0.49],"texture":"#o1"},"east":{"uv":[0.0,0.0,0.49,0.66],"rotation":90,"texture":"#o1"},"west":{"uv":[0.0,0.0,0.49,0.66],"rotation":270,"texture":"#o1"},"up":{"uv":[0.0,0.0,1.08,0.66],"texture":"#o1"},"down":{"uv":[0.0,0.0,1.08,0.66],"rotation":180,"texture":"#o1"}}},{"from":[7.37,9.45718,28.7202],"to":[8.45,10.11718,29.2102],"rotation":{"angle":-22.5,"axis":"x","origin":[7.91,9.78718,28.9652]},"faces":{"north":{"uv":[0.0,0.0,1.08,0.66],"texture":"#o1"},"south":{"uv":[0.0,0.0,1.08,0.66],"texture":"#o1"},"east":{"uv":[0.0,0.0,0.49,0.66],"texture":"#o1"},"west":{"uv":[0.0,0.0,0.49,0.66],"texture":"#o1"},"up":{"uv":[0.0,0.0,1.08,0.49],"texture":"#o1"},"down":{"uv":[0.0,0.0,1.08,0.49],"texture":"#o1"}}},{"from":[7.37,9.81868,25.44573],"to":[8.45,10.30868,27.91573],"rotation":{"angle":0.0,"axis":"y","origin":[7.26,9.78868,26.68573]},"faces":{"north":{"uv":[0.0,0.0,1.08,0.49],"rotation":180,"texture":"#o1"},"south":{"uv":[0.0,0.0,1.08,0.49],"texture":"#o1"},"east":{"uv":[0.0,0.0,0.49,2.47],"rotation":270,"texture":"#o1"},"west":{"uv":[0.0,0.0,0.49,2.47],"rotation":90,"texture":"#o1"},"up":{"uv":[0.0,0.0,1.08,2.47],"rotation":180,"texture":"#o1"},"down":{"uv":[0.0,0.0,1.08,2.47],"texture":"#o1"}}},{"from":[7.37,9.19374,29.82234],"to":[8.45,14.24374,30.67234],"rotation":{"angle":0.0,"axis":"y","origin":[7.26,11.23374,30.46234]},"faces":{"north":{"uv":[0.0,0.0,1.08,5.05],"texture":"#o1"},"south":{"uv":[0.0,0.0,1.08,5.05],"texture":"#o1"},"east":{"uv":[0.0,0.0,0.85,5.05],"texture":"#o1"},"west":{"uv":[0.0,0.0,0.85,5.05],"texture":"#o1"},"up":{"uv":[0.0,0.0,1.08,0.85],"texture":"#o1"},"down":{"uv":[0.0,0.0,1.08,0.85],"texture":"#o1"}}},{"from":[7.37,12.55374,18.08234],"to":[8.45,14.56374,20.60234],"rotation":{"angle":0.0,"axis":"y","origin":[7.26,11.55374,18.72234]},"faces":{"north":{"uv":[0.0,0.0,1.08,2.01],"texture":"#o1"},"south":{"uv":[0.0,0.0,1.08,2.01],"texture":"#o1"},"east":{"uv":[0.0,0.0,2.52,2.01],"texture":"#o1"},"west":{"uv":[0.0,0.0,2.52,2.01],"texture":"#o1"},"up":{"uv":[0.0,0.0,1.08,2.52],"texture":"#o1"},"down":{"uv":[0.0,0.0,1.08,2.52],"texture":"#o1"}}},{"from":[7.37,12.21374,19.65234],"to":[8.45,12.55374,20.60234],"rotation":{"angle":0.0,"axis":"y","origin":[7.26,11.55374,18.72234]},"faces":{"north":{"uv":[0.0,0.0,1.08,0.34],"texture":"#o1"},"south":{"uv":[0.0,0.0,1.08,0.34],"texture":"#o1"},"east":{"uv":[0.0,0.0,0.95,0.34],"texture":"#o1"},"west":{"uv":[0.0,0.0,0.95,0.34],"texture":"#o1"},"up":{"uv":[0.0,0.0,1.08,0.95],"texture":"#o1"},"down":{"uv":[0.0,0.0,1.08,0.95],"texture":"#o1"}}},{"from":[7.37,13.59374,23.67234],"to":[8.45,14.29374,23.87234],"rotation":{"angle":-22.5,"axis":"x","origin":[7.91,12.57874,24.09734]},"faces":{"north":{"uv":[0.0,0.0,1.08,0.7],"texture":"#o1"},"south":{"uv":[0.0,0.0,1.08,0.7],"texture":"#o1"},"east":{"uv":[0.0,0.0,0.2,0.7],"texture":"#o1"},"west":{"uv":[0.0,0.0,0.2,0.7],"texture":"#o1"},"up":{"uv":[0.0,0.0,1.08,0.2],"texture":"#o1"},"down":{"uv":[0.0,0.0,1.08,0.2],"texture":"#o1"}}},{"from":[7.37,11.03374,20.06234],"to":[8.45,11.50374,21.24234],"rotation":{"angle":45.0,"axis":"x","origin":[7.91,11.45874,21.77734]},"faces":{"north":{"uv":[0.0,0.0,1.08,0.47],"rotation":180,"texture":"#o1"},"south":{"uv":[0.0,0.0,1.08,0.47],"texture":"#o1"},"east":{"uv":[0.0,0.0,0.47,1.18],"rotation":90,"texture":"#o1"},"west":{"uv":[0.0,0.0,0.47,1.18],"rotation":270,"texture":"#o1"},"up":{"uv":[0.0,0.0,1.08,1.18],"texture":"#o1"},"down":{"uv":[0.0,0.0,1.08,1.18],"rotation":180,"texture":"#o1"}}},{"from":[7.37,13.78374,19.38234],"to":[8.45,14.43374,19.85234],"rotation":{"angle":45.0,"axis":"x","origin":[7.91,12.74874,19.80734]},"faces":{"north":{"uv":[0.0,0.0,1.08,0.65],"texture":"#o1"},"south":{"uv":[0.0,0.0,1.08,0.65],"texture":"#o1"},"east":{"uv":[0.0,0.0,0.47,0.65],"texture":"#o1"},"west":{"uv":[0.0,0.0,0.47,0.65],"texture":"#o1"},"up":{"uv":[0.0,0.0,1.08,0.47],"texture":"#o1"},"down":{"uv":[0.0,0.0,1.08,0.47],"texture":"#o1"}}},{"from":[7.37,12.00712,23.24444],"to":[8.45,12.33712,23.57444],"rotation":{"angle":-45.0,"axis":"x","origin":[7.91,11.98712,23.47944]},"faces":{"north":{"uv":[0.0,0.0,1.08,0.33],"texture":"#o1"},"south":{"uv":[0.0,0.0,1.08,0.33],"texture":"#o1"},"east":{"uv":[0.0,0.0,0.33,0.33],"texture":"#o1"},"west":{"uv":[0.0,0.0,0.33,0.33],"texture":"#o1"},"up":{"uv":[0.0,0.0,1.08,0.33],"texture":"#o1"},"down":{"uv":[0.0,0.0,1.08,0.33],"texture":"#o1"}}},{"from":[7.37,11.63212,23.45944],"to":[8.45,12.92212,24.25944],"rotation":{"angle":-22.5,"axis":"x","origin":[7.91,12.68712,23.90944]},"faces":{"north":{"uv":[0.0,0.0,1.08,1.29],"rotation":180,"texture":"#o1"},"south":{"uv":[0.0,0.0,1.08,1.29],"texture":"#o1"},"east":{"uv":[0.0,0.0,1.29,0.8],"rotation":90,"texture":"#o1"},"west":{"uv":[0.0,0.0,1.29,0.8],"rotation":270,"texture":"#o1"},"up":{"uv":[0.0,0.0,1.08,0.8],"texture":"#o1"},"down":{"uv":[0.0,0.0,1.08,0.8],"rotation":180,"texture":"#o1"}}},{"from":[7.37,10.55637,23.83653],"to":[8.45,11.84637,24.63653],"rotation":{"angle":0.0,"axis":"y","origin":[7.91,11.61137,24.28653]},"faces":{"north":{"uv":[0.0,0.0,1.08,1.29],"rotation":180,"texture":"#o1"},"south":{"uv":[0.0,0.0,1.08,1.29],"texture":"#o1"},"east":{"uv":[0.0,0.0,1.29,0.8],"rotation":90,"texture":"#o1"},"west":{"uv":[0.0,0.0,1.29,0.8],"rotation":270,"texture":"#o1"},"up":{"uv":[0.0,0.0,1.08,0.8],"texture":"#o1"},"down":{"uv":[0.0,0.0,1.08,0.8],"rotation":180,"texture":"#o1"}}},{"from":[7.37,10.25637,24.32653],"to":[8.45,11.54637,24.73653],"rotation":{"angle":-22.5,"axis":"x","origin":[7.91,11.31137,24.38653]},"faces":{"north":{"uv":[0.0,0.0,1.08,1.29],"rotation":180,"texture":"#o1"},"south":{"uv":[0.0,0.0,1.08,1.29],"texture":"#o1"},"east":{"uv":[0.0,0.0,1.29,0.41],"rotation":90,"texture":"#o1"},"west":{"uv":[0.0,0.0,1.29,0.41],"rotation":270,"texture":"#o1"},"up":{"uv":[0.0,0.0,1.08,0.41],"texture":"#o1"},"down":{"uv":[0.0,0.0,1.08,0.41],"rotation":180,"texture":"#o1"}}},{"from":[7.37,11.30515,22.46761],"to":[8.45,12.00515,23.35761],"rotation":{"angle":-22.5,"axis":"x","origin":[7.91,11.65515,22.98261]},"faces":{"north":{"uv":[0.0,0.0,1.08,0.7],"texture":"#o1"},"south":{"uv":[0.0,0.0,1.08,0.7],"texture":"#o1"},"east":{"uv":[0.0,0.0,0.89,0.7],"texture":"#o1"},"west":{"uv":[0.0,0.0,0.89,0.7],"texture":"#o1"},"up":{"uv":[0.0,0.0,1.08,0.89],"texture":"#o1"},"down":{"uv":[0.0,0.0,1.08,0.89],"texture":"#o1"}}},{"from":[7.17,9.30747,26.51469],"to":[8.84,10.02747,27.82469],"rotation":{"angle":0.0,"axis":"y","origin":[7.26,9.36747,27.15469]},"faces":{"north":{"uv":[0.0,0.0,1.67,0.72],"texture":"#o1"},"south":{"uv":[0.0,0.0,1.67,0.72],"texture":"#o1"},"east":{"uv":[0.0,0.0,1.31,0.72],"texture":"#o1"},"west":{"uv":[0.0,0.0,1.31,0.72],"texture":"#o1"},"up":{"uv":[0.0,0.0,1.67,1.31],"texture":"#o1"},"down":{"uv":[0.0,0.0,1.67,1.31],"texture":"#o1"}}},{"from":[7.17,8.65431,29.25833],"to":[8.84,9.37431,31.57833],"rotation":{"angle":0.0,"axis":"y","origin":[7.26,8.71431,27.11833]},"faces":{"north":{"uv":[0.0,0.0,1.67,0.72],"texture":"#o1"},"south":{"uv":[0.0,0.0,1.67,0.72],"texture":"#o1"},"east":{"uv":[0.0,0.0,2.32,0.72],"texture":"#o1"},"west":{"uv":[0.0,0.0,2.32,0.72],"texture":"#o1"},"up":{"uv":[0.0,0.0,1.67,2.32],"texture":"#o1"},"down":{"uv":[0.0,0.0,1.67,2.32],"texture":"#o1"}}},{"from":[7.16,9.34532,29.97871],"to":[8.84,13.88532,31.57871],"rotation":{"angle":0.0,"axis":"y","origin":[7.26,15.41532,16.95871]},"faces":{"north":{"uv":[0.0,0.0,1.68,4.54],"rotation":180,"texture":"#o1"},"south":{"uv":[0.0,0.0,1.68,4.54],"texture":"#o1"},"east":{"uv":[0.0,0.0,4.54,1.6],"rotation":270,"texture":"#o1"},"west":{"uv":[0.0,0.0,4.54,1.6],"rotation":90,"texture":"#o1"},"up":{"uv":[0.0,0.0,1.68,1.6],"rotation":180,"texture":"#o1"},"down":{"uv":[0.0,0.0,1.68,1.6],"texture":"#o1"}}},{"from":[7.20688,14.1108,19.29871],"to":[7.93688,14.5008,31.57871],"rotation":{"angle":-22.5,"axis":"z","origin":[7.57188,14.3058,30.77871]},"faces":{"north":{"uv":[0.0,0.0,0.39,0.73],"rotation":270,"texture":"#o1"},"south":{"uv":[0.0,0.0,0.39,0.73],"rotation":270,"texture":"#o1"},"east":{"uv":[0.0,0.0,0.39,12.28],"rotation":270,"texture":"#o1"},"west":{"uv":[0.0,0.0,0.39,12.28],"rotation":90,"texture":"#o1"},"up":{"uv":[0.0,0.0,0.73,12.28],"rotation":180,"texture":"#o1"},"down":{"uv":[0.0,0.0,0.73,12.28],"texture":"#o1"}}},{"from":[8.2132,14.1108,19.29871],"to":[8.7932,14.5008,31.57871],"rotation":{"angle":22.5,"axis":"z","origin":[8.4282,14.3058,30.77871]},"faces":{"north":{"uv":[0.0,0.0,0.39,0.58],"rotation":270,"texture":"#o1"},"south":{"uv":[0.0,0.0,0.39,0.58],"rotation":270,"texture":"#o1"},"east":{"uv":[0.0,0.0,0.39,12.28],"rotation":270,"texture":"#o1"},"west":{"uv":[0.0,0.0,0.39,12.28],"rotation":90,"texture":"#o1"},"up":{"uv":[0.0,0.0,0.58,12.28],"rotation":180,"texture":"#o1"},"down":{"uv":[0.0,0.0,0.58,12.28],"texture":"#o1"}}},{"from":[7.16004,13.87532,19.29871],"to":[8.84004,14.26532,31.57871],"rotation":{"angle":0.0,"axis":"y","origin":[8.47504,14.07032,30.77871]},"faces":{"north":{"uv":[0.0,0.0,0.39,1.68],"rotation":270,"texture":"#o1"},"south":{"uv":[0.0,0.0,0.39,1.68],"rotation":270,"texture":"#o1"},"east":{"uv":[0.0,0.0,0.39,12.28],"rotation":270,"texture":"#o1"},"west":{"uv":[0.0,0.0,0.39,12.28],"rotation":90,"texture":"#o1"},"up":{"uv":[0.0,0.0,1.68,12.28],"rotation":180,"texture":"#o1"},"down":{"uv":[0.0,0.0,1.68,12.28],"texture":"#o1"}}},{"from":[7.92981,14.31043,19.29871],"to":[8.65981,14.70043,31.57871],"rotation":{"angle":45.0,"axis":"z","origin":[8.29481,14.50543,30.77871]},"faces":{"north":{"uv":[0.0,0.0,0.39,0.73],"rotation":270,"texture":"#o1"},"south":{"uv":[0.0,0.0,0.39,0.73],"rotation":270,"texture":"#o1"},"east":{"uv":[0.0,0.0,0.39,12.28],"rotation":270,"texture":"#o1"},"west":{"uv":[0.0,0.0,0.39,12.28],"rotation":90,"texture":"#o1"},"up":{"uv":[0.0,0.0,0.73,12.28],"rotation":180,"texture":"#o1"},"down":{"uv":[0.0,0.0,0.73,12.28],"texture":"#o1"}}},{"from":[7.34026,14.31043,19.29871],"to":[7.88026,14.70043,31.57871],"rotation":{"angle":-45.0,"axis":"z","origin":[7.70526,14.50543,30.77871]},"faces":{"north":{"uv":[0.0,0.0,0.39,0.54],"rotation":270,"texture":"#o1"},"south":{"uv":[0.0,0.0,0.39,0.54],"rotation":270,"texture":"#o1"},"east":{"uv":[0.0,0.0,0.39,12.28],"rotation":270,"texture":"#o1"},"west":{"uv":[0.0,0.0,0.39,12.28],"rotation":90,"texture":"#o1"},"up":{"uv":[0.0,0.0,0.54,12.28],"rotation":180,"texture":"#o1"},"down":{"uv":[0.0,0.0,0.54,12.28],"texture":"#o1"}}},{"from":[7.58502,14.25141,19.29871],"to":[8.41502,14.90141,31.57871],"rotation":{"angle":0.0,"axis":"y","origin":[7.77002,14.53641,30.77871]},"faces":{"north":{"uv":[0.0,0.0,0.83,0.65],"rotation":180,"texture":"#o1"},"south":{"uv":[0.0,0.0,0.83,0.65],"texture":"#o1"},"east":{"uv":[0.0,0.0,0.65,12.28],"rotation":270,"texture":"#o1"},"west":{"uv":[0.0,0.0,0.65,12.28],"rotation":90,"texture":"#o1"},"up":{"uv":[0.0,0.0,0.83,12.28],"rotation":180,"texture":"#o1"},"down":{"uv":[0.0,0.0,0.83,12.28],"texture":"#o1"}}},{"from":[7.35,15.17532,14.79871],"to":[8.62,16.49532,15.98871],"rotation":{"angle":22.5,"axis":"x","origin":[9.33,15.83532,15.43871]},"faces":{"north":{"uv":[0.0,0.0,1.27,1.32],"texture":"#o1"},"south":{"uv":[0.0,0.0,1.27,1.32],"texture":"#o1"},"east":{"uv":[0.0,0.0,0.59,1.32],"texture":"#o1"},"west":{"uv":[0.0,0.0,0.59,1.32],"texture":"#o1"},"up":{"uv":[0.0,0.0,1.27,0.59],"texture":"#o1"},"down":{"uv":[0.0,0.0,1.27,0.59],"texture":"#o1"}}},{"from":[8.62,16.06532,13.64871],"to":[8.84004,17.37085,16.56994],"rotation":{"angle":22.5,"axis":"x","origin":[8.73,16.72532,13.78871]},"faces":{"north":{"uv":[0.0,0.0,0.22,1.32],"texture":"#o1"},"south":{"uv":[0.0,0.0,0.22,1.32],"texture":"#o1"},"east":{"uv":[0.0,0.0,3.41,1.32],"texture":"#o1"},"west":{"uv":[0.0,0.0,3.41,1.32],"texture":"#o1"},"up":{"uv":[0.0,0.0,0.22,3.41],"texture":"#o1"},"down":{"uv":[0.0,0.0,0.22,3.41],"texture":"#o1"}}},{"from":[8.62,16.26,12.17],"to":[8.84,17.37529,13.9064],"rotation":{"angle":0.0,"axis":"y","origin":[0.0,-0.42,1.0]},"faces":{"north":{"uv":[0.0,0.0,0.22,1.32],"texture":"#o1"},"south":{"uv":[0.0,0.0,0.22,1.32],"texture":"#o1"},"east":{"uv":[0.0,0.0,1.28,1.32],"texture":"#o1"},"west":{"uv":[0.0,0.0,1.28,1.32],"texture":"#o1"},"up":{"uv":[0.0,0.0,0.22,1.28],"texture":"#o1"},"down":{"uv":[0.0,0.0,0.22,1.28],"texture":"#o1"}}},{"from":[7.16,13.55124,0.95385],"to":[8.84,13.96124,2.51385],"rotation":{"angle":45.0,"axis":"x","origin":[7.995,13.75624,4.30385]},"faces":{"north":{"uv":[0.0,0.0,1.68,0.41],"texture":"#o1"},"south":{"uv":[0.0,0.0,1.68,0.41],"texture":"#o1"},"east":{"uv":[0.0,0.0,1.56,0.41],"texture":"#o1"},"west":{"uv":[0.0,0.0,1.56,0.41],"texture":"#o1"},"up":{"uv":[0.0,0.0,1.68,1.56],"texture":"#o1"},"down":{"uv":[0.0,0.0,1.68,1.56],"texture":"#o1"}}},{"from":[7.16,12.17124,-5.74615],"to":[8.84,12.80124,-4.18615],"rotation":{"angle":45.0,"axis":"x","origin":[7.995,12.59624,-2.39615]},"faces":{"north":{"uv":[0.0,0.0,1.68,0.63],"texture":"#o1"},"south":{"uv":[0.0,0.0,1.68,0.63],"texture":"#o1"},"east":{"uv":[0.0,0.0,1.56,0.63],"texture":"#o1"},"west":{"uv":[0.0,0.0,1.56,0.63],"texture":"#o1"},"up":{"uv":[0.0,0.0,1.68,1.56],"texture":"#o1"},"down":{"uv":[0.0,0.0,1.68,1.56],"texture":"#o1"}}},{"from":[7.16,14.7,-4.62],"to":[8.84,15.11,2.08],"rotation":{"angle":0.0,"axis":"y","origin":[0.0,-0.42,2.14]},"faces":{"north":{"uv":[0.0,0.0,1.68,0.41],"texture":"#o1"},"south":{"uv":[0.0,0.0,1.68,0.41],"texture":"#o1"},"east":{"uv":[0.0,0.0,6.7,0.41],"texture":"#o1"},"west":{"uv":[0.0,0.0,6.7,0.41],"texture":"#o1"},"up":{"uv":[0.0,0.0,1.68,6.7],"texture":"#o1"},"down":{"uv":[0.0,0.0,1.68,6.7],"texture":"#o1"}}},{"from":[7.62,12.66,-8.4],"to":[8.02,14.28094,16.93],"rotation":{"angle":-45.0,"axis":"z","origin":[7.82,13.66547,-7.9]},"faces":{"north":{"uv":[0.0,0.0,1.0,1.0],"texture":"#o1"},"south":{"uv":[0.0,0.0,1.0,1.0],"texture":"#o1"},"east":{"uv":[0.0,0.0,1.0,1.0],"texture":"#o1"},"west":{"uv":[0.0,0.0,1.0,1.0],"texture":"#o1"},"up":{"uv":[0.0,0.0,1.0,1.0],"texture":"#o1"},"down":{"uv":[0.0,0.0,1.0,1.0],"texture":"#o1"}}},{"from":[7.88955,11.44693,-8.4],"to":[8.28955,13.06786,-7.45],"rotation":{"angle":-45.0,"axis":"z","origin":[8.08955,12.45239,-7.9]},"faces":{"north":{"uv":[0.0,0.0,1.0,1.0],"texture":"#o1"},"south":{"uv":[0.0,0.0,1.0,1.0],"texture":"#o1"},"east":{"uv":[0.0,0.0,1.0,1.0],"texture":"#o1"},"west":{"uv":[0.0,0.0,1.0,1.0],"texture":"#o1"},"up":{"uv":[0.0,0.0,1.0,1.0],"texture":"#o1"},"down":{"uv":[0.0,0.0,1.0,1.0],"texture":"#o1"}}},{"from":[7.62,12.66,-8.4],"to":[8.02,13.83094,16.93],"rotation":{"angle":-22.5,"axis":"z","origin":[7.82,13.66547,-7.9]},"faces":{"north":{"uv":[0.0,0.0,1.0,1.0],"texture":"#o1"},"south":{"uv":[0.0,0.0,1.0,1.0],"texture":"#o1"},"east":{"uv":[0.0,0.0,1.0,1.0],"texture":"#o1"},"west":{"uv":[0.0,0.0,1.0,1.0],"texture":"#o1"},"up":{"uv":[0.0,0.0,1.0,1.0],"texture":"#o1"},"down":{"uv":[0.0,0.0,1.0,1.0],"texture":"#o1"}}},{"from":[7.98,12.66,-8.4],"to":[8.38,13.71094,16.93],"rotation":{"angle":22.5,"axis":"z","origin":[8.18,13.66547,-7.9]},"faces":{"north":{"uv":[0.0,0.0,1.0,1.0],"texture":"#o1"},"south":{"uv":[0.0,0.0,1.0,1.0],"texture":"#o1"},"east":{"uv":[0.0,0.0,1.0,1.0],"texture":"#o1"},"west":{"uv":[0.0,0.0,1.0,1.0],"texture":"#o1"},"up":{"uv":[0.0,0.0,1.0,1.0],"texture":"#o1"},"down":{"uv":[0.0,0.0,1.0,1.0],"texture":"#o1"}}},{"from":[7.71045,11.44693,-8.4],"to":[8.11045,13.04786,-7.45],"rotation":{"angle":45.0,"axis":"z","origin":[7.91045,12.45239,-7.9]},"faces":{"north":{"uv":[0.0,0.0,1.0,1.0],"texture":"#o1"},"south":{"uv":[0.0,0.0,1.0,1.0],"texture":"#o1"},"east":{"uv":[0.0,0.0,1.0,1.0],"texture":"#o1"},"west":{"uv":[0.0,0.0,1.0,1.0],"texture":"#o1"},"up":{"uv":[0.0,0.0,1.0,1.0],"texture":"#o1"},"down":{"uv":[0.0,0.0,1.0,1.0],"texture":"#o1"}}},{"from":[7.98,12.66,-8.4],"to":[8.38,14.26094,16.93],"rotation":{"angle":45.0,"axis":"z","origin":[8.18,13.66547,-7.9]},"faces":{"north":{"uv":[0.0,0.0,1.0,1.0],"texture":"#o1"},"south":{"uv":[0.0,0.0,1.0,1.0],"texture":"#o1"},"east":{"uv":[0.0,0.0,1.0,1.0],"texture":"#o1"},"west":{"uv":[0.0,0.0,1.0,1.0],"texture":"#o1"},"up":{"uv":[0.0,0.0,1.0,1.0],"texture":"#o1"},"down":{"uv":[0.0,0.0,1.0,1.0],"texture":"#o1"}}},{"from":[7.60453,13.46547,-8.4],"to":[9.18547,13.86547,16.93],"rotation":{"angle":-22.5,"axis":"z","origin":[8.18,13.66547,-7.9]},"faces":{"north":{"uv":[0.0,0.0,1.0,1.0],"texture":"#o1"},"south":{"uv":[0.0,0.0,1.0,1.0],"texture":"#o1"},"east":{"uv":[0.0,0.0,1.0,1.0],"texture":"#o1"},"west":{"uv":[0.0,0.0,1.0,1.0],"texture":"#o1"},"up":{"uv":[0.0,0.0,1.0,1.0],"texture":"#o1"},"down":{"uv":[0.0,0.0,1.0,1.0],"texture":"#o1"}}},{"from":[7.33498,12.25239,-8.4],"to":[8.91592,12.65239,-7.45],"rotation":{"angle":-22.5,"axis":"z","origin":[7.91045,12.45239,-7.9]},"faces":{"north":{"uv":[0.0,0.0,1.0,1.0],"texture":"#o1"},"south":{"uv":[0.0,0.0,1.0,1.0],"texture":"#o1"},"east":{"uv":[0.0,0.0,1.0,1.0],"texture":"#o1"},"west":{"uv":[0.0,0.0,1.0,1.0],"texture":"#o1"},"up":{"uv":[0.0,0.0,1.0,1.0],"texture":"#o1"},"down":{"uv":[0.0,0.0,1.0,1.0],"texture":"#o1"}}},{"from":[7.08498,12.25239,-8.4],"to":[8.91592,12.99239,-7.45],"rotation":{"angle":0.0,"axis":"y","origin":[7.91045,12.45239,-7.9]},"faces":{"north":{"uv":[0.0,0.0,1.0,1.0],"texture":"#o1"},"south":{"uv":[0.0,0.0,1.0,1.0],"texture":"#o1"},"east":{"uv":[0.0,0.0,1.0,1.0],"texture":"#o1"},"west":{"uv":[0.0,0.0,1.0,1.0],"texture":"#o1"},"up":{"uv":[0.0,0.0,1.0,1.0],"texture":"#o1"},"down":{"uv":[0.0,0.0,1.0,1.0],"texture":"#o1"}}},{"from":[6.81453,13.46547,-8.4],"to":[8.39547,13.86547,16.93],"rotation":{"angle":22.5,"axis":"z","origin":[7.82,13.66547,-7.9]},"faces":{"north":{"uv":[0.0,0.0,1.0,1.0],"texture":"#o1"},"south":{"uv":[0.0,0.0,1.0,1.0],"texture":"#o1"},"east":{"uv":[0.0,0.0,1.0,1.0],"texture":"#o1"},"west":{"uv":[0.0,0.0,1.0,1.0],"texture":"#o1"},"up":{"uv":[0.0,0.0,1.0,1.0],"texture":"#o1"},"down":{"uv":[0.0,0.0,1.0,1.0],"texture":"#o1"}}},{"from":[7.08408,12.25239,-8.4],"to":[8.66502,12.65239,-7.45],"rotation":{"angle":22.5,"axis":"z","origin":[8.08955,12.45239,-7.9]},"faces":{"north":{"uv":[0.0,0.0,1.0,1.0],"texture":"#o1"},"south":{"uv":[0.0,0.0,1.0,1.0],"texture":"#o1"},"east":{"uv":[0.0,0.0,1.0,1.0],"texture":"#o1"},"west":{"uv":[0.0,0.0,1.0,1.0],"texture":"#o1"},"up":{"uv":[0.0,0.0,1.0,1.0],"texture":"#o1"},"down":{"uv":[0.0,0.0,1.0,1.0],"texture":"#o1"}}},{"from":[7.62,12.66,-8.4],"to":[8.38,13.65,16.93],"rotation":{"angle":0.0,"axis":"y","origin":[0.0,-0.42,1.0]},"faces":{"north":{"uv":[0.0,0.0,0.76,0.99],"texture":"#o1"},"south":{"uv":[0.0,0.0,0.76,0.99],"texture":"#o1"},"east":{"uv":[0.0,0.0,16.0,0.99],"texture":"#o1"},"west":{"uv":[0.0,0.0,16.0,0.99],"texture":"#o1"},"up":{"uv":[0.0,0.0,0.76,16.0],"texture":"#o1"},"down":{"uv":[0.0,0.0,0.76,16.0],"texture":"#o1"}}},{"from":[7.52,11.6,-8.4],"to":[8.48,12.68,-7.45],"rotation":{"angle":0.0,"axis":"y","origin":[0.0,-0.5,1.0]},"faces":{"north":{"uv":[0.0,0.0,0.96,1.08],"texture":"#o1"},"south":{"uv":[0.0,0.0,0.96,1.08],"texture":"#o1"},"east":{"uv":[0.0,0.0,0.95,1.08],"texture":"#o1"},"west":{"uv":[0.0,0.0,0.95,1.08],"texture":"#o1"},"up":{"uv":[0.0,0.0,0.96,0.95],"texture":"#o1"},"down":{"uv":[0.0,0.0,0.96,0.95],"texture":"#o1"}}},{"from":[7.52,12.21,-8.4],"to":[8.48,12.5,-0.93],"rotation":{"angle":0.0,"axis":"y","origin":[0.0,-0.5,1.0]},"faces":{"north":{"uv":[0.0,0.0,0.96,0.29],"texture":"#o1"},"south":{"uv":[0.0,0.0,0.96,0.29],"texture":"#o1"},"east":{"uv":[0.0,0.0,7.47,0.29],"texture":"#o1"},"west":{"uv":[0.0,0.0,7.47,0.29],"texture":"#o1"},"up":{"uv":[0.0,0.0,0.96,7.47],"texture":"#o1"},"down":{"uv":[0.0,0.0,0.96,7.47],"texture":"#o1"}}},{"from":[7.52,12.11,-8.4],"to":[8.48,12.23,-7.09],"rotation":{"angle":0.0,"axis":"y","origin":[0.0,-0.5,1.0]},"faces":{"north":{"uv":[0.0,0.0,0.96,0.12],"texture":"#o1"},"south":{"uv":[0.0,0.0,0.96,0.12],"texture":"#o1"},"east":{"uv":[0.0,0.0,1.31,0.12],"texture":"#o1"},"west":{"uv":[0.0,0.0,1.31,0.12],"texture":"#o1"},"up":{"uv":[0.0,0.0,0.96,1.31],"texture":"#o1"},"down":{"uv":[0.0,0.0,0.96,1.31],"texture":"#o1"}}},{"from":[7.52,12.11,-6.89],"to":[8.48,12.23,-6.44],"rotation":{"angle":0.0,"axis":"y","origin":[0.0,-0.5,1.0]},"faces":{"north":{"uv":[0.0,0.0,0.96,0.12],"texture":"#o1"},"south":{"uv":[0.0,0.0,0.96,0.12],"texture":"#o1"},"east":{"uv":[0.0,0.0,0.45,0.12],"texture":"#o1"},"west":{"uv":[0.0,0.0,0.45,0.12],"texture":"#o1"},"up":{"uv":[0.0,0.0,0.96,0.45],"texture":"#o1"},"down":{"uv":[0.0,0.0,0.96,0.45],"texture":"#o1"}}},{"from":[9.33,13.61,-1.69],"to":[9.45,14.42,-0.93],"rotation":{"angle":0.0,"axis":"y","origin":[6.76,14.04,-4.665]},"faces":{"north":{"uv":[0.0,0.0,0.81,0.12],"rotation":270,"texture":"#o1"},"south":{"uv":[0.0,0.0,0.81,0.12],"rotation":90,"texture":"#o1"},"east":{"uv":[0.0,0.0,0.81,0.76],"rotation":90,"texture":"#o1"},"west":{"uv":[0.0,0.0,0.81,0.76],"rotation":90,"texture":"#o1"},"up":{"uv":[0.0,0.0,0.76,0.12],"rotation":90,"texture":"#o1"},"down":{"uv":[0.0,0.0,0.76,0.12],"rotation":90,"texture":"#o1"}}},{"from":[9.33,13.61,-2.34],"to":[9.45,14.42,-1.89],"rotation":{"angle":0.0,"axis":"y","origin":[6.76,14.04,-4.665]},"faces":{"north":{"uv":[0.0,0.0,0.81,0.12],"rotation":270,"texture":"#o1"},"south":{"uv":[0.0,0.0,0.81,0.12],"rotation":90,"texture":"#o1"},"east":{"uv":[0.0,0.0,0.81,0.45],"rotation":90,"texture":"#o1"},"west":{"uv":[0.0,0.0,0.81,0.45],"rotation":90,"texture":"#o1"},"up":{"uv":[0.0,0.0,0.45,0.12],"rotation":90,"texture":"#o1"},"down":{"uv":[0.0,0.0,0.45,0.12],"rotation":90,"texture":"#o1"}}},{"from":[9.33,13.61,-2.99],"to":[9.45,14.42,-2.54],"rotation":{"angle":0.0,"axis":"y","origin":[6.76,14.04,-4.665]},"faces":{"north":{"uv":[0.0,0.0,0.81,0.12],"rotation":270,"texture":"#o1"},"south":{"uv":[0.0,0.0,0.81,0.12],"rotation":90,"texture":"#o1"},"east":{"uv":[0.0,0.0,0.81,0.45],"rotation":90,"texture":"#o1"},"west":{"uv":[0.0,0.0,0.81,0.45],"rotation":90,"texture":"#o1"},"up":{"uv":[0.0,0.0,0.45,0.12],"rotation":90,"texture":"#o1"},"down":{"uv":[0.0,0.0,0.45,0.12],"rotation":90,"texture":"#o1"}}},{"from":[9.33,13.61,-3.64],"to":[9.45,14.42,-3.19],"rotation":{"angle":0.0,"axis":"y","origin":[6.76,14.04,-4.665]},"faces":{"north":{"uv":[0.0,0.0,0.81,0.12],"rotation":270,"texture":"#o1"},"south":{"uv":[0.0,0.0,0.81,0.12],"rotation":90,"texture":"#o1"},"east":{"uv":[0.0,0.0,0.81,0.45],"rotation":90,"texture":"#o1"},"west":{"uv":[0.0,0.0,0.81,0.45],"rotation":90,"texture":"#o1"},"up":{"uv":[0.0,0.0,0.45,0.12],"rotation":90,"texture":"#o1"},"down":{"uv":[0.0,0.0,0.45,0.12],"rotation":90,"texture":"#o1"}}},{"from":[9.33,13.61,-4.29],"to":[9.45,14.42,-3.84],"rotation":{"angle":0.0,"axis":"y","origin":[6.76,14.04,-4.665]},"faces":{"north":{"uv":[0.0,0.0,0.81,0.12],"rotation":270,"texture":"#o1"},"south":{"uv":[0.0,0.0,0.81,0.12],"rotation":90,"texture":"#o1"},"east":{"uv":[0.0,0.0,0.81,0.45],"rotation":90,"texture":"#o1"},"west":{"uv":[0.0,0.0,0.81,0.45],"rotation":90,"texture":"#o1"},"up":{"uv":[0.0,0.0,0.45,0.12],"rotation":90,"texture":"#o1"},"down":{"uv":[0.0,0.0,0.45,0.12],"rotation":90,"texture":"#o1"}}},{"from":[9.33,13.61,-4.94],"to":[9.45,14.42,-4.49],"rotation":{"angle":0.0,"axis":"y","origin":[6.76,14.04,-4.665]},"faces":{"north":{"uv":[0.0,0.0,0.81,0.12],"rotation":270,"texture":"#o1"},"south":{"uv":[0.0,0.0,0.81,0.12],"rotation":90,"texture":"#o1"},"east":{"uv":[0.0,0.0,0.81,0.45],"rotation":90,"texture":"#o1"},"west":{"uv":[0.0,0.0,0.81,0.45],"rotation":90,"texture":"#o1"},"up":{"uv":[0.0,0.0,0.45,0.12],"rotation":90,"texture":"#o1"},"down":{"uv":[0.0,0.0,0.45,0.12],"rotation":90,"texture":"#o1"}}},{"from":[9.33,13.61,-5.59],"to":[9.45,14.42,-5.14],"rotation":{"angle":0.0,"axis":"y","origin":[6.76,14.04,-4.665]},"faces":{"north":{"uv":[0.0,0.0,0.81,0.12],"rotation":270,"texture":"#o1"},"south":{"uv":[0.0,0.0,0.81,0.12],"rotation":90,"texture":"#o1"},"east":{"uv":[0.0,0.0,0.81,0.45],"rotation":90,"texture":"#o1"},"west":{"uv":[0.0,0.0,0.81,0.45],"rotation":90,"texture":"#o1"},"up":{"uv":[0.0,0.0,0.45,0.12],"rotation":90,"texture":"#o1"},"down":{"uv":[0.0,0.0,0.45,0.12],"rotation":90,"texture":"#o1"}}},{"from":[9.33,13.61,-6.24],"to":[9.45,14.42,-5.79],"rotation":{"angle":0.0,"axis":"y","origin":[6.76,14.04,-4.665]},"faces":{"north":{"uv":[0.0,0.0,0.81,0.12],"rotation":270,"texture":"#o1"},"south":{"uv":[0.0,0.0,0.81,0.12],"rotation":90,"texture":"#o1"},"east":{"uv":[0.0,0.0,0.81,0.45],"rotation":90,"texture":"#o1"},"west":{"uv":[0.0,0.0,0.81,0.45],"rotation":90,"texture":"#o1"},"up":{"uv":[0.0,0.0,0.45,0.12],"rotation":90,"texture":"#o1"},"down":{"uv":[0.0,0.0,0.45,0.12],"rotation":90,"texture":"#o1"}}},{"from":[9.33,13.61,-6.89],"to":[9.45,14.42,-6.44],"rotation":{"angle":0.0,"axis":"y","origin":[6.76,14.04,-4.665]},"faces":{"north":{"uv":[0.0,0.0,0.81,0.12],"rotation":270,"texture":"#o1"},"south":{"uv":[0.0,0.0,0.81,0.12],"rotation":90,"texture":"#o1"},"east":{"uv":[0.0,0.0,0.81,0.45],"rotation":90,"texture":"#o1"},"west":{"uv":[0.0,0.0,0.81,0.45],"rotation":90,"texture":"#o1"},"up":{"uv":[0.0,0.0,0.45,0.12],"rotation":90,"texture":"#o1"},"down":{"uv":[0.0,0.0,0.45,0.12],"rotation":90,"texture":"#o1"}}},{"from":[9.33,13.61,-7.54],"to":[9.45,14.42,-7.09],"rotation":{"angle":0.0,"axis":"y","origin":[6.76,14.04,-4.665]},"faces":{"north":{"uv":[0.0,0.0,0.81,0.12],"rotation":270,"texture":"#o1"},"south":{"uv":[0.0,0.0,0.81,0.12],"rotation":90,"texture":"#o1"},"east":{"uv":[0.0,0.0,0.81,0.45],"rotation":90,"texture":"#o1"},"west":{"uv":[0.0,0.0,0.81,0.45],"rotation":90,"texture":"#o1"},"up":{"uv":[0.0,0.0,0.45,0.12],"rotation":90,"texture":"#o1"},"down":{"uv":[0.0,0.0,0.45,0.12],"rotation":90,"texture":"#o1"}}},{"from":[9.33,13.61,-8.4],"to":[9.45,14.42,-7.64],"rotation":{"angle":0.0,"axis":"y","origin":[6.76,14.04,-4.665]},"faces":{"north":{"uv":[0.0,0.0,0.81,0.12],"rotation":270,"texture":"#o1"},"south":{"uv":[0.0,0.0,0.81,0.12],"rotation":90,"texture":"#o1"},"east":{"uv":[0.0,0.0,0.81,0.76],"rotation":90,"texture":"#o1"},"west":{"uv":[0.0,0.0,0.81,0.76],"rotation":90,"texture":"#o1"},"up":{"uv":[0.0,0.0,0.76,0.12],"rotation":90,"texture":"#o1"},"down":{"uv":[0.0,0.0,0.76,0.12],"rotation":90,"texture":"#o1"}}},{"from":[9.18,13.71,-8.4],"to":[9.33,14.32,-0.93],"rotation":{"angle":0.0,"axis":"y","origin":[6.76,14.04,-4.665]},"faces":{"north":{"uv":[0.0,0.0,0.61,0.15],"rotation":270,"texture":"#o1"},"south":{"uv":[0.0,0.0,0.61,0.15],"rotation":90,"texture":"#o1"},"east":{"uv":[0.0,0.0,0.61,7.47],"rotation":90,"texture":"#o1"},"west":{"uv":[0.0,0.0,0.61,7.47],"rotation":90,"texture":"#o1"},"up":{"uv":[0.0,0.0,7.47,0.15],"rotation":90,"texture":"#o1"},"down":{"uv":[0.0,0.0,7.47,0.15],"rotation":90,"texture":"#o1"}}},{"from":[6.55,13.61,-1.69],"to":[6.67,14.42,-0.93],"rotation":{"angle":0.0,"axis":"y","origin":[5.49,12.17,-6.665]},"faces":{"north":{"uv":[0.0,0.0,0.81,0.12],"rotation":270,"texture":"#o1"},"south":{"uv":[0.0,0.0,0.81,0.12],"rotation":90,"texture":"#o1"},"east":{"uv":[0.0,0.0,0.81,0.76],"rotation":90,"texture":"#o1"},"west":{"uv":[0.0,0.0,0.81,0.76],"rotation":90,"texture":"#o1"},"up":{"uv":[0.0,0.0,0.76,0.12],"rotation":90,"texture":"#o1"},"down":{"uv":[0.0,0.0,0.76,0.12],"rotation":90,"texture":"#o1"}}},{"from":[6.55,13.61,-2.34],"to":[6.67,14.42,-1.89],"rotation":{"angle":0.0,"axis":"y","origin":[5.49,12.17,-6.665]},"faces":{"north":{"uv":[0.0,0.0,0.81,0.12],"rotation":270,"texture":"#o1"},"south":{"uv":[0.0,0.0,0.81,0.12],"rotation":90,"texture":"#o1"},"east":{"uv":[0.0,0.0,0.81,0.45],"rotation":90,"texture":"#o1"},"west":{"uv":[0.0,0.0,0.81,0.45],"rotation":90,"texture":"#o1"},"up":{"uv":[0.0,0.0,0.45,0.12],"rotation":90,"texture":"#o1"},"down":{"uv":[0.0,0.0,0.45,0.12],"rotation":90,"texture":"#o1"}}},{"from":[6.55,13.61,-2.99],"to":[6.67,14.42,-2.54],"rotation":{"angle":0.0,"axis":"y","origin":[5.49,12.17,-6.665]},"faces":{"north":{"uv":[0.0,0.0,0.81,0.12],"rotation":270,"texture":"#o1"},"south":{"uv":[0.0,0.0,0.81,0.12],"rotation":90,"texture":"#o1"},"east":{"uv":[0.0,0.0,0.81,0.45],"rotation":90,"texture":"#o1"},"west":{"uv":[0.0,0.0,0.81,0.45],"rotation":90,"texture":"#o1"},"up":{"uv":[0.0,0.0,0.45,0.12],"rotation":90,"texture":"#o1"},"down":{"uv":[0.0,0.0,0.45,0.12],"rotation":90,"texture":"#o1"}}},{"from":[6.55,13.61,-3.64],"to":[6.67,14.42,-3.19],"rotation":{"angle":0.0,"axis":"y","origin":[5.49,12.17,-6.665]},"faces":{"north":{"uv":[0.0,0.0,0.81,0.12],"rotation":270,"texture":"#o1"},"south":{"uv":[0.0,0.0,0.81,0.12],"rotation":90,"texture":"#o1"},"east":{"uv":[0.0,0.0,0.81,0.45],"rotation":90,"texture":"#o1"},"west":{"uv":[0.0,0.0,0.81,0.45],"rotation":90,"texture":"#o1"},"up":{"uv":[0.0,0.0,0.45,0.12],"rotation":90,"texture":"#o1"},"down":{"uv":[0.0,0.0,0.45,0.12],"rotation":90,"texture":"#o1"}}},{"from":[6.55,13.61,-4.29],"to":[6.67,14.42,-3.84],"rotation":{"angle":0.0,"axis":"y","origin":[5.49,12.17,-6.665]},"faces":{"north":{"uv":[0.0,0.0,0.81,0.12],"rotation":270,"texture":"#o1"},"south":{"uv":[0.0,0.0,0.81,0.12],"rotation":90,"texture":"#o1"},"east":{"uv":[0.0,0.0,0.81,0.45],"rotation":90,"texture":"#o1"},"west":{"uv":[0.0,0.0,0.81,0.45],"rotation":90,"texture":"#o1"},"up":{"uv":[0.0,0.0,0.45,0.12],"rotation":90,"texture":"#o1"},"down":{"uv":[0.0,0.0,0.45,0.12],"rotation":90,"texture":"#o1"}}},{"from":[6.55,13.61,-4.94],"to":[6.67,14.42,-4.49],"rotation":{"angle":0.0,"axis":"y","origin":[5.49,12.17,-6.665]},"faces":{"north":{"uv":[0.0,0.0,0.81,0.12],"rotation":270,"texture":"#o1"},"south":{"uv":[0.0,0.0,0.81,0.12],"rotation":90,"texture":"#o1"},"east":{"uv":[0.0,0.0,0.81,0.45],"rotation":90,"texture":"#o1"},"west":{"uv":[0.0,0.0,0.81,0.45],"rotation":90,"texture":"#o1"},"up":{"uv":[0.0,0.0,0.45,0.12],"rotation":90,"texture":"#o1"},"down":{"uv":[0.0,0.0,0.45,0.12],"rotation":90,"texture":"#o1"}}},{"from":[6.55,13.61,-5.59],"to":[6.67,14.42,-5.14],"rotation":{"angle":0.0,"axis":"y","origin":[5.49,12.17,-6.665]},"faces":{"north":{"uv":[0.0,0.0,0.81,0.12],"rotation":270,"texture":"#o1"},"south":{"uv":[0.0,0.0,0.81,0.12],"rotation":90,"texture":"#o1"},"east":{"uv":[0.0,0.0,0.81,0.45],"rotation":90,"texture":"#o1"},"west":{"uv":[0.0,0.0,0.81,0.45],"rotation":90,"texture":"#o1"},"up":{"uv":[0.0,0.0,0.45,0.12],"rotation":90,"texture":"#o1"},"down":{"uv":[0.0,0.0,0.45,0.12],"rotation":90,"texture":"#o1"}}},{"from":[6.55,13.61,-6.24],"to":[6.67,14.42,-5.79],"rotation":{"angle":0.0,"axis":"y","origin":[5.49,12.17,-6.665]},"faces":{"north":{"uv":[0.0,0.0,0.81,0.12],"rotation":270,"texture":"#o1"},"south":{"uv":[0.0,0.0,0.81,0.12],"rotation":90,"texture":"#o1"},"east":{"uv":[0.0,0.0,0.81,0.45],"rotation":90,"texture":"#o1"},"west":{"uv":[0.0,0.0,0.81,0.45],"rotation":90,"texture":"#o1"},"up":{"uv":[0.0,0.0,0.45,0.12],"rotation":90,"texture":"#o1"},"down":{"uv":[0.0,0.0,0.45,0.12],"rotation":90,"texture":"#o1"}}},{"from":[6.55,13.61,-6.89],"to":[6.67,14.42,-6.44],"rotation":{"angle":0.0,"axis":"y","origin":[5.49,12.17,-6.665]},"faces":{"north":{"uv":[0.0,0.0,0.81,0.12],"rotation":270,"texture":"#o1"},"south":{"uv":[0.0,0.0,0.81,0.12],"rotation":90,"texture":"#o1"},"east":{"uv":[0.0,0.0,0.81,0.45],"rotation":90,"texture":"#o1"},"west":{"uv":[0.0,0.0,0.81,0.45],"rotation":90,"texture":"#o1"},"up":{"uv":[0.0,0.0,0.45,0.12],"rotation":90,"texture":"#o1"},"down":{"uv":[0.0,0.0,0.45,0.12],"rotation":90,"texture":"#o1"}}},{"from":[6.55,13.61,-7.54],"to":[6.67,14.42,-7.09],"rotation":{"angle":0.0,"axis":"y","origin":[5.49,12.17,-6.665]},"faces":{"north":{"uv":[0.0,0.0,0.81,0.12],"rotation":270,"texture":"#o1"},"south":{"uv":[0.0,0.0,0.81,0.12],"rotation":90,"texture":"#o1"},"east":{"uv":[0.0,0.0,0.81,0.45],"rotation":90,"texture":"#o1"},"west":{"uv":[0.0,0.0,0.81,0.45],"rotation":90,"texture":"#o1"},"up":{"uv":[0.0,0.0,0.45,0.12],"rotation":90,"texture":"#o1"},"down":{"uv":[0.0,0.0,0.45,0.12],"rotation":90,"texture":"#o1"}}},{"from":[6.55,13.61,-8.4],"to":[6.67,14.42,-7.64],"rotation":{"angle":0.0,"axis":"y","origin":[5.49,12.17,-6.665]},"faces":{"north":{"uv":[0.0,0.0,0.81,0.12],"rotation":270,"texture":"#o1"},"south":{"uv":[0.0,0.0,0.81,0.12],"rotation":90,"texture":"#o1"},"east":{"uv":[0.0,0.0,0.81,0.76],"rotation":90,"texture":"#o1"},"west":{"uv":[0.0,0.0,0.81,0.76],"rotation":90,"texture":"#o1"},"up":{"uv":[0.0,0.0,0.76,0.12],"rotation":90,"texture":"#o1"},"down":{"uv":[0.0,0.0,0.76,0.12],"rotation":90,"texture":"#o1"}}},{"from":[6.67,13.71,-8.4],"to":[6.82,14.32,-0.93],"rotation":{"angle":0.0,"axis":"y","origin":[6.76,14.04,-4.665]},"faces":{"north":{"uv":[0.0,0.0,0.61,0.15],"rotation":270,"texture":"#o1"},"south":{"uv":[0.0,0.0,0.61,0.15],"rotation":90,"texture":"#o1"},"east":{"uv":[0.0,0.0,0.61,7.47],"rotation":90,"texture":"#o1"},"west":{"uv":[0.0,0.0,0.61,7.47],"rotation":90,"texture":"#o1"},"up":{"uv":[0.0,0.0,7.47,0.15],"rotation":90,"texture":"#o1"},"down":{"uv":[0.0,0.0,7.47,0.15],"rotation":90,"texture":"#o1"}}},{"from":[7.52,12.11,-6.24],"to":[8.48,12.23,-5.79],"rotation":{"angle":0.0,"axis":"y","origin":[0.0,-0.5,1.0]},"faces":{"north":{"uv":[0.0,0.0,0.96,0.12],"texture":"#o1"},"south":{"uv":[0.0,0.0,0.96,0.12],"texture":"#o1"},"east":{"uv":[0.0,0.0,0.45,0.12],"texture":"#o1"},"west":{"uv":[0.0,0.0,0.45,0.12],"texture":"#o1"},"up":{"uv":[0.0,0.0,0.96,0.45],"texture":"#o1"},"down":{"uv":[0.0,0.0,0.96,0.45],"texture":"#o1"}}},{"from":[7.52,12.11,-5.59],"to":[8.48,12.23,-5.14],"rotation":{"angle":0.0,"axis":"y","origin":[0.0,-0.5,1.0]},"faces":{"north":{"uv":[0.0,0.0,0.96,0.12],"texture":"#o1"},"south":{"uv":[0.0,0.0,0.96,0.12],"texture":"#o1"},"east":{"uv":[0.0,0.0,0.45,0.12],"texture":"#o1"},"west":{"uv":[0.0,0.0,0.45,0.12],"texture":"#o1"},"up":{"uv":[0.0,0.0,0.96,0.45],"texture":"#o1"},"down":{"uv":[0.0,0.0,0.96,0.45],"texture":"#o1"}}},{"from":[7.52,12.11,-4.94],"to":[8.48,12.23,-4.49],"rotation":{"angle":0.0,"axis":"y","origin":[0.0,-0.5,1.0]},"faces":{"north":{"uv":[0.0,0.0,0.96,0.12],"texture":"#o1"},"south":{"uv":[0.0,0.0,0.96,0.12],"texture":"#o1"},"east":{"uv":[0.0,0.0,0.45,0.12],"texture":"#o1"},"west":{"uv":[0.0,0.0,0.45,0.12],"texture":"#o1"},"up":{"uv":[0.0,0.0,0.96,0.45],"texture":"#o1"},"down":{"uv":[0.0,0.0,0.96,0.45],"texture":"#o1"}}},{"from":[7.52,12.11,-4.29],"to":[8.48,12.23,-3.84],"rotation":{"angle":0.0,"axis":"y","origin":[0.0,-0.5,1.0]},"faces":{"north":{"uv":[0.0,0.0,0.96,0.12],"texture":"#o1"},"south":{"uv":[0.0,0.0,0.96,0.12],"texture":"#o1"},"east":{"uv":[0.0,0.0,0.45,0.12],"texture":"#o1"},"west":{"uv":[0.0,0.0,0.45,0.12],"texture":"#o1"},"up":{"uv":[0.0,0.0,0.96,0.45],"texture":"#o1"},"down":{"uv":[0.0,0.0,0.96,0.45],"texture":"#o1"}}},{"from":[7.52,12.11,-3.64],"to":[8.48,12.23,-3.19],"rotation":{"angle":0.0,"axis":"y","origin":[0.0,-0.5,1.0]},"faces":{"north":{"uv":[0.0,0.0,0.96,0.12],"texture":"#o1"},"south":{"uv":[0.0,0.0,0.96,0.12],"texture":"#o1"},"east":{"uv":[0.0,0.0,0.45,0.12],"texture":"#o1"},"west":{"uv":[0.0,0.0,0.45,0.12],"texture":"#o1"},"up":{"uv":[0.0,0.0,0.96,0.45],"texture":"#o1"},"down":{"uv":[0.0,0.0,0.96,0.45],"texture":"#o1"}}},{"from":[7.52,12.11,-2.99],"to":[8.48,12.23,-2.54],"rotation":{"angle":0.0,"axis":"y","origin":[0.0,-0.5,1.0]},"faces":{"north":{"uv":[0.0,0.0,0.96,0.12],"texture":"#o1"},"south":{"uv":[0.0,0.0,0.96,0.12],"texture":"#o1"},"east":{"uv":[0.0,0.0,0.45,0.12],"texture":"#o1"},"west":{"uv":[0.0,0.0,0.45,0.12],"texture":"#o1"},"up":{"uv":[0.0,0.0,0.96,0.45],"texture":"#o1"},"down":{"uv":[0.0,0.0,0.96,0.45],"texture":"#o1"}}},{"from":[7.52,12.11,-2.34],"to":[8.48,12.23,-1.89],"rotation":{"angle":0.0,"axis":"y","origin":[0.0,-0.5,1.0]},"faces":{"north":{"uv":[0.0,0.0,0.96,0.12],"texture":"#o1"},"south":{"uv":[0.0,0.0,0.96,0.12],"texture":"#o1"},"east":{"uv":[0.0,0.0,0.45,0.12],"texture":"#o1"},"west":{"uv":[0.0,0.0,0.45,0.12],"texture":"#o1"},"up":{"uv":[0.0,0.0,0.96,0.45],"texture":"#o1"},"down":{"uv":[0.0,0.0,0.96,0.45],"texture":"#o1"}}},{"from":[7.52,12.11,-1.69],"to":[8.48,12.23,-0.93],"rotation":{"angle":0.0,"axis":"y","origin":[0.0,-0.5,1.0]},"faces":{"north":{"uv":[0.0,0.0,0.96,0.12],"texture":"#o1"},"south":{"uv":[0.0,0.0,0.96,0.12],"texture":"#o1"},"east":{"uv":[0.0,0.0,0.76,0.12],"texture":"#o1"},"west":{"uv":[0.0,0.0,0.76,0.12],"texture":"#o1"},"up":{"uv":[0.0,0.0,0.96,0.76],"texture":"#o1"},"down":{"uv":[0.0,0.0,0.96,0.76],"texture":"#o1"}}},{"from":[7.72,11.02,-8.14],"to":[8.28,12.1,-7.45],"rotation":{"angle":0.0,"axis":"y","origin":[0.0,-0.5,1.0]},"faces":{"north":{"uv":[0.0,0.0,0.56,1.08],"texture":"#o1"},"south":{"uv":[0.0,0.0,0.56,1.08],"texture":"#o1"},"east":{"uv":[0.0,0.0,0.69,1.08],"texture":"#o1"},"west":{"uv":[0.0,0.0,0.69,1.08],"texture":"#o1"},"up":{"uv":[0.0,0.0,0.56,0.69],"texture":"#o1"},"down":{"uv":[0.0,0.0,0.56,0.69],"texture":"#o1"}}},{"from":[7.72,12.31,-1.63],"to":[8.28,13.39,-0.93],"rotation":{"angle":0.0,"axis":"y","origin":[0.0,-0.5,1.0]},"faces":{"north":{"uv":[0.0,0.0,0.56,1.08],"texture":"#o1"},"south":{"uv":[0.0,0.0,0.56,1.08],"texture":"#o1"},"east":{"uv":[0.0,0.0,0.7,1.08],"texture":"#o1"},"west":{"uv":[0.0,0.0,0.7,1.08],"texture":"#o1"},"up":{"uv":[0.0,0.0,0.56,0.7],"texture":"#o1"},"down":{"uv":[0.0,0.0,0.56,0.7],"texture":"#o1"}}},{"from":[6.81547,13.46547,-8.4],"to":[9.18547,14.71547,16.93],"rotation":{"angle":0.0,"axis":"y","origin":[0.80547,-1.79453,1.0]},"faces":{"north":{"uv":[0.0,0.0,2.37,1.25],"texture":"#o1"},"south":{"uv":[0.0,0.0,2.37,1.25],"texture":"#o1"},"east":{"uv":[0.0,0.0,16.0,1.25],"texture":"#o1"},"west":{"uv":[0.0,0.0,16.0,1.25],"texture":"#o1"},"up":{"uv":[0.0,0.0,2.37,16.0],"texture":"#o1"},"down":{"uv":[0.0,0.0,2.37,16.0],"texture":"#o1"}}},{"from":[6.81547,11.74547,-3.28],"to":[9.18547,13.06547,0.55],"rotation":{"angle":22.5,"axis":"x","origin":[8.00047,11.76047,1.295]},"faces":{"north":{"uv":[0.0,0.0,2.37,1.32],"rotation":180,"texture":"#o1"},"south":{"uv":[0.0,0.0,2.37,1.32],"texture":"#o1"},"east":{"uv":[0.0,0.0,1.32,3.83],"rotation":90,"texture":"#o1"},"west":{"uv":[0.0,0.0,1.32,3.83],"rotation":270,"texture":"#o1"},"up":{"uv":[0.0,0.0,2.37,3.83],"texture":"#o1"},"down":{"uv":[0.0,0.0,2.37,3.83],"rotation":180,"texture":"#o1"}}},{"from":[6.81547,12.71431,13.41263],"to":[9.18547,14.24431,15.76263],"rotation":{"angle":-22.5,"axis":"x","origin":[8.00047,13.37431,15.32763]},"faces":{"north":{"uv":[0.0,0.0,2.37,1.53],"rotation":180,"texture":"#o1"},"south":{"uv":[0.0,0.0,2.37,1.53],"texture":"#o1"},"east":{"uv":[0.0,0.0,1.53,2.35],"rotation":90,"texture":"#o1"},"west":{"uv":[0.0,0.0,1.53,2.35],"rotation":270,"texture":"#o1"},"up":{"uv":[0.0,0.0,2.37,2.35],"texture":"#o1"},"down":{"uv":[0.0,0.0,2.37,2.35],"rotation":180,"texture":"#o1"}}},{"from":[6.86547,12.03171,0.60097],"to":[9.13547,13.62171,13.81097],"rotation":{"angle":0.0,"axis":"y","origin":[8.00047,12.69171,2.51597]},"faces":{"north":{"uv":[0.0,0.0,2.27,1.59],"rotation":180,"texture":"#o1"},"south":{"uv":[0.0,0.0,2.27,1.59],"texture":"#o1"},"east":{"uv":[0.0,0.0,1.59,13.21],"rotation":90,"texture":"#o1"},"west":{"uv":[0.0,0.0,1.59,13.21],"rotation":270,"texture":"#o1"},"up":{"uv":[0.0,0.0,2.27,13.21],"texture":"#o1"},"down":{"uv":[0.0,0.0,2.27,13.21],"rotation":180,"texture":"#o1"}}},{"from":[6.91547,10.89171,2.54097],"to":[9.08547,12.19171,13.19097],"rotation":{"angle":0.0,"axis":"y","origin":[8.00047,12.69171,2.51597]},"faces":{"north":{"uv":[0.0,0.0,2.17,1.3],"rotation":180,"texture":"#o1"},"south":{"uv":[0.0,0.0,2.17,1.3],"texture":"#o1"},"east":{"uv":[0.0,0.0,1.3,10.65],"rotation":90,"texture":"#o1"},"west":{"uv":[0.0,0.0,1.3,10.65],"rotation":270,"texture":"#o1"},"up":{"uv":[0.0,0.0,2.17,10.65],"texture":"#o1"},"down":{"uv":[0.0,0.0,2.17,10.65],"rotation":180,"texture":"#o1"}}},{"from":[6.91547,11.71171,12.49097],"to":[9.08547,12.58171,13.46097],"rotation":{"angle":45.0,"axis":"x","origin":[8.00047,11.93171,12.97597]},"faces":{"north":{"uv":[0.0,0.0,2.17,0.87],"rotation":180,"texture":"#o1"},"south":{"uv":[0.0,0.0,2.17,0.87],"texture":"#o1"},"east":{"uv":[0.0,0.0,0.87,0.97],"rotation":90,"texture":"#o1"},"west":{"uv":[0.0,0.0,0.87,0.97],"rotation":270,"texture":"#o1"},"up":{"uv":[0.0,0.0,2.17,0.97],"texture":"#o1"},"down":{"uv":[0.0,0.0,2.17,0.97],"rotation":180,"texture":"#o1"}}},{"from":[7.01547,9.65171,3.59097],"to":[8.98547,12.19171,6.15097],"rotation":{"angle":0.0,"axis":"y","origin":[8.00047,12.69171,2.51597]},"faces":{"north":{"uv":[0.0,0.0,1.97,2.54],"rotation":180,"texture":"#o1"},"south":{"uv":[0.0,0.0,1.97,2.54],"texture":"#o1"},"east":{"uv":[0.0,0.0,2.54,2.56],"rotation":90,"texture":"#o1"},"west":{"uv":[0.0,0.0,2.54,2.56],"rotation":270,"texture":"#o1"},"up":{"uv":[0.0,0.0,1.97,2.56],"texture":"#o1"},"down":{"uv":[0.0,0.0,1.97,2.56],"rotation":180,"texture":"#o1"}}},{"from":[7.26547,8.84171,4.40097],"to":[8.73547,9.86171,4.66097],"rotation":{"angle":0.0,"axis":"y","origin":[8.00047,12.69171,2.51597]},"faces":{"north":{"uv":[0.0,0.0,1.47,1.02],"rotation":180,"texture":"#o1"},"south":{"uv":[0.0,0.0,1.47,1.02],"texture":"#o1"},"east":{"uv":[0.0,0.0,1.02,0.26],"rotation":90,"texture":"#o1"},"west":{"uv":[0.0,0.0,1.02,0.26],"rotation":270,"texture":"#o1"},"up":{"uv":[0.0,0.0,1.47,0.26],"texture":"#o1"},"down":{"uv":[0.0,0.0,1.47,0.26],"rotation":180,"texture":"#o1"}}},{"from":[7.11547,5.52171,11.22097],"to":[8.88547,12.59171,13.78097],"rotation":{"angle":-22.5,"axis":"x","origin":[8.00047,9.05671,12.50097]},"faces":{"north":{"uv":[0.0,0.0,1.77,7.07],"rotation":180,"texture":"#o1"},"south":{"uv":[0.0,0.0,1.77,7.07],"texture":"#o1"},"east":{"uv":[0.0,0.0,7.07,2.56],"rotation":90,"texture":"#o1"},"west":{"uv":[0.0,0.0,7.07,2.56],"rotation":270,"texture":"#o1"},"up":{"uv":[0.0,0.0,1.77,2.56],"texture":"#o1"},"down":{"uv":[0.0,0.0,1.77,2.56],"rotation":180,"texture":"#o1"}}},{"from":[7.41547,8.83171,6.54097],"to":[8.58547,9.01171,9.86097],"rotation":{"angle":0.0,"axis":"y","origin":[8.00047,12.46171,5.62597]},"faces":{"north":{"uv":[0.0,0.0,1.17,0.18],"rotation":180,"texture":"#o1"},"south":{"uv":[0.0,0.0,1.17,0.18],"texture":"#o1"},"east":{"uv":[0.0,0.0,0.18,3.32],"rotation":90,"texture":"#o1"},"west":{"uv":[0.0,0.0,0.18,3.32],"rotation":270,"texture":"#o1"},"up":{"uv":[0.0,0.0,1.17,3.32],"texture":"#o1"},"down":{"uv":[0.0,0.0,1.17,3.32],"rotation":180,"texture":"#o1"}}},{"from":[7.41547,8.79993,6.20118],"to":[8.58547,10.53993,6.38118],"rotation":{"angle":-22.5,"axis":"x","origin":[8.00047,9.66993,6.29118]},"faces":{"north":{"uv":[0.0,0.0,1.17,1.74],"texture":"#o1"},"south":{"uv":[0.0,0.0,1.17,1.74],"texture":"#o1"},"east":{"uv":[0.0,0.0,0.18,1.74],"texture":"#o1"},"west":{"uv":[0.0,0.0,0.18,1.74],"texture":"#o1"},"up":{"uv":[0.0,0.0,1.17,0.18],"texture":"#o1"},"down":{"uv":[0.0,0.0,1.17,0.18],"texture":"#o1"}}},{"from":[7.41547,8.20524,8.54148],"to":[8.58547,8.38524,10.28148],"rotation":{"angle":-22.5,"axis":"x","origin":[8.00047,11.83524,7.62648]},"faces":{"north":{"uv":[0.0,0.0,1.17,0.18],"rotation":180,"texture":"#o1"},"south":{"uv":[0.0,0.0,1.17,0.18],"texture":"#o1"},"east":{"uv":[0.0,0.0,0.18,1.74],"rotation":90,"texture":"#o1"},"west":{"uv":[0.0,0.0,0.18,1.74],"rotation":270,"texture":"#o1"},"up":{"uv":[0.0,0.0,1.17,1.74],"texture":"#o1"},"down":{"uv":[0.0,0.0,1.17,1.74],"rotation":180,"texture":"#o1"}}},{"from":[7.61547,9.42779,9.3403],"to":[8.38547,10.70779,9.6503],"rotation":{"angle":0.0,"axis":"y","origin":[8.00047,10.29779,9.4303]},"faces":{"north":{"uv":[0.0,0.0,0.77,1.28],"rotation":180,"texture":"#o1"},"south":{"uv":[0.0,0.0,0.77,1.28],"rotation":180,"texture":"#o1"},"east":{"uv":[0.0,0.0,0.31,1.28],"rotation":180,"texture":"#o1"},"west":{"uv":[0.0,0.0,0.31,1.28],"rotation":180,"texture":"#o1"},"up":{"uv":[0.0,0.0,0.77,0.31],"texture":"#o1"},"down":{"uv":[0.0,0.0,0.77,0.31],"texture":"#o1"}}},{"from":[7.61547,9.18787,9.34828],"to":[8.38547,9.48787,9.65828],"rotation":{"angle":22.5,"axis":"x","origin":[8.00047,9.47787,9.50328]},"faces":{"north":{"uv":[0.0,0.0,0.77,0.3],"rotation":180,"texture":"#o1"},"south":{"uv":[0.0,0.0,0.77,0.3],"rotation":180,"texture":"#o1"},"east":{"uv":[0.0,0.0,0.31,0.3],"rotation":180,"texture":"#o1"},"west":{"uv":[0.0,0.0,0.31,0.3],"rotation":180,"texture":"#o1"},"up":{"uv":[0.0,0.0,0.77,0.31],"texture":"#o1"},"down":{"uv":[0.0,0.0,0.77,0.31],"texture":"#o1"}}},{"from":[7.61547,8.99916,9.30983],"to":[8.38547,9.30916,9.46983],"rotation":{"angle":-45.0,"axis":"x","origin":[8.00047,9.15416,9.31983]},"faces":{"north":{"uv":[0.0,0.0,0.77,0.31],"rotation":180,"texture":"#o1"},"south":{"uv":[0.0,0.0,0.77,0.31],"texture":"#o1"},"east":{"uv":[0.0,0.0,0.31,0.16],"rotation":90,"texture":"#o1"},"west":{"uv":[0.0,0.0,0.31,0.16],"rotation":270,"texture":"#o1"},"up":{"uv":[0.0,0.0,0.77,0.16],"texture":"#o1"},"down":{"uv":[0.0,0.0,0.77,0.16],"rotation":180,"texture":"#o1"}}},{"from":[7.61547,10.50779,8.9803],"to":[8.38547,11.42779,9.7403],"rotation":{"angle":45.0,"axis":"x","origin":[8.00047,10.80279,9.3953]},"faces":{"north":{"uv":[0.0,0.0,0.77,0.92],"rotation":180,"texture":"#o1"},"south":{"uv":[0.0,0.0,0.77,0.92],"rotation":180,"texture":"#o1"},"east":{"uv":[0.0,0.0,0.76,0.92],"rotation":180,"texture":"#o1"},"west":{"uv":[0.0,0.0,0.76,0.92],"rotation":180,"texture":"#o1"},"up":{"uv":[0.0,0.0,0.77,0.76],"texture":"#o1"},"down":{"uv":[0.0,0.0,0.77,0.76],"texture":"#o1"}}},{"from":[6.91547,9.94171,1.82097],"to":[9.08547,12.19171,4.85097],"rotation":{"angle":22.5,"axis":"x","origin":[8.00047,12.69171,2.59597]},"faces":{"north":{"uv":[0.0,0.0,2.17,2.25],"rotation":180,"texture":"#o1"},"south":{"uv":[0.0,0.0,2.17,2.25],"texture":"#o1"},"east":{"uv":[0.0,0.0,2.25,3.03],"rotation":90,"texture":"#o1"},"west":{"uv":[0.0,0.0,2.25,3.03],"rotation":270,"texture":"#o1"},"up":{"uv":[0.0,0.0,2.17,3.03],"texture":"#o1"},"down":{"uv":[0.0,0.0,2.17,3.03],"rotation":180,"texture":"#o1"}}},{"from":[6.81547,12.64171,15.24097],"to":[9.18547,13.62171,16.93097],"rotation":{"angle":0.0,"axis":"y","origin":[8.00047,12.69171,2.51597]},"faces":{"north":{"uv":[0.0,0.0,2.37,0.98],"rotation":180,"texture":"#o1"},"south":{"uv":[0.0,0.0,2.37,0.98],"texture":"#o1"},"east":{"uv":[0.0,0.0,0.98,1.69],"rotation":90,"texture":"#o1"},"west":{"uv":[0.0,0.0,0.98,1.69],"rotation":270,"texture":"#o1"},"up":{"uv":[0.0,0.0,2.37,1.69],"texture":"#o1"},"down":{"uv":[0.0,0.0,2.37,1.69],"rotation":180,"texture":"#o1"}}},{"from":[7.94,13.43836,-9.18],"to":[8.06,13.49836,2.78],"rotation":{"angle":-45.0,"axis":"z","origin":[8.0,13.74,-8.68]},"faces":{"north":{"uv":[0.0,0.0,1.0,1.0],"texture":"#o1"},"south":{"uv":[0.0,0.0,1.0,1.0],"texture":"#o1"},"east":{"uv":[0.0,0.0,1.0,1.0],"texture":"#o1"},"west":{"uv":[0.0,0.0,1.0,1.0],"texture":"#o1"},"up":{"uv":[0.0,0.0,1.0,1.0],"texture":"#o1"},"down":{"uv":[0.0,0.0,1.0,1.0],"texture":"#o1"}}},{"from":[7.94,13.43836,-9.18],"to":[8.06,13.49836,2.78],"rotation":{"angle":-22.5,"axis":"z","origin":[8.0,13.74,-8.68]},"faces":{"north":{"uv":[0.0,0.0,1.0,1.0],"texture":"#o1"},"south":{"uv":[0.0,0.0,1.0,1.0],"texture":"#o1"},"east":{"uv":[0.0,0.0,1.0,1.0],"texture":"#o1"},"west":{"uv":[0.0,0.0,1.0,1.0],"texture":"#o1"},"up":{"uv":[0.0,0.0,1.0,1.0],"texture":"#o1"},"down":{"uv":[0.0,0.0,1.0,1.0],"texture":"#o1"}}},{"from":[7.94,13.43836,-9.18],"to":[8.06,13.49836,2.78],"rotation":{"angle":0.0,"axis":"y","origin":[8.0,13.74,-8.68]},"faces":{"north":{"uv":[0.0,0.0,1.0,1.0],"texture":"#o1"},"south":{"uv":[0.0,0.0,1.0,1.0],"texture":"#o1"},"east":{"uv":[0.0,0.0,1.0,1.0],"texture":"#o1"},"west":{"uv":[0.0,0.0,1.0,1.0],"texture":"#o1"},"up":{"uv":[0.0,0.0,1.0,1.0],"texture":"#o1"},"down":{"uv":[0.0,0.0,1.0,1.0],"texture":"#o1"}}},{"from":[7.94,13.43836,-9.18],"to":[8.06,13.49836,2.78],"rotation":{"angle":22.5,"axis":"z","origin":[8.0,13.74,-8.68]},"faces":{"north":{"uv":[0.0,0.0,1.0,1.0],"texture":"#o1"},"south":{"uv":[0.0,0.0,1.0,1.0],"texture":"#o1"},"east":{"uv":[0.0,0.0,1.0,1.0],"texture":"#o1"},"west":{"uv":[0.0,0.0,1.0,1.0],"texture":"#o1"},"up":{"uv":[0.0,0.0,1.0,1.0],"texture":"#o1"},"down":{"uv":[0.0,0.0,1.0,1.0],"texture":"#o1"}}},{"from":[7.94,13.43836,-9.18],"to":[8.06,13.49836,2.78],"rotation":{"angle":45.0,"axis":"z","origin":[8.0,13.74,-8.68]},"faces":{"north":{"uv":[0.0,0.0,1.0,1.0],"texture":"#o1"},"south":{"uv":[0.0,0.0,1.0,1.0],"texture":"#o1"},"east":{"uv":[0.0,0.0,1.0,1.0],"texture":"#o1"},"west":{"uv":[0.0,0.0,1.0,1.0],"texture":"#o1"},"up":{"uv":[0.0,0.0,1.0,1.0],"texture":"#o1"},"down":{"uv":[0.0,0.0,1.0,1.0],"texture":"#o1"}}},{"from":[7.94,13.98164,-9.18],"to":[8.06,14.04164,2.78],"rotation":{"angle":-45.0,"axis":"z","origin":[8.0,13.74,-8.68]},"faces":{"north":{"uv":[0.0,0.0,1.0,1.0],"texture":"#o1"},"south":{"uv":[0.0,0.0,1.0,1.0],"texture":"#o1"},"east":{"uv":[0.0,0.0,1.0,1.0],"texture":"#o1"},"west":{"uv":[0.0,0.0,1.0,1.0],"texture":"#o1"},"up":{"uv":[0.0,0.0,1.0,1.0],"texture":"#o1"},"down":{"uv":[0.0,0.0,1.0,1.0],"texture":"#o1"}}},{"from":[7.94,13.98164,-9.18],"to":[8.06,14.04164,2.78],"rotation":{"angle":-22.5,"axis":"z","origin":[8.0,13.74,-8.68]},"faces":{"north":{"uv":[0.0,0.0,1.0,1.0],"texture":"#o1"},"south":{"uv":[0.0,0.0,1.0,1.0],"texture":"#o1"},"east":{"uv":[0.0,0.0,1.0,1.0],"texture":"#o1"},"west":{"uv":[0.0,0.0,1.0,1.0],"texture":"#o1"},"up":{"uv":[0.0,0.0,1.0,1.0],"texture":"#o1"},"down":{"uv":[0.0,0.0,1.0,1.0],"texture":"#o1"}}},{"from":[7.94,13.98164,-9.18],"to":[8.06,14.04164,2.78],"rotation":{"angle":0.0,"axis":"y","origin":[8.0,13.74,-8.68]},"faces":{"north":{"uv":[0.0,0.0,1.0,1.0],"texture":"#o1"},"south":{"uv":[0.0,0.0,1.0,1.0],"texture":"#o1"},"east":{"uv":[0.0,0.0,1.0,1.0],"texture":"#o1"},"west":{"uv":[0.0,0.0,1.0,1.0],"texture":"#o1"},"up":{"uv":[0.0,0.0,1.0,1.0],"texture":"#o1"},"down":{"uv":[0.0,0.0,1.0,1.0],"texture":"#o1"}}},{"from":[7.94,13.98164,-9.18],"to":[8.06,14.04164,2.78],"rotation":{"angle":22.5,"axis":"z","origin":[8.0,13.74,-8.68]},"faces":{"north":{"uv":[0.0,0.0,1.0,1.0],"texture":"#o1"},"south":{"uv":[0.0,0.0,1.0,1.0],"texture":"#o1"},"east":{"uv":[0.0,0.0,1.0,1.0],"texture":"#o1"},"west":{"uv":[0.0,0.0,1.0,1.0],"texture":"#o1"},"up":{"uv":[0.0,0.0,1.0,1.0],"texture":"#o1"},"down":{"uv":[0.0,0.0,1.0,1.0],"texture":"#o1"}}},{"from":[7.94,13.98164,-9.18],"to":[8.06,14.04164,2.78],"rotation":{"angle":45.0,"axis":"z","origin":[8.0,13.74,-8.68]},"faces":{"north":{"uv":[0.0,0.0,1.0,1.0],"texture":"#o1"},"south":{"uv":[0.0,0.0,1.0,1.0],"texture":"#o1"},"east":{"uv":[0.0,0.0,1.0,1.0],"texture":"#o1"},"west":{"uv":[0.0,0.0,1.0,1.0],"texture":"#o1"},"up":{"uv":[0.0,0.0,1.0,1.0],"texture":"#o1"},"down":{"uv":[0.0,0.0,1.0,1.0],"texture":"#o1"}}},{"from":[7.69836,13.68,-9.18],"to":[7.75836,13.8,2.78],"rotation":{"angle":-22.5,"axis":"z","origin":[8.0,13.74,-8.68]},"faces":{"north":{"uv":[0.0,0.0,1.0,1.0],"texture":"#o1"},"south":{"uv":[0.0,0.0,1.0,1.0],"texture":"#o1"},"east":{"uv":[0.0,0.0,1.0,1.0],"texture":"#o1"},"west":{"uv":[0.0,0.0,1.0,1.0],"texture":"#o1"},"up":{"uv":[0.0,0.0,1.0,1.0],"texture":"#o1"},"down":{"uv":[0.0,0.0,1.0,1.0],"texture":"#o1"}}},{"from":[7.69836,13.68,-9.18],"to":[7.75836,13.8,2.78],"rotation":{"angle":0.0,"axis":"y","origin":[8.0,13.74,-8.68]},"faces":{"north":{"uv":[0.0,0.0,1.0,1.0],"texture":"#o1"},"south":{"uv":[0.0,0.0,1.0,1.0],"texture":"#o1"},"east":{"uv":[0.0,0.0,1.0,1.0],"texture":"#o1"},"west":{"uv":[0.0,0.0,1.0,1.0],"texture":"#o1"},"up":{"uv":[0.0,0.0,1.0,1.0],"texture":"#o1"},"down":{"uv":[0.0,0.0,1.0,1.0],"texture":"#o1"}}},{"from":[7.69836,13.68,-9.18],"to":[7.75836,13.8,2.78],"rotation":{"angle":22.5,"axis":"z","origin":[8.0,13.74,-8.68]},"faces":{"north":{"uv":[0.0,0.0,1.0,1.0],"texture":"#o1"},"south":{"uv":[0.0,0.0,1.0,1.0],"texture":"#o1"},"east":{"uv":[0.0,0.0,1.0,1.0],"texture":"#o1"},"west":{"uv":[0.0,0.0,1.0,1.0],"texture":"#o1"},"up":{"uv":[0.0,0.0,1.0,1.0],"texture":"#o1"},"down":{"uv":[0.0,0.0,1.0,1.0],"texture":"#o1"}}},{"from":[8.24164,13.68,-9.18],"to":[8.30164,13.8,2.78],"rotation":{"angle":-22.5,"axis":"z","origin":[8.0,13.74,-8.68]},"faces":{"north":{"uv":[0.0,0.0,1.0,1.0],"texture":"#o1"},"south":{"uv":[0.0,0.0,1.0,1.0],"texture":"#o1"},"east":{"uv":[0.0,0.0,1.0,1.0],"texture":"#o1"},"west":{"uv":[0.0,0.0,1.0,1.0],"texture":"#o1"},"up":{"uv":[0.0,0.0,1.0,1.0],"texture":"#o1"},"down":{"uv":[0.0,0.0,1.0,1.0],"texture":"#o1"}}},{"from":[8.24164,13.68,-9.18],"to":[8.30164,13.8,2.78],"rotation":{"angle":0.0,"axis":"y","origin":[8.0,13.74,-8.68]},"faces":{"north":{"uv":[0.0,0.0,1.0,1.0],"texture":"#o1"},"south":{"uv":[0.0,0.0,1.0,1.0],"texture":"#o1"},"east":{"uv":[0.0,0.0,1.0,1.0],"texture":"#o1"},"west":{"uv":[0.0,0.0,1.0,1.0],"texture":"#o1"},"up":{"uv":[0.0,0.0,1.0,1.0],"texture":"#o1"},"down":{"uv":[0.0,0.0,1.0,1.0],"texture":"#o1"}}},{"from":[8.24164,13.68,-9.18],"to":[8.30164,13.8,2.78],"rotation":{"angle":22.5,"axis":"z","origin":[8.0,13.74,-8.68]},"faces":{"north":{"uv":[0.0,0.0,1.0,1.0],"texture":"#o1"},"south":{"uv":[0.0,0.0,1.0,1.0],"texture":"#o1"},"east":{"uv":[0.0,0.0,1.0,1.0],"texture":"#o1"},"west":{"uv":[0.0,0.0,1.0,1.0],"texture":"#o1"},"up":{"uv":[0.0,0.0,1.0,1.0],"texture":"#o1"},"down":{"uv":[0.0,0.0,1.0,1.0],"texture":"#o1"}}},{"from":[7.95,13.49863,-10.59],"to":[8.05,13.55863,2.98],"rotation":{"angle":-45.0,"axis":"z","origin":[8.0,13.75,-10.09]},"faces":{"north":{"uv":[0.0,0.0,1.0,1.0],"texture":"#o1"},"south":{"uv":[0.0,0.0,1.0,1.0],"texture":"#o1"},"east":{"uv":[0.0,0.0,1.0,1.0],"texture":"#o1"},"west":{"uv":[0.0,0.0,1.0,1.0],"texture":"#o1"},"up":{"uv":[0.0,0.0,1.0,1.0],"texture":"#o1"},"down":{"uv":[0.0,0.0,1.0,1.0],"texture":"#o1"}}},{"from":[7.95,13.49863,-10.59],"to":[8.05,13.55863,2.98],"rotation":{"angle":-22.5,"axis":"z","origin":[8.0,13.75,-10.09]},"faces":{"north":{"uv":[0.0,0.0,1.0,1.0],"texture":"#o1"},"south":{"uv":[0.0,0.0,1.0,1.0],"texture":"#o1"},"east":{"uv":[0.0,0.0,1.0,1.0],"texture":"#o1"},"west":{"uv":[0.0,0.0,1.0,1.0],"texture":"#o1"},"up":{"uv":[0.0,0.0,1.0,1.0],"texture":"#o1"},"down":{"uv":[0.0,0.0,1.0,1.0],"texture":"#o1"}}},{"from":[7.95,13.49863,-10.59],"to":[8.05,13.55863,2.98],"rotation":{"angle":0.0,"axis":"y","origin":[8.0,13.75,-10.09]},"faces":{"north":{"uv":[0.0,0.0,1.0,1.0],"texture":"#o1"},"south":{"uv":[0.0,0.0,1.0,1.0],"texture":"#o1"},"east":{"uv":[0.0,0.0,1.0,1.0],"texture":"#o1"},"west":{"uv":[0.0,0.0,1.0,1.0],"texture":"#o1"},"up":{"uv":[0.0,0.0,1.0,1.0],"texture":"#o1"},"down":{"uv":[0.0,0.0,1.0,1.0],"texture":"#o1"}}},{"from":[7.95,13.49863,-10.59],"to":[8.05,13.55863,2.98],"rotation":{"angle":22.5,"axis":"z","origin":[8.0,13.75,-10.09]},"faces":{"north":{"uv":[0.0,0.0,1.0,1.0],"texture":"#o1"},"south":{"uv":[0.0,0.0,1.0,1.0],"texture":"#o1"},"east":{"uv":[0.0,0.0,1.0,1.0],"texture":"#o1"},"west":{"uv":[0.0,0.0,1.0,1.0],"texture":"#o1"},"up":{"uv":[0.0,0.0,1.0,1.0],"texture":"#o1"},"down":{"uv":[0.0,0.0,1.0,1.0],"texture":"#o1"}}},{"from":[7.95,13.49863,-10.59],"to":[8.05,13.55863,2.98],"rotation":{"angle":45.0,"axis":"z","origin":[8.0,13.75,-10.09]},"faces":{"north":{"uv":[0.0,0.0,1.0,1.0],"texture":"#o1"},"south":{"uv":[0.0,0.0,1.0,1.0],"texture":"#o1"},"east":{"uv":[0.0,0.0,1.0,1.0],"texture":"#o1"},"west":{"uv":[0.0,0.0,1.0,1.0],"texture":"#o1"},"up":{"uv":[0.0,0.0,1.0,1.0],"texture":"#o1"},"down":{"uv":[0.0,0.0,1.0,1.0],"texture":"#o1"}}},{"from":[7.95,13.94137,-10.59],"to":[8.05,14.00137,2.98],"rotation":{"angle":-45.0,"axis":"z","origin":[8.0,13.75,-10.09]},"faces":{"north":{"uv":[0.0,0.0,1.0,1.0],"texture":"#o1"},"south":{"uv":[0.0,0.0,1.0,1.0],"texture":"#o1"},"east":{"uv":[0.0,0.0,1.0,1.0],"texture":"#o1"},"west":{"uv":[0.0,0.0,1.0,1.0],"texture":"#o1"},"up":{"uv":[0.0,0.0,1.0,1.0],"texture":"#o1"},"down":{"uv":[0.0,0.0,1.0,1.0],"texture":"#o1"}}},{"from":[7.95,13.94137,-10.59],"to":[8.05,14.00137,2.98],"rotation":{"angle":-22.5,"axis":"z","origin":[8.0,13.75,-10.09]},"faces":{"north":{"uv":[0.0,0.0,1.0,1.0],"texture":"#o1"},"south":{"uv":[0.0,0.0,1.0,1.0],"texture":"#o1"},"east":{"uv":[0.0,0.0,1.0,1.0],"texture":"#o1"},"west":{"uv":[0.0,0.0,1.0,1.0],"texture":"#o1"},"up":{"uv":[0.0,0.0,1.0,1.0],"texture":"#o1"},"down":{"uv":[0.0,0.0,1.0,1.0],"texture":"#o1"}}},{"from":[7.95,13.94137,-10.59],"to":[8.05,14.00137,2.98],"rotation":{"angle":0.0,"axis":"y","origin":[8.0,13.75,-10.09]},"faces":{"north":{"uv":[0.0,0.0,1.0,1.0],"texture":"#o1"},"south":{"uv":[0.0,0.0,1.0,1.0],"texture":"#o1"},"east":{"uv":[0.0,0.0,1.0,1.0],"texture":"#o1"},"west":{"uv":[0.0,0.0,1.0,1.0],"texture":"#o1"},"up":{"uv":[0.0,0.0,1.0,1.0],"texture":"#o1"},"down":{"uv":[0.0,0.0,1.0,1.0],"texture":"#o1"}}},{"from":[7.95,13.94137,-10.59],"to":[8.05,14.00137,2.98],"rotation":{"angle":22.5,"axis":"z","origin":[8.0,13.75,-10.09]},"faces":{"north":{"uv":[0.0,0.0,1.0,1.0],"texture":"#o1"},"south":{"uv":[0.0,0.0,1.0,1.0],"texture":"#o1"},"east":{"uv":[0.0,0.0,1.0,1.0],"texture":"#o1"},"west":{"uv":[0.0,0.0,1.0,1.0],"texture":"#o1"},"up":{"uv":[0.0,0.0,1.0,1.0],"texture":"#o1"},"down":{"uv":[0.0,0.0,1.0,1.0],"texture":"#o1"}}},{"from":[7.95,13.94137,-10.59],"to":[8.05,14.00137,2.98],"rotation":{"angle":45.0,"axis":"z","origin":[8.0,13.75,-10.09]},"faces":{"north":{"uv":[0.0,0.0,1.0,1.0],"texture":"#o1"},"south":{"uv":[0.0,0.0,1.0,1.0],"texture":"#o1"},"east":{"uv":[0.0,0.0,1.0,1.0],"texture":"#o1"},"west":{"uv":[0.0,0.0,1.0,1.0],"texture":"#o1"},"up":{"uv":[0.0,0.0,1.0,1.0],"texture":"#o1"},"down":{"uv":[0.0,0.0,1.0,1.0],"texture":"#o1"}}},{"from":[7.74863,13.7,-10.59],"to":[7.80863,13.8,2.98],"rotation":{"angle":-22.5,"axis":"z","origin":[8.0,13.75,-10.09]},"faces":{"north":{"uv":[0.0,0.0,1.0,1.0],"texture":"#o1"},"south":{"uv":[0.0,0.0,1.0,1.0],"texture":"#o1"},"east":{"uv":[0.0,0.0,1.0,1.0],"texture":"#o1"},"west":{"uv":[0.0,0.0,1.0,1.0],"texture":"#o1"},"up":{"uv":[0.0,0.0,1.0,1.0],"texture":"#o1"},"down":{"uv":[0.0,0.0,1.0,1.0],"texture":"#o1"}}},{"from":[7.74863,13.7,-10.59],"to":[7.80863,13.8,2.98],"rotation":{"angle":0.0,"axis":"y","origin":[8.0,13.75,-10.09]},"faces":{"north":{"uv":[0.0,0.0,1.0,1.0],"texture":"#o1"},"south":{"uv":[0.0,0.0,1.0,1.0],"texture":"#o1"},"east":{"uv":[0.0,0.0,1.0,1.0],"texture":"#o1"},"west":{"uv":[0.0,0.0,1.0,1.0],"texture":"#o1"},"up":{"uv":[0.0,0.0,1.0,1.0],"texture":"#o1"},"down":{"uv":[0.0,0.0,1.0,1.0],"texture":"#o1"}}},{"from":[7.74863,13.7,-10.59],"to":[7.80863,13.8,2.98],"rotation":{"angle":22.5,"axis":"z","origin":[8.0,13.75,-10.09]},"faces":{"north":{"uv":[0.0,0.0,1.0,1.0],"texture":"#o1"},"south":{"uv":[0.0,0.0,1.0,1.0],"texture":"#o1"},"east":{"uv":[0.0,0.0,1.0,1.0],"texture":"#o1"},"west":{"uv":[0.0,0.0,1.0,1.0],"texture":"#o1"},"up":{"uv":[0.0,0.0,1.0,1.0],"texture":"#o1"},"down":{"uv":[0.0,0.0,1.0,1.0],"texture":"#o1"}}},{"from":[8.19137,13.7,-10.59],"to":[8.25137,13.8,2.98],"rotation":{"angle":-22.5,"axis":"z","origin":[8.0,13.75,-10.09]},"faces":{"north":{"uv":[0.0,0.0,1.0,1.0],"texture":"#o1"},"south":{"uv":[0.0,0.0,1.0,1.0],"texture":"#o1"},"east":{"uv":[0.0,0.0,1.0,1.0],"texture":"#o1"},"west":{"uv":[0.0,0.0,1.0,1.0],"texture":"#o1"},"up":{"uv":[0.0,0.0,1.0,1.0],"texture":"#o1"},"down":{"uv":[0.0,0.0,1.0,1.0],"texture":"#o1"}}},{"from":[8.19137,13.7,-10.59],"to":[8.25137,13.8,2.98],"rotation":{"angle":0.0,"axis":"y","origin":[8.0,13.75,-10.09]},"faces":{"north":{"uv":[0.0,0.0,1.0,1.0],"texture":"#o1"},"south":{"uv":[0.0,0.0,1.0,1.0],"texture":"#o1"},"east":{"uv":[0.0,0.0,1.0,1.0],"texture":"#o1"},"west":{"uv":[0.0,0.0,1.0,1.0],"texture":"#o1"},"up":{"uv":[0.0,0.0,1.0,1.0],"texture":"#o1"},"down":{"uv":[0.0,0.0,1.0,1.0],"texture":"#o1"}}},{"from":[8.19137,13.7,-10.59],"to":[8.25137,13.8,2.98],"rotation":{"angle":22.5,"axis":"z","origin":[8.0,13.75,-10.09]},"faces":{"north":{"uv":[0.0,0.0,1.0,1.0],"texture":"#o1"},"south":{"uv":[0.0,0.0,1.0,1.0],"texture":"#o1"},"east":{"uv":[0.0,0.0,1.0,1.0],"texture":"#o1"},"west":{"uv":[0.0,0.0,1.0,1.0],"texture":"#o1"},"up":{"uv":[0.0,0.0,1.0,1.0],"texture":"#o1"},"down":{"uv":[0.0,0.0,1.0,1.0],"texture":"#o1"}}},{"from":[7.26547,2.63195,-2.9799],"to":[8.73547,6.84195,-0.4399],"rotation":{"angle":45.0,"axis":"x","origin":[8.00047,3.34195,-1.7099]},"faces":{"north":{"uv":[0.0,0.0,1.47,4.21],"rotation":180,"texture":"#o1"},"south":{"uv":[0.0,0.0,1.47,4.21],"texture":"#o1"},"east":{"uv":[0.0,0.0,4.21,2.54],"rotation":90,"texture":"#o1"},"west":{"uv":[0.0,0.0,4.21,2.54],"rotation":270,"texture":"#o1"},"up":{"uv":[0.0,0.0,1.47,2.54],"texture":"#o1"},"down":{"uv":[0.0,0.0,1.47,2.54],"rotation":180,"texture":"#o1"}}},{"from":[7.26547,5.19171,2.16097],"to":[8.73547,12.19171,4.70097],"rotation":{"angle":22.5,"axis":"x","origin":[8.00047,12.69171,2.49597]},"faces":{"north":{"uv":[0.0,0.0,1.47,7.0],"rotation":180,"texture":"#o1"},"south":{"uv":[0.0,0.0,1.47,7.0],"texture":"#o1"},"east":{"uv":[0.0,0.0,7.0,2.54],"rotation":90,"texture":"#o1"},"west":{"uv":[0.0,0.0,7.0,2.54],"rotation":270,"texture":"#o1"},"up":{"uv":[0.0,0.0,1.47,2.54],"texture":"#o1"},"down":{"uv":[0.0,0.0,1.47,2.54],"rotation":180,"texture":"#o1"}}},{"from":[7.94033,13.45,-16.0],"to":[8.05967,13.55,-9.3],"rotation":{"angle":-45.0,"axis":"z","origin":[8.0,13.75,-10.0]},"faces":{"north":{"uv":[1.0,1.0,2.0,2.0],"texture":"#o5"},"south":{"uv":[1.0,1.0,2.0,2.0],"texture":"#o5"},"up":{"uv":[1.0,1.0,2.0,2.0],"texture":"#o5"},"down":{"uv":[1.0,1.0,2.0,2.0],"texture":"#o5"}}},{"from":[7.94033,13.45,-16.0],"to":[8.05967,13.55,-9.3],"rotation":{"angle":-22.5,"axis":"z","origin":[8.0,13.75,-10.0]},"faces":{"north":{"uv":[1.0,1.0,2.0,2.0],"texture":"#o5"},"south":{"uv":[1.0,1.0,2.0,2.0],"texture":"#o5"},"up":{"uv":[1.0,1.0,2.0,2.0],"texture":"#o5"},"down":{"uv":[1.0,1.0,2.0,2.0],"texture":"#o5"}}},{"from":[7.94033,13.45,-16.0],"to":[8.05967,13.55,-9.3],"rotation":{"angle":0.0,"axis":"z","origin":[8.0,13.75,-10.0]},"faces":{"north":{"uv":[1.0,1.0,2.0,2.0],"texture":"#o5"},"south":{"uv":[1.0,1.0,2.0,2.0],"texture":"#o5"},"up":{"uv":[1.0,1.0,2.0,2.0],"texture":"#o5"},"down":{"uv":[1.0,1.0,2.0,2.0],"texture":"#o5"}}},{"from":[7.94033,13.45,-16.0],"to":[8.05967,13.55,-9.3],"rotation":{"angle":22.5,"axis":"z","origin":[8.0,13.75,-10.0]},"faces":{"north":{"uv":[1.0,1.0,2.0,2.0],"texture":"#o5"},"south":{"uv":[1.0,1.0,2.0,2.0],"texture":"#o5"},"up":{"uv":[1.0,1.0,2.0,2.0],"texture":"#o5"},"down":{"uv":[1.0,1.0,2.0,2.0],"texture":"#o5"}}},{"from":[7.94033,13.45,-16.0],"to":[8.05967,13.55,-9.3],"rotation":{"angle":45.0,"axis":"z","origin":[8.0,13.75,-10.0]},"faces":{"north":{"uv":[1.0,1.0,2.0,2.0],"texture":"#o5"},"south":{"uv":[1.0,1.0,2.0,2.0],"texture":"#o5"},"up":{"uv":[1.0,1.0,2.0,2.0],"texture":"#o5"},"down":{"uv":[1.0,1.0,2.0,2.0],"texture":"#o5"}}},{"from":[7.94033,13.95,-16.0],"to":[8.05967,14.05,-9.3],"rotation":{"angle":-45.0,"axis":"z","origin":[8.0,13.75,-10.0]},"faces":{"north":{"uv":[1.0,1.0,2.0,2.0],"texture":"#o5"},"south":{"uv":[1.0,1.0,2.0,2.0],"texture":"#o5"},"up":{"uv":[1.0,1.0,2.0,2.0],"texture":"#o5"},"down":{"uv":[1.0,1.0,2.0,2.0],"texture":"#o5"}}},{"from":[7.94033,13.95,-16.0],"to":[8.05967,14.05,-9.3],"rotation":{"angle":-22.5,"axis":"z","origin":[8.0,13.75,-10.0]},"faces":{"north":{"uv":[1.0,1.0,2.0,2.0],"texture":"#o5"},"south":{"uv":[1.0,1.0,2.0,2.0],"texture":"#o5"},"up":{"uv":[1.0,1.0,2.0,2.0],"texture":"#o5"},"down":{"uv":[1.0,1.0,2.0,2.0],"texture":"#o5"}}},{"from":[7.94033,13.95,-16.0],"to":[8.05967,14.05,-9.3],"rotation":{"angle":0.0,"axis":"z","origin":[8.0,13.75,-10.0]},"faces":{"north":{"uv":[1.0,1.0,2.0,2.0],"texture":"#o5"},"south":{"uv":[1.0,1.0,2.0,2.0],"texture":"#o5"},"up":{"uv":[1.0,1.0,2.0,2.0],"texture":"#o5"},"down":{"uv":[1.0,1.0,2.0,2.0],"texture":"#o5"}}},{"from":[7.94033,13.95,-16.0],"to":[8.05967,14.05,-9.3],"rotation":{"angle":22.5,"axis":"z","origin":[8.0,13.75,-10.0]},"faces":{"north":{"uv":[1.0,1.0,2.0,2.0],"texture":"#o5"},"south":{"uv":[1.0,1.0,2.0,2.0],"texture":"#o5"},"up":{"uv":[1.0,1.0,2.0,2.0],"texture":"#o5"},"down":{"uv":[1.0,1.0,2.0,2.0],"texture":"#o5"}}},{"from":[7.94033,13.95,-16.0],"to":[8.05967,14.05,-9.3],"rotation":{"angle":45.0,"axis":"z","origin":[8.0,13.75,-10.0]},"faces":{"north":{"uv":[1.0,1.0,2.0,2.0],"texture":"#o5"},"south":{"uv":[1.0,1.0,2.0,2.0],"texture":"#o5"},"up":{"uv":[1.0,1.0,2.0,2.0],"texture":"#o5"},"down":{"uv":[1.0,1.0,2.0,2.0],"texture":"#o5"}}},{"from":[7.7,13.69033,-16.0],"to":[7.8,13.80967,-9.3],"rotation":{"angle":-22.5,"axis":"z","origin":[8.0,13.75,-10.0]},"faces":{"north":{"uv":[1.0,1.0,2.0,2.0],"texture":"#o5"},"south":{"uv":[1.0,1.0,2.0,2.0],"texture":"#o5"},"east":{"uv":[1.0,1.0,2.0,2.0],"texture":"#o5"},"west":{"uv":[1.0,1.0,2.0,2.0],"texture":"#o5"}}},{"from":[7.7,13.69033,-16.0],"to":[7.8,13.80967,-9.3],"rotation":{"angle":0.0,"axis":"z","origin":[8.0,13.75,-10.0]},"faces":{"north":{"uv":[1.0,1.0,2.0,2.0],"texture":"#o5"},"south":{"uv":[1.0,1.0,2.0,2.0],"texture":"#o5"},"east":{"uv":[1.0,1.0,2.0,2.0],"texture":"#o5"},"west":{"uv":[1.0,1.0,2.0,2.0],"texture":"#o5"}}},{"from":[7.7,13.69033,-16.0],"to":[7.8,13.80967,-9.3],"rotation":{"angle":22.5,"axis":"z","origin":[8.0,13.75,-10.0]},"faces":{"north":{"uv":[1.0,1.0,2.0,2.0],"texture":"#o5"},"south":{"uv":[1.0,1.0,2.0,2.0],"texture":"#o5"},"east":{"uv":[1.0,1.0,2.0,2.0],"texture":"#o5"},"west":{"uv":[1.0,1.0,2.0,2.0],"texture":"#o5"}}},{"from":[8.2,13.69033,-16.0],"to":[8.3,13.80967,-9.3],"rotation":{"angle":-22.5,"axis":"z","origin":[8.0,13.75,-10.0]},"faces":{"north":{"uv":[1.0,1.0,2.0,2.0],"texture":"#o5"},"south":{"uv":[1.0,1.0,2.0,2.0],"texture":"#o5"},"east":{"uv":[1.0,1.0,2.0,2.0],"texture":"#o5"},"west":{"uv":[1.0,1.0,2.0,2.0],"texture":"#o5"}}},{"from":[8.2,13.69033,-16.0],"to":[8.3,13.80967,-9.3],"rotation":{"angle":0.0,"axis":"z","origin":[8.0,13.75,-10.0]},"faces":{"north":{"uv":[1.0,1.0,2.0,2.0],"texture":"#o5"},"south":{"uv":[1.0,1.0,2.0,2.0],"texture":"#o5"},"east":{"uv":[1.0,1.0,2.0,2.0],"texture":"#o5"},"west":{"uv":[1.0,1.0,2.0,2.0],"texture":"#o5"}}},{"from":[8.2,13.69033,-16.0],"to":[8.3,13.80967,-9.3],"rotation":{"angle":22.5,"axis":"z","origin":[8.0,13.75,-10.0]},"faces":{"north":{"uv":[1.0,1.0,2.0,2.0],"texture":"#o5"},"south":{"uv":[1.0,1.0,2.0,2.0],"texture":"#o5"},"east":{"uv":[1.0,1.0,2.0,2.0],"texture":"#o5"},"west":{"uv":[1.0,1.0,2.0,2.0],"texture":"#o5"}}},{"from":[7.39042,6.96928,-5.40282],"to":[11.2765,12.15072,15.32294],"rotation":{"angle":-22.5,"axis":"y","origin":[8.86006,9.56,-4.83079]},"faces":{"north":{"uv":[13.75,12.0,14.5,13.0],"rotation":270,"texture":"#o4"},"south":{"uv":[13.75,13.0,13.0,12.0],"texture":"#o4"},"east":{"uv":[12.0,13.0,13.0,16.0],"rotation":270,"texture":"#o4"},"west":{"uv":[14.75,16.0,13.75,13.0],"rotation":270,"texture":"#o4"},"up":{"uv":[13.0,13.0,13.75,16.0],"rotation":180,"texture":"#o4"},"down":{"uv":[14.75,13.0,15.5,16.0],"texture":"#o4"}}},{"from":[7.64386,7.3072,-4.05114],"to":[11.02306,11.8128,13.97126],"rotation":{"angle":-22.5,"axis":"y","origin":[8.86006,9.56,-4.83079]},"faces":{"north":{"uv":[9.75,12.0,10.5,13.0],"rotation":270,"texture":"#o4"},"south":{"uv":[9.75,13.0,9.0,12.0],"texture":"#o4"},"east":{"uv":[8.0,13.0,9.0,16.0],"rotation":270,"texture":"#o4"},"west":{"uv":[10.75,16.0,9.75,13.0],"rotation":270,"texture":"#o4"},"up":{"uv":[9.0,13.0,9.75,16.0],"rotation":180,"texture":"#o4"},"down":{"uv":[10.75,13.0,11.5,16.0],"texture":"#o4"}}},{"from":[7.94033,16.97,13.6],"to":[8.05967,17.12,13.7],"rotation":{"angle":-45.0,"axis":"z","origin":[8.0,17.37,13.4]},"faces":{"north":{"uv":[1.0,1.0,2.0,2.0],"texture":"#o1"},"south":{"uv":[1.0,1.0,2.0,2.0],"texture":"#o1"},"up":{"uv":[1.0,1.0,2.0,2.0],"texture":"#o1"}}},{"from":[7.94033,17.07,13.6],"to":[8.05967,17.12,13.7],"rotation":{"angle":-22.5,"axis":"z","origin":[8.0,17.37,13.4]},"faces":{"north":{"uv":[1.0,1.0,2.0,2.0],"texture":"#o1"},"south":{"uv":[1.0,1.0,2.0,2.0],"texture":"#o1"},"up":{"uv":[1.0,1.0,2.0,2.0],"texture":"#o1"}}},{"from":[7.64033,16.67,13.6],"to":[8.35967,17.12,13.7],"rotation":{"angle":0.0,"axis":"z","origin":[8.0,17.37,13.4]},"faces":{"north":{"uv":[1.0,1.0,2.0,2.0],"texture":"#o1"},"south":{"uv":[1.0,1.0,2.0,2.0],"texture":"#o1"},"east":{"uv":[1.0,1.0,2.0,2.0],"texture":"#o1"},"west":{"uv":[1.0,1.0,2.0,2.0],"texture":"#o1"},"up":{"uv":[1.0,1.0,2.0,2.0],"texture":"#o1"}}},{"from":[7.94033,17.07,13.6],"to":[8.05967,17.12,13.7],"rotation":{"angle":22.5,"axis":"z","origin":[8.0,17.37,13.4]},"faces":{"north":{"uv":[1.0,1.0,2.0,2.0],"texture":"#o1"},"south":{"uv":[1.0,1.0,2.0,2.0],"texture":"#o1"},"up":{"uv":[1.0,1.0,2.0,2.0],"texture":"#o1"}}},{"from":[7.94033,16.97,13.6],"to":[8.05967,17.12,13.7],"rotation":{"angle":45.0,"axis":"z","origin":[8.0,17.37,13.4]},"faces":{"north":{"uv":[1.0,1.0,2.0,2.0],"texture":"#o1"},"south":{"uv":[1.0,1.0,2.0,2.0],"texture":"#o1"},"up":{"uv":[1.0,1.0,2.0,2.0],"texture":"#o1"}}},{"from":[7.94033,17.62,13.6],"to":[8.05967,17.77,13.7],"rotation":{"angle":-45.0,"axis":"z","origin":[8.0,17.37,13.4]},"faces":{"north":{"uv":[1.0,1.0,2.0,2.0],"texture":"#o1"},"south":{"uv":[1.0,1.0,2.0,2.0],"texture":"#o1"},"down":{"uv":[1.0,1.0,2.0,2.0],"texture":"#o1"}}},{"from":[7.94033,17.62,13.6],"to":[8.05967,17.67,13.7],"rotation":{"angle":-22.5,"axis":"z","origin":[8.0,17.37,13.4]},"faces":{"north":{"uv":[1.0,1.0,2.0,2.0],"texture":"#o1"},"south":{"uv":[1.0,1.0,2.0,2.0],"texture":"#o1"},"down":{"uv":[1.0,1.0,2.0,2.0],"texture":"#o1"}}},{"from":[7.64033,17.62,13.6],"to":[8.35967,17.74967,13.7],"rotation":{"angle":0.0,"axis":"z","origin":[8.0,17.37,13.4]},"faces":{"north":{"uv":[1.0,1.0,2.0,2.0],"texture":"#o1"},"south":{"uv":[1.0,1.0,2.0,2.0],"texture":"#o1"},"east":{"uv":[1.0,1.0,2.0,2.0],"texture":"#o1"},"west":{"uv":[1.0,1.0,2.0,2.0],"texture":"#o1"},"up":{"uv":[1.0,1.0,2.0,2.0],"texture":"#o1"},"down":{"uv":[1.0,1.0,2.0,2.0],"texture":"#o1"}}},{"from":[7.94033,17.62,13.6],"to":[8.05967,17.67,13.7],"rotation":{"angle":22.5,"axis":"z","origin":[8.0,17.37,13.4]},"faces":{"north":{"uv":[1.0,1.0,2.0,2.0],"texture":"#o1"},"south":{"uv":[1.0,1.0,2.0,2.0],"texture":"#o1"},"down":{"uv":[1.0,1.0,2.0,2.0],"texture":"#o1"}}},{"from":[7.94033,17.62,13.6],"to":[8.05967,17.77,13.7],"rotation":{"angle":45.0,"axis":"z","origin":[8.0,17.37,13.4]},"faces":{"north":{"uv":[1.0,1.0,2.0,2.0],"texture":"#o1"},"south":{"uv":[1.0,1.0,2.0,2.0],"texture":"#o1"},"down":{"uv":[1.0,1.0,2.0,2.0],"texture":"#o1"}}},{"from":[7.7,17.31033,13.6],"to":[7.75,17.42967,13.7],"rotation":{"angle":-22.5,"axis":"z","origin":[8.0,17.37,13.4]},"faces":{"north":{"uv":[1.0,1.0,2.0,2.0],"texture":"#o1"},"south":{"uv":[1.0,1.0,2.0,2.0],"texture":"#o1"},"east":{"uv":[1.0,1.0,2.0,2.0],"texture":"#o1"}}},{"from":[7.64033,17.12,13.6],"to":[7.75,17.62,13.7],"rotation":{"angle":0.0,"axis":"z","origin":[8.0,17.37,13.4]},"faces":{"north":{"uv":[1.0,1.0,2.0,2.0],"texture":"#o1"},"south":{"uv":[1.0,1.0,2.0,2.0],"texture":"#o1"},"east":{"uv":[1.0,1.0,2.0,2.0],"texture":"#o1"},"west":{"uv":[1.0,1.0,2.0,2.0],"texture":"#o1"}}},{"from":[7.7,17.31033,13.6],"to":[7.75,17.42967,13.7],"rotation":{"angle":22.5,"axis":"z","origin":[8.0,17.37,13.4]},"faces":{"north":{"uv":[1.0,1.0,2.0,2.0],"texture":"#o1"},"south":{"uv":[1.0,1.0,2.0,2.0],"texture":"#o1"},"east":{"uv":[1.0,1.0,2.0,2.0],"texture":"#o1"}}},{"from":[8.25,17.31033,13.6],"to":[8.3,17.42967,13.7],"rotation":{"angle":-22.5,"axis":"z","origin":[8.0,17.37,13.4]},"faces":{"north":{"uv":[1.0,1.0,2.0,2.0],"texture":"#o1"},"south":{"uv":[1.0,1.0,2.0,2.0],"texture":"#o1"},"west":{"uv":[1.0,1.0,2.0,2.0],"texture":"#o1"}}},{"from":[8.25,17.12,13.6],"to":[8.35967,17.62,13.7],"rotation":{"angle":0.0,"axis":"z","origin":[8.0,17.37,13.4]},"faces":{"north":{"uv":[1.0,1.0,2.0,2.0],"texture":"#o1"},"south":{"uv":[1.0,1.0,2.0,2.0],"texture":"#o1"},"east":{"uv":[1.0,1.0,2.0,2.0],"texture":"#o1"},"west":{"uv":[1.0,1.0,2.0,2.0],"texture":"#o1"}}},{"from":[8.25,17.31033,13.6],"to":[8.3,17.42967,13.7],"rotation":{"angle":22.5,"axis":"z","origin":[8.0,17.37,13.4]},"faces":{"north":{"uv":[1.0,1.0,2.0,2.0],"texture":"#o1"},"south":{"uv":[1.0,1.0,2.0,2.0],"texture":"#o1"},"west":{"uv":[1.0,1.0,2.0,2.0],"texture":"#o1"}}},{"from":[-16.0,-16.0,-15.99],"to":[32.0,32.0,-15.99],"faces":{"north":{"uv":[0.0,0.0,16.0,16.0],"texture":"#icon_background"}}},{"from":[-16.0,-16.0,-16.0],"to":[32.0,32.0,-16.0],"faces":{"north":{"uv":[0.0,0.0,16.0,16.0],"texture":"#icon"}}}],"display":{"firstperson_lefthand":{"rotation":[0.0,0.0,0.0],"translation":[0.0,0.0,0.0],"scale":[0.0,0.0,0.0]},"firstperson_righthand":{"rotation":[0.0,0.0,0.0],"translation":[-8.966,12.31,5.5],"scale":[0.6,0.6,0.6]},"thirdperson_lefthand":{"rotation":[0.0,0.0,0.0],"translation":[0.0,0.0,0.0],"scale":[0.0,0.0,0.0]},"thirdperson_righthand":{"rotation":[0.0,0.0,0.0],"translation":[0.0,0.0,0.0],"scale":[0.0,0.0,0.0]},"gui":{"rotation":[0.0,-180.0,0.0],"translation":[0.0,0.0,0.0],"scale":[0.333,0.333,0.333]}},"gui_light":"front"}