{"textures":{"0":"gun/grip/vertical","particle":"gun/grip/vertical"},"elements":[{"from":[7.90054,-2.5,7.5],"to":[8.09946,2.4,8.5],"rotation":{"angle":-45,"axis":"y","origin":[8,0,8]},"faces":{"north":{"uv":[5,1,6,2],"texture":"#0"},"south":{"uv":[5,1,6,2],"texture":"#0"}}},{"from":[7.90054,-2.5,7.5],"to":[8.09946,2.4,8.5],"rotation":{"angle":-22.5,"axis":"y","origin":[8,0,8]},"faces":{"north":{"uv":[5,1,6,2],"texture":"#0"},"south":{"uv":[5,1,6,2],"texture":"#0"}}},{"from":[7.90054,-2.5,7.5],"to":[8.09946,2.4,8.5],"rotation":{"angle":0,"axis":"y","origin":[8,0,8]},"faces":{"north":{"uv":[5,1,6,2],"texture":"#0"},"south":{"uv":[5,1,6,2],"texture":"#0"}}},{"from":[7.90054,-2.5,7.5],"to":[8.09946,2.4,8.5],"rotation":{"angle":22.5,"axis":"y","origin":[8,0,8]},"faces":{"north":{"uv":[5,1,6,2],"texture":"#0"},"south":{"uv":[5,1,6,2],"texture":"#0"}}},{"from":[7.90054,-2.5,7.5],"to":[8.09946,2.4,8.5],"rotation":{"angle":45,"axis":"y","origin":[8,0,8]},"faces":{"north":{"uv":[5,1,6,2],"texture":"#0"},"south":{"uv":[5,1,6,2],"texture":"#0"}}},{"from":[7.5,-2.5,7.90054],"to":[8.5,2.4,8.09946],"rotation":{"angle":-22.5,"axis":"y","origin":[8,0,8]},"faces":{"east":{"uv":[5,1,6,2],"texture":"#0"},"west":{"uv":[5,1,6,2],"texture":"#0"}}},{"from":[7.5,-2.5,7.90054],"to":[8.5,2.4,8.09946],"rotation":{"angle":0,"axis":"y","origin":[8,0,8]},"faces":{"east":{"uv":[5,1,6,2],"texture":"#0"},"west":{"uv":[5,1,6,2],"texture":"#0"}}},{"from":[7.5,-2.5,7.90054],"to":[8.5,2.4,8.09946],"rotation":{"angle":22.5,"axis":"y","origin":[8,0,8]},"faces":{"east":{"uv":[5,1,6,2],"texture":"#0"},"west":{"uv":[5,1,6,2],"texture":"#0"}}},{"from":[7.8906,-0.5,7.45],"to":[8.1094,0.4,8.55],"rotation":{"angle":-45,"axis":"y","origin":[8,-0.1,8]},"faces":{"north":{"uv":[1,1,2,2],"texture":"#0"},"south":{"uv":[1,1,2,2],"texture":"#0"},"up":{"uv":[1,1,2,2],"texture":"#0"},"down":{"uv":[1,1,2,2],"texture":"#0"}}},{"from":[7.8906,-0.5,7.45],"to":[8.1094,0.4,8.55],"rotation":{"angle":-22.5,"axis":"y","origin":[8,-0.1,8]},"faces":{"north":{"uv":[1,1,2,2],"texture":"#0"},"south":{"uv":[1,1,2,2],"texture":"#0"},"up":{"uv":[1,1,2,2],"texture":"#0"},"down":{"uv":[1,1,2,2],"texture":"#0"}}},{"from":[7.8906,-0.5,7.45],"to":[8.1094,0.4,8.55],"rotation":{"angle":0,"axis":"y","origin":[8,-0.1,8]},"faces":{"north":{"uv":[1,1,2,2],"texture":"#0"},"south":{"uv":[1,1,2,2],"texture":"#0"},"up":{"uv":[1,1,2,2],"texture":"#0"},"down":{"uv":[1,1,2,2],"texture":"#0"}}},{"from":[7.8906,-0.5,7.45],"to":[8.1094,0.4,8.55],"rotation":{"angle":22.5,"axis":"y","origin":[8,-0.1,8]},"faces":{"north":{"uv":[1,1,2,2],"texture":"#0"},"south":{"uv":[1,1,2,2],"texture":"#0"},"up":{"uv":[1,1,2,2],"texture":"#0"},"down":{"uv":[1,1,2,2],"texture":"#0"}}},{"from":[7.8906,-0.5,7.45],"to":[8.1094,0.4,8.55],"rotation":{"angle":45,"axis":"y","origin":[8,-0.1,8]},"faces":{"north":{"uv":[1,1,2,2],"texture":"#0"},"south":{"uv":[1,1,2,2],"texture":"#0"},"up":{"uv":[1,1,2,2],"texture":"#0"},"down":{"uv":[1,1,2,2],"texture":"#0"}}},{"from":[7.45,-0.5,7.8906],"to":[8.55,0.4,8.1094],"rotation":{"angle":-22.5,"axis":"y","origin":[8,-0.1,8]},"faces":{"east":{"uv":[1,1,2,2],"texture":"#0"},"west":{"uv":[1,1,2,2],"texture":"#0"},"up":{"uv":[1,1,2,2],"texture":"#0"},"down":{"uv":[1,1,2,2],"texture":"#0"}}},{"from":[7.45,-0.5,7.8906],"to":[8.55,0.4,8.1094],"rotation":{"angle":0,"axis":"y","origin":[8,-0.1,8]},"faces":{"east":{"uv":[1,1,2,2],"texture":"#0"},"west":{"uv":[1,1,2,2],"texture":"#0"},"up":{"uv":[1,1,2,2],"texture":"#0"},"down":{"uv":[1,1,2,2],"texture":"#0"}}},{"from":[7.45,-0.5,7.8906],"to":[8.55,0.4,8.1094],"rotation":{"angle":22.5,"axis":"y","origin":[8,-0.1,8]},"faces":{"east":{"uv":[1,1,2,2],"texture":"#0"},"west":{"uv":[1,1,2,2],"texture":"#0"},"up":{"uv":[1,1,2,2],"texture":"#0"},"down":{"uv":[1,1,2,2],"texture":"#0"}}},{"from":[7.8906,-2.5,7.45],"to":[8.1094,-1.6,8.55],"rotation":{"angle":-45,"axis":"y","origin":[8,-2.1,8]},"faces":{"north":{"uv":[1,1,2,2],"texture":"#0"},"south":{"uv":[1,1,2,2],"texture":"#0"},"up":{"uv":[1,1,2,2],"texture":"#0"},"down":{"uv":[1,1,2,2],"texture":"#0"}}},{"from":[7.8906,-2.5,7.45],"to":[8.1094,-1.6,8.55],"rotation":{"angle":-22.5,"axis":"y","origin":[8,-2.1,8]},"faces":{"north":{"uv":[1,1,2,2],"texture":"#0"},"south":{"uv":[1,1,2,2],"texture":"#0"},"up":{"uv":[1,1,2,2],"texture":"#0"},"down":{"uv":[1,1,2,2],"texture":"#0"}}},{"from":[7.8906,-2.5,7.45],"to":[8.1094,-1.6,8.55],"rotation":{"angle":0,"axis":"y","origin":[8,-2.1,8]},"faces":{"north":{"uv":[1,1,2,2],"texture":"#0"},"south":{"uv":[1,1,2,2],"texture":"#0"},"up":{"uv":[1,1,2,2],"texture":"#0"},"down":{"uv":[1,1,2,2],"texture":"#0"}}},{"from":[7.8906,-2.5,7.45],"to":[8.1094,-1.6,8.55],"rotation":{"angle":22.5,"axis":"y","origin":[8,-2.1,8]},"faces":{"north":{"uv":[1,1,2,2],"texture":"#0"},"south":{"uv":[1,1,2,2],"texture":"#0"},"up":{"uv":[1,1,2,2],"texture":"#0"},"down":{"uv":[1,1,2,2],"texture":"#0"}}},{"from":[7.8906,-2.5,7.45],"to":[8.1094,-1.6,8.55],"rotation":{"angle":45,"axis":"y","origin":[8,-2.1,8]},"faces":{"north":{"uv":[1,1,2,2],"texture":"#0"},"south":{"uv":[1,1,2,2],"texture":"#0"},"up":{"uv":[1,1,2,2],"texture":"#0"},"down":{"uv":[1,1,2,2],"texture":"#0"}}},{"from":[7.45,-2.5,7.8906],"to":[8.55,-1.6,8.1094],"rotation":{"angle":-22.5,"axis":"y","origin":[8,-2.1,8]},"faces":{"east":{"uv":[1,1,2,2],"texture":"#0"},"west":{"uv":[1,1,2,2],"texture":"#0"},"up":{"uv":[1,1,2,2],"texture":"#0"},"down":{"uv":[1,1,2,2],"texture":"#0"}}},{"from":[7.45,-2.5,7.8906],"to":[8.55,-1.6,8.1094],"rotation":{"angle":0,"axis":"y","origin":[8,-2.1,8]},"faces":{"east":{"uv":[1,1,2,2],"texture":"#0"},"west":{"uv":[1,1,2,2],"texture":"#0"},"up":{"uv":[1,1,2,2],"texture":"#0"},"down":{"uv":[1,1,2,2],"texture":"#0"}}},{"from":[7.45,-2.5,7.8906],"to":[8.55,-1.6,8.1094],"rotation":{"angle":22.5,"axis":"y","origin":[8,-2.1,8]},"faces":{"east":{"uv":[1,1,2,2],"texture":"#0"},"west":{"uv":[1,1,2,2],"texture":"#0"},"up":{"uv":[1,1,2,2],"texture":"#0"},"down":{"uv":[1,1,2,2],"texture":"#0"}}},{"from":[7.8906,0.5,7.45],"to":[8.1094,1.4,8.55],"rotation":{"angle":-45,"axis":"y","origin":[8,0.9,8]},"faces":{"north":{"uv":[1,1,2,2],"texture":"#0"},"south":{"uv":[1,1,2,2],"texture":"#0"},"up":{"uv":[1,1,2,2],"texture":"#0"},"down":{"uv":[1,1,2,2],"texture":"#0"}}},{"from":[7.8906,0.5,7.45],"to":[8.1094,1.4,8.55],"rotation":{"angle":-22.5,"axis":"y","origin":[8,0.9,8]},"faces":{"north":{"uv":[1,1,2,2],"texture":"#0"},"south":{"uv":[1,1,2,2],"texture":"#0"},"up":{"uv":[1,1,2,2],"texture":"#0"},"down":{"uv":[1,1,2,2],"texture":"#0"}}},{"from":[7.8906,0.5,7.45],"to":[8.1094,1.4,8.55],"rotation":{"angle":0,"axis":"y","origin":[8,0.9,8]},"faces":{"north":{"uv":[1,1,2,2],"texture":"#0"},"south":{"uv":[1,1,2,2],"texture":"#0"},"up":{"uv":[1,1,2,2],"texture":"#0"},"down":{"uv":[1,1,2,2],"texture":"#0"}}},{"from":[7.8906,0.5,7.45],"to":[8.1094,1.4,8.55],"rotation":{"angle":22.5,"axis":"y","origin":[8,0.9,8]},"faces":{"north":{"uv":[1,1,2,2],"texture":"#0"},"south":{"uv":[1,1,2,2],"texture":"#0"},"up":{"uv":[1,1,2,2],"texture":"#0"},"down":{"uv":[1,1,2,2],"texture":"#0"}}},{"from":[7.8906,0.5,7.45],"to":[8.1094,1.4,8.55],"rotation":{"angle":45,"axis":"y","origin":[8,0.9,8]},"faces":{"north":{"uv":[1,1,2,2],"texture":"#0"},"south":{"uv":[1,1,2,2],"texture":"#0"},"up":{"uv":[1,1,2,2],"texture":"#0"},"down":{"uv":[1,1,2,2],"texture":"#0"}}},{"from":[7.45,0.5,7.8906],"to":[8.55,1.4,8.1094],"rotation":{"angle":-22.5,"axis":"y","origin":[8,0.9,8]},"faces":{"east":{"uv":[1,1,2,2],"texture":"#0"},"west":{"uv":[1,1,2,2],"texture":"#0"},"up":{"uv":[1,1,2,2],"texture":"#0"},"down":{"uv":[1,1,2,2],"texture":"#0"}}},{"from":[7.45,0.5,7.8906],"to":[8.55,1.4,8.1094],"rotation":{"angle":0,"axis":"y","origin":[8,0.9,8]},"faces":{"east":{"uv":[1,1,2,2],"texture":"#0"},"west":{"uv":[1,1,2,2],"texture":"#0"},"up":{"uv":[1,1,2,2],"texture":"#0"},"down":{"uv":[1,1,2,2],"texture":"#0"}}},{"from":[7.45,0.5,7.8906],"to":[8.55,1.4,8.1094],"rotation":{"angle":22.5,"axis":"y","origin":[8,0.9,8]},"faces":{"east":{"uv":[1,1,2,2],"texture":"#0"},"west":{"uv":[1,1,2,2],"texture":"#0"},"up":{"uv":[1,1,2,2],"texture":"#0"},"down":{"uv":[1,1,2,2],"texture":"#0"}}},{"from":[7.8906,-1.5,7.45],"to":[8.1094,-0.6,8.55],"rotation":{"angle":-45,"axis":"y","origin":[8,-1.1,8]},"faces":{"north":{"uv":[1,1,2,2],"texture":"#0"},"south":{"uv":[1,1,2,2],"texture":"#0"},"up":{"uv":[1,1,2,2],"texture":"#0"},"down":{"uv":[1,1,2,2],"texture":"#0"}}},{"from":[7.8906,-1.5,7.45],"to":[8.1094,-0.6,8.55],"rotation":{"angle":-22.5,"axis":"y","origin":[8,-1.1,8]},"faces":{"north":{"uv":[1,1,2,2],"texture":"#0"},"south":{"uv":[1,1,2,2],"texture":"#0"},"up":{"uv":[1,1,2,2],"texture":"#0"},"down":{"uv":[1,1,2,2],"texture":"#0"}}},{"from":[7.8906,-1.5,7.45],"to":[8.1094,-0.6,8.55],"rotation":{"angle":0,"axis":"y","origin":[8,-1.1,8]},"faces":{"north":{"uv":[1,1,2,2],"texture":"#0"},"south":{"uv":[1,1,2,2],"texture":"#0"},"up":{"uv":[1,1,2,2],"texture":"#0"},"down":{"uv":[1,1,2,2],"texture":"#0"}}},{"from":[7.8906,-1.5,7.45],"to":[8.1094,-0.6,8.55],"rotation":{"angle":22.5,"axis":"y","origin":[8,-1.1,8]},"faces":{"north":{"uv":[1,1,2,2],"texture":"#0"},"south":{"uv":[1,1,2,2],"texture":"#0"},"up":{"uv":[1,1,2,2],"texture":"#0"},"down":{"uv":[1,1,2,2],"texture":"#0"}}},{"from":[7.8906,-1.5,7.45],"to":[8.1094,-0.6,8.55],"rotation":{"angle":45,"axis":"y","origin":[8,-1.1,8]},"faces":{"north":{"uv":[1,1,2,2],"texture":"#0"},"south":{"uv":[1,1,2,2],"texture":"#0"},"up":{"uv":[1,1,2,2],"texture":"#0"},"down":{"uv":[1,1,2,2],"texture":"#0"}}},{"from":[7.45,-1.5,7.8906],"to":[8.55,-0.6,8.1094],"rotation":{"angle":-22.5,"axis":"y","origin":[8,-1.1,8]},"faces":{"east":{"uv":[1,1,2,2],"texture":"#0"},"west":{"uv":[1,1,2,2],"texture":"#0"},"up":{"uv":[1,1,2,2],"texture":"#0"},"down":{"uv":[1,1,2,2],"texture":"#0"}}},{"from":[7.45,-1.5,7.8906],"to":[8.55,-0.6,8.1094],"rotation":{"angle":0,"axis":"y","origin":[8,-1.1,8]},"faces":{"east":{"uv":[1,1,2,2],"texture":"#0"},"west":{"uv":[1,1,2,2],"texture":"#0"},"up":{"uv":[1,1,2,2],"texture":"#0"},"down":{"uv":[1,1,2,2],"texture":"#0"}}},{"from":[7.45,-1.5,7.8906],"to":[8.55,-0.6,8.1094],"rotation":{"angle":22.5,"axis":"y","origin":[8,-1.1,8]},"faces":{"east":{"uv":[1,1,2,2],"texture":"#0"},"west":{"uv":[1,1,2,2],"texture":"#0"},"up":{"uv":[1,1,2,2],"texture":"#0"},"down":{"uv":[1,1,2,2],"texture":"#0"}}},{"from":[7.8906,1.5,7.45],"to":[8.1094,2.4,8.55],"rotation":{"angle":-45,"axis":"y","origin":[8,2.4,8]},"faces":{"north":{"uv":[1,1,2,2],"texture":"#0"},"south":{"uv":[1,1,2,2],"texture":"#0"},"down":{"uv":[1,1,2,2],"texture":"#0"}}},{"from":[7.8906,1.5,7.45],"to":[8.1094,2.4,8.55],"rotation":{"angle":-22.5,"axis":"y","origin":[8,2.4,8]},"faces":{"north":{"uv":[1,1,2,2],"texture":"#0"},"south":{"uv":[1,1,2,2],"texture":"#0"},"down":{"uv":[1,1,2,2],"texture":"#0"}}},{"from":[7.8906,1.5,7.45],"to":[8.1094,2.4,8.55],"rotation":{"angle":0,"axis":"y","origin":[8,2.4,8]},"faces":{"north":{"uv":[1,1,2,2],"texture":"#0"},"south":{"uv":[1,1,2,2],"texture":"#0"},"down":{"uv":[1,1,2,2],"texture":"#0"}}},{"from":[7.2906,2.4,7.05],"to":[8.7094,3,8.95],"rotation":{"angle":0,"axis":"y","origin":[8,2.4,8]},"faces":{"north":{"uv":[5,1,6,2],"texture":"#0"},"east":{"uv":[5,1,6,2],"texture":"#0"},"south":{"uv":[5,1,6,2],"texture":"#0"},"west":{"uv":[5,1,6,2],"texture":"#0"},"up":{"uv":[5,1,6,2],"texture":"#0"},"down":{"uv":[5,1,6,2],"texture":"#0"}}},{"from":[7.8906,1.5,7.45],"to":[8.1094,2.4,8.55],"rotation":{"angle":22.5,"axis":"y","origin":[8,2.4,8]},"faces":{"north":{"uv":[1,1,2,2],"texture":"#0"},"south":{"uv":[1,1,2,2],"texture":"#0"},"down":{"uv":[1,1,2,2],"texture":"#0"}}},{"from":[7.8906,1.5,7.45],"to":[8.1094,2.4,8.55],"rotation":{"angle":45,"axis":"y","origin":[8,2.4,8]},"faces":{"north":{"uv":[1,1,2,2],"texture":"#0"},"south":{"uv":[1,1,2,2],"texture":"#0"},"down":{"uv":[1,1,2,2],"texture":"#0"}}},{"from":[7.45,1.5,7.8906],"to":[8.55,2.4,8.1094],"rotation":{"angle":-22.5,"axis":"y","origin":[8,2.4,8]},"faces":{"east":{"uv":[1,1,2,2],"texture":"#0"},"west":{"uv":[1,1,2,2],"texture":"#0"},"down":{"uv":[1,1,2,2],"texture":"#0"}}},{"from":[7.45,1.5,7.8906],"to":[8.55,2.4,8.1094],"rotation":{"angle":0,"axis":"y","origin":[8,2.4,8]},"faces":{"east":{"uv":[1,1,2,2],"texture":"#0"},"west":{"uv":[1,1,2,2],"texture":"#0"},"down":{"uv":[1,1,2,2],"texture":"#0"}}},{"from":[7.45,1.5,7.8906],"to":[8.55,2.4,8.1094],"rotation":{"angle":22.5,"axis":"y","origin":[8,2.4,8]},"faces":{"east":{"uv":[1,1,2,2],"texture":"#0"},"west":{"uv":[1,1,2,2],"texture":"#0"},"down":{"uv":[1,1,2,2],"texture":"#0"}}}],"gui_light":"front","display":{"firstperson_righthand":{"translation":[-8.987,7.593,9.75],"scale":[1,1,0.6]},"gui":{"rotation":[0,90,0],"translation":[0.25,17,0],"scale":[2.2,2.2,2.2]}}}