{"credit":"Made with Blockbench by patch0010","textures":{"o0":"generated/0"},"elements":[{"name":"hexadecagon","from":[7.2906,2.5,7.05],"to":[8.7094,3.1,8.95],"rotation":{"angle":0.0,"axis":"y","origin":[8.0,2.4,8.0]},"faces":{"north":{"uv":[7.0,0.0,8.0,1.0],"texture":"#o0"},"south":{"uv":[7.0,0.0,8.0,1.0],"texture":"#o0"},"east":{"uv":[7.0,0.0,8.0,1.0],"texture":"#o0"},"west":{"uv":[7.0,0.0,8.0,1.0],"texture":"#o0"},"up":{"uv":[7.0,0.0,8.0,1.0],"texture":"#o0"},"down":{"uv":[7.0,0.0,8.0,1.0],"texture":"#o0"}}},{"name":"octagon","from":[7.75147,-2.5,7.4],"to":[8.24853,2.5,8.6],"rotation":{"angle":45.0,"axis":"y","origin":[8.0,1.9,8.0]},"faces":{"north":{"uv":[7.0,0.0,8.0,16.0],"texture":"#o0"},"south":{"uv":[7.0,0.0,8.0,16.0],"texture":"#o0"},"down":{"uv":[7.0,0.0,8.0,1.0],"texture":"#o0"}}},{"name":"octagon","from":[7.75147,-2.5,7.4],"to":[8.24853,2.5,8.6],"rotation":{"angle":0.0,"axis":"y","origin":[8.0,1.9,8.0]},"faces":{"north":{"uv":[7.0,0.0,8.0,16.0],"texture":"#o0"},"south":{"uv":[7.0,0.0,8.0,16.0],"texture":"#o0"},"down":{"uv":[7.0,0.0,8.0,1.0],"texture":"#o0"}}},{"name":"octagon","from":[7.4,-2.5,7.75147],"to":[8.6,2.5,8.24853],"rotation":{"angle":45.0,"axis":"y","origin":[8.0,1.9,8.0]},"faces":{"east":{"uv":[7.0,0.0,8.0,16.0],"texture":"#o0"},"west":{"uv":[7.0,0.0,8.0,16.0],"texture":"#o0"},"down":{"uv":[7.0,0.0,8.0,1.0],"texture":"#o0"}}},{"name":"octagon","from":[7.4,-2.5,7.75147],"to":[8.6,2.5,8.24853],"rotation":{"angle":0.0,"axis":"y","origin":[8.0,1.9,8.0]},"faces":{"east":{"uv":[7.0,0.0,8.0,16.0],"texture":"#o0"},"west":{"uv":[7.0,0.0,8.0,16.0],"texture":"#o0"},"down":{"uv":[7.0,0.0,8.0,1.0],"texture":"#o0"}}}],"groups":[{"name":"octagon","origin":[8.0,8.0,8.0],"color":0,"children":[0,1,2,3,4]}],"display":{"firstperson_righthand":{"translation":[0.0,17.85,0.0]},"thirdperson_righthand":{"translation":[0.0,8.75,1.25]},"ground":{"rotation":[0.0,0.0,90.0],"translation":[-9.0,0.0,0.0],"scale":[1.2,1.2,1.2]},"gui":{"rotation":[0.0,90.0,0.0],"translation":[0.25,17.0,0.0],"scale":[2.2,2.2,2.2]}},"gui_light":"front"}