{"textures":{"o0":"generated/f","o1":"generated/26","o2":"generated/25","o3":"skin/player_skin_slim","o4":"skin/player_skin","o5":"generated/20","o6":"generated/12","o7":"generated/e","o8":"generated/27","o9":"generated/9","o11":"generated/d","o10":"generated/f","icon":"generated/32","icon_background":"generated/2a"},"elements":[{"from":[4.0833,1.3375,1.93899],"to":[20.0833,5.3375,4.93899],"rotation":{"angle":-45.0,"axis":"y","origin":[10.0833,6.0375,0.93899]},"faces":{"north":{"uv":[9.75,13.0,10.75,16.0],"rotation":90,"texture":"#o3"},"south":{"uv":[8.0,13.0,9.0,16.0],"rotation":270,"texture":"#o3"},"east":{"uv":[9.75,12.0,10.5,13.0],"rotation":270,"texture":"#o3"},"west":{"uv":[9.75,13.0,9.0,12.0],"texture":"#o3"},"up":{"uv":[9.0,13.0,9.75,16.0],"rotation":270,"texture":"#o3"},"down":{"uv":[10.75,13.0,11.5,16.0],"rotation":270,"texture":"#o3"}}},{"from":[3.23633,1.2375,1.61169],"to":[21.63633,5.8375,5.06169],"rotation":{"angle":-45.0,"axis":"y","origin":[10.13633,6.6425,0.46169]},"faces":{"north":{"uv":[13.75,13.0,14.75,16.0],"rotation":90,"texture":"#o3"},"south":{"uv":[12.0,13.0,13.0,16.0],"rotation":270,"texture":"#o3"},"east":{"uv":[13.75,12.0,14.5,13.0],"rotation":270,"texture":"#o3"},"west":{"uv":[13.75,13.0,13.0,12.0],"texture":"#o3"},"up":{"uv":[13.0,13.0,13.75,16.0],"rotation":270,"texture":"#o3"},"down":{"uv":[14.75,13.0,15.5,16.0],"rotation":270,"texture":"#o3"}}},{"from":[10.06874,6.0246,7.47129],"to":[16.51874,6.5406,8.69145],"rotation":{"angle":0.0,"axis":"y","origin":[12.69174,6.0246,8.08137]},"faces":{"north":{"uv":[1.0,1.0,2.0,2.0],"texture":"#o0"},"south":{"uv":[1.0,1.0,2.0,2.0],"texture":"#o0"},"east":{"uv":[1.0,1.0,2.0,2.0],"texture":"#o0"},"west":{"uv":[1.0,1.0,2.0,2.0],"texture":"#o0"},"up":{"uv":[1.0,1.0,2.0,2.0],"rotation":90,"texture":"#o0"},"down":{"uv":[0.0,0.0,0.0,0.0],"texture":"#o0"}}},{"from":[13.33674,5.3366,7.72929],"to":[13.93874,5.7666,8.43345],"rotation":{"angle":0.0,"axis":"y","origin":[12.69174,6.0246,8.08137]},"faces":{"north":{"uv":[1.0,1.0,2.0,2.0],"texture":"#o0"},"south":{"uv":[1.0,1.0,2.0,2.0],"texture":"#o0"},"east":{"uv":[1.0,1.0,2.0,2.0],"texture":"#o0"},"west":{"uv":[0.0,0.0,0.0,0.0],"texture":"#o0"},"up":{"uv":[0.0,0.0,0.0,0.0],"texture":"#o0"},"down":{"uv":[1.0,1.0,2.0,2.0],"rotation":270,"texture":"#o0"}}},{"from":[16.51874,5.5086,7.47129],"to":[16.69074,6.5406,8.69145],"rotation":{"angle":0.0,"axis":"y","origin":[12.69174,6.0246,8.08137]},"faces":{"north":{"uv":[1.0,1.0,2.0,2.0],"texture":"#o0"},"south":{"uv":[1.0,1.0,2.0,2.0],"texture":"#o0"},"east":{"uv":[1.0,1.0,2.0,2.0],"texture":"#o0"},"west":{"uv":[1.0,1.0,2.0,2.0],"texture":"#o0"},"up":{"uv":[1.0,1.0,2.0,2.0],"rotation":90,"texture":"#o0"},"down":{"uv":[1.0,1.0,2.0,2.0],"rotation":270,"texture":"#o0"}}},{"from":[10.06874,5.67825,7.81763],"to":[16.51874,6.02225,8.34511],"rotation":{"angle":0.0,"axis":"y","origin":[12.69174,6.96825,7.73502]},"faces":{"north":{"uv":[0.0,0.0,0.0,0.0],"texture":"#o0"},"south":{"uv":[0.0,0.0,0.0,0.0],"texture":"#o0"},"east":{"uv":[0.0,0.0,0.0,0.0],"texture":"#o0"},"west":{"uv":[1.0,1.0,2.0,2.0],"texture":"#o0"},"up":{"uv":[0.0,0.0,0.0,0.0],"texture":"#o0"},"down":{"uv":[1.0,1.0,2.0,2.0],"rotation":270,"texture":"#o0"}}},{"from":[10.06874,6.12535,7.62231],"to":[16.51874,6.29735,8.06848],"rotation":{"angle":-22.5,"axis":"x","origin":[12.69174,5.78135,8.23239]},"faces":{"north":{"uv":[1.0,1.0,2.0,2.0],"texture":"#o0"},"south":{"uv":[0.0,0.0,0.0,0.0],"texture":"#o0"},"east":{"uv":[0.0,0.0,0.0,0.0],"texture":"#o0"},"west":{"uv":[1.0,1.0,2.0,2.0],"texture":"#o0"},"up":{"uv":[0.0,0.0,0.0,0.0],"texture":"#o0"},"down":{"uv":[0.0,0.0,0.0,0.0],"texture":"#o0"}}},{"from":[10.06874,6.27622,7.72328],"to":[16.51874,6.44822,8.16945],"rotation":{"angle":-45.0,"axis":"x","origin":[12.69174,5.93222,8.33337]},"faces":{"north":{"uv":[1.0,1.0,2.0,2.0],"texture":"#o0"},"south":{"uv":[0.0,0.0,0.0,0.0],"texture":"#o0"},"east":{"uv":[0.0,0.0,0.0,0.0],"texture":"#o0"},"west":{"uv":[1.0,1.0,2.0,2.0],"texture":"#o0"},"up":{"uv":[0.0,0.0,0.0,0.0],"texture":"#o0"},"down":{"uv":[0.0,0.0,0.0,0.0],"texture":"#o0"}}},{"from":[10.06874,5.50016,7.85292],"to":[16.51874,5.94633,8.02492],"rotation":{"angle":22.5,"axis":"x","origin":[12.69174,6.11025,8.36892]},"faces":{"north":{"uv":[0.0,0.0,0.0,0.0],"texture":"#o0"},"south":{"uv":[0.0,0.0,0.0,0.0],"texture":"#o0"},"east":{"uv":[0.0,0.0,0.0,0.0],"texture":"#o0"},"west":{"uv":[1.0,1.0,2.0,2.0],"rotation":270,"texture":"#o0"},"up":{"uv":[0.0,0.0,0.0,0.0],"texture":"#o0"},"down":{"uv":[1.0,1.0,2.0,2.0],"rotation":180,"texture":"#o0"}}},{"from":[10.06874,6.27622,7.99329],"to":[16.51874,6.44822,8.43946],"rotation":{"angle":45.0,"axis":"x","origin":[12.69174,5.93222,7.82937]},"faces":{"north":{"uv":[0.0,0.0,0.0,0.0],"texture":"#o0"},"south":{"uv":[2.0,1.0,1.0,2.0],"texture":"#o0"},"east":{"uv":[0.0,0.0,0.0,0.0],"texture":"#o0"},"west":{"uv":[2.0,1.0,1.0,2.0],"texture":"#o0"},"up":{"uv":[0.0,0.0,0.0,0.0],"texture":"#o0"},"down":{"uv":[0.0,0.0,0.0,0.0],"texture":"#o0"}}},{"from":[10.06874,6.12535,8.09426],"to":[16.51874,6.29735,8.54043],"rotation":{"angle":22.5,"axis":"x","origin":[12.69174,5.78135,7.93035]},"faces":{"north":{"uv":[0.0,0.0,0.0,0.0],"texture":"#o0"},"south":{"uv":[2.0,1.0,1.0,2.0],"texture":"#o0"},"east":{"uv":[0.0,0.0,0.0,0.0],"texture":"#o0"},"west":{"uv":[2.0,1.0,1.0,2.0],"texture":"#o0"},"up":{"uv":[0.0,0.0,0.0,0.0],"texture":"#o0"},"down":{"uv":[0.0,0.0,0.0,0.0],"texture":"#o0"}}},{"from":[10.06874,5.50016,8.13782],"to":[16.51874,5.94633,8.30982],"rotation":{"angle":-22.5,"axis":"x","origin":[12.69174,6.11025,7.79382]},"faces":{"north":{"uv":[0.0,0.0,0.0,0.0],"texture":"#o0"},"south":{"uv":[0.0,0.0,0.0,0.0],"texture":"#o0"},"east":{"uv":[0.0,0.0,0.0,0.0],"texture":"#o0"},"west":{"uv":[1.0,2.0,2.0,1.0],"rotation":270,"texture":"#o0"},"up":{"uv":[0.0,0.0,0.0,0.0],"texture":"#o0"},"down":{"uv":[1.0,2.0,2.0,1.0],"rotation":180,"texture":"#o0"}}},{"from":[9.49205,4.12427,7.47129],"to":[9.75005,6.18827,8.69145],"rotation":{"angle":22.5,"axis":"z","origin":[9.75005,7.69327,8.08137]},"faces":{"north":{"uv":[1.0,1.0,2.0,2.0],"rotation":90,"texture":"#o0"},"south":{"uv":[1.0,1.0,2.0,2.0],"rotation":270,"texture":"#o0"},"east":{"uv":[1.0,1.0,2.0,2.0],"rotation":180,"texture":"#o0"},"west":{"uv":[1.0,1.0,2.0,2.0],"texture":"#o0"},"up":{"uv":[0.0,0.0,0.0,0.0],"texture":"#o0"},"down":{"uv":[1.0,1.0,2.0,2.0],"rotation":270,"texture":"#o0"}}},{"from":[9.49205,4.03827,7.55729],"to":[9.75005,4.12427,8.60545],"rotation":{"angle":22.5,"axis":"z","origin":[9.75005,7.69327,8.08137]},"faces":{"north":{"uv":[1.0,1.0,2.0,2.0],"rotation":90,"texture":"#o0"},"south":{"uv":[1.0,1.0,2.0,2.0],"rotation":270,"texture":"#o0"},"east":{"uv":[1.0,1.0,2.0,2.0],"rotation":180,"texture":"#o0"},"west":{"uv":[1.0,1.0,2.0,2.0],"texture":"#o0"},"up":{"uv":[0.0,0.0,0.0,0.0],"texture":"#o0"},"down":{"uv":[1.0,1.0,2.0,2.0],"rotation":270,"texture":"#o0"}}},{"from":[9.49205,3.95227,7.72929],"to":[9.75005,4.03827,8.43345],"rotation":{"angle":22.5,"axis":"z","origin":[9.75005,7.69327,8.08137]},"faces":{"north":{"uv":[1.0,1.0,2.0,2.0],"rotation":90,"texture":"#o0"},"south":{"uv":[1.0,1.0,2.0,2.0],"rotation":270,"texture":"#o0"},"east":{"uv":[1.0,1.0,2.0,2.0],"rotation":180,"texture":"#o0"},"west":{"uv":[1.0,1.0,2.0,2.0],"texture":"#o0"},"up":{"uv":[0.0,0.0,0.0,0.0],"texture":"#o0"},"down":{"uv":[1.0,1.0,2.0,2.0],"rotation":270,"texture":"#o0"}}},{"from":[10.92874,4.9926,7.47129],"to":[15.05674,5.3366,8.69145],"rotation":{"angle":22.5,"axis":"z","origin":[12.08974,5.0786,8.08137]},"faces":{"north":{"uv":[1.0,1.0,2.0,2.0],"texture":"#o0"},"south":{"uv":[1.0,1.0,2.0,2.0],"texture":"#o0"},"east":{"uv":[0.0,0.0,0.0,0.0],"texture":"#o0"},"west":{"uv":[0.0,0.0,0.0,0.0],"texture":"#o0"},"up":{"uv":[1.0,1.0,2.0,2.0],"rotation":90,"texture":"#o0"},"down":{"uv":[1.0,1.0,2.0,2.0],"rotation":270,"texture":"#o0"}}},{"from":[10.92874,4.9066,7.55729],"to":[15.05674,4.9926,8.60545],"rotation":{"angle":22.5,"axis":"z","origin":[12.08974,5.0786,8.08137]},"faces":{"north":{"uv":[1.0,1.0,2.0,2.0],"texture":"#o0"},"south":{"uv":[1.0,1.0,2.0,2.0],"texture":"#o0"},"east":{"uv":[0.0,0.0,0.0,0.0],"texture":"#o0"},"west":{"uv":[0.0,0.0,0.0,0.0],"texture":"#o0"},"up":{"uv":[0.0,0.0,0.0,0.0],"texture":"#o0"},"down":{"uv":[1.0,1.0,2.0,2.0],"rotation":270,"texture":"#o0"}}},{"from":[10.92874,4.8206,7.64329],"to":[15.05674,4.9066,8.51945],"rotation":{"angle":22.5,"axis":"z","origin":[12.08974,5.0786,8.08137]},"faces":{"north":{"uv":[1.0,1.0,2.0,2.0],"texture":"#o0"},"south":{"uv":[1.0,1.0,2.0,2.0],"texture":"#o0"},"east":{"uv":[0.0,0.0,0.0,0.0],"texture":"#o0"},"west":{"uv":[0.0,0.0,0.0,0.0],"texture":"#o0"},"up":{"uv":[0.0,0.0,0.0,0.0],"texture":"#o0"},"down":{"uv":[1.0,1.0,2.0,2.0],"rotation":270,"texture":"#o0"}}},{"from":[10.92874,4.7346,7.81529],"to":[15.05674,4.8206,8.34745],"rotation":{"angle":22.5,"axis":"z","origin":[12.08974,5.0786,8.08137]},"faces":{"north":{"uv":[1.0,1.0,2.0,2.0],"texture":"#o0"},"south":{"uv":[1.0,1.0,2.0,2.0],"texture":"#o0"},"east":{"uv":[0.0,0.0,0.0,0.0],"texture":"#o0"},"west":{"uv":[0.0,0.0,0.0,0.0],"texture":"#o0"},"up":{"uv":[0.0,0.0,0.0,0.0],"texture":"#o0"},"down":{"uv":[1.0,1.0,2.0,2.0],"rotation":270,"texture":"#o0"}}},{"from":[-0.33967,11.30308,8.93879],"to":[0.46033,12.10308,9.58566],"rotation":{"angle":0.0,"axis":"y","origin":[0.0,11.8,8.05]},"faces":{"north":{"uv":[0.1,5.1,0.9,5.9],"texture":"#o2"},"south":{"uv":[0.1,5.1,0.9,5.9],"texture":"#o2"},"east":{"uv":[0.1,5.1,0.9,5.9],"texture":"#o2"},"west":{"uv":[0.1,5.1,0.9,5.9],"texture":"#o2"},"up":{"uv":[0.1,5.1,0.9,5.9],"rotation":90,"texture":"#o2"},"down":{"uv":[0.1,5.1,0.9,5.9],"rotation":270,"texture":"#o2"}}},{"from":[-0.33967,11.30308,6.57879],"to":[0.46033,12.10308,7.18566],"rotation":{"angle":0.0,"axis":"y","origin":[0.0,11.8,8.05]},"faces":{"north":{"uv":[0.1,5.1,0.9,5.9],"texture":"#o2"},"south":{"uv":[0.1,5.1,0.9,5.9],"texture":"#o2"},"east":{"uv":[0.1,5.1,0.9,5.9],"texture":"#o2"},"west":{"uv":[0.1,5.1,0.9,5.9],"texture":"#o2"},"up":{"uv":[0.1,5.1,0.9,5.9],"rotation":90,"texture":"#o2"},"down":{"uv":[0.1,5.1,0.9,5.9],"rotation":270,"texture":"#o2"}}},{"from":[-0.33967,12.62183,7.64191],"to":[0.46033,12.95308,8.44191],"rotation":{"angle":0.0,"axis":"y","origin":[0.0,11.8,8.05]},"faces":{"north":{"uv":[0.9,5.9,0.1,5.1],"rotation":90,"texture":"#o2"},"south":{"uv":[0.9,5.9,0.1,5.1],"rotation":90,"texture":"#o2"},"east":{"uv":[0.1,5.1,0.9,5.9],"texture":"#o2"},"west":{"uv":[0.1,5.1,0.9,5.9],"texture":"#o2"},"up":{"uv":[0.9,5.9,0.1,5.1],"rotation":180,"texture":"#o2"}}},{"from":[-2.38029,11.5212,6.68998],"to":[-1.92717,11.8912,7.08998],"rotation":{"angle":0.0,"axis":"y","origin":[0.0,11.8,8.05]},"faces":{"north":{"uv":[0.1,5.1,0.9,5.9],"texture":"#o2"},"east":{"uv":[0.1,5.1,0.9,5.9],"texture":"#o2"},"west":{"uv":[0.1,5.1,0.9,5.9],"texture":"#o2"},"up":{"uv":[0.9,5.9,0.1,5.1],"rotation":180,"texture":"#o2"},"down":{"uv":[0.9,5.9,0.1,5.1],"rotation":180,"texture":"#o2"}}},{"from":[-2.38029,11.5212,8.9501],"to":[-1.92717,11.8912,9.3501],"rotation":{"angle":0.0,"axis":"y","origin":[0.0,11.8,8.05]},"faces":{"south":{"uv":[0.1,5.1,0.9,5.9],"texture":"#o2"},"east":{"uv":[0.1,5.1,0.9,5.9],"texture":"#o2"},"west":{"uv":[0.1,5.1,0.9,5.9],"texture":"#o2"},"up":{"uv":[0.9,5.9,0.1,5.1],"rotation":180,"texture":"#o2"},"down":{"uv":[0.9,5.9,0.1,5.1],"rotation":180,"texture":"#o2"}}},{"from":[-1.17718,12.54948,6.82549],"to":[-0.3678,12.76948,9.12549],"rotation":{"angle":0.0,"axis":"y","origin":[0.0,11.8,8.05]},"faces":{"north":{"uv":[0.9,5.9,0.1,5.1],"rotation":90,"texture":"#o2"},"south":{"uv":[0.9,5.9,0.1,5.1],"rotation":90,"texture":"#o2"},"east":{"uv":[0.1,5.1,0.9,5.9],"texture":"#o2"},"west":{"uv":[0.1,5.1,0.9,5.9],"texture":"#o2"},"up":{"uv":[0.9,5.9,0.1,5.1],"rotation":180,"texture":"#o2"},"down":{"uv":[0.9,5.9,0.1,5.1],"texture":"#o2"}}},{"from":[-1.17718,10.67198,6.82549],"to":[-0.3678,10.86198,9.12549],"rotation":{"angle":0.0,"axis":"y","origin":[0.0,11.8,8.05]},"faces":{"north":{"uv":[0.9,5.9,0.1,5.1],"rotation":270,"texture":"#o2"},"south":{"uv":[0.9,5.9,0.1,5.1],"rotation":270,"texture":"#o2"},"east":{"uv":[0.1,5.1,0.9,5.9],"texture":"#o2"},"west":{"uv":[0.1,5.1,0.9,5.9],"texture":"#o2"},"up":{"uv":[0.9,5.9,0.1,5.1],"texture":"#o2"},"down":{"uv":[0.9,5.9,0.1,5.1],"rotation":180,"texture":"#o2"}}},{"from":[-1.26467,10.69378,8.93368],"to":[-1.16467,10.84488,9.08368],"rotation":{"angle":0.0,"axis":"y","origin":[0.0,11.8,8.05]},"faces":{"north":{"uv":[0.1,15.1,0.9,15.9],"texture":"#o2"},"south":{"uv":[0.1,15.1,0.9,15.9],"texture":"#o2"},"west":{"uv":[0.1,15.1,0.9,15.9],"texture":"#o2"},"up":{"uv":[0.9,15.9,0.1,15.1],"rotation":180,"texture":"#o2"},"down":{"uv":[0.9,15.9,0.1,15.1],"rotation":180,"texture":"#o2"}}},{"from":[-1.26467,10.69378,6.89368],"to":[-1.16467,10.84488,7.04368],"rotation":{"angle":0.0,"axis":"y","origin":[0.0,11.8,8.05]},"faces":{"north":{"uv":[0.1,15.1,0.9,15.9],"texture":"#o2"},"south":{"uv":[0.1,15.1,0.9,15.9],"texture":"#o2"},"west":{"uv":[0.1,15.1,0.9,15.9],"texture":"#o2"},"up":{"uv":[0.9,15.9,0.1,15.1],"rotation":180,"texture":"#o2"},"down":{"uv":[0.9,15.9,0.1,15.1],"rotation":180,"texture":"#o2"}}},{"from":[-1.26467,12.58378,8.93368],"to":[-1.16467,12.73488,9.08368],"rotation":{"angle":0.0,"axis":"y","origin":[0.0,11.8,8.05]},"faces":{"north":{"uv":[0.1,15.1,0.9,15.9],"texture":"#o2"},"south":{"uv":[0.1,15.1,0.9,15.9],"texture":"#o2"},"west":{"uv":[0.1,15.1,0.9,15.9],"texture":"#o2"},"up":{"uv":[0.9,15.9,0.1,15.1],"rotation":180,"texture":"#o2"},"down":{"uv":[0.9,15.9,0.1,15.1],"rotation":180,"texture":"#o2"}}},{"from":[-1.26467,12.58378,6.89368],"to":[-1.16467,12.73488,7.04368],"rotation":{"angle":0.0,"axis":"y","origin":[0.0,11.8,8.05]},"faces":{"north":{"uv":[0.1,15.1,0.9,15.9],"texture":"#o2"},"south":{"uv":[0.1,15.1,0.9,15.9],"texture":"#o2"},"west":{"uv":[0.1,15.1,0.9,15.9],"texture":"#o2"},"up":{"uv":[0.9,15.9,0.1,15.1],"rotation":180,"texture":"#o2"},"down":{"uv":[0.9,15.9,0.1,15.1],"rotation":180,"texture":"#o2"}}},{"from":[-2.61718,11.54879,6.95866],"to":[1.0697,11.94879,7.12866],"rotation":{"angle":-45.0,"axis":"x","origin":[0.0,11.8,8.05]},"faces":{"north":{"uv":[0.1,5.1,0.9,5.9],"texture":"#o2"},"south":{"uv":[0.1,5.1,0.9,5.9],"texture":"#o2"},"east":{"uv":[0.1,5.1,0.9,5.9],"texture":"#o2"},"west":{"uv":[0.1,5.1,0.9,5.9],"texture":"#o2"}}},{"from":[-2.61718,11.51983,6.9848],"to":[1.0697,11.91983,7.1548],"rotation":{"angle":-22.5,"axis":"x","origin":[0.0,11.8,8.05]},"faces":{"north":{"uv":[0.1,5.1,0.9,5.9],"texture":"#o2"},"south":{"uv":[0.1,5.1,0.9,5.9],"texture":"#o2"},"east":{"uv":[0.1,5.1,0.9,5.9],"texture":"#o2"},"west":{"uv":[0.1,5.1,0.9,5.9],"texture":"#o2"}}},{"from":[-2.61718,11.50307,7.02002],"to":[1.0697,11.90307,7.19002],"rotation":{"angle":0.0,"axis":"y","origin":[0.0,11.8,8.05]},"faces":{"north":{"uv":[0.1,5.1,0.9,5.9],"texture":"#o2"},"south":{"uv":[0.1,5.1,0.9,5.9],"texture":"#o2"},"east":{"uv":[0.1,5.1,0.9,5.9],"texture":"#o2"},"west":{"uv":[0.1,5.1,0.9,5.9],"texture":"#o2"}}},{"from":[-2.61718,11.50107,7.05898],"to":[1.0697,11.90107,7.22898],"rotation":{"angle":22.5,"axis":"x","origin":[0.0,11.8,8.05]},"faces":{"north":{"uv":[0.1,5.1,0.9,5.9],"texture":"#o2"},"south":{"uv":[0.1,5.1,0.1,5.1],"texture":"#o2"},"east":{"uv":[0.1,5.1,0.9,5.9],"texture":"#o2"},"west":{"uv":[0.1,5.1,0.9,5.9],"texture":"#o2"}}},{"from":[-2.61718,11.51413,7.09574],"to":[1.0697,11.91413,7.26574],"rotation":{"angle":45.0,"axis":"x","origin":[0.0,11.8,8.05]},"faces":{"north":{"uv":[0.1,5.1,0.9,5.9],"texture":"#o2"},"south":{"uv":[0.1,5.1,0.9,5.9],"texture":"#o2"},"east":{"uv":[0.1,5.1,0.9,5.9],"texture":"#o2"},"west":{"uv":[0.1,5.1,0.9,5.9],"texture":"#o2"}}},{"from":[-2.61718,11.54879,8.7996],"to":[1.0697,11.94879,8.9696],"rotation":{"angle":-45.0,"axis":"x","origin":[0.0,11.8,8.05]},"faces":{"north":{"uv":[0.1,5.1,0.9,5.9],"texture":"#o2"},"south":{"uv":[0.1,5.1,0.9,5.9],"texture":"#o2"},"east":{"uv":[0.1,5.1,0.9,5.9],"texture":"#o2"},"west":{"uv":[0.1,5.1,0.9,5.9],"texture":"#o2"}}},{"from":[-2.61718,11.51982,8.82573],"to":[1.0697,11.91982,8.99573],"rotation":{"angle":-22.5,"axis":"x","origin":[0.0,11.8,8.05]},"faces":{"north":{"uv":[0.1,5.1,0.9,5.9],"texture":"#o2"},"south":{"uv":[0.1,5.1,0.9,5.9],"texture":"#o2"},"east":{"uv":[0.1,5.1,0.9,5.9],"texture":"#o2"},"west":{"uv":[0.1,5.1,0.9,5.9],"texture":"#o2"}}},{"from":[-2.61718,11.50307,8.86096],"to":[1.0697,11.90307,9.03096],"rotation":{"angle":0.0,"axis":"y","origin":[0.0,11.8,8.05]},"faces":{"north":{"uv":[0.1,5.1,0.9,5.9],"texture":"#o2"},"south":{"uv":[0.1,5.1,0.9,5.9],"texture":"#o2"},"east":{"uv":[0.1,5.1,0.9,5.9],"texture":"#o2"},"west":{"uv":[0.1,5.1,0.9,5.9],"texture":"#o2"}}},{"from":[-2.61718,11.50107,8.89992],"to":[1.0697,11.90107,9.06992],"rotation":{"angle":22.5,"axis":"x","origin":[0.0,11.8,8.05]},"faces":{"north":{"uv":[0.1,5.1,0.9,5.9],"texture":"#o2"},"south":{"uv":[0.1,5.1,0.9,5.9],"texture":"#o2"},"east":{"uv":[0.1,5.1,0.9,5.9],"texture":"#o2"},"west":{"uv":[0.1,5.1,0.9,5.9],"texture":"#o2"}}},{"from":[-2.61718,11.51413,8.93668],"to":[1.0697,11.91413,9.10668],"rotation":{"angle":45.0,"axis":"x","origin":[0.0,11.8,8.05]},"faces":{"north":{"uv":[0.1,5.1,0.9,5.9],"texture":"#o2"},"south":{"uv":[0.1,5.1,0.9,5.9],"texture":"#o2"},"east":{"uv":[0.1,5.1,0.9,5.9],"texture":"#o2"},"west":{"uv":[0.1,5.1,0.9,5.9],"texture":"#o2"}}},{"from":[-2.61718,10.71436,7.79026],"to":[1.0697,10.88436,8.19026],"rotation":{"angle":-22.5,"axis":"x","origin":[0.0,11.8,8.05]},"faces":{"east":{"uv":[0.1,5.1,0.9,5.9],"texture":"#o2"},"west":{"uv":[0.1,5.1,0.9,5.9],"texture":"#o2"},"up":{"uv":[0.9,5.9,0.1,5.1],"rotation":180,"texture":"#o2"},"down":{"uv":[0.9,5.9,0.1,5.1],"rotation":180,"texture":"#o2"}}},{"from":[-2.61718,10.69761,7.82549],"to":[1.0697,10.86761,8.22549],"rotation":{"angle":0.0,"axis":"y","origin":[0.0,11.8,8.05]},"faces":{"east":{"uv":[0.1,5.1,0.9,5.9],"texture":"#o2"},"west":{"uv":[0.1,5.1,0.9,5.9],"texture":"#o2"},"up":{"uv":[0.9,5.9,0.1,5.1],"rotation":180,"texture":"#o2"},"down":{"uv":[0.9,5.9,0.1,5.1],"rotation":180,"texture":"#o2"}}},{"from":[-2.61718,10.69561,7.86445],"to":[1.0697,10.86561,8.26445],"rotation":{"angle":22.5,"axis":"x","origin":[0.0,11.8,8.05]},"faces":{"east":{"uv":[0.1,5.1,0.9,5.9],"texture":"#o2"},"west":{"uv":[0.1,5.1,0.9,5.9],"texture":"#o2"},"up":{"uv":[0.9,5.9,0.1,5.1],"rotation":180,"texture":"#o2"},"down":{"uv":[0.9,5.9,0.1,5.1],"rotation":180,"texture":"#o2"}}},{"from":[-2.61718,12.55529,7.79026],"to":[1.0697,12.72529,8.19026],"rotation":{"angle":-22.5,"axis":"x","origin":[0.0,11.8,8.05]},"faces":{"east":{"uv":[0.1,5.1,0.9,5.9],"texture":"#o2"},"west":{"uv":[0.1,5.1,0.9,5.9],"texture":"#o2"},"up":{"uv":[0.9,5.9,0.1,5.1],"rotation":180,"texture":"#o2"},"down":{"uv":[0.9,5.9,0.1,5.1],"rotation":180,"texture":"#o2"}}},{"from":[-2.61718,12.53854,7.82549],"to":[1.0697,12.70854,8.22549],"rotation":{"angle":0.0,"axis":"y","origin":[0.0,11.8,8.05]},"faces":{"east":{"uv":[0.1,5.1,0.9,5.9],"texture":"#o2"},"west":{"uv":[0.1,5.1,0.9,5.9],"texture":"#o2"},"up":{"uv":[0.9,5.9,0.1,5.1],"rotation":180,"texture":"#o2"},"down":{"uv":[0.9,5.9,0.1,5.1],"rotation":180,"texture":"#o2"}}},{"from":[-2.61718,12.53654,7.86445],"to":[1.0697,12.70654,8.26445],"rotation":{"angle":22.5,"axis":"x","origin":[0.0,11.8,8.05]},"faces":{"east":{"uv":[0.1,5.1,0.9,5.9],"texture":"#o2"},"west":{"uv":[0.1,5.1,0.9,5.9],"texture":"#o2"},"up":{"uv":[0.9,5.9,0.1,5.1],"rotation":180,"texture":"#o2"},"down":{"uv":[0.9,5.9,0.1,5.1],"rotation":180,"texture":"#o2"}}},{"from":[-2.61468,11.5187,7.02002],"to":[-2.3678,11.9187,7.18252],"rotation":{"angle":0.0,"axis":"y","origin":[0.0,11.8,8.05]},"faces":{"north":{"uv":[0.1,5.1,0.9,5.9],"texture":"#o2"},"south":{"uv":[0.1,5.1,0.9,5.9],"texture":"#o2"},"east":{"uv":[0.1,5.1,0.9,5.9],"texture":"#o2"},"west":{"uv":[0.1,5.1,0.9,5.9],"texture":"#o2"}}},{"from":[-1.17718,11.52949,6.74002],"to":[-0.3678,11.88574,6.96014],"rotation":{"angle":-45.0,"axis":"x","origin":[0.0,11.8,8.05]},"faces":{"east":{"uv":[0.1,5.1,0.9,5.9],"texture":"#o2"},"west":{"uv":[0.1,5.1,0.9,5.9],"texture":"#o2"}}},{"from":[-1.17718,10.57343,7.42844],"to":[-0.3678,11.02343,8.23293],"rotation":{"angle":45.0,"axis":"x","origin":[0.0,12.08133,7.93347]},"faces":{"east":{"uv":[0.1,5.1,0.9,5.9],"texture":"#o2"},"west":{"uv":[0.1,5.1,0.9,5.9],"texture":"#o2"},"down":{"uv":[0.9,5.9,0.1,5.1],"rotation":180,"texture":"#o2"}}},{"from":[-1.17718,11.37219,6.51011],"to":[-0.3678,12.02927,7.06011],"rotation":{"angle":0.0,"axis":"y","origin":[0.0,11.8,8.05]},"faces":{"north":{"uv":[0.1,5.1,0.9,5.9],"rotation":180,"texture":"#o2"},"east":{"uv":[0.1,5.1,0.9,5.9],"texture":"#o2"},"west":{"uv":[0.1,5.1,0.9,5.9],"texture":"#o2"}}},{"from":[-1.17718,12.42619,7.28805],"to":[-0.3678,12.88619,8.09254],"rotation":{"angle":-45.0,"axis":"x","origin":[0.0,11.51868,7.93347]},"faces":{"east":{"uv":[0.1,5.1,0.9,5.9],"texture":"#o2"},"west":{"uv":[0.1,5.1,0.9,5.9],"texture":"#o2"},"up":{"uv":[0.9,5.9,0.1,5.1],"rotation":180,"texture":"#o2"}}},{"from":[-1.17718,11.58139,6.8509],"to":[-0.3678,11.93764,7.19539],"rotation":{"angle":45.0,"axis":"x","origin":[0.0,11.8,8.05]},"faces":{"east":{"uv":[0.1,5.1,0.9,5.9],"texture":"#o2"},"west":{"uv":[0.1,5.1,0.9,5.9],"texture":"#o2"}}},{"from":[-1.17718,11.42412,9.03449],"to":[-0.3678,11.78037,9.25461],"rotation":{"angle":45.0,"axis":"x","origin":[0.0,11.8,8.05]},"faces":{"east":{"uv":[0.9,5.1,0.1,5.9],"texture":"#o2"},"west":{"uv":[0.9,5.1,0.1,5.9],"texture":"#o2"}}},{"from":[-1.17718,10.6788,7.7617],"to":[-0.3678,11.05068,8.56619],"rotation":{"angle":-45.0,"axis":"x","origin":[0.0,12.08133,8.16653]},"faces":{"east":{"uv":[0.1,5.1,0.9,5.9],"texture":"#o2"},"west":{"uv":[0.1,5.1,0.9,5.9],"texture":"#o2"},"down":{"uv":[0.9,5.9,0.1,5.1],"rotation":180,"texture":"#o2"}}},{"from":[-1.17718,11.37219,8.93774],"to":[-0.3678,12.02927,9.44087],"rotation":{"angle":0.0,"axis":"y","origin":[0.0,11.8,8.05]},"faces":{"south":{"uv":[0.1,5.1,0.9,5.9],"texture":"#o2"},"east":{"uv":[0.1,5.1,0.9,5.9],"texture":"#o2"},"west":{"uv":[0.1,5.1,0.9,5.9],"texture":"#o2"}}},{"from":[-1.17718,12.40894,7.70209],"to":[-0.3678,12.78082,8.70658],"rotation":{"angle":45.0,"axis":"x","origin":[0.0,11.51868,8.16653]},"faces":{"east":{"uv":[0.1,4.1,0.9,4.9],"texture":"#o2"},"west":{"uv":[0.1,4.1,0.9,4.9],"texture":"#o2"},"up":{"uv":[0.9,4.9,0.1,4.1],"rotation":180,"texture":"#o2"}}},{"from":[1.06796,11.52412,6.7994],"to":[2.00396,11.98359,6.99116],"rotation":{"angle":-45.0,"axis":"x","origin":[-0.34,11.79398,8.0476]},"faces":{"north":{"uv":[0.1,5.1,0.9,5.9],"texture":"#o2"},"south":{"uv":[0.1,5.1,0.9,5.9],"texture":"#o2"},"west":{"uv":[0.1,5.1,0.9,5.9],"texture":"#o2"}}},{"from":[1.06796,10.54472,7.7803],"to":[2.00396,10.73648,8.23978],"rotation":{"angle":0.0,"axis":"y","origin":[-0.34,11.79398,8.0476]},"faces":{"west":{"uv":[0.1,5.1,0.9,5.9],"texture":"#o2"},"up":{"uv":[0.9,5.9,0.1,5.1],"rotation":180,"texture":"#o2"},"down":{"uv":[0.9,5.9,0.1,5.1],"rotation":180,"texture":"#o2"}}},{"from":[1.06796,10.53753,7.81926],"to":[2.00396,10.72929,8.27873],"rotation":{"angle":22.5,"axis":"x","origin":[-0.34,11.79398,8.0476]},"faces":{"west":{"uv":[0.1,5.1,0.9,5.9],"texture":"#o2"},"up":{"uv":[0.9,5.9,0.1,5.1],"rotation":180,"texture":"#o2"},"down":{"uv":[0.9,5.9,0.1,5.1],"rotation":180,"texture":"#o2"}}},{"from":[1.06796,11.49149,6.82186],"to":[2.00396,11.95096,7.01362],"rotation":{"angle":-22.5,"axis":"x","origin":[-0.34,11.79398,8.0476]},"faces":{"north":{"uv":[0.1,5.1,0.9,5.9],"texture":"#o2"},"south":{"uv":[0.1,5.1,0.9,5.9],"texture":"#o2"},"west":{"uv":[0.1,5.1,0.9,5.9],"texture":"#o2"}}},{"from":[1.06796,11.46994,6.85509],"to":[2.00396,11.92942,7.04685],"rotation":{"angle":0.0,"axis":"y","origin":[-0.34,11.79398,8.0476]},"faces":{"north":{"uv":[0.1,5.1,0.9,5.9],"texture":"#o2"},"south":{"uv":[0.1,5.1,0.9,5.9],"texture":"#o2"},"west":{"uv":[0.1,5.1,0.9,5.9],"texture":"#o2"}}},{"from":[1.06796,11.46274,6.89403],"to":[2.00396,11.92222,7.08579],"rotation":{"angle":22.5,"axis":"x","origin":[-0.34,11.79398,8.0476]},"faces":{"north":{"uv":[0.1,5.1,0.9,5.9],"texture":"#o2"},"south":{"uv":[0.1,5.1,0.9,5.9],"texture":"#o2"},"west":{"uv":[0.1,5.1,0.9,5.9],"texture":"#o2"}}},{"from":[1.06796,11.47101,6.93277],"to":[2.00396,11.93048,7.12453],"rotation":{"angle":45.0,"axis":"x","origin":[-0.34,11.79398,8.0476]},"faces":{"north":{"uv":[0.1,5.1,0.9,5.9],"texture":"#o2"},"south":{"uv":[0.1,5.1,0.9,5.9],"texture":"#o2"},"west":{"uv":[0.1,5.1,0.9,5.9],"texture":"#o2"}}},{"from":[1.06796,12.68442,7.74708],"to":[2.00396,12.87619,8.20655],"rotation":{"angle":-22.5,"axis":"x","origin":[-0.34,11.79398,8.0476]},"faces":{"west":{"uv":[0.1,5.1,0.9,5.9],"texture":"#o2"},"up":{"uv":[0.9,5.9,0.1,5.1],"rotation":180,"texture":"#o2"},"down":{"uv":[0.9,5.9,0.1,5.1],"rotation":180,"texture":"#o2"}}},{"from":[1.06796,12.66287,7.7803],"to":[2.00396,12.85464,8.23978],"rotation":{"angle":0.0,"axis":"y","origin":[-0.34,11.79398,8.0476]},"faces":{"west":{"uv":[0.1,5.1,0.9,5.9],"texture":"#o2"},"up":{"uv":[0.9,5.9,0.1,5.1],"rotation":180,"texture":"#o2"},"down":{"uv":[0.9,5.9,0.1,5.1],"rotation":180,"texture":"#o2"}}},{"from":[1.06796,12.65568,7.81926],"to":[2.00396,12.84745,8.27873],"rotation":{"angle":22.5,"axis":"x","origin":[-0.34,11.79398,8.0476]},"faces":{"west":{"uv":[0.1,5.1,0.9,5.9],"texture":"#o2"},"up":{"uv":[0.9,5.9,0.1,5.1],"rotation":180,"texture":"#o2"},"down":{"uv":[0.9,5.9,0.1,5.1],"rotation":180,"texture":"#o2"}}},{"from":[1.06796,11.52412,8.91755],"to":[2.00396,11.98359,9.10931],"rotation":{"angle":-45.0,"axis":"x","origin":[-0.34,11.79398,8.0476]},"faces":{"north":{"uv":[0.1,5.1,0.9,5.9],"texture":"#o2"},"south":{"uv":[0.1,5.1,0.9,5.9],"texture":"#o2"},"west":{"uv":[0.1,5.1,0.9,5.9],"texture":"#o2"}}},{"from":[1.06796,11.49149,8.94001],"to":[2.00396,11.95096,9.13177],"rotation":{"angle":-22.5,"axis":"x","origin":[-0.34,11.79398,8.0476]},"faces":{"north":{"uv":[0.1,5.1,0.9,5.9],"texture":"#o2"},"south":{"uv":[0.1,5.1,0.9,5.9],"texture":"#o2"},"west":{"uv":[0.1,5.1,0.9,5.9],"texture":"#o2"}}},{"from":[1.06796,11.46994,8.97324],"to":[2.00396,11.92942,9.165],"rotation":{"angle":0.0,"axis":"y","origin":[-0.34,11.79398,8.0476]},"faces":{"north":{"uv":[0.1,5.1,0.9,5.9],"texture":"#o2"},"south":{"uv":[0.1,5.1,0.9,5.9],"texture":"#o2"},"west":{"uv":[0.1,5.1,0.9,5.9],"texture":"#o2"}}},{"from":[1.06796,11.46274,9.01218],"to":[2.00396,11.92222,9.20394],"rotation":{"angle":22.5,"axis":"x","origin":[-0.34,11.79398,8.0476]},"faces":{"north":{"uv":[0.1,5.1,0.9,5.9],"texture":"#o2"},"south":{"uv":[0.1,5.1,0.9,5.9],"texture":"#o2"},"west":{"uv":[0.1,5.1,0.9,5.9],"texture":"#o2"}}},{"from":[1.06796,11.47101,9.05092],"to":[2.00396,11.93048,9.24268],"rotation":{"angle":45.0,"axis":"x","origin":[-0.34,11.79398,8.0476]},"faces":{"north":{"uv":[0.1,5.1,0.9,5.9],"texture":"#o2"},"south":{"uv":[0.1,5.1,0.9,5.9],"texture":"#o2"},"west":{"uv":[0.1,5.1,0.9,5.9],"texture":"#o2"}}},{"from":[1.06796,10.56627,7.74708],"to":[2.00396,10.75803,8.20655],"rotation":{"angle":-22.5,"axis":"x","origin":[-0.34,11.79398,8.0476]},"faces":{"west":{"uv":[0.1,5.1,0.9,5.9],"texture":"#o2"},"up":{"uv":[0.9,5.9,0.1,5.1],"rotation":180,"texture":"#o2"},"down":{"uv":[0.9,5.9,0.1,5.1],"rotation":180,"texture":"#o2"}}},{"from":[2.94283,11.4869,6.87067],"to":[2.94283,11.9255,9.07566],"rotation":{"angle":0.0,"axis":"y","origin":[1.0312,11.78687,8.03924]},"faces":{"east":{"uv":[5.1,5.1,5.9,5.9],"texture":"#o2"}}},{"from":[2.94283,11.55724,6.83298],"to":[2.94283,11.99584,9.03798],"rotation":{"angle":-45.0,"axis":"x","origin":[1.0312,11.78687,8.03924]},"faces":{"east":{"uv":[5.1,5.1,5.9,5.9],"texture":"#o2"}}},{"from":[2.94283,10.60371,7.75387],"to":[2.94283,12.8087,8.19247],"rotation":{"angle":0.0,"axis":"y","origin":[1.0312,11.78687,8.03924]},"faces":{"east":{"uv":[5.1,5.1,5.9,5.9],"texture":"#o2"}}},{"from":[2.94283,11.4638,6.94706],"to":[2.94283,11.9024,9.15206],"rotation":{"angle":45.0,"axis":"x","origin":[1.0312,11.78687,8.03924]},"faces":{"east":{"uv":[5.1,5.1,5.9,5.9],"texture":"#o2"}}},{"from":[2.94283,10.63513,7.72804],"to":[2.94283,12.84013,8.16664],"rotation":{"angle":-22.5,"axis":"x","origin":[1.0312,11.78687,8.03924]},"faces":{"east":{"uv":[5.1,5.1,5.9,5.9],"texture":"#o2"}}},{"from":[2.94283,11.46776,6.90656],"to":[2.94283,11.90636,9.11156],"rotation":{"angle":22.5,"axis":"x","origin":[1.0312,11.78687,8.03924]},"faces":{"east":{"uv":[5.1,5.1,5.9,5.9],"texture":"#o2"}}},{"from":[2.94283,10.58456,7.78977],"to":[2.94283,12.78956,8.22837],"rotation":{"angle":22.5,"axis":"x","origin":[1.0312,11.78687,8.03924]},"faces":{"east":{"uv":[5.1,5.1,5.9,5.9],"texture":"#o2"}}},{"from":[2.94283,11.51832,6.84483],"to":[2.94283,11.95692,9.04983],"rotation":{"angle":-22.5,"axis":"x","origin":[1.0312,11.78687,8.03924]},"faces":{"east":{"uv":[5.1,5.1,5.9,5.9],"texture":"#o2"}}},{"from":[2.52594,12.99644,8.07546],"to":[2.99594,13.17644,8.2383],"rotation":{"angle":0.0,"axis":"x","origin":[0.36794,11.807,8.06414]},"faces":{"north":{"uv":[5.0,0.0,6.0,1.0],"texture":"#o2"},"south":{"uv":[5.0,0.0,6.0,1.0],"texture":"#o2"},"east":{"uv":[5.0,0.0,6.0,1.0],"texture":"#o2"},"west":{"uv":[5.0,0.0,6.0,1.0],"texture":"#o2"},"up":{"uv":[5.0,0.0,6.0,1.0],"rotation":90,"texture":"#o2"},"down":{"uv":[5.0,0.0,6.0,1.0],"rotation":270,"texture":"#o2"}}},{"from":[1.97937,13.00644,8.20546],"to":[2.46937,13.17644,8.3683],"rotation":{"angle":0.0,"axis":"x","origin":[0.57137,11.997,7.95414]},"faces":{"north":{"uv":[5.0,0.0,6.0,1.0],"texture":"#o2"},"south":{"uv":[5.0,0.0,6.0,1.0],"texture":"#o2"},"east":{"uv":[5.0,0.0,6.0,1.0],"texture":"#o2"},"west":{"uv":[5.0,0.0,6.0,1.0],"texture":"#o2"},"up":{"uv":[5.0,0.0,6.0,1.0],"rotation":90,"texture":"#o2"},"down":{"uv":[5.0,0.0,6.0,1.0],"rotation":270,"texture":"#o2"}}},{"from":[1.40561,12.85213,8.20546],"to":[2.04097,13.01749,8.3683],"rotation":{"angle":22.5,"axis":"z","origin":[1.61061,12.94213,8.28688]},"faces":{"north":{"uv":[5.0,0.0,6.0,1.0],"texture":"#o2"},"south":{"uv":[5.0,0.0,6.0,1.0],"texture":"#o2"},"east":{"uv":[5.0,0.0,6.0,1.0],"texture":"#o2"},"west":{"uv":[5.0,0.0,6.0,1.0],"texture":"#o2"},"up":{"uv":[5.0,0.0,6.0,1.0],"rotation":90,"texture":"#o2"},"down":{"uv":[5.0,0.0,6.0,1.0],"rotation":270,"texture":"#o2"}}},{"from":[1.31566,12.78053,8.20546],"to":[1.45566,12.96053,8.3683],"rotation":{"angle":0.0,"axis":"x","origin":[1.26566,12.87053,8.28688]},"faces":{"north":{"uv":[5.0,0.0,6.0,1.0],"texture":"#o2"},"south":{"uv":[5.0,0.0,6.0,1.0],"texture":"#o2"},"east":{"uv":[5.0,0.0,6.0,1.0],"texture":"#o2"},"west":{"uv":[5.0,0.0,6.0,1.0],"texture":"#o2"},"up":{"uv":[5.0,0.0,6.0,1.0],"rotation":90,"texture":"#o2"},"down":{"uv":[5.0,0.0,6.0,1.0],"rotation":270,"texture":"#o2"}}},{"from":[1.17585,12.78053,8.29494],"to":[1.36585,12.96053,8.45778],"rotation":{"angle":22.5,"axis":"y","origin":[1.11585,12.87053,8.37636]},"faces":{"north":{"uv":[5.0,0.0,6.0,1.0],"texture":"#o2"},"south":{"uv":[5.0,0.0,6.0,1.0],"texture":"#o2"},"east":{"uv":[5.0,0.0,6.0,1.0],"texture":"#o2"},"west":{"uv":[5.0,0.0,6.0,1.0],"texture":"#o2"},"up":{"uv":[5.0,0.0,6.0,1.0],"rotation":90,"texture":"#o2"},"down":{"uv":[5.0,0.0,6.0,1.0],"rotation":270,"texture":"#o2"}}},{"from":[0.44918,12.64116,8.43285],"to":[0.76918,12.82116,8.59569],"rotation":{"angle":45.0,"axis":"y","origin":[0.49918,12.73116,8.51427]},"faces":{"north":{"uv":[5.0,0.0,6.0,1.0],"texture":"#o2"},"south":{"uv":[5.0,0.0,6.0,1.0],"texture":"#o2"},"east":{"uv":[5.0,0.0,6.0,1.0],"texture":"#o2"},"west":{"uv":[5.0,0.0,6.0,1.0],"texture":"#o2"},"up":{"uv":[5.0,0.0,6.0,1.0],"rotation":90,"texture":"#o2"},"down":{"uv":[5.0,0.0,6.0,1.0],"rotation":270,"texture":"#o2"}}},{"from":[0.2014,12.64116,8.44436],"to":[0.5214,12.82116,8.6072],"rotation":{"angle":0.0,"axis":"y","origin":[0.1914,12.73116,8.52578]},"faces":{"north":{"uv":[5.0,0.0,6.0,1.0],"texture":"#o2"},"south":{"uv":[5.0,0.0,6.0,1.0],"texture":"#o2"},"east":{"uv":[5.0,0.0,6.0,1.0],"texture":"#o2"},"west":{"uv":[5.0,0.0,6.0,1.0],"texture":"#o2"},"up":{"uv":[5.0,0.0,6.0,1.0],"rotation":90,"texture":"#o2"},"down":{"uv":[5.0,0.0,6.0,1.0],"rotation":270,"texture":"#o2"}}},{"from":[-0.06274,12.59061,8.44436],"to":[0.24726,12.77061,8.6072],"rotation":{"angle":22.5,"axis":"z","origin":[0.09726,12.68061,8.52578]},"faces":{"north":{"uv":[5.0,0.0,6.0,1.0],"texture":"#o2"},"south":{"uv":[5.0,0.0,6.0,1.0],"texture":"#o2"},"east":{"uv":[5.0,0.0,6.0,1.0],"texture":"#o2"},"west":{"uv":[5.0,0.0,6.0,1.0],"texture":"#o2"},"up":{"uv":[5.0,0.0,6.0,1.0],"rotation":90,"texture":"#o2"},"down":{"uv":[5.0,0.0,6.0,1.0],"rotation":270,"texture":"#o2"}}},{"from":[0.63253,12.64116,8.26578],"to":[0.76177,12.82116,8.4248],"rotation":{"angle":0.0,"axis":"x","origin":[0.21377,11.82172,7.86064]},"faces":{"north":{"uv":[5.0,0.0,6.0,1.0],"texture":"#o2"},"south":{"uv":[5.0,0.0,6.0,1.0],"texture":"#o2"},"east":{"uv":[5.0,0.0,6.0,1.0],"texture":"#o2"},"west":{"uv":[5.0,0.0,6.0,1.0],"texture":"#o2"},"up":{"uv":[5.0,0.0,6.0,1.0],"rotation":90,"texture":"#o2"},"down":{"uv":[5.0,0.0,6.0,1.0],"rotation":270,"texture":"#o2"}}},{"from":[1.06244,12.78053,8.26578],"to":[1.20244,12.96053,8.42862],"rotation":{"angle":0.0,"axis":"x","origin":[0.37444,11.96109,7.86446]},"faces":{"north":{"uv":[5.0,0.0,6.0,1.0],"texture":"#o2"},"south":{"uv":[5.0,0.0,6.0,1.0],"texture":"#o2"},"east":{"uv":[5.0,0.0,6.0,1.0],"texture":"#o2"},"west":{"uv":[5.0,0.0,6.0,1.0],"texture":"#o2"},"up":{"uv":[5.0,0.0,6.0,1.0],"rotation":90,"texture":"#o2"},"down":{"uv":[5.0,0.0,6.0,1.0],"rotation":270,"texture":"#o2"}}},{"from":[0.70221,12.76059,8.26578],"to":[1.10221,12.94059,8.42862],"rotation":{"angle":22.5,"axis":"z","origin":[1.03221,12.85059,8.3472]},"faces":{"north":{"uv":[5.0,0.0,6.0,1.0],"texture":"#o2"},"south":{"uv":[5.0,0.0,6.0,1.0],"texture":"#o2"},"east":{"uv":[5.0,0.0,6.0,1.0],"texture":"#o2"},"west":{"uv":[5.0,0.0,6.0,1.0],"texture":"#o2"},"up":{"uv":[5.0,0.0,6.0,1.0],"rotation":90,"texture":"#o2"},"down":{"uv":[5.0,0.0,6.0,1.0],"rotation":270,"texture":"#o2"}}},{"from":[-0.37525,12.53215,8.44436],"to":[-0.00525,12.71215,8.6072],"rotation":{"angle":0.0,"axis":"x","origin":[0.13675,11.81271,8.04304]},"faces":{"north":{"uv":[5.0,0.0,6.0,1.0],"texture":"#o2"},"south":{"uv":[5.0,0.0,6.0,1.0],"texture":"#o2"},"east":{"uv":[5.0,0.0,6.0,1.0],"texture":"#o2"},"west":{"uv":[5.0,0.0,6.0,1.0],"texture":"#o2"},"up":{"uv":[5.0,0.0,6.0,1.0],"rotation":90,"texture":"#o2"},"down":{"uv":[5.0,0.0,6.0,1.0],"rotation":270,"texture":"#o2"}}},{"from":[3.06665,12.99644,7.93132],"to":[3.73665,13.17644,8.09416],"rotation":{"angle":0.0,"axis":"x","origin":[0.43865,11.807,8.05]},"faces":{"north":{"uv":[5.0,0.0,6.0,1.0],"texture":"#o2"},"south":{"uv":[5.0,0.0,6.0,1.0],"texture":"#o2"},"east":{"uv":[5.0,0.0,6.0,1.0],"texture":"#o2"},"west":{"uv":[5.0,0.0,6.0,1.0],"texture":"#o2"},"up":{"uv":[5.0,0.0,6.0,1.0],"rotation":90,"texture":"#o2"},"down":{"uv":[5.0,0.0,6.0,1.0],"rotation":270,"texture":"#o2"}}},{"from":[2.96992,12.99644,8.17971],"to":[3.23699,13.17644,8.34678],"rotation":{"angle":45.0,"axis":"y","origin":[2.85199,13.08644,8.26113]},"faces":{"north":{"uv":[5.0,0.0,6.0,1.0],"texture":"#o2"},"south":{"uv":[5.0,0.0,6.0,1.0],"texture":"#o2"},"east":{"uv":[5.0,0.0,6.0,1.0],"texture":"#o2"},"west":{"uv":[5.0,0.0,6.0,1.0],"texture":"#o2"},"up":{"uv":[5.0,0.0,6.0,1.0],"rotation":90,"texture":"#o2"},"down":{"uv":[5.0,0.0,6.0,1.0],"rotation":270,"texture":"#o2"}}},{"from":[2.44921,12.99644,8.32385],"to":[2.69628,13.17644,8.49092],"rotation":{"angle":45.0,"axis":"y","origin":[2.31128,13.08644,8.40527]},"faces":{"north":{"uv":[5.0,0.0,6.0,1.0],"texture":"#o2"},"south":{"uv":[5.0,0.0,6.0,1.0],"texture":"#o2"},"east":{"uv":[5.0,0.0,6.0,1.0],"texture":"#o2"},"west":{"uv":[5.0,0.0,6.0,1.0],"texture":"#o2"},"up":{"uv":[5.0,0.0,6.0,1.0],"rotation":90,"texture":"#o2"},"down":{"uv":[5.0,0.0,6.0,1.0],"rotation":270,"texture":"#o2"}}},{"from":[-0.13434,10.38197,7.82549],"to":[0.26566,10.78197,8.22549],"rotation":{"angle":0.0,"axis":"y","origin":[0.14851,10.18197,7.82549]},"faces":{"north":{"uv":[1.0,5.25,1.4,5.65],"texture":"#o2"},"south":{"uv":[1.0,5.25,1.4,5.65],"texture":"#o2"},"east":{"uv":[1.0,5.25,1.4,5.65],"texture":"#o2"},"west":{"uv":[1.0,5.25,1.4,5.65],"texture":"#o2"},"up":{"uv":[1.0,5.25,1.4,5.65],"rotation":90,"texture":"#o2"},"down":{"uv":[1.0,5.25,1.4,5.65],"rotation":270,"texture":"#o2"}}},{"from":[0.0625,9.97198,7.82549],"to":[3.27507,10.37198,8.22549],"rotation":{"angle":0.0,"axis":"y","origin":[0.0,11.8,8.05]},"faces":{"north":{"uv":[0.1,0.1,0.9,0.9],"texture":"#o2"},"south":{"uv":[0.1,0.1,0.9,0.9],"texture":"#o2"},"east":{"uv":[0.1,0.1,0.9,0.9],"texture":"#o2"},"west":{"uv":[0.1,0.1,0.9,0.9],"texture":"#o2"},"up":{"uv":[0.9,0.9,0.1,0.1],"rotation":180,"texture":"#o2"}}},{"from":[0.24688,10.36489,7.98571],"to":[2.03438,10.67051,8.06527],"rotation":{"angle":0.0,"axis":"y","origin":[0.0,11.8,8.05]},"faces":{"north":{"uv":[0.1,0.1,0.9,0.9],"texture":"#o2"},"south":{"uv":[0.1,0.1,0.9,0.9],"texture":"#o2"},"east":{"uv":[0.1,0.1,0.9,0.9],"texture":"#o2"},"west":{"uv":[0.1,0.1,0.9,0.9],"texture":"#o2"},"up":{"uv":[0.9,0.9,0.1,0.1],"rotation":180,"texture":"#o2"}}},{"from":[-0.0375,9.07198,8.75674],"to":[3.37507,9.47198,9.05674],"rotation":{"angle":0.0,"axis":"y","origin":[0.0,11.8,8.05]},"faces":{"north":{"uv":[0.1,0.1,0.9,0.9],"texture":"#o2"},"south":{"uv":[0.1,0.1,0.9,0.9],"texture":"#o2"},"east":{"uv":[0.1,0.1,0.9,0.9],"texture":"#o2"},"west":{"uv":[0.1,0.1,0.9,0.9],"texture":"#o2"},"down":{"uv":[0.9,0.9,0.1,0.1],"rotation":180,"texture":"#o2"}}},{"from":[-0.0375,9.47198,7.09674],"to":[3.37507,9.97198,9.05674],"rotation":{"angle":0.0,"axis":"y","origin":[0.0,11.8,8.05]},"faces":{"north":{"uv":[0.1,0.1,0.9,0.9],"texture":"#o2"},"south":{"uv":[0.1,0.1,0.9,0.9],"texture":"#o2"},"east":{"uv":[0.1,0.1,0.9,0.9],"texture":"#o2"},"west":{"uv":[0.1,0.1,0.9,0.9],"texture":"#o2"},"up":{"uv":[0.9,0.9,0.1,0.1],"rotation":180,"texture":"#o2"},"down":{"uv":[0.9,0.9,0.1,0.1],"rotation":180,"texture":"#o2"}}},{"from":[1.9,10.41,7.46152],"to":[3.22208,10.70924,8.53848],"rotation":{"angle":0.0,"axis":"z","origin":[2.4,11.71,8.0]},"faces":{"north":{"uv":[0.875,5.25,1.875,6.25],"texture":"#o2"},"south":{"uv":[0.875,5.25,1.875,6.25],"texture":"#o2"},"east":{"uv":[0.875,5.25,1.875,6.25],"texture":"#o2"},"west":{"uv":[0.875,5.25,1.875,6.25],"texture":"#o2"},"up":{"uv":[0.875,5.25,1.875,6.25],"rotation":90,"texture":"#o2"},"down":{"uv":[0.875,5.25,1.875,6.25],"rotation":270,"texture":"#o2"}}},{"from":[1.9,12.71,7.46152],"to":[3.8,13.01,8.53848],"rotation":{"angle":-45.0,"axis":"x","origin":[2.4,11.71,8.0]},"faces":{"north":{"uv":[0.875,5.25,1.875,6.25],"texture":"#o2"},"south":{"uv":[0.875,5.25,1.875,6.25],"texture":"#o2"},"east":{"uv":[0.875,5.25,1.875,6.25],"texture":"#o2"},"west":{"uv":[0.875,5.25,1.875,6.25],"texture":"#o2"},"up":{"uv":[0.875,5.25,1.875,6.25],"rotation":90,"texture":"#o2"},"down":{"uv":[0.875,5.25,1.875,6.25],"rotation":270,"texture":"#o2"}}},{"from":[1.9,12.71,7.46152],"to":[3.8,13.01,8.53848],"rotation":{"angle":0.0,"axis":"z","origin":[2.4,11.71,8.0]},"faces":{"north":{"uv":[0.875,5.25,1.875,6.25],"texture":"#o2"},"south":{"uv":[0.875,5.25,1.875,6.25],"texture":"#o2"},"east":{"uv":[0.875,5.25,1.875,6.25],"texture":"#o2"},"west":{"uv":[0.875,5.25,1.875,6.25],"texture":"#o2"},"up":{"uv":[0.875,5.25,1.875,6.25],"rotation":90,"texture":"#o2"},"down":{"uv":[0.875,5.25,1.875,6.25],"rotation":270,"texture":"#o2"}}},{"from":[1.9,11.17152,6.69946],"to":[3.22208,12.24794,7.0],"rotation":{"angle":-45.0,"axis":"x","origin":[2.4,11.71,8.0]},"faces":{"north":{"uv":[0.875,5.25,1.875,6.25],"texture":"#o2"},"south":{"uv":[0.875,5.25,1.875,6.25],"texture":"#o2"},"east":{"uv":[0.875,5.25,1.875,6.25],"texture":"#o2"},"west":{"uv":[0.875,5.25,1.875,6.25],"texture":"#o2"},"up":{"uv":[0.875,5.25,1.875,6.25],"rotation":90,"texture":"#o2"},"down":{"uv":[0.875,5.25,1.875,6.25],"rotation":270,"texture":"#o2"}}},{"from":[2.86152,11.93,6.7],"to":[3.12724,12.78266,7.0],"rotation":{"angle":-45.0,"axis":"z","origin":[2.4,11.53,8.0]},"faces":{"north":{"uv":[0.875,5.25,1.875,6.25],"rotation":90,"texture":"#o2"},"south":{"uv":[0.875,5.25,1.875,6.25],"rotation":270,"texture":"#o2"},"east":{"uv":[0.875,5.25,1.875,6.25],"rotation":180,"texture":"#o2"},"west":{"uv":[0.875,5.25,1.875,6.25],"texture":"#o2"},"up":{"uv":[0.875,5.25,1.875,6.25],"rotation":270,"texture":"#o2"},"down":{"uv":[0.875,5.25,1.875,6.25],"rotation":270,"texture":"#o2"}}},{"from":[2.75152,11.99,6.7],"to":[3.0626,12.6273,7.0],"rotation":{"angle":-45.0,"axis":"z","origin":[2.6,11.71,8.0]},"faces":{"north":{"uv":[0.875,5.25,1.875,6.25],"rotation":90,"texture":"#o2"},"south":{"uv":[0.875,5.25,1.875,6.25],"rotation":270,"texture":"#o2"},"east":{"uv":[0.875,5.25,1.875,6.25],"rotation":180,"texture":"#o2"},"west":{"uv":[0.875,5.25,1.875,6.25],"texture":"#o2"},"up":{"uv":[0.875,5.25,1.875,6.25],"rotation":270,"texture":"#o2"},"down":{"uv":[0.875,5.25,1.875,6.25],"rotation":270,"texture":"#o2"}}},{"from":[1.9,11.90152,6.7],"to":[3.8,12.24848,7.0],"rotation":{"angle":0.0,"axis":"x","origin":[2.4,11.71,8.0]},"faces":{"north":{"uv":[0.875,5.25,1.875,6.25],"texture":"#o2"},"south":{"uv":[0.875,5.25,1.875,6.25],"texture":"#o2"},"east":{"uv":[0.875,5.25,1.875,6.25],"texture":"#o2"},"west":{"uv":[0.875,5.25,1.875,6.25],"texture":"#o2"},"up":{"uv":[0.875,5.25,1.875,6.25],"rotation":90,"texture":"#o2"},"down":{"uv":[0.875,5.25,1.875,6.25],"rotation":270,"texture":"#o2"}}},{"from":[1.9,11.17076,6.7],"to":[3.22208,12.03152,7.0],"rotation":{"angle":0.0,"axis":"x","origin":[2.4,11.55,8.0]},"faces":{"north":{"uv":[0.875,5.25,1.875,6.25],"texture":"#o2"},"south":{"uv":[0.875,5.25,1.875,6.25],"texture":"#o2"},"east":{"uv":[0.875,5.25,1.875,6.25],"texture":"#o2"},"west":{"uv":[0.875,5.25,1.875,6.25],"texture":"#o2"},"up":{"uv":[0.875,5.25,1.875,6.25],"rotation":90,"texture":"#o2"},"down":{"uv":[0.875,5.25,1.875,6.25],"rotation":270,"texture":"#o2"}}},{"from":[1.9,12.71,7.46152],"to":[3.8,13.01,8.53848],"rotation":{"angle":45.0,"axis":"x","origin":[2.4,11.71,8.0]},"faces":{"north":{"uv":[1.875,5.25,0.875,6.25],"texture":"#o2"},"south":{"uv":[1.875,5.25,0.875,6.25],"texture":"#o2"},"east":{"uv":[1.875,5.25,0.875,6.25],"texture":"#o2"},"west":{"uv":[1.875,5.25,0.875,6.25],"texture":"#o2"},"up":{"uv":[1.875,5.25,0.875,6.25],"rotation":90,"texture":"#o2"},"down":{"uv":[1.875,5.25,0.875,6.25],"rotation":270,"texture":"#o2"}}},{"from":[1.9,11.90152,9.0],"to":[3.8,12.24848,9.3],"rotation":{"angle":0.0,"axis":"x","origin":[2.4,11.71,8.0]},"faces":{"north":{"uv":[1.875,5.25,0.875,6.25],"texture":"#o2"},"south":{"uv":[1.875,5.25,0.875,6.25],"texture":"#o2"},"east":{"uv":[1.875,5.25,0.875,6.25],"texture":"#o2"},"west":{"uv":[1.875,5.25,0.875,6.25],"texture":"#o2"},"up":{"uv":[1.875,5.25,0.875,6.25],"rotation":90,"texture":"#o2"},"down":{"uv":[1.875,5.25,0.875,6.25],"rotation":270,"texture":"#o2"}}},{"from":[2.86152,11.93,9.0],"to":[3.12724,12.78266,9.3],"rotation":{"angle":-45.0,"axis":"z","origin":[2.4,11.53,8.0]},"faces":{"north":{"uv":[0.875,6.25,1.875,5.25],"rotation":270,"texture":"#o2"},"south":{"uv":[0.875,6.25,1.875,5.25],"rotation":90,"texture":"#o2"},"east":{"uv":[1.875,5.25,0.875,6.25],"rotation":180,"texture":"#o2"},"west":{"uv":[1.875,5.25,0.875,6.25],"texture":"#o2"},"up":{"uv":[1.875,5.25,0.875,6.25],"rotation":270,"texture":"#o2"},"down":{"uv":[1.875,5.25,0.875,6.25],"rotation":270,"texture":"#o2"}}},{"from":[2.75152,11.99,9.0],"to":[3.0626,12.6273,9.3],"rotation":{"angle":-45.0,"axis":"z","origin":[2.6,11.71,8.0]},"faces":{"north":{"uv":[0.875,6.25,1.875,5.25],"rotation":270,"texture":"#o2"},"south":{"uv":[0.875,6.25,1.875,5.25],"rotation":90,"texture":"#o2"},"east":{"uv":[1.875,5.25,0.875,6.25],"rotation":180,"texture":"#o2"},"west":{"uv":[1.875,5.25,0.875,6.25],"texture":"#o2"},"up":{"uv":[1.875,5.25,0.875,6.25],"rotation":270,"texture":"#o2"},"down":{"uv":[1.875,5.25,0.875,6.25],"rotation":270,"texture":"#o2"}}},{"from":[1.9,11.17076,9.0],"to":[3.22208,12.03152,9.3],"rotation":{"angle":0.0,"axis":"x","origin":[2.4,11.55,8.0]},"faces":{"north":{"uv":[1.875,5.25,0.875,6.25],"texture":"#o2"},"south":{"uv":[1.875,5.25,0.875,6.25],"texture":"#o2"},"east":{"uv":[1.875,5.25,0.875,6.25],"texture":"#o2"},"west":{"uv":[1.875,5.25,0.875,6.25],"texture":"#o2"},"up":{"uv":[1.875,5.25,0.875,6.25],"rotation":90,"texture":"#o2"},"down":{"uv":[1.875,5.25,0.875,6.25],"rotation":270,"texture":"#o2"}}},{"from":[1.9,11.17152,9.0],"to":[3.22208,12.24794,9.30054],"rotation":{"angle":45.0,"axis":"x","origin":[2.4,11.71,8.0]},"faces":{"north":{"uv":[1.875,5.25,0.875,6.25],"texture":"#o2"},"south":{"uv":[1.875,5.25,0.875,6.25],"texture":"#o2"},"east":{"uv":[1.875,5.25,0.875,6.25],"texture":"#o2"},"west":{"uv":[1.875,5.25,0.875,6.25],"texture":"#o2"},"up":{"uv":[1.875,5.25,0.875,6.25],"rotation":90,"texture":"#o2"},"down":{"uv":[1.875,5.25,0.875,6.25],"rotation":270,"texture":"#o2"}}},{"from":[0.42118,10.9571,7.82154],"to":[0.42118,11.8571,8.12154],"rotation":{"angle":0.0,"axis":"y","origin":[0.0,11.8,8.05]},"faces":{"west":{"uv":[9.75,0.0,15.95,15.975],"texture":"#o2"}}},{"from":[24.3,7.49005,7.37],"to":[32.0,8.06995,7.77],"rotation":{"angle":45.0,"axis":"x","origin":[24.8,7.78,8.07]},"faces":{"north":{"uv":[0.0,1.0,0.25,1.25],"texture":"#o9"},"south":{"uv":[0.5,1.0,0.75,1.25],"texture":"#o9"},"east":{"uv":[0.0,1.0,0.25,1.25],"texture":"#o9"},"west":{"uv":[0.0,1.0,0.25,1.25],"texture":"#o9"},"up":{"uv":[0.0,1.0,0.25,1.25],"texture":"#o9"},"down":{"uv":[0.0,1.0,0.25,1.25],"texture":"#o9"}}},{"from":[24.3,7.49005,7.37],"to":[32.0,8.06995,7.77],"rotation":{"angle":0.0,"axis":"x","origin":[24.8,7.78,8.07]},"faces":{"north":{"uv":[0.0,1.0,0.25,1.25],"texture":"#o9"},"south":{"uv":[0.5,1.0,0.75,1.25],"texture":"#o9"},"east":{"uv":[0.0,1.0,0.25,1.25],"texture":"#o9"},"west":{"uv":[0.0,1.0,0.25,1.25],"texture":"#o9"},"up":{"uv":[0.0,1.0,0.25,1.25],"texture":"#o9"},"down":{"uv":[0.0,1.0,0.25,1.25],"texture":"#o9"}}},{"from":[24.3,7.49005,8.37],"to":[32.0,8.06995,8.77],"rotation":{"angle":45.0,"axis":"x","origin":[24.8,7.78,8.07]},"faces":{"north":{"uv":[0.5,1.0,0.75,1.25],"texture":"#o9"},"south":{"uv":[0.0,1.0,0.25,1.25],"texture":"#o9"},"east":{"uv":[0.0,1.0,0.25,1.25],"texture":"#o9"},"west":{"uv":[0.0,1.0,0.25,1.25],"texture":"#o9"},"up":{"uv":[0.0,1.0,0.25,1.25],"texture":"#o9"},"down":{"uv":[0.0,1.0,0.25,1.25],"texture":"#o9"}}},{"from":[24.3,7.49005,8.37],"to":[32.0,8.06995,8.77],"rotation":{"angle":0.0,"axis":"x","origin":[24.8,7.78,8.07]},"faces":{"north":{"uv":[0.5,1.0,0.75,1.25],"texture":"#o9"},"south":{"uv":[0.0,1.0,0.25,1.25],"texture":"#o9"},"east":{"uv":[0.0,1.0,0.25,1.25],"texture":"#o9"},"west":{"uv":[0.0,1.0,0.25,1.25],"texture":"#o9"},"up":{"uv":[0.0,1.0,0.25,1.25],"texture":"#o9"},"down":{"uv":[0.0,1.0,0.25,1.25],"texture":"#o9"}}},{"from":[24.3,7.08,7.78005],"to":[32.0,7.48,8.35995],"rotation":{"angle":45.0,"axis":"x","origin":[24.8,7.78,8.07]},"faces":{"north":{"uv":[0.0,1.0,0.25,1.25],"texture":"#o9"},"south":{"uv":[0.0,1.0,0.25,1.25],"texture":"#o9"},"east":{"uv":[0.0,1.0,0.25,1.25],"texture":"#o9"},"west":{"uv":[0.0,1.0,0.25,1.25],"texture":"#o9"},"up":{"uv":[0.5,1.0,0.75,1.25],"texture":"#o9"},"down":{"uv":[0.0,1.0,0.25,1.25],"texture":"#o9"}}},{"from":[24.3,7.08,7.78005],"to":[32.0,7.48,8.35995],"rotation":{"angle":0.0,"axis":"x","origin":[24.8,7.78,8.07]},"faces":{"north":{"uv":[0.0,1.0,0.25,1.25],"texture":"#o9"},"south":{"uv":[0.0,1.0,0.25,1.25],"texture":"#o9"},"east":{"uv":[0.0,1.0,0.25,1.25],"texture":"#o9"},"west":{"uv":[0.0,1.0,0.25,1.25],"texture":"#o9"},"up":{"uv":[0.5,1.0,0.75,1.25],"texture":"#o9"},"down":{"uv":[0.0,1.0,0.25,1.25],"texture":"#o9"}}},{"from":[24.3,8.08,7.78005],"to":[32.0,8.48,8.35995],"rotation":{"angle":45.0,"axis":"x","origin":[24.8,7.78,8.07]},"faces":{"north":{"uv":[0.0,1.0,0.25,1.25],"texture":"#o9"},"south":{"uv":[0.0,1.0,0.25,1.25],"texture":"#o9"},"east":{"uv":[0.0,1.0,0.25,1.25],"texture":"#o9"},"west":{"uv":[0.0,1.0,0.25,1.25],"texture":"#o9"},"up":{"uv":[0.0,1.0,0.25,1.25],"texture":"#o9"},"down":{"uv":[0.5,1.0,0.75,1.25],"texture":"#o9"}}},{"from":[24.3,8.08,7.78005],"to":[32.0,8.48,8.35995],"rotation":{"angle":0.0,"axis":"x","origin":[24.8,7.78,8.07]},"faces":{"north":{"uv":[0.0,1.0,0.25,1.25],"texture":"#o9"},"south":{"uv":[0.0,1.0,0.25,1.25],"texture":"#o9"},"east":{"uv":[0.0,1.0,0.25,1.25],"texture":"#o9"},"west":{"uv":[0.0,1.0,0.25,1.25],"texture":"#o9"},"up":{"uv":[0.0,1.0,0.25,1.25],"texture":"#o9"},"down":{"uv":[0.5,1.0,0.75,1.25],"texture":"#o9"}}},{"from":[1.12791,7.11437,9.16313],"to":[5.36791,7.92053,9.35929],"rotation":{"angle":0.0,"axis":"y","origin":[0.70791,7.01053,6.29952]},"faces":{"north":{"uv":[6.875,3.25,7.5,3.875],"texture":"#o8"},"south":{"uv":[6.875,3.25,7.5,3.875],"texture":"#o8"},"east":{"uv":[6.875,3.25,7.5,3.875],"texture":"#o8"},"west":{"uv":[6.875,3.25,7.5,3.875],"texture":"#o8"},"up":{"uv":[6.875,3.25,7.5,3.875],"texture":"#o8"},"down":{"uv":[6.875,3.25,7.5,3.875],"texture":"#o8"}}},{"from":[19.80791,7.39437,7.69313],"to":[24.50791,8.15053,8.43929],"rotation":{"angle":0.0,"axis":"y","origin":[7.40791,7.01053,6.29952]},"faces":{"north":{"uv":[12.375,0.125,13.0,0.75],"texture":"#o8"},"south":{"uv":[12.375,0.125,13.0,0.75],"texture":"#o8"},"east":{"uv":[12.375,0.125,13.0,0.75],"texture":"#o8"},"west":{"uv":[12.375,0.125,13.0,0.75],"texture":"#o8"},"up":{"uv":[12.375,0.125,13.0,0.75],"texture":"#o8"},"down":{"uv":[12.375,0.125,13.0,0.75],"texture":"#o8"}}},{"from":[19.80791,8.37437,7.88313],"to":[21.92791,8.73053,8.23929],"rotation":{"angle":0.0,"axis":"y","origin":[7.40791,7.59053,6.29952]},"faces":{"north":{"uv":[12.375,0.125,13.0,0.75],"texture":"#o8"},"south":{"uv":[12.375,0.125,13.0,0.75],"texture":"#o8"},"east":{"uv":[12.375,0.125,13.0,0.75],"texture":"#o8"},"west":{"uv":[12.375,0.125,13.0,0.75],"texture":"#o8"},"up":{"uv":[12.375,0.125,13.0,0.75],"texture":"#o8"},"down":{"uv":[12.375,0.125,13.0,0.75],"texture":"#o8"}}},{"from":[21.53791,9.69437,7.83313],"to":[21.92791,10.98053,8.28929],"rotation":{"angle":0.0,"axis":"y","origin":[7.76791,7.29053,6.29952]},"faces":{"north":{"uv":[5.375,5.125,6.0,5.75],"texture":"#o8"},"south":{"uv":[5.375,5.125,6.0,5.75],"texture":"#o8"},"east":{"uv":[5.375,5.125,6.0,5.75],"texture":"#o8"},"west":{"uv":[5.375,5.125,6.0,5.75],"texture":"#o8"},"up":{"uv":[5.375,5.125,6.0,5.75],"texture":"#o8"},"down":{"uv":[5.375,5.125,6.0,5.75],"texture":"#o8"}}},{"from":[21.38791,10.98053,7.83313],"to":[22.00791,11.20669,7.91929],"rotation":{"angle":0.0,"axis":"y","origin":[7.84791,8.57669,6.29952]},"faces":{"north":{"uv":[5.375,5.125,6.0,5.75],"texture":"#o8"},"south":{"uv":[5.375,5.125,6.0,5.75],"texture":"#o8"},"east":{"uv":[5.375,5.125,6.0,5.75],"texture":"#o8"},"west":{"uv":[5.375,5.125,6.0,5.75],"texture":"#o8"},"up":{"uv":[5.375,5.125,6.0,5.75],"texture":"#o8"},"down":{"uv":[5.375,5.125,6.0,5.75],"texture":"#o8"}}},{"from":[21.38791,10.98053,8.20313],"to":[22.00791,11.20669,8.28929],"rotation":{"angle":0.0,"axis":"y","origin":[7.84791,8.57669,6.66952]},"faces":{"north":{"uv":[5.375,5.125,6.0,5.75],"texture":"#o8"},"south":{"uv":[5.375,5.125,6.0,5.75],"texture":"#o8"},"east":{"uv":[5.375,5.125,6.0,5.75],"texture":"#o8"},"west":{"uv":[5.375,5.125,6.0,5.75],"texture":"#o8"},"up":{"uv":[5.375,5.125,6.0,5.75],"texture":"#o8"},"down":{"uv":[5.375,5.125,6.0,5.75],"texture":"#o8"}}},{"from":[21.72791,10.98053,8.02313],"to":[21.79791,11.09669,8.09929],"rotation":{"angle":0.0,"axis":"y","origin":[7.84791,8.57669,6.46952]},"faces":{"north":{"uv":[5.375,5.125,6.0,5.75],"texture":"#o8"},"south":{"uv":[5.375,5.125,6.0,5.75],"texture":"#o8"},"east":{"uv":[5.375,5.125,6.0,5.75],"texture":"#o8"},"west":{"uv":[5.375,5.125,6.0,5.75],"texture":"#o8"},"up":{"uv":[5.375,5.125,6.0,5.75],"texture":"#o8"},"down":{"uv":[5.375,5.125,6.0,5.75],"texture":"#o8"}}},{"from":[21.38791,10.38437,7.83313],"to":[21.53791,10.98053,8.28929],"rotation":{"angle":0.0,"axis":"y","origin":[7.37791,7.29053,6.29952]},"faces":{"north":{"uv":[5.375,5.125,6.0,5.75],"texture":"#o8"},"south":{"uv":[5.375,5.125,6.0,5.75],"texture":"#o8"},"up":{"uv":[5.375,5.125,6.0,5.75],"texture":"#o8"},"down":{"uv":[5.375,5.125,6.0,5.75],"texture":"#o8"}}},{"from":[20.99791,10.38437,7.83313],"to":[21.38791,10.58053,8.28929],"rotation":{"angle":0.0,"axis":"y","origin":[7.22791,7.29053,6.29952]},"faces":{"north":{"uv":[5.375,5.125,6.0,5.75],"texture":"#o8"},"south":{"uv":[5.375,5.125,6.0,5.75],"texture":"#o8"},"east":{"uv":[5.375,5.125,6.0,5.75],"texture":"#o8"},"west":{"uv":[5.375,5.125,6.0,5.75],"texture":"#o8"},"up":{"uv":[5.375,5.125,6.0,5.75],"texture":"#o8"},"down":{"uv":[5.375,5.125,6.0,5.75],"texture":"#o8"}}},{"from":[21.18791,10.58053,7.83313],"to":[21.38791,10.77669,8.28929],"rotation":{"angle":0.0,"axis":"y","origin":[7.22791,7.48669,6.29952]},"faces":{"north":{"uv":[5.375,5.125,6.0,5.75],"texture":"#o8"},"south":{"uv":[5.375,5.125,6.0,5.75],"texture":"#o8"}}},{"from":[21.15517,7.41864,7.83313],"to":[21.30517,11.0148,8.28929],"rotation":{"angle":-45.0,"axis":"z","origin":[21.23017,10.71672,8.06121]},"faces":{"north":{"uv":[5.375,5.125,6.0,5.75],"texture":"#o8"},"south":{"uv":[5.375,5.125,6.0,5.75],"texture":"#o8"},"east":{"uv":[5.375,5.125,6.0,5.75],"texture":"#o8"},"west":{"uv":[5.375,5.125,6.0,5.75],"texture":"#o8"},"up":{"uv":[5.375,5.125,6.0,5.75],"texture":"#o8"},"down":{"uv":[5.375,5.125,6.0,5.75],"texture":"#o8"}}},{"from":[21.92791,8.07437,7.83313],"to":[22.00791,10.98053,8.28929],"rotation":{"angle":0.0,"axis":"y","origin":[7.84791,7.29053,6.29952]},"faces":{"north":{"uv":[5.375,5.125,6.0,5.75],"texture":"#o8"},"south":{"uv":[5.375,5.125,6.0,5.75],"texture":"#o8"},"east":{"uv":[5.375,5.125,6.0,5.75],"texture":"#o8"},"west":{"uv":[5.375,5.125,6.0,5.75],"texture":"#o8"},"up":{"uv":[5.375,5.125,6.0,5.75],"texture":"#o8"},"down":{"uv":[5.375,5.125,6.0,5.75],"texture":"#o8"}}},{"from":[5.36791,7.51437,6.96313],"to":[6.30791,9.07053,9.15929],"rotation":{"angle":0.0,"axis":"y","origin":[0.70791,7.01053,6.29952]},"faces":{"north":{"uv":[5.125,5.125,5.75,5.76732],"texture":"#o8"},"south":{"uv":[5.125,5.125,5.75,5.76732],"texture":"#o8"},"east":{"uv":[5.125,5.125,5.75,5.76732],"texture":"#o8"},"west":{"uv":[5.125,5.125,5.75,5.76732],"texture":"#o8"},"up":{"uv":[5.125,5.125,5.75,5.76732],"texture":"#o8"},"down":{"uv":[5.125,5.125,5.75,5.76732],"texture":"#o8"}}},{"from":[1.12791,7.51437,6.96313],"to":[5.36791,9.07053,8.15929],"rotation":{"angle":0.0,"axis":"y","origin":[0.70791,7.01053,6.29952]},"faces":{"north":{"uv":[4.625,4.5,5.625,5.5],"texture":"#o8"},"south":{"uv":[6.875,3.25,7.5,3.875],"texture":"#o8"},"up":{"uv":[5.125,5.125,5.73,5.64232],"texture":"#o8"},"down":{"uv":[5.125,5.125,5.605,5.64232],"texture":"#o8"}}},{"from":[-5.03209,7.51437,6.96313],"to":[1.12791,9.07053,9.15929],"rotation":{"angle":0.0,"axis":"y","origin":[0.70791,7.01053,6.29952]},"faces":{"north":{"uv":[4.625,4.5,5.625,5.5],"texture":"#o8"},"south":{"uv":[5.125,5.0,5.695,5.61232],"texture":"#o8"},"east":{"uv":[5.125,5.0,5.695,5.61232],"texture":"#o8"},"west":{"uv":[5.0,5.125,5.76732,5.86232],"texture":"#o8"},"up":{"uv":[5.25,5.0,5.82,5.64232],"texture":"#o8"},"down":{"uv":[5.25,5.125,5.695,5.64232],"texture":"#o8"}}},{"from":[-5.03209,6.71437,7.12313],"to":[6.31791,7.52053,8.99929],"rotation":{"angle":0.0,"axis":"y","origin":[0.70791,7.01053,6.29952]},"faces":{"north":{"uv":[4.5,2.0,10.125,2.375],"texture":"#o8"},"south":{"uv":[10.125,2.0,4.5,2.375],"texture":"#o8"},"east":{"uv":[6.0,0.5,7.0,0.875],"texture":"#o8"},"west":{"uv":[1.0,6.0,2.0,6.375],"texture":"#o8"},"up":{"uv":[6.875,3.25,7.5,3.875],"texture":"#o8"},"down":{"uv":[5.5,5.25,5.0,5.75],"texture":"#o8"}}},{"from":[-3.51209,5.60437,7.12313],"to":[5.30791,6.72053,8.99929],"rotation":{"angle":0.0,"axis":"y","origin":[0.70791,7.01053,6.29952]},"faces":{"north":{"uv":[0.0,4.0,4.375,4.5],"texture":"#o8"},"south":{"uv":[4.375,4.0,0.0,4.5],"texture":"#o8"},"east":{"uv":[0.0,6.0,1.0,6.5],"texture":"#o8"},"west":{"uv":[4.625,4.5,5.625,5.5],"texture":"#o8"},"up":{"uv":[4.375,3.0,0.0,2.0],"texture":"#o8"},"down":{"uv":[4.375,3.0,0.0,4.0],"texture":"#o8"}}},{"from":[1.27791,3.88821,7.12313],"to":[5.30791,5.60437,8.99929],"rotation":{"angle":0.0,"axis":"y","origin":[0.72791,7.09437,6.29952]},"faces":{"north":{"uv":[0.0,5.0,2.0,5.875],"texture":"#o8"},"south":{"uv":[2.0,5.0,0.0,5.875],"texture":"#o8"},"east":{"uv":[4.0,5.0,5.0,5.875],"texture":"#o8"},"west":{"uv":[5.0,5.0,6.0,5.875],"texture":"#o8"},"down":{"uv":[6.5,4.0,4.5,5.0],"texture":"#o8"}}},{"from":[-2.60209,-0.27179,7.02313],"to":[-0.77209,4.79821,9.09929],"rotation":{"angle":-22.5,"axis":"z","origin":[0.82791,7.09437,6.29952]},"faces":{"north":{"uv":[12.125,0.0,13.125,1.0],"texture":"#o8"},"south":{"uv":[12.125,0.0,13.125,1.0],"texture":"#o8"},"east":{"uv":[12.125,0.0,13.125,1.0],"texture":"#o8"},"west":{"uv":[12.125,0.0,13.125,1.0],"texture":"#o8"},"up":{"uv":[12.125,0.0,13.125,1.0],"texture":"#o8"},"down":{"uv":[12.125,0.0,13.125,1.0],"texture":"#o8"}}},{"from":[-0.61209,5.18821,7.82313],"to":[-0.43209,5.68821,8.29929],"rotation":{"angle":-22.5,"axis":"z","origin":[-0.62209,5.58821,8.06121]},"faces":{"north":{"uv":[4.625,4.5,5.625,5.5],"texture":"#o8"},"south":{"uv":[4.625,4.5,5.625,5.5],"texture":"#o8"},"east":{"uv":[4.625,4.5,5.625,5.5],"texture":"#o8"},"west":{"uv":[4.625,4.5,5.625,5.5],"texture":"#o8"}}},{"from":[-0.76592,4.35483,7.82313],"to":[-0.58592,5.21483,8.29929],"rotation":{"angle":0.0,"axis":"z","origin":[-0.67592,5.25483,8.06121]},"faces":{"north":{"uv":[4.625,4.5,5.625,5.5],"texture":"#o8"},"south":{"uv":[4.625,4.5,5.625,5.5],"texture":"#o8"},"east":{"uv":[4.625,4.5,5.625,5.5],"texture":"#o8"},"west":{"uv":[4.625,4.5,5.625,5.5],"texture":"#o8"},"down":{"uv":[4.625,4.5,5.625,5.5],"texture":"#o8"}}},{"from":[-1.57209,3.88821,7.12313],"to":[1.27791,4.08821,8.99929],"rotation":{"angle":0.0,"axis":"y","origin":[0.82791,7.09437,6.29952]},"faces":{"north":{"uv":[4.625,4.5,5.625,5.5],"texture":"#o8"},"south":{"uv":[4.625,4.5,5.625,5.5],"texture":"#o8"},"up":{"uv":[4.625,4.5,5.625,5.5],"texture":"#o8"},"down":{"uv":[4.625,4.5,5.625,5.5],"texture":"#o8"}}},{"from":[-1.57209,4.08821,7.12313],"to":[-1.35209,5.60821,8.99929],"rotation":{"angle":0.0,"axis":"y","origin":[0.82791,7.09437,6.29952]},"faces":{"north":{"uv":[4.625,4.5,5.625,5.5],"texture":"#o8"},"south":{"uv":[4.625,4.5,5.625,5.5],"texture":"#o8"},"east":{"uv":[4.625,4.5,5.625,5.5],"texture":"#o8"}}},{"from":[-2.249,3.86529,7.02313],"to":[-1.529,5.58529,9.09929],"rotation":{"angle":0.0,"axis":"y","origin":[0.851,7.07145,6.29952]},"faces":{"north":{"uv":[12.125,0.0,13.125,1.0],"texture":"#o8"},"south":{"uv":[12.125,0.0,13.125,1.0],"texture":"#o8"},"east":{"uv":[12.125,0.0,13.125,1.0],"texture":"#o8"},"down":{"uv":[12.125,0.0,13.125,1.0],"texture":"#o8"}}},{"from":[-3.549,5.46529,7.02313],"to":[-3.2197,6.2856,9.09929],"rotation":{"angle":0.0,"axis":"y","origin":[0.851,7.07145,6.29952]},"faces":{"north":{"uv":[12.125,0.0,13.125,1.0],"texture":"#o8"},"south":{"uv":[12.125,0.0,13.125,1.0],"texture":"#o8"},"west":{"uv":[12.125,0.0,13.125,1.0],"texture":"#o8"},"up":{"uv":[12.125,0.0,13.125,1.0],"texture":"#o8"}}},{"from":[-15.51209,6.71437,7.12313],"to":[-5.03209,9.07053,8.99929],"rotation":{"angle":0.0,"axis":"y","origin":[0.84791,7.01053,6.29952]},"faces":{"north":{"uv":[4.625,4.5,5.625,5.5],"texture":"#o8"},"south":{"uv":[4.625,4.5,5.625,5.5],"texture":"#o8"},"west":{"uv":[4.625,4.5,5.625,5.5],"texture":"#o8"},"up":{"uv":[4.625,4.5,5.625,5.5],"texture":"#o8"}}},{"from":[-15.51209,2.52437,7.12313],"to":[-15.09209,6.71437,8.99929],"rotation":{"angle":0.0,"axis":"y","origin":[0.84791,7.01053,6.29952]},"faces":{"north":{"uv":[4.625,4.5,5.625,5.5],"texture":"#o8"},"south":{"uv":[4.625,4.5,5.625,5.5],"texture":"#o8"},"west":{"uv":[4.625,4.5,5.625,5.5],"texture":"#o8"},"down":{"uv":[4.625,4.5,5.625,5.5],"texture":"#o8"}}},{"from":[-15.96837,4.61193,7.12313],"to":[-5.0428,5.59193,8.98929],"rotation":{"angle":22.5,"axis":"z","origin":[-10.3278,5.79596,8.06121]},"faces":{"north":{"uv":[4.625,4.5,5.625,5.5],"texture":"#o8"},"south":{"uv":[4.625,4.5,5.625,5.5],"texture":"#o8"},"down":{"uv":[4.625,4.5,5.625,5.5],"texture":"#o8"}}},{"from":[-15.49591,5.61629,7.12313],"to":[-7.30034,6.56629,8.98929],"rotation":{"angle":22.5,"axis":"z","origin":[-10.20534,5.50032,8.06121]},"faces":{"north":{"uv":[4.625,4.5,5.625,5.5],"texture":"#o8"},"south":{"uv":[4.625,4.5,5.625,5.5],"texture":"#o8"}}},{"from":[-15.10591,6.56629,7.12313],"to":[-9.59034,7.50629,8.98929],"rotation":{"angle":22.5,"axis":"z","origin":[-10.20534,5.50032,8.06121]},"faces":{"north":{"uv":[4.625,4.5,5.625,5.5],"texture":"#o8"},"south":{"uv":[4.625,4.5,5.625,5.5],"texture":"#o8"}}},{"from":[-14.67591,7.50629,7.12313],"to":[-11.87034,8.51629,8.98929],"rotation":{"angle":22.5,"axis":"z","origin":[-10.20534,5.50032,8.06121]},"faces":{"north":{"uv":[4.625,4.5,5.625,5.5],"texture":"#o8"},"south":{"uv":[4.625,4.5,5.625,5.5],"texture":"#o8"}}},{"from":[-3.26209,9.07053,7.35313],"to":[-2.70209,9.45669,8.77929],"rotation":{"angle":0.0,"axis":"y","origin":[0.78791,6.67669,6.29952]},"faces":{"north":{"uv":[12.125,0.0,13.125,1.0],"texture":"#o8"},"south":{"uv":[12.125,0.0,13.125,1.0],"texture":"#o8"},"east":{"uv":[12.125,0.0,13.125,1.0],"texture":"#o8"},"west":{"uv":[12.125,0.0,13.125,1.0],"texture":"#o8"},"up":{"uv":[12.125,0.0,13.125,1.0],"texture":"#o8"},"down":{"uv":[12.125,0.0,13.125,1.0],"texture":"#o8"}}},{"from":[-2.66209,9.07053,7.35313],"to":[6.09791,9.45669,8.77929],"rotation":{"angle":0.0,"axis":"y","origin":[1.58791,6.67669,6.29952]},"faces":{"north":{"uv":[0.0,6.625,1.0,7.625],"texture":"#o8"},"south":{"uv":[0.0,6.625,1.0,7.625],"texture":"#o8"},"east":{"uv":[0.0,6.625,1.0,7.625],"texture":"#o8"},"west":{"uv":[0.0,6.625,1.0,7.625],"texture":"#o8"},"up":{"uv":[0.0,6.625,1.0,7.625],"texture":"#o8"},"down":{"uv":[0.0,6.625,1.0,7.625],"texture":"#o8"}}},{"from":[5.19791,9.45669,7.35313],"to":[6.09791,9.80669,8.77933],"rotation":{"angle":0.0,"axis":"y","origin":[2.61,7.06285,6.29952]},"faces":{"north":{"uv":[0.0,6.625,1.0,7.625],"texture":"#o8"},"south":{"uv":[0.0,6.625,1.0,7.625],"texture":"#o8"},"east":{"uv":[0.0,6.625,1.0,7.625],"texture":"#o8"},"west":{"uv":[0.0,6.625,1.0,7.625],"texture":"#o8"},"up":{"uv":[0.0,6.625,1.0,7.625],"texture":"#o8"},"down":{"uv":[0.0,6.625,1.0,7.625],"texture":"#o8"}}},{"from":[5.19791,9.10622,7.43825],"to":[6.09791,9.35371,7.68574],"rotation":{"angle":-45.0,"axis":"x","origin":[5.64791,9.17871,6.97264]},"faces":{"north":{"uv":[0.0,6.625,1.0,7.625],"texture":"#o8"},"south":{"uv":[0.0,6.625,1.0,7.625],"texture":"#o8"},"east":{"uv":[0.0,6.625,1.0,7.625],"texture":"#o8"},"west":{"uv":[0.0,6.625,1.0,7.625],"texture":"#o8"},"up":{"uv":[0.0,6.625,1.0,7.625],"texture":"#o8"},"down":{"uv":[0.0,6.625,1.0,7.625],"texture":"#o8"}}},{"from":[3.39791,9.10622,7.43825],"to":[4.29791,9.35371,7.68574],"rotation":{"angle":-45.0,"axis":"x","origin":[5.64791,9.17871,6.97264]},"faces":{"north":{"uv":[0.0,6.625,1.0,7.625],"texture":"#o8"},"south":{"uv":[0.0,6.625,1.0,7.625],"texture":"#o8"},"east":{"uv":[0.0,6.625,1.0,7.625],"texture":"#o8"},"west":{"uv":[0.0,6.625,1.0,7.625],"texture":"#o8"},"up":{"uv":[0.0,6.625,1.0,7.625],"texture":"#o8"},"down":{"uv":[0.0,6.625,1.0,7.625],"texture":"#o8"}}},{"from":[-0.20209,9.10622,7.43825],"to":[0.69791,9.35371,7.68574],"rotation":{"angle":-45.0,"axis":"x","origin":[5.64791,9.17871,6.97264]},"faces":{"north":{"uv":[0.0,6.625,1.0,7.625],"texture":"#o8"},"south":{"uv":[0.0,6.625,1.0,7.625],"texture":"#o8"},"east":{"uv":[0.0,6.625,1.0,7.625],"texture":"#o8"},"west":{"uv":[0.0,6.625,1.0,7.625],"texture":"#o8"},"up":{"uv":[0.0,6.625,1.0,7.625],"texture":"#o8"},"down":{"uv":[0.0,6.625,1.0,7.625],"texture":"#o8"}}},{"from":[-2.00209,9.10622,7.43825],"to":[-1.10209,9.35371,7.68574],"rotation":{"angle":-45.0,"axis":"x","origin":[5.64791,9.17871,6.97264]},"faces":{"north":{"uv":[0.0,6.625,1.0,7.625],"texture":"#o8"},"south":{"uv":[0.0,6.625,1.0,7.625],"texture":"#o8"},"east":{"uv":[0.0,6.625,1.0,7.625],"texture":"#o8"},"west":{"uv":[0.0,6.625,1.0,7.625],"texture":"#o8"},"up":{"uv":[0.0,6.625,1.0,7.625],"texture":"#o8"},"down":{"uv":[0.0,6.625,1.0,7.625],"texture":"#o8"}}},{"from":[1.59791,9.10622,7.43825],"to":[2.49791,9.35371,7.68574],"rotation":{"angle":-45.0,"axis":"x","origin":[5.64791,9.17871,6.97264]},"faces":{"north":{"uv":[0.0,6.625,1.0,7.625],"texture":"#o8"},"south":{"uv":[0.0,6.625,1.0,7.625],"texture":"#o8"},"east":{"uv":[0.0,6.625,1.0,7.625],"texture":"#o8"},"west":{"uv":[0.0,6.625,1.0,7.625],"texture":"#o8"},"up":{"uv":[0.0,6.625,1.0,7.625],"texture":"#o8"},"down":{"uv":[0.0,6.625,1.0,7.625],"texture":"#o8"}}},{"from":[-2.00209,9.10622,8.86445],"to":[-1.10209,9.35371,9.11194],"rotation":{"angle":-45.0,"axis":"x","origin":[5.64791,9.17871,8.39884]},"faces":{"north":{"uv":[0.0,6.625,1.0,7.625],"texture":"#o8"},"south":{"uv":[0.0,6.625,1.0,7.625],"texture":"#o8"},"east":{"uv":[0.0,6.625,1.0,7.625],"texture":"#o8"},"west":{"uv":[0.0,6.625,1.0,7.625],"texture":"#o8"},"up":{"uv":[0.0,6.625,1.0,7.625],"texture":"#o8"},"down":{"uv":[0.0,6.625,1.0,7.625],"texture":"#o8"}}},{"from":[-0.20209,9.10622,8.86445],"to":[0.69791,9.35371,9.11194],"rotation":{"angle":-45.0,"axis":"x","origin":[5.64791,9.17871,8.39884]},"faces":{"north":{"uv":[0.0,6.625,1.0,7.625],"texture":"#o8"},"south":{"uv":[0.0,6.625,1.0,7.625],"texture":"#o8"},"east":{"uv":[0.0,6.625,1.0,7.625],"texture":"#o8"},"west":{"uv":[0.0,6.625,1.0,7.625],"texture":"#o8"},"up":{"uv":[0.0,6.625,1.0,7.625],"texture":"#o8"},"down":{"uv":[0.0,6.625,1.0,7.625],"texture":"#o8"}}},{"from":[1.59791,9.10622,8.86445],"to":[2.49791,9.35371,9.11194],"rotation":{"angle":-45.0,"axis":"x","origin":[5.64791,9.17871,8.39884]},"faces":{"north":{"uv":[0.0,6.625,1.0,7.625],"texture":"#o8"},"south":{"uv":[0.0,6.625,1.0,7.625],"texture":"#o8"},"east":{"uv":[0.0,6.625,1.0,7.625],"texture":"#o8"},"west":{"uv":[0.0,6.625,1.0,7.625],"texture":"#o8"},"up":{"uv":[0.0,6.625,1.0,7.625],"texture":"#o8"},"down":{"uv":[0.0,6.625,1.0,7.625],"texture":"#o8"}}},{"from":[3.39791,9.10622,8.86445],"to":[4.29791,9.35371,9.11194],"rotation":{"angle":-45.0,"axis":"x","origin":[5.64791,9.17871,8.39884]},"faces":{"north":{"uv":[0.0,6.625,1.0,7.625],"texture":"#o8"},"south":{"uv":[0.0,6.625,1.0,7.625],"texture":"#o8"},"east":{"uv":[0.0,6.625,1.0,7.625],"texture":"#o8"},"west":{"uv":[0.0,6.625,1.0,7.625],"texture":"#o8"},"up":{"uv":[0.0,6.625,1.0,7.625],"texture":"#o8"},"down":{"uv":[0.0,6.625,1.0,7.625],"texture":"#o8"}}},{"from":[5.19791,9.10622,8.86445],"to":[6.09791,9.35371,9.11194],"rotation":{"angle":-45.0,"axis":"x","origin":[5.64791,9.17871,8.39884]},"faces":{"north":{"uv":[0.0,6.625,1.0,7.625],"texture":"#o8"},"south":{"uv":[0.0,6.625,1.0,7.625],"texture":"#o8"},"east":{"uv":[0.0,6.625,1.0,7.625],"texture":"#o8"},"west":{"uv":[0.0,6.625,1.0,7.625],"texture":"#o8"},"up":{"uv":[0.0,6.625,1.0,7.625],"texture":"#o8"},"down":{"uv":[0.0,6.625,1.0,7.625],"texture":"#o8"}}},{"from":[3.39791,9.45669,7.35313],"to":[4.29791,9.80669,8.77933],"rotation":{"angle":0.0,"axis":"y","origin":[0.81,7.06285,6.29952]},"faces":{"north":{"uv":[0.0,6.625,1.0,7.625],"texture":"#o8"},"south":{"uv":[0.0,6.625,1.0,7.625],"texture":"#o8"},"east":{"uv":[0.0,6.625,1.0,7.625],"texture":"#o8"},"west":{"uv":[0.0,6.625,1.0,7.625],"texture":"#o8"},"up":{"uv":[0.0,6.625,1.0,7.625],"texture":"#o8"},"down":{"uv":[0.0,6.625,1.0,7.625],"texture":"#o8"}}},{"from":[1.59791,9.45669,7.35313],"to":[2.49791,9.80669,8.77933],"rotation":{"angle":0.0,"axis":"y","origin":[-0.99,7.06285,6.29952]},"faces":{"north":{"uv":[0.0,6.625,1.0,7.625],"texture":"#o8"},"south":{"uv":[0.0,6.625,1.0,7.625],"texture":"#o8"},"east":{"uv":[0.0,6.625,1.0,7.625],"texture":"#o8"},"west":{"uv":[0.0,6.625,1.0,7.625],"texture":"#o8"},"up":{"uv":[0.0,6.625,1.0,7.625],"texture":"#o8"},"down":{"uv":[0.0,6.625,1.0,7.625],"texture":"#o8"}}},{"from":[-0.20209,9.45669,7.35313],"to":[0.69791,9.80669,8.77933],"rotation":{"angle":0.0,"axis":"y","origin":[-2.79,7.06285,6.29952]},"faces":{"north":{"uv":[0.0,6.625,1.0,7.625],"texture":"#o8"},"south":{"uv":[0.0,6.625,1.0,7.625],"texture":"#o8"},"east":{"uv":[0.0,6.625,1.0,7.625],"texture":"#o8"},"west":{"uv":[0.0,6.625,1.0,7.625],"texture":"#o8"},"up":{"uv":[0.0,6.625,1.0,7.625],"texture":"#o8"},"down":{"uv":[0.0,6.625,1.0,7.625],"texture":"#o8"}}},{"from":[-2.00209,9.45669,7.35313],"to":[-1.10209,9.80669,8.77933],"rotation":{"angle":0.0,"axis":"y","origin":[-4.59,7.06285,6.29952]},"faces":{"north":{"uv":[0.0,6.625,1.0,7.625],"texture":"#o8"},"south":{"uv":[0.0,6.625,1.0,7.625],"texture":"#o8"},"east":{"uv":[0.0,6.625,1.0,7.625],"texture":"#o8"},"west":{"uv":[0.0,6.625,1.0,7.625],"texture":"#o8"},"up":{"uv":[0.0,6.625,1.0,7.625],"texture":"#o8"},"down":{"uv":[0.0,6.625,1.0,7.625],"texture":"#o8"}}},{"from":[8.33791,6.34331,7.55313],"to":[17.09791,6.82947,8.77929],"rotation":{"angle":0.0,"axis":"y","origin":[1.58791,9.32331,6.29952]},"faces":{"north":{"uv":[0.0,7.625,1.0,6.625],"texture":"#o8"},"south":{"uv":[0.0,7.625,1.0,6.625],"texture":"#o8"},"east":{"uv":[0.0,7.625,1.0,6.625],"texture":"#o8"},"west":{"uv":[0.0,7.625,1.0,6.625],"texture":"#o8"},"up":{"uv":[0.0,7.625,1.0,6.625],"texture":"#o8"},"down":{"uv":[0.0,7.625,1.0,6.625],"texture":"#o8"}}},{"from":[16.19791,5.99331,7.55313],"to":[17.09791,6.34331,8.77933],"rotation":{"angle":0.0,"axis":"y","origin":[2.61,8.93715,6.29952]},"faces":{"north":{"uv":[0.0,7.625,1.0,6.625],"texture":"#o8"},"south":{"uv":[0.0,7.625,1.0,6.625],"texture":"#o8"},"east":{"uv":[0.0,7.625,1.0,6.625],"texture":"#o8"},"west":{"uv":[0.0,7.625,1.0,6.625],"texture":"#o8"},"up":{"uv":[0.0,7.625,1.0,6.625],"texture":"#o8"},"down":{"uv":[0.0,7.625,1.0,6.625],"texture":"#o8"}}},{"from":[14.39791,5.99331,7.55313],"to":[15.29791,6.34331,8.77933],"rotation":{"angle":0.0,"axis":"y","origin":[0.81,8.93715,6.29952]},"faces":{"north":{"uv":[0.0,7.625,1.0,6.625],"texture":"#o8"},"south":{"uv":[0.0,7.625,1.0,6.625],"texture":"#o8"},"east":{"uv":[0.0,7.625,1.0,6.625],"texture":"#o8"},"west":{"uv":[0.0,7.625,1.0,6.625],"texture":"#o8"},"up":{"uv":[0.0,7.625,1.0,6.625],"texture":"#o8"},"down":{"uv":[0.0,7.625,1.0,6.625],"texture":"#o8"}}},{"from":[12.59791,5.99331,7.55313],"to":[13.49791,6.34331,8.77933],"rotation":{"angle":0.0,"axis":"y","origin":[-0.99,8.93715,6.29952]},"faces":{"north":{"uv":[0.0,7.625,1.0,6.625],"texture":"#o8"},"south":{"uv":[0.0,7.625,1.0,6.625],"texture":"#o8"},"east":{"uv":[0.0,7.625,1.0,6.625],"texture":"#o8"},"west":{"uv":[0.0,7.625,1.0,6.625],"texture":"#o8"},"up":{"uv":[0.0,7.625,1.0,6.625],"texture":"#o8"},"down":{"uv":[0.0,7.625,1.0,6.625],"texture":"#o8"}}},{"from":[10.79791,5.99331,7.55313],"to":[11.69791,6.34331,8.77933],"rotation":{"angle":0.0,"axis":"y","origin":[-2.79,8.93715,6.29952]},"faces":{"north":{"uv":[0.0,7.625,1.0,6.625],"texture":"#o8"},"south":{"uv":[0.0,7.625,1.0,6.625],"texture":"#o8"},"east":{"uv":[0.0,7.625,1.0,6.625],"texture":"#o8"},"west":{"uv":[0.0,7.625,1.0,6.625],"texture":"#o8"},"up":{"uv":[0.0,7.625,1.0,6.625],"texture":"#o8"},"down":{"uv":[0.0,7.625,1.0,6.625],"texture":"#o8"}}},{"from":[8.99791,5.99331,7.55313],"to":[9.89791,6.34331,8.77933],"rotation":{"angle":0.0,"axis":"y","origin":[-4.59,8.93715,6.29952]},"faces":{"north":{"uv":[0.0,7.625,1.0,6.625],"texture":"#o8"},"south":{"uv":[0.0,7.625,1.0,6.625],"texture":"#o8"},"east":{"uv":[0.0,7.625,1.0,6.625],"texture":"#o8"},"west":{"uv":[0.0,7.625,1.0,6.625],"texture":"#o8"},"up":{"uv":[0.0,7.625,1.0,6.625],"texture":"#o8"},"down":{"uv":[0.0,7.625,1.0,6.625],"texture":"#o8"}}},{"from":[-4.02209,9.07053,6.85313],"to":[-3.26209,9.45669,9.26929],"rotation":{"angle":0.0,"axis":"y","origin":[0.70791,6.67669,6.29952]},"faces":{"north":{"uv":[12.125,0.0,13.125,1.0],"texture":"#o8"},"south":{"uv":[12.125,0.0,13.125,1.0],"texture":"#o8"},"east":{"uv":[12.125,0.0,13.125,1.0],"texture":"#o8"},"west":{"uv":[12.125,0.0,13.125,1.0],"texture":"#o8"},"up":{"uv":[12.125,0.0,13.125,1.0],"texture":"#o8"},"down":{"uv":[12.125,0.0,13.125,1.0],"texture":"#o8"}}},{"from":[1.12791,8.71437,8.16313],"to":[5.36791,9.07053,9.15929],"rotation":{"angle":0.0,"axis":"y","origin":[0.70791,7.01053,6.29952]},"faces":{"north":{"uv":[5.125,5.0,5.695,5.61232],"texture":"#o8"},"south":{"uv":[5.125,5.0,5.695,5.61232],"texture":"#o8"},"east":{"uv":[5.125,5.0,5.695,5.61232],"texture":"#o8"},"west":{"uv":[5.125,5.0,5.695,5.61232],"texture":"#o8"},"up":{"uv":[5.125,5.0,5.695,5.61232],"texture":"#o8"},"down":{"uv":[5.125,5.0,5.695,5.61232],"texture":"#o8"}}},{"from":[1.12791,7.51437,8.56313],"to":[5.36791,7.92053,9.15929],"rotation":{"angle":0.0,"axis":"y","origin":[0.70791,7.01053,6.29952]},"faces":{"north":{"uv":[6.875,3.25,7.5,3.875],"texture":"#o8"},"south":{"uv":[6.875,3.25,7.5,3.875],"texture":"#o8"},"east":{"uv":[6.875,3.25,7.5,3.875],"texture":"#o8"},"west":{"uv":[6.875,3.25,7.5,3.875],"texture":"#o8"},"up":{"uv":[6.875,3.25,7.5,3.875],"texture":"#o8"},"down":{"uv":[6.875,3.25,7.5,3.875],"texture":"#o8"}}},{"from":[13.0,7.42365,6.95],"to":[19.8,8.37635,9.25],"rotation":{"angle":45.0,"axis":"x","origin":[13.5,7.9,8.1]},"faces":{"north":{"uv":[6.875,3.375,7.375,3.875],"texture":"#o8"},"south":{"uv":[6.875,3.375,7.375,3.875],"texture":"#o8"},"east":{"uv":[6.875,3.375,7.375,3.875],"texture":"#o8"}}},{"from":[13.0,7.42365,6.95],"to":[19.8,8.37635,9.25],"rotation":{"angle":0.0,"axis":"x","origin":[13.5,7.9,8.1]},"faces":{"north":{"uv":[6.875,3.375,7.375,3.875],"texture":"#o8"},"south":{"uv":[6.875,3.375,7.375,3.875],"texture":"#o8"},"east":{"uv":[6.875,3.375,7.375,3.875],"texture":"#o8"}}},{"from":[13.0,6.75,7.62365],"to":[19.8,9.05,8.57635],"rotation":{"angle":45.0,"axis":"x","origin":[13.5,7.9,8.1]},"faces":{"east":{"uv":[6.875,3.375,7.375,3.875],"texture":"#o8"},"up":{"uv":[6.875,3.375,7.375,3.875],"texture":"#o8"},"down":{"uv":[6.875,3.375,7.375,3.875],"texture":"#o8"}}},{"from":[13.0,6.75,7.62365],"to":[19.8,9.05,8.57635],"rotation":{"angle":0.0,"axis":"x","origin":[13.5,7.9,8.1]},"faces":{"east":{"uv":[6.875,3.375,7.375,3.875],"texture":"#o8"},"up":{"uv":[6.875,3.375,7.375,3.875],"texture":"#o8"},"down":{"uv":[6.875,3.375,7.375,3.875],"texture":"#o8"}}},{"from":[6.3,7.38081,6.75],"to":[13.0,8.49919,9.45],"rotation":{"angle":45.0,"axis":"x","origin":[9.2,7.94,8.1]},"faces":{"north":{"uv":[6.875,3.375,7.375,3.875],"texture":"#o8"},"south":{"uv":[6.875,3.375,7.375,3.875],"texture":"#o8"},"east":{"uv":[6.875,3.375,7.375,3.875],"texture":"#o8"},"west":{"uv":[6.875,3.375,7.375,3.875],"texture":"#o8"}}},{"from":[6.3,7.38081,6.75],"to":[13.0,8.49919,9.45],"rotation":{"angle":0.0,"axis":"x","origin":[9.2,7.94,8.1]},"faces":{"north":{"uv":[6.875,3.375,7.375,3.875],"texture":"#o8"},"south":{"uv":[6.875,3.375,7.375,3.875],"texture":"#o8"},"east":{"uv":[6.875,3.375,7.375,3.875],"texture":"#o8"},"west":{"uv":[6.875,3.375,7.375,3.875],"texture":"#o8"}}},{"from":[6.3,6.59,7.54081],"to":[13.0,9.29,8.65919],"rotation":{"angle":45.0,"axis":"x","origin":[9.2,7.94,8.1]},"faces":{"east":{"uv":[6.875,3.375,7.375,3.875],"texture":"#o8"},"west":{"uv":[6.875,3.375,7.375,3.875],"texture":"#o8"},"up":{"uv":[6.875,3.375,7.375,3.875],"texture":"#o8"},"down":{"uv":[6.875,3.375,7.375,3.875],"texture":"#o8"}}},{"from":[6.3,6.59,7.54081],"to":[13.0,9.29,8.65919],"rotation":{"angle":0.0,"axis":"x","origin":[9.2,7.94,8.1]},"faces":{"east":{"uv":[6.875,3.375,7.375,3.875],"texture":"#o8"},"west":{"uv":[6.875,3.375,7.375,3.875],"texture":"#o8"},"up":{"uv":[6.875,3.375,7.375,3.875],"texture":"#o8"},"down":{"uv":[6.875,3.375,7.375,3.875],"texture":"#o8"}}},{"from":[1.50791,2.16821,7.22313],"to":[5.18791,3.88437,8.89929],"rotation":{"angle":0.0,"axis":"y","origin":[0.70791,5.37437,6.29952]},"faces":{"north":{"uv":[7.0,0.0,8.84,0.85808],"texture":"#o8"},"south":{"uv":[8.84,0.0,7.0,0.85808],"texture":"#o8"},"east":{"uv":[11.375,0.0,12.21308,0.85808],"texture":"#o8"},"west":{"uv":[11.25,0.0,12.08808,0.85808],"texture":"#o8"}}},{"from":[0.99861,-1.66752,7.23313],"to":[4.67861,1.74864,8.88929],"rotation":{"angle":22.5,"axis":"z","origin":[0.19861,3.23864,6.29952]},"faces":{"north":{"uv":[8.875,0.0,11.215,1.70808],"texture":"#o8"},"south":{"uv":[11.215,0.0,8.875,1.70808],"texture":"#o8"},"east":{"uv":[11.25,0.0,12.08808,1.70808],"texture":"#o8"},"west":{"uv":[11.25,0.0,12.08808,1.70808],"texture":"#o8"},"down":{"uv":[11.25,0.0,13.09,0.83808],"texture":"#o8"}}},{"from":[-16.0,-16.0,-15.99],"to":[32.0,32.0,-15.99],"faces":{"north":{"uv":[0.0,0.0,16.0,16.0],"texture":"#icon_background"}}},{"from":[-16.0,-16.0,-16.0],"to":[32.0,32.0,-16.0],"faces":{"north":{"uv":[0.0,0.0,16.0,16.0],"texture":"#icon"}}}],"display":{"firstperson_lefthand":{"rotation":[0.0,0.0,0.0],"translation":[0.0,0.0,0.0],"scale":[0.0,0.0,0.0]},"firstperson_righthand":{"rotation":[0.0,90.0,0.0],"translation":[-0.75,12.1,-2.25],"scale":[1.0,1.0,1.0]},"thirdperson_lefthand":{"rotation":[0.0,0.0,0.0],"translation":[0.0,0.0,0.0],"scale":[0.0,0.0,0.0]},"thirdperson_righthand":{"rotation":[0.0,0.0,0.0],"translation":[0.0,0.0,0.0],"scale":[0.0,0.0,0.0]},"ground":{"rotation":[-90.0,0.0,0.0],"scale":[0.8,0.8,0.8]},"gui":{"rotation":[0.0,-180.0,0.0],"translation":[0.0,0.0,0.0],"scale":[0.333,0.333,0.333]},"fixed":{"rotation":[0.0,0.0,45.0],"translation":[-0.25,0.5,-0.25],"scale":[0.8,0.8,0.8]},"head":{"rotation":[90.0,0.0,0.0],"translation":[3.25,-41.75,1.0],"scale":[1.2,1.2,1.2]}},"gui_light":"front"}