{"textures":{"o0":"generated/d","o1":"generated/e","o2":"skin/player_skin_slim","o3":"skin/player_skin","o4":"generated/f","o5":"generated/10","o6":"generated/11","o7":"generated/9","o8":"generated/12","icon":"generated/2b","icon_background":"generated/2a"},"elements":[{"from":[-3.94925,1.0,-1.44272],"to":[14.45075,5.6,3.00728],"rotation":{"angle":-45.0,"axis":"y","origin":[2.55075,6.8,3.00728]},"faces":{"north":{"uv":[15.0,16.0,14.0,13.0],"rotation":270,"texture":"#o3"},"south":{"uv":[12.0,13.0,13.0,16.0],"rotation":270,"texture":"#o3"},"east":{"uv":[14.0,12.0,15.0,13.0],"rotation":270,"texture":"#o3"},"west":{"uv":[14.0,13.0,13.0,12.0],"texture":"#o3"},"up":{"uv":[13.0,13.0,14.0,16.0],"rotation":270,"texture":"#o3"},"down":{"uv":[15.0,13.0,16.0,16.0],"rotation":270,"texture":"#o3"}}},{"from":[-2.67802,1.3,-0.93969],"to":[13.32198,5.3,3.06031],"rotation":{"angle":-45.0,"axis":"y","origin":[2.92198,6.5,3.06031]},"faces":{"north":{"uv":[11.0,16.0,10.0,13.0],"rotation":270,"texture":"#o3"},"south":{"uv":[8.0,13.0,9.0,16.0],"rotation":270,"texture":"#o3"},"east":{"uv":[10.0,12.0,11.0,13.0],"texture":"#o3"},"west":{"uv":[10.0,13.0,9.0,12.0],"texture":"#o3"},"up":{"uv":[9.0,13.0,10.0,16.0],"rotation":270,"texture":"#o3"},"down":{"uv":[11.0,13.0,12.0,16.0],"rotation":270,"texture":"#o3"}}},{"from":[10.05,6.05,7.3406],"to":[11.95,6.65,8.7594],"rotation":{"angle":0.0,"axis":"y","origin":[11.0,5.95,8.05]},"faces":{"north":{"uv":[7.0,0.0,8.0,1.0],"texture":"#o0"},"south":{"uv":[7.0,0.0,8.0,1.0],"texture":"#o0"},"east":{"uv":[7.0,0.0,8.0,1.0],"texture":"#o0"},"west":{"uv":[7.0,0.0,8.0,1.0],"texture":"#o0"},"up":{"uv":[7.0,0.0,8.0,1.0],"texture":"#o0"},"down":{"uv":[7.0,0.0,8.0,1.0],"texture":"#o0"}}},{"from":[10.4,1.05,7.80147],"to":[11.6,6.05,8.29853],"rotation":{"angle":45.0,"axis":"y","origin":[11.0,5.45,8.05]},"faces":{"east":{"uv":[7.0,0.0,8.0,16.0],"texture":"#o0"},"west":{"uv":[7.0,0.0,8.0,16.0],"texture":"#o0"},"down":{"uv":[7.0,0.0,8.0,1.0],"rotation":270,"texture":"#o0"}}},{"from":[10.4,1.05,7.80147],"to":[11.6,6.05,8.29853],"rotation":{"angle":0.0,"axis":"y","origin":[11.0,5.45,8.05]},"faces":{"east":{"uv":[7.0,0.0,8.0,16.0],"texture":"#o0"},"west":{"uv":[7.0,0.0,8.0,16.0],"texture":"#o0"},"down":{"uv":[7.0,0.0,8.0,1.0],"rotation":270,"texture":"#o0"}}},{"from":[10.75147,1.05,7.45],"to":[11.24853,6.05,8.65],"rotation":{"angle":45.0,"axis":"y","origin":[11.0,5.45,8.05]},"faces":{"north":{"uv":[7.0,0.0,8.0,16.0],"texture":"#o0"},"south":{"uv":[7.0,0.0,8.0,16.0],"texture":"#o0"},"down":{"uv":[7.0,0.0,8.0,1.0],"rotation":270,"texture":"#o0"}}},{"from":[10.75147,1.05,7.45],"to":[11.24853,6.05,8.65],"rotation":{"angle":0.0,"axis":"y","origin":[11.0,5.45,8.05]},"faces":{"north":{"uv":[7.0,0.0,8.0,16.0],"texture":"#o0"},"south":{"uv":[7.0,0.0,8.0,16.0],"texture":"#o0"},"down":{"uv":[7.0,0.0,8.0,1.0],"rotation":270,"texture":"#o0"}}},{"from":[-1.37315,11.5146,7.4117],"to":[1.12685,11.92632,8.68014],"rotation":{"angle":0.0,"axis":"y","origin":[2.12685,11.52632,7.67224]},"faces":{"north":{"uv":[1.0,1.0,2.0,2.0],"texture":"#o1"},"south":{"uv":[1.0,1.0,2.0,2.0],"texture":"#o1"},"east":{"uv":[1.0,1.0,2.0,2.0],"texture":"#o1"},"west":{"uv":[1.0,1.0,2.0,2.0],"texture":"#o1"},"up":{"uv":[1.0,1.0,2.0,2.0],"rotation":90,"texture":"#o1"},"down":{"uv":[1.0,1.0,2.0,2.0],"rotation":270,"texture":"#o1"}}},{"from":[-0.67315,12.02632,7.4117],"to":[1.12685,12.22632,8.68014],"rotation":{"angle":0.0,"axis":"y","origin":[2.12685,11.52632,7.67224]},"faces":{"north":{"uv":[1.0,1.0,2.0,2.0],"texture":"#o1"},"south":{"uv":[1.0,1.0,2.0,2.0],"texture":"#o1"},"east":{"uv":[1.0,1.0,2.0,2.0],"texture":"#o1"},"up":{"uv":[1.0,1.0,2.0,2.0],"rotation":90,"texture":"#o1"},"down":{"uv":[1.0,1.0,2.0,2.0],"rotation":270,"texture":"#o1"}}},{"from":[-1.77315,12.02632,7.4117],"to":[-0.67315,12.32632,8.68014],"rotation":{"angle":0.0,"axis":"y","origin":[2.12685,11.52632,7.67224]},"faces":{"north":{"uv":[1.0,1.0,2.0,2.0],"texture":"#o1"},"south":{"uv":[1.0,1.0,2.0,2.0],"texture":"#o1"},"east":{"uv":[1.0,1.0,2.0,2.0],"texture":"#o1"},"up":{"uv":[1.0,1.0,2.0,2.0],"rotation":90,"texture":"#o1"},"down":{"uv":[1.0,1.0,2.0,2.0],"rotation":270,"texture":"#o1"}}},{"from":[-2.44957,12.02632,7.00919],"to":[-1.74957,12.32632,7.69716],"rotation":{"angle":22.5,"axis":"y","origin":[-0.74957,11.52632,7.26973]},"faces":{"north":{"uv":[1.0,1.0,2.0,2.0],"texture":"#o1"},"up":{"uv":[1.0,1.0,2.0,2.0],"rotation":90,"texture":"#o1"},"down":{"uv":[1.0,1.0,2.0,2.0],"rotation":270,"texture":"#o1"}}},{"from":[-2.41986,12.02632,7.67958],"to":[-1.71986,12.32632,8.41227],"rotation":{"angle":0.0,"axis":"y","origin":[-0.71986,11.52632,7.94012]},"faces":{"west":{"uv":[1.0,1.0,2.0,2.0],"texture":"#o1"},"down":{"uv":[1.0,1.0,2.0,2.0],"rotation":270,"texture":"#o1"}}},{"from":[-2.43144,12.02632,8.39829],"to":[-1.73144,12.32632,9.08626],"rotation":{"angle":-22.5,"axis":"y","origin":[-0.73144,11.52632,8.77836]},"faces":{"south":{"uv":[1.0,1.0,2.0,2.0],"texture":"#o1"},"up":{"uv":[1.0,1.0,2.0,2.0],"rotation":90,"texture":"#o1"},"down":{"uv":[1.0,1.0,2.0,2.0],"rotation":270,"texture":"#o1"}}},{"from":[-2.44957,12.32632,7.00919],"to":[-1.74957,12.57163,7.59716],"rotation":{"angle":22.5,"axis":"y","origin":[-0.74957,11.82632,7.26973]},"faces":{"north":{"uv":[1.0,1.0,2.0,2.0],"texture":"#o1"},"up":{"uv":[1.0,1.0,2.0,2.0],"rotation":90,"texture":"#o1"}}},{"from":[-2.43144,12.32632,8.49829],"to":[-1.73144,12.57163,9.08626],"rotation":{"angle":-22.5,"axis":"y","origin":[-0.73144,11.82632,8.77836]},"faces":{"south":{"uv":[1.0,1.0,2.0,2.0],"texture":"#o1"},"up":{"uv":[1.0,1.0,2.0,2.0],"rotation":90,"texture":"#o1"}}},{"from":[-2.41986,12.32632,7.67958],"to":[-1.71986,12.57163,8.41227],"rotation":{"angle":0.0,"axis":"y","origin":[-0.71986,11.82632,7.94012]},"faces":{"west":{"uv":[1.0,1.0,2.0,2.0],"texture":"#o1"},"up":{"uv":[1.0,1.0,2.0,2.0],"rotation":90,"texture":"#o1"}}},{"from":[-1.77315,12.32632,8.14139],"to":[-1.41986,12.57163,8.68014],"rotation":{"angle":0.0,"axis":"y","origin":[-0.41986,11.82632,7.94012]},"faces":{"north":{"uv":[1.0,1.0,2.0,2.0],"texture":"#o1"},"south":{"uv":[1.0,1.0,2.0,2.0],"texture":"#o1"},"east":{"uv":[1.0,1.0,2.0,2.0],"texture":"#o1"},"up":{"uv":[1.0,1.0,2.0,2.0],"rotation":90,"texture":"#o1"}}},{"from":[-1.77315,12.32632,7.88014],"to":[-1.51986,12.57163,8.2117],"rotation":{"angle":0.0,"axis":"y","origin":[-0.41986,11.82632,7.47168]},"faces":{"east":{"uv":[1.0,1.0,2.0,2.0],"texture":"#o1"},"up":{"uv":[1.0,1.0,2.0,2.0],"rotation":90,"texture":"#o1"}}},{"from":[-1.51986,12.52632,7.95046],"to":[-1.41986,12.57163,8.14139],"rotation":{"angle":0.0,"axis":"y","origin":[-0.31986,11.72632,7.47168]},"faces":{"east":{"uv":[1.0,1.0,2.0,2.0],"texture":"#o1"},"up":{"uv":[1.0,1.0,2.0,2.0],"rotation":90,"texture":"#o1"},"down":{"uv":[1.0,1.0,2.0,2.0],"rotation":270,"texture":"#o1"}}},{"from":[-1.51986,12.32632,7.95046],"to":[-1.41986,12.37163,8.14139],"rotation":{"angle":0.0,"axis":"y","origin":[-0.31986,11.52632,7.47168]},"faces":{"east":{"uv":[1.0,1.0,2.0,2.0],"texture":"#o1"},"up":{"uv":[1.0,1.0,2.0,2.0],"rotation":90,"texture":"#o1"}}},{"from":[-1.77315,12.32632,7.4117],"to":[-1.41986,12.57163,7.95046],"rotation":{"angle":0.0,"axis":"y","origin":[-0.41986,11.82632,7.94012]},"faces":{"north":{"uv":[1.0,1.0,2.0,2.0],"texture":"#o1"},"south":{"uv":[1.0,1.0,2.0,2.0],"texture":"#o1"},"east":{"uv":[1.0,1.0,2.0,2.0],"texture":"#o1"},"up":{"uv":[1.0,1.0,2.0,2.0],"rotation":90,"texture":"#o1"}}},{"from":[-1.55833,12.23734,7.4117],"to":[-1.20505,12.48265,7.82311],"rotation":{"angle":-45.0,"axis":"z","origin":[-1.38169,12.35999,7.51741]},"faces":{"north":{"uv":[1.0,1.0,2.0,2.0],"texture":"#o1"},"south":{"uv":[1.0,1.0,2.0,2.0],"texture":"#o1"},"up":{"uv":[1.0,1.0,2.0,2.0],"rotation":90,"texture":"#o1"}}},{"from":[-1.55833,12.23734,8.26874],"to":[-1.20505,12.48265,8.68014],"rotation":{"angle":-45.0,"axis":"z","origin":[-1.38169,12.35999,8.57444]},"faces":{"north":{"uv":[1.0,1.0,2.0,2.0],"texture":"#o1"},"south":{"uv":[1.0,1.0,2.0,2.0],"texture":"#o1"},"up":{"uv":[1.0,1.0,2.0,2.0],"rotation":90,"texture":"#o1"}}},{"from":[-1.27315,11.82632,7.5117],"to":[1.08935,12.12632,8.58014],"rotation":{"angle":0.0,"axis":"y","origin":[2.12685,11.52632,7.67224]},"faces":{"north":{"uv":[13.0,1.0,14.0,2.0],"texture":"#o1"},"south":{"uv":[13.0,1.0,14.0,2.0],"texture":"#o1"},"east":{"uv":[13.0,1.0,14.0,2.0],"texture":"#o1"},"west":{"uv":[13.0,1.0,14.0,2.0],"texture":"#o1"}}},{"from":[-0.4522,12.18243,7.93652],"to":[0.6478,12.48243,8.15533],"rotation":{"angle":-45.0,"axis":"y","origin":[0.0978,12.68243,8.04592]},"faces":{"east":{"uv":[1.0,1.0,2.0,2.0],"texture":"#o1"},"west":{"uv":[1.0,1.0,2.0,2.0],"texture":"#o1"},"up":{"uv":[1.0,1.0,2.0,2.0],"rotation":90,"texture":"#o1"}}},{"from":[-0.4522,12.18243,7.93652],"to":[0.6478,12.48243,8.15533],"rotation":{"angle":-22.5,"axis":"y","origin":[0.0978,12.68243,8.04592]},"faces":{"east":{"uv":[1.0,1.0,2.0,2.0],"texture":"#o1"},"west":{"uv":[1.0,1.0,2.0,2.0],"texture":"#o1"},"up":{"uv":[1.0,1.0,2.0,2.0],"rotation":90,"texture":"#o1"}}},{"from":[-0.4522,12.18243,7.93652],"to":[0.6478,12.48243,8.15533],"rotation":{"angle":0.0,"axis":"y","origin":[0.0978,12.68243,8.04592]},"faces":{"east":{"uv":[1.0,1.0,2.0,2.0],"texture":"#o1"},"west":{"uv":[1.0,1.0,2.0,2.0],"texture":"#o1"},"up":{"uv":[1.0,1.0,2.0,2.0],"rotation":90,"texture":"#o1"}}},{"from":[-0.4522,12.18243,7.93652],"to":[0.6478,12.48243,8.15533],"rotation":{"angle":22.5,"axis":"y","origin":[0.0978,12.68243,8.04592]},"faces":{"east":{"uv":[1.0,1.0,2.0,2.0],"texture":"#o1"},"west":{"uv":[1.0,1.0,2.0,2.0],"texture":"#o1"},"up":{"uv":[1.0,1.0,2.0,2.0],"rotation":90,"texture":"#o1"}}},{"from":[-0.4522,12.18243,7.93652],"to":[0.6478,12.48243,8.15533],"rotation":{"angle":45.0,"axis":"y","origin":[0.0978,12.68243,8.04592]},"faces":{"east":{"uv":[1.0,1.0,2.0,2.0],"texture":"#o1"},"west":{"uv":[1.0,1.0,2.0,2.0],"texture":"#o1"},"up":{"uv":[1.0,1.0,2.0,2.0],"rotation":90,"texture":"#o1"}}},{"from":[-0.0116,12.18243,7.49592],"to":[0.2072,12.48243,8.59592],"rotation":{"angle":-22.5,"axis":"y","origin":[0.0978,12.68243,8.04592]},"faces":{"north":{"uv":[1.0,1.0,2.0,2.0],"texture":"#o1"},"south":{"uv":[1.0,1.0,2.0,2.0],"texture":"#o1"},"up":{"uv":[1.0,1.0,2.0,2.0],"rotation":90,"texture":"#o1"}}},{"from":[-0.0116,12.18243,7.49592],"to":[0.2072,12.48243,8.59592],"rotation":{"angle":0.0,"axis":"y","origin":[0.0978,12.68243,8.04592]},"faces":{"north":{"uv":[1.0,1.0,2.0,2.0],"texture":"#o1"},"south":{"uv":[1.0,1.0,2.0,2.0],"texture":"#o1"},"up":{"uv":[1.0,1.0,2.0,2.0],"rotation":90,"texture":"#o1"}}},{"from":[-0.0116,12.18243,7.49592],"to":[0.2072,12.48243,8.59592],"rotation":{"angle":22.5,"axis":"y","origin":[0.0978,12.68243,8.04592]},"faces":{"north":{"uv":[1.0,1.0,2.0,2.0],"texture":"#o1"},"south":{"uv":[1.0,1.0,2.0,2.0],"texture":"#o1"},"up":{"uv":[1.0,1.0,2.0,2.0],"rotation":90,"texture":"#o1"}}},{"from":[0.72685,12.35624,7.73673],"to":[1.12685,12.45624,8.06891],"rotation":{"angle":45.0,"axis":"x","origin":[0.62685,13.19124,7.90282]},"faces":{"east":{"uv":[1.0,1.0,2.0,2.0],"texture":"#o1"},"west":{"uv":[1.0,1.0,2.0,2.0],"texture":"#o1"},"up":{"uv":[1.0,1.0,2.0,2.0],"rotation":90,"texture":"#o1"},"down":{"uv":[1.0,1.0,2.0,2.0],"rotation":270,"texture":"#o1"}}},{"from":[0.72685,12.48336,7.42983],"to":[1.12685,12.58336,8.66202],"rotation":{"angle":0.0,"axis":"z","origin":[0.62685,13.31836,7.99592]},"faces":{"east":{"uv":[1.0,1.0,2.0,2.0],"texture":"#o1"},"west":{"uv":[1.0,1.0,2.0,2.0],"texture":"#o1"},"up":{"uv":[1.0,1.0,2.0,2.0],"rotation":90,"texture":"#o1"},"down":{"uv":[1.0,1.0,2.0,2.0],"rotation":270,"texture":"#o1"}}},{"from":[0.72685,12.35624,8.02293],"to":[1.12685,12.45624,8.35512],"rotation":{"angle":-45.0,"axis":"x","origin":[0.62685,13.19124,8.18903]},"faces":{"east":{"uv":[1.0,1.0,2.0,2.0],"texture":"#o1"},"west":{"uv":[1.0,1.0,2.0,2.0],"texture":"#o1"},"up":{"uv":[1.0,1.0,2.0,2.0],"rotation":90,"texture":"#o1"},"down":{"uv":[1.0,1.0,2.0,2.0],"rotation":270,"texture":"#o1"}}},{"from":[0.72685,13.92624,8.02293],"to":[1.12685,14.02624,8.35512],"rotation":{"angle":45.0,"axis":"x","origin":[0.62685,13.19124,8.18903]},"faces":{"east":{"uv":[1.0,1.0,2.0,2.0],"texture":"#o1"},"west":{"uv":[1.0,1.0,2.0,2.0],"texture":"#o1"},"up":{"uv":[1.0,1.0,2.0,2.0],"rotation":90,"texture":"#o1"},"down":{"uv":[1.0,1.0,2.0,2.0],"rotation":270,"texture":"#o1"}}},{"from":[0.72685,13.79912,7.42983],"to":[1.12685,13.89912,8.66202],"rotation":{"angle":0.0,"axis":"z","origin":[0.62685,13.06412,7.99592]},"faces":{"east":{"uv":[1.0,1.0,2.0,2.0],"texture":"#o1"},"west":{"uv":[1.0,1.0,2.0,2.0],"texture":"#o1"},"up":{"uv":[1.0,1.0,2.0,2.0],"rotation":90,"texture":"#o1"},"down":{"uv":[1.0,1.0,2.0,2.0],"rotation":270,"texture":"#o1"}}},{"from":[0.72685,13.92624,7.73673],"to":[1.12685,14.02624,8.06891],"rotation":{"angle":-45.0,"axis":"x","origin":[0.62685,13.19124,7.90282]},"faces":{"east":{"uv":[1.0,1.0,2.0,2.0],"texture":"#o1"},"west":{"uv":[1.0,1.0,2.0,2.0],"texture":"#o1"},"up":{"uv":[1.0,1.0,2.0,2.0],"rotation":90,"texture":"#o1"},"down":{"uv":[1.0,1.0,2.0,2.0],"rotation":270,"texture":"#o1"}}},{"from":[0.72685,13.02515,7.06782],"to":[1.12685,13.35733,7.16782],"rotation":{"angle":22.5,"axis":"x","origin":[0.62685,13.19124,7.90282]},"faces":{"north":{"uv":[1.0,1.0,2.0,2.0],"texture":"#o1"},"south":{"uv":[1.0,1.0,2.0,2.0],"texture":"#o1"},"east":{"uv":[1.0,1.0,2.0,2.0],"texture":"#o1"},"west":{"uv":[1.0,1.0,2.0,2.0],"texture":"#o1"}}},{"from":[0.72685,11.90992,7.33092],"to":[1.12685,12.03114,7.43162],"rotation":{"angle":22.5,"axis":"x","origin":[0.62514,11.86505,8.16662]},"faces":{"north":{"uv":[1.0,1.0,2.0,2.0],"texture":"#o1"},"east":{"uv":[1.0,1.0,2.0,2.0],"texture":"#o1"},"west":{"uv":[1.0,1.0,2.0,2.0],"texture":"#o1"}}},{"from":[0.72685,13.02515,7.06782],"to":[1.12685,13.35733,7.16782],"rotation":{"angle":0.0,"axis":"z","origin":[0.62685,13.19124,7.90282]},"faces":{"north":{"uv":[1.0,1.0,2.0,2.0],"texture":"#o1"},"south":{"uv":[1.0,1.0,2.0,2.0],"texture":"#o1"},"east":{"uv":[1.0,1.0,2.0,2.0],"texture":"#o1"},"west":{"uv":[1.0,1.0,2.0,2.0],"texture":"#o1"}}},{"from":[0.72685,13.02515,7.06782],"to":[1.12685,13.35733,7.16782],"rotation":{"angle":-22.5,"axis":"x","origin":[0.62685,13.19124,7.90282]},"faces":{"north":{"uv":[1.0,1.0,2.0,2.0],"texture":"#o1"},"south":{"uv":[1.0,1.0,2.0,2.0],"texture":"#o1"},"east":{"uv":[1.0,1.0,2.0,2.0],"texture":"#o1"},"west":{"uv":[1.0,1.0,2.0,2.0],"texture":"#o1"}}},{"from":[0.72685,12.67013,7.17854],"to":[1.12685,12.80232,7.27854],"rotation":{"angle":-22.5,"axis":"x","origin":[0.62685,13.23623,8.01354]},"faces":{"north":{"uv":[1.0,1.0,2.0,2.0],"texture":"#o1"},"east":{"uv":[1.0,1.0,2.0,2.0],"texture":"#o1"},"west":{"uv":[1.0,1.0,2.0,2.0],"texture":"#o1"}}},{"from":[0.72685,12.22164,7.45113],"to":[1.12685,12.48273,8.64072],"rotation":{"angle":0.0,"axis":"z","origin":[0.62685,12.86586,8.28613]},"faces":{"north":{"uv":[1.0,1.0,2.0,2.0],"texture":"#o1"},"south":{"uv":[1.0,1.0,2.0,2.0],"texture":"#o1"},"east":{"uv":[1.0,1.0,2.0,2.0],"texture":"#o1"},"west":{"uv":[1.0,1.0,2.0,2.0],"texture":"#o1"}}},{"from":[0.72685,12.67013,8.8133],"to":[1.12685,12.80232,8.9133],"rotation":{"angle":22.5,"axis":"x","origin":[0.62685,13.23623,8.0783]},"faces":{"south":{"uv":[1.0,1.0,2.0,2.0],"texture":"#o1"},"east":{"uv":[1.0,1.0,2.0,2.0],"texture":"#o1"},"west":{"uv":[1.0,1.0,2.0,2.0],"texture":"#o1"}}},{"from":[0.72685,11.90992,8.66023],"to":[1.12685,12.03114,8.76093],"rotation":{"angle":-22.5,"axis":"x","origin":[0.62514,11.86505,7.92523]},"faces":{"south":{"uv":[1.0,1.0,2.0,2.0],"texture":"#o1"},"east":{"uv":[1.0,1.0,2.0,2.0],"texture":"#o1"},"west":{"uv":[1.0,1.0,2.0,2.0],"texture":"#o1"}}},{"from":[0.72685,13.02515,8.92403],"to":[1.12685,13.35733,9.02403],"rotation":{"angle":22.5,"axis":"x","origin":[0.62685,13.19124,8.18903]},"faces":{"north":{"uv":[1.0,1.0,2.0,2.0],"texture":"#o1"},"south":{"uv":[1.0,1.0,2.0,2.0],"texture":"#o1"},"east":{"uv":[1.0,1.0,2.0,2.0],"texture":"#o1"},"west":{"uv":[1.0,1.0,2.0,2.0],"texture":"#o1"}}},{"from":[0.72685,13.02515,8.92403],"to":[1.12685,13.35733,9.02403],"rotation":{"angle":0.0,"axis":"z","origin":[0.62685,13.19124,8.18903]},"faces":{"north":{"uv":[1.0,1.0,2.0,2.0],"texture":"#o1"},"south":{"uv":[1.0,1.0,2.0,2.0],"texture":"#o1"},"east":{"uv":[1.0,1.0,2.0,2.0],"texture":"#o1"},"west":{"uv":[1.0,1.0,2.0,2.0],"texture":"#o1"}}},{"from":[0.72685,13.02515,8.92403],"to":[1.12685,13.35733,9.02403],"rotation":{"angle":-22.5,"axis":"x","origin":[0.62685,13.19124,8.18903]},"faces":{"north":{"uv":[1.0,1.0,2.0,2.0],"texture":"#o1"},"south":{"uv":[1.0,1.0,2.0,2.0],"texture":"#o1"},"east":{"uv":[1.0,1.0,2.0,2.0],"texture":"#o1"},"west":{"uv":[1.0,1.0,2.0,2.0],"texture":"#o1"}}},{"from":[0.99718,11.68618,7.31858],"to":[1.04718,11.74586,7.41858],"rotation":{"angle":-45.0,"axis":"z","origin":[0.89718,11.71602,7.41858]},"faces":{"north":{"uv":[13.0,1.0,14.0,2.0],"texture":"#o1"},"south":{"uv":[13.0,1.0,14.0,2.0],"texture":"#o1"},"east":{"uv":[13.0,1.0,14.0,2.0],"texture":"#o1"},"west":{"uv":[13.0,1.0,14.0,2.0],"texture":"#o1"}}},{"from":[0.99718,11.68618,7.31858],"to":[1.04718,11.74586,7.41858],"rotation":{"angle":-22.5,"axis":"z","origin":[0.89718,11.71602,7.41858]},"faces":{"north":{"uv":[13.0,1.0,14.0,2.0],"texture":"#o1"},"south":{"uv":[13.0,1.0,14.0,2.0],"texture":"#o1"},"east":{"uv":[13.0,1.0,14.0,2.0],"texture":"#o1"},"west":{"uv":[13.0,1.0,14.0,2.0],"texture":"#o1"}}},{"from":[0.99718,11.68618,7.31858],"to":[1.04718,11.74586,7.41858],"rotation":{"angle":0.0,"axis":"x","origin":[0.89718,11.71602,7.41858]},"faces":{"north":{"uv":[13.0,1.0,14.0,2.0],"texture":"#o1"},"east":{"uv":[13.0,1.0,14.0,2.0],"texture":"#o1"},"west":{"uv":[13.0,1.0,14.0,2.0],"texture":"#o1"}}},{"from":[0.99718,11.68618,7.31858],"to":[1.04718,11.74586,7.41858],"rotation":{"angle":22.5,"axis":"z","origin":[0.89718,11.71602,7.41858]},"faces":{"north":{"uv":[13.0,1.0,14.0,2.0],"texture":"#o1"},"south":{"uv":[13.0,1.0,14.0,2.0],"texture":"#o1"},"east":{"uv":[13.0,1.0,14.0,2.0],"texture":"#o1"},"west":{"uv":[13.0,1.0,14.0,2.0],"texture":"#o1"}}},{"from":[0.99718,11.68618,7.31858],"to":[1.04718,11.74586,7.41858],"rotation":{"angle":45.0,"axis":"z","origin":[0.89718,11.71602,7.41858]},"faces":{"north":{"uv":[13.0,1.0,14.0,2.0],"texture":"#o1"},"south":{"uv":[13.0,1.0,14.0,2.0],"texture":"#o1"},"east":{"uv":[13.0,1.0,14.0,2.0],"texture":"#o1"},"west":{"uv":[13.0,1.0,14.0,2.0],"texture":"#o1"}}},{"from":[0.74718,11.68618,7.31858],"to":[0.79718,11.74586,7.41858],"rotation":{"angle":-45.0,"axis":"z","origin":[0.89718,11.71602,7.41858]},"faces":{"north":{"uv":[13.0,1.0,14.0,2.0],"texture":"#o1"},"south":{"uv":[13.0,1.0,14.0,2.0],"texture":"#o1"},"east":{"uv":[13.0,1.0,14.0,2.0],"texture":"#o1"},"west":{"uv":[13.0,1.0,14.0,2.0],"texture":"#o1"}}},{"from":[0.74718,11.68618,7.31858],"to":[0.79718,11.74586,7.41858],"rotation":{"angle":-22.5,"axis":"z","origin":[0.89718,11.71602,7.41858]},"faces":{"north":{"uv":[13.0,1.0,14.0,2.0],"texture":"#o1"},"south":{"uv":[13.0,1.0,14.0,2.0],"texture":"#o1"},"east":{"uv":[13.0,1.0,14.0,2.0],"texture":"#o1"},"west":{"uv":[13.0,1.0,14.0,2.0],"texture":"#o1"}}},{"from":[0.74718,11.68618,7.31858],"to":[0.79718,11.74586,7.41858],"rotation":{"angle":0.0,"axis":"x","origin":[0.89718,11.71602,7.41858]},"faces":{"north":{"uv":[13.0,1.0,14.0,2.0],"texture":"#o1"},"east":{"uv":[13.0,1.0,14.0,2.0],"texture":"#o1"},"west":{"uv":[13.0,1.0,14.0,2.0],"texture":"#o1"}}},{"from":[0.74718,11.68618,7.31858],"to":[0.79718,11.74586,7.41858],"rotation":{"angle":22.5,"axis":"z","origin":[0.89718,11.71602,7.41858]},"faces":{"north":{"uv":[13.0,1.0,14.0,2.0],"texture":"#o1"},"south":{"uv":[13.0,1.0,14.0,2.0],"texture":"#o1"},"east":{"uv":[13.0,1.0,14.0,2.0],"texture":"#o1"},"west":{"uv":[13.0,1.0,14.0,2.0],"texture":"#o1"}}},{"from":[0.74718,11.68618,7.31858],"to":[0.79718,11.74586,7.41858],"rotation":{"angle":45.0,"axis":"z","origin":[0.89718,11.71602,7.41858]},"faces":{"north":{"uv":[13.0,1.0,14.0,2.0],"texture":"#o1"},"south":{"uv":[13.0,1.0,14.0,2.0],"texture":"#o1"},"east":{"uv":[13.0,1.0,14.0,2.0],"texture":"#o1"},"west":{"uv":[13.0,1.0,14.0,2.0],"texture":"#o1"}}},{"from":[0.86734,11.56602,7.31858],"to":[0.92701,11.61602,7.41858],"rotation":{"angle":-22.5,"axis":"z","origin":[0.89718,11.71602,7.41858]},"faces":{"north":{"uv":[13.0,1.0,14.0,2.0],"texture":"#o1"},"south":{"uv":[13.0,1.0,14.0,2.0],"texture":"#o1"},"up":{"uv":[13.0,1.0,14.0,2.0],"rotation":90,"texture":"#o1"},"down":{"uv":[13.0,1.0,14.0,2.0],"rotation":270,"texture":"#o1"}}},{"from":[0.86734,11.56602,7.31858],"to":[0.92701,11.61602,7.41858],"rotation":{"angle":0.0,"axis":"x","origin":[0.89718,11.71602,7.41858]},"faces":{"north":{"uv":[13.0,1.0,14.0,2.0],"texture":"#o1"},"up":{"uv":[13.0,1.0,14.0,2.0],"rotation":90,"texture":"#o1"},"down":{"uv":[13.0,1.0,14.0,2.0],"rotation":270,"texture":"#o1"}}},{"from":[0.86734,11.56602,7.31858],"to":[0.92701,11.61602,7.41858],"rotation":{"angle":22.5,"axis":"z","origin":[0.89718,11.71602,7.41858]},"faces":{"north":{"uv":[13.0,1.0,14.0,2.0],"texture":"#o1"},"south":{"uv":[13.0,1.0,14.0,2.0],"texture":"#o1"},"up":{"uv":[13.0,1.0,14.0,2.0],"rotation":90,"texture":"#o1"},"down":{"uv":[13.0,1.0,14.0,2.0],"rotation":270,"texture":"#o1"}}},{"from":[0.86734,11.81602,7.31858],"to":[0.92701,11.86602,7.41858],"rotation":{"angle":-22.5,"axis":"z","origin":[0.89718,11.71602,7.41858]},"faces":{"north":{"uv":[13.0,1.0,14.0,2.0],"texture":"#o1"},"south":{"uv":[13.0,1.0,14.0,2.0],"texture":"#o1"},"up":{"uv":[13.0,1.0,14.0,2.0],"rotation":90,"texture":"#o1"},"down":{"uv":[13.0,1.0,14.0,2.0],"rotation":270,"texture":"#o1"}}},{"from":[0.86734,11.81602,7.31858],"to":[0.92701,11.86602,7.41858],"rotation":{"angle":0.0,"axis":"x","origin":[0.89718,11.71602,7.41858]},"faces":{"north":{"uv":[13.0,1.0,14.0,2.0],"texture":"#o1"},"up":{"uv":[13.0,1.0,14.0,2.0],"rotation":90,"texture":"#o1"},"down":{"uv":[13.0,1.0,14.0,2.0],"rotation":270,"texture":"#o1"}}},{"from":[0.86734,11.81602,7.31858],"to":[0.92701,11.86602,7.41858],"rotation":{"angle":22.5,"axis":"z","origin":[0.89718,11.71602,7.41858]},"faces":{"north":{"uv":[13.0,1.0,14.0,2.0],"texture":"#o1"},"south":{"uv":[13.0,1.0,14.0,2.0],"texture":"#o1"},"up":{"uv":[13.0,1.0,14.0,2.0],"rotation":90,"texture":"#o1"},"down":{"uv":[13.0,1.0,14.0,2.0],"rotation":270,"texture":"#o1"}}},{"from":[-1.00282,11.68618,7.31858],"to":[-0.95282,11.74586,7.41858],"rotation":{"angle":-45.0,"axis":"z","origin":[-1.10282,11.71602,7.41858]},"faces":{"north":{"uv":[13.0,1.0,14.0,2.0],"texture":"#o1"},"south":{"uv":[13.0,1.0,14.0,2.0],"texture":"#o1"},"east":{"uv":[13.0,1.0,14.0,2.0],"texture":"#o1"},"west":{"uv":[13.0,1.0,14.0,2.0],"texture":"#o1"}}},{"from":[-1.00282,11.68618,7.31858],"to":[-0.95282,11.74586,7.41858],"rotation":{"angle":-22.5,"axis":"z","origin":[-1.10282,11.71602,7.41858]},"faces":{"north":{"uv":[13.0,1.0,14.0,2.0],"texture":"#o1"},"south":{"uv":[13.0,1.0,14.0,2.0],"texture":"#o1"},"east":{"uv":[13.0,1.0,14.0,2.0],"texture":"#o1"},"west":{"uv":[13.0,1.0,14.0,2.0],"texture":"#o1"}}},{"from":[-1.00282,11.68618,7.31858],"to":[-0.95282,11.74586,7.41858],"rotation":{"angle":0.0,"axis":"x","origin":[-1.10282,11.71602,7.41858]},"faces":{"north":{"uv":[13.0,1.0,14.0,2.0],"texture":"#o1"},"east":{"uv":[13.0,1.0,14.0,2.0],"texture":"#o1"},"west":{"uv":[13.0,1.0,14.0,2.0],"texture":"#o1"}}},{"from":[-1.00282,11.68618,7.31858],"to":[-0.95282,11.74586,7.41858],"rotation":{"angle":22.5,"axis":"z","origin":[-1.10282,11.71602,7.41858]},"faces":{"north":{"uv":[13.0,1.0,14.0,2.0],"texture":"#o1"},"south":{"uv":[13.0,1.0,14.0,2.0],"texture":"#o1"},"east":{"uv":[13.0,1.0,14.0,2.0],"texture":"#o1"},"west":{"uv":[13.0,1.0,14.0,2.0],"texture":"#o1"}}},{"from":[-1.00282,11.68618,7.31858],"to":[-0.95282,11.74586,7.41858],"rotation":{"angle":45.0,"axis":"z","origin":[-1.10282,11.71602,7.41858]},"faces":{"north":{"uv":[13.0,1.0,14.0,2.0],"texture":"#o1"},"south":{"uv":[13.0,1.0,14.0,2.0],"texture":"#o1"},"east":{"uv":[13.0,1.0,14.0,2.0],"texture":"#o1"},"west":{"uv":[13.0,1.0,14.0,2.0],"texture":"#o1"}}},{"from":[-1.25282,11.68618,7.31858],"to":[-1.20282,11.74586,7.41858],"rotation":{"angle":-45.0,"axis":"z","origin":[-1.10282,11.71602,7.41858]},"faces":{"north":{"uv":[13.0,1.0,14.0,2.0],"texture":"#o1"},"south":{"uv":[13.0,1.0,14.0,2.0],"texture":"#o1"},"east":{"uv":[13.0,1.0,14.0,2.0],"texture":"#o1"},"west":{"uv":[13.0,1.0,14.0,2.0],"texture":"#o1"}}},{"from":[-1.25282,11.68618,7.31858],"to":[-1.20282,11.74586,7.41858],"rotation":{"angle":-22.5,"axis":"z","origin":[-1.10282,11.71602,7.41858]},"faces":{"north":{"uv":[13.0,1.0,14.0,2.0],"texture":"#o1"},"south":{"uv":[13.0,1.0,14.0,2.0],"texture":"#o1"},"east":{"uv":[13.0,1.0,14.0,2.0],"texture":"#o1"},"west":{"uv":[13.0,1.0,14.0,2.0],"texture":"#o1"}}},{"from":[-1.25282,11.68618,7.31858],"to":[-1.20282,11.74586,7.41858],"rotation":{"angle":0.0,"axis":"x","origin":[-1.10282,11.71602,7.41858]},"faces":{"north":{"uv":[13.0,1.0,14.0,2.0],"texture":"#o1"},"east":{"uv":[13.0,1.0,14.0,2.0],"texture":"#o1"},"west":{"uv":[13.0,1.0,14.0,2.0],"texture":"#o1"}}},{"from":[-1.25282,11.68618,7.31858],"to":[-1.20282,11.74586,7.41858],"rotation":{"angle":22.5,"axis":"z","origin":[-1.10282,11.71602,7.41858]},"faces":{"north":{"uv":[13.0,1.0,14.0,2.0],"texture":"#o1"},"south":{"uv":[13.0,1.0,14.0,2.0],"texture":"#o1"},"east":{"uv":[13.0,1.0,14.0,2.0],"texture":"#o1"},"west":{"uv":[13.0,1.0,14.0,2.0],"texture":"#o1"}}},{"from":[-1.25282,11.68618,7.31858],"to":[-1.20282,11.74586,7.41858],"rotation":{"angle":45.0,"axis":"z","origin":[-1.10282,11.71602,7.41858]},"faces":{"north":{"uv":[13.0,1.0,14.0,2.0],"texture":"#o1"},"south":{"uv":[13.0,1.0,14.0,2.0],"texture":"#o1"},"east":{"uv":[13.0,1.0,14.0,2.0],"texture":"#o1"},"west":{"uv":[13.0,1.0,14.0,2.0],"texture":"#o1"}}},{"from":[-1.13266,11.56602,7.31858],"to":[-1.07299,11.61602,7.41858],"rotation":{"angle":-22.5,"axis":"z","origin":[-1.10282,11.71602,7.41858]},"faces":{"north":{"uv":[13.0,1.0,14.0,2.0],"texture":"#o1"},"south":{"uv":[13.0,1.0,14.0,2.0],"texture":"#o1"},"up":{"uv":[13.0,1.0,14.0,2.0],"rotation":90,"texture":"#o1"},"down":{"uv":[13.0,1.0,14.0,2.0],"rotation":270,"texture":"#o1"}}},{"from":[-1.13266,11.56602,7.31858],"to":[-1.07299,11.61602,7.41858],"rotation":{"angle":0.0,"axis":"x","origin":[-1.10282,11.71602,7.41858]},"faces":{"north":{"uv":[13.0,1.0,14.0,2.0],"texture":"#o1"},"up":{"uv":[13.0,1.0,14.0,2.0],"rotation":90,"texture":"#o1"},"down":{"uv":[13.0,1.0,14.0,2.0],"rotation":270,"texture":"#o1"}}},{"from":[-1.13266,11.56602,7.31858],"to":[-1.07299,11.61602,7.41858],"rotation":{"angle":22.5,"axis":"z","origin":[-1.10282,11.71602,7.41858]},"faces":{"north":{"uv":[13.0,1.0,14.0,2.0],"texture":"#o1"},"south":{"uv":[13.0,1.0,14.0,2.0],"texture":"#o1"},"up":{"uv":[13.0,1.0,14.0,2.0],"rotation":90,"texture":"#o1"},"down":{"uv":[13.0,1.0,14.0,2.0],"rotation":270,"texture":"#o1"}}},{"from":[-1.13266,11.81602,7.31858],"to":[-1.07299,11.86602,7.41858],"rotation":{"angle":-22.5,"axis":"z","origin":[-1.10282,11.71602,7.41858]},"faces":{"north":{"uv":[13.0,1.0,14.0,2.0],"texture":"#o1"},"south":{"uv":[13.0,1.0,14.0,2.0],"texture":"#o1"},"up":{"uv":[13.0,1.0,14.0,2.0],"rotation":90,"texture":"#o1"},"down":{"uv":[13.0,1.0,14.0,2.0],"rotation":270,"texture":"#o1"}}},{"from":[-1.13266,11.81602,7.31858],"to":[-1.07299,11.86602,7.41858],"rotation":{"angle":0.0,"axis":"x","origin":[-1.10282,11.71602,7.41858]},"faces":{"north":{"uv":[13.0,1.0,14.0,2.0],"texture":"#o1"},"up":{"uv":[13.0,1.0,14.0,2.0],"rotation":90,"texture":"#o1"},"down":{"uv":[13.0,1.0,14.0,2.0],"rotation":270,"texture":"#o1"}}},{"from":[-1.13266,11.81602,7.31858],"to":[-1.07299,11.86602,7.41858],"rotation":{"angle":22.5,"axis":"z","origin":[-1.10282,11.71602,7.41858]},"faces":{"north":{"uv":[13.0,1.0,14.0,2.0],"texture":"#o1"},"south":{"uv":[13.0,1.0,14.0,2.0],"texture":"#o1"},"up":{"uv":[13.0,1.0,14.0,2.0],"rotation":90,"texture":"#o1"},"down":{"uv":[13.0,1.0,14.0,2.0],"rotation":270,"texture":"#o1"}}},{"from":[-1.04282,12.14613,7.31858],"to":[-0.99282,12.18591,7.71858],"rotation":{"angle":-45.0,"axis":"z","origin":[-1.09282,12.16602,7.81858]},"faces":{"north":{"uv":[13.0,1.0,14.0,2.0],"texture":"#o1"},"south":{"uv":[13.0,1.0,14.0,2.0],"texture":"#o1"},"east":{"uv":[13.0,1.0,14.0,2.0],"texture":"#o1"},"west":{"uv":[13.0,1.0,14.0,2.0],"texture":"#o1"}}},{"from":[-1.04282,12.14613,7.31858],"to":[-0.99282,12.18591,7.71858],"rotation":{"angle":-22.5,"axis":"z","origin":[-1.09282,12.16602,7.81858]},"faces":{"north":{"uv":[13.0,1.0,14.0,2.0],"texture":"#o1"},"south":{"uv":[13.0,1.0,14.0,2.0],"texture":"#o1"},"east":{"uv":[13.0,1.0,14.0,2.0],"texture":"#o1"},"west":{"uv":[13.0,1.0,14.0,2.0],"texture":"#o1"}}},{"from":[-1.04282,12.14613,7.31858],"to":[-0.99282,12.18591,7.71858],"rotation":{"angle":0.0,"axis":"x","origin":[-1.09282,12.16602,7.81858]},"faces":{"north":{"uv":[13.0,1.0,14.0,2.0],"texture":"#o1"},"east":{"uv":[13.0,1.0,14.0,2.0],"texture":"#o1"},"west":{"uv":[13.0,1.0,14.0,2.0],"texture":"#o1"}}},{"from":[-1.04282,12.14613,7.31858],"to":[-0.99282,12.18591,7.71858],"rotation":{"angle":22.5,"axis":"z","origin":[-1.09282,12.16602,7.81858]},"faces":{"north":{"uv":[13.0,1.0,14.0,2.0],"texture":"#o1"},"south":{"uv":[13.0,1.0,14.0,2.0],"texture":"#o1"},"east":{"uv":[13.0,1.0,14.0,2.0],"texture":"#o1"},"west":{"uv":[13.0,1.0,14.0,2.0],"texture":"#o1"}}},{"from":[-1.04282,12.14613,7.31858],"to":[-0.99282,12.18591,7.71858],"rotation":{"angle":45.0,"axis":"z","origin":[-1.09282,12.16602,7.81858]},"faces":{"north":{"uv":[13.0,1.0,14.0,2.0],"texture":"#o1"},"south":{"uv":[13.0,1.0,14.0,2.0],"texture":"#o1"},"east":{"uv":[13.0,1.0,14.0,2.0],"texture":"#o1"},"west":{"uv":[13.0,1.0,14.0,2.0],"texture":"#o1"}}},{"from":[-1.19282,12.14613,7.31858],"to":[-1.14282,12.18591,7.71858],"rotation":{"angle":-45.0,"axis":"z","origin":[-1.09282,12.16602,7.81858]},"faces":{"north":{"uv":[13.0,1.0,14.0,2.0],"texture":"#o1"},"south":{"uv":[13.0,1.0,14.0,2.0],"texture":"#o1"},"east":{"uv":[13.0,1.0,14.0,2.0],"texture":"#o1"},"west":{"uv":[13.0,1.0,14.0,2.0],"texture":"#o1"}}},{"from":[-1.19282,12.14613,7.31858],"to":[-1.14282,12.18591,7.71858],"rotation":{"angle":-22.5,"axis":"z","origin":[-1.09282,12.16602,7.81858]},"faces":{"north":{"uv":[13.0,1.0,14.0,2.0],"texture":"#o1"},"south":{"uv":[13.0,1.0,14.0,2.0],"texture":"#o1"},"east":{"uv":[13.0,1.0,14.0,2.0],"texture":"#o1"},"west":{"uv":[13.0,1.0,14.0,2.0],"texture":"#o1"}}},{"from":[-1.19282,12.14613,7.31858],"to":[-1.14282,12.18591,7.71858],"rotation":{"angle":0.0,"axis":"x","origin":[-1.09282,12.16602,7.81858]},"faces":{"north":{"uv":[13.0,1.0,14.0,2.0],"texture":"#o1"},"east":{"uv":[13.0,1.0,14.0,2.0],"texture":"#o1"},"west":{"uv":[13.0,1.0,14.0,2.0],"texture":"#o1"}}},{"from":[-1.19282,12.14613,7.31858],"to":[-1.14282,12.18591,7.71858],"rotation":{"angle":22.5,"axis":"z","origin":[-1.09282,12.16602,7.81858]},"faces":{"north":{"uv":[13.0,1.0,14.0,2.0],"texture":"#o1"},"south":{"uv":[13.0,1.0,14.0,2.0],"texture":"#o1"},"east":{"uv":[13.0,1.0,14.0,2.0],"texture":"#o1"},"west":{"uv":[13.0,1.0,14.0,2.0],"texture":"#o1"}}},{"from":[-1.19282,12.14613,7.31858],"to":[-1.14282,12.18591,7.71858],"rotation":{"angle":45.0,"axis":"z","origin":[-1.09282,12.16602,7.81858]},"faces":{"north":{"uv":[13.0,1.0,14.0,2.0],"texture":"#o1"},"south":{"uv":[13.0,1.0,14.0,2.0],"texture":"#o1"},"east":{"uv":[13.0,1.0,14.0,2.0],"texture":"#o1"},"west":{"uv":[13.0,1.0,14.0,2.0],"texture":"#o1"}}},{"from":[-1.11272,12.06602,7.31858],"to":[-1.07293,12.11602,7.71858],"rotation":{"angle":-22.5,"axis":"z","origin":[-1.09282,12.16602,7.81858]},"faces":{"north":{"uv":[13.0,1.0,14.0,2.0],"texture":"#o1"},"south":{"uv":[13.0,1.0,14.0,2.0],"texture":"#o1"},"up":{"uv":[13.0,1.0,14.0,2.0],"rotation":90,"texture":"#o1"},"down":{"uv":[13.0,1.0,14.0,2.0],"rotation":270,"texture":"#o1"}}},{"from":[-1.11272,12.06602,7.31858],"to":[-1.07293,12.11602,7.71858],"rotation":{"angle":0.0,"axis":"x","origin":[-1.09282,12.16602,7.81858]},"faces":{"north":{"uv":[13.0,1.0,14.0,2.0],"texture":"#o1"},"up":{"uv":[13.0,1.0,14.0,2.0],"rotation":90,"texture":"#o1"},"down":{"uv":[13.0,1.0,14.0,2.0],"rotation":270,"texture":"#o1"}}},{"from":[-1.11272,12.06602,7.31858],"to":[-1.07293,12.11602,7.71858],"rotation":{"angle":22.5,"axis":"z","origin":[-1.09282,12.16602,7.81858]},"faces":{"north":{"uv":[13.0,1.0,14.0,2.0],"texture":"#o1"},"south":{"uv":[13.0,1.0,14.0,2.0],"texture":"#o1"},"up":{"uv":[13.0,1.0,14.0,2.0],"rotation":90,"texture":"#o1"},"down":{"uv":[13.0,1.0,14.0,2.0],"rotation":270,"texture":"#o1"}}},{"from":[-1.11272,12.21602,7.31858],"to":[-1.07293,12.26602,7.71858],"rotation":{"angle":-22.5,"axis":"z","origin":[-1.09282,12.16602,7.81858]},"faces":{"north":{"uv":[13.0,1.0,14.0,2.0],"texture":"#o1"},"south":{"uv":[13.0,1.0,14.0,2.0],"texture":"#o1"},"up":{"uv":[13.0,1.0,14.0,2.0],"rotation":90,"texture":"#o1"},"down":{"uv":[13.0,1.0,14.0,2.0],"rotation":270,"texture":"#o1"}}},{"from":[-1.11272,12.21602,7.31858],"to":[-1.07293,12.26602,7.71858],"rotation":{"angle":0.0,"axis":"x","origin":[-1.09282,12.16602,7.81858]},"faces":{"north":{"uv":[13.0,1.0,14.0,2.0],"texture":"#o1"},"up":{"uv":[13.0,1.0,14.0,2.0],"rotation":90,"texture":"#o1"},"down":{"uv":[13.0,1.0,14.0,2.0],"rotation":270,"texture":"#o1"}}},{"from":[-1.11272,12.21602,7.31858],"to":[-1.07293,12.26602,7.71858],"rotation":{"angle":22.5,"axis":"z","origin":[-1.09282,12.16602,7.81858]},"faces":{"north":{"uv":[13.0,1.0,14.0,2.0],"texture":"#o1"},"south":{"uv":[13.0,1.0,14.0,2.0],"texture":"#o1"},"up":{"uv":[13.0,1.0,14.0,2.0],"rotation":90,"texture":"#o1"},"down":{"uv":[13.0,1.0,14.0,2.0],"rotation":270,"texture":"#o1"}}},{"from":[-2.29282,11.86602,7.93902],"to":[-1.49282,12.06602,8.09814],"rotation":{"angle":-45.0,"axis":"y","origin":[-1.89282,11.56602,8.01858]},"faces":{"east":{"uv":[1.0,1.0,2.0,2.0],"texture":"#o1"},"west":{"uv":[1.0,1.0,2.0,2.0],"texture":"#o1"},"down":{"uv":[1.0,1.0,2.0,2.0],"rotation":270,"texture":"#o1"}}},{"from":[-2.29282,11.86602,7.93902],"to":[-1.49282,12.06602,8.09814],"rotation":{"angle":-22.5,"axis":"y","origin":[-1.89282,11.56602,8.01858]},"faces":{"east":{"uv":[1.0,1.0,2.0,2.0],"texture":"#o1"},"west":{"uv":[1.0,1.0,2.0,2.0],"texture":"#o1"},"down":{"uv":[1.0,1.0,2.0,2.0],"rotation":270,"texture":"#o1"}}},{"from":[-2.29282,11.86602,7.93902],"to":[-1.49282,12.06602,8.09814],"rotation":{"angle":0.0,"axis":"y","origin":[-1.89282,11.56602,8.01858]},"faces":{"east":{"uv":[1.0,1.0,2.0,2.0],"texture":"#o1"},"west":{"uv":[1.0,1.0,2.0,2.0],"texture":"#o1"},"down":{"uv":[1.0,1.0,2.0,2.0],"rotation":270,"texture":"#o1"}}},{"from":[-2.29282,11.86602,7.93902],"to":[-1.49282,12.06602,8.09814],"rotation":{"angle":22.5,"axis":"y","origin":[-1.89282,11.56602,8.01858]},"faces":{"east":{"uv":[1.0,1.0,2.0,2.0],"texture":"#o1"},"west":{"uv":[1.0,1.0,2.0,2.0],"texture":"#o1"},"down":{"uv":[1.0,1.0,2.0,2.0],"rotation":270,"texture":"#o1"}}},{"from":[-2.29282,11.86602,7.93902],"to":[-1.49282,12.06602,8.09814],"rotation":{"angle":45.0,"axis":"y","origin":[-1.89282,11.56602,8.01858]},"faces":{"east":{"uv":[1.0,1.0,2.0,2.0],"texture":"#o1"},"west":{"uv":[1.0,1.0,2.0,2.0],"texture":"#o1"},"down":{"uv":[1.0,1.0,2.0,2.0],"rotation":270,"texture":"#o1"}}},{"from":[-1.97239,11.86602,7.61858],"to":[-1.81326,12.06602,8.41858],"rotation":{"angle":-22.5,"axis":"y","origin":[-1.89282,11.56602,8.01858]},"faces":{"north":{"uv":[1.0,1.0,2.0,2.0],"texture":"#o1"},"south":{"uv":[1.0,1.0,2.0,2.0],"texture":"#o1"},"down":{"uv":[1.0,1.0,2.0,2.0],"rotation":270,"texture":"#o1"}}},{"from":[-1.97239,11.86602,7.61858],"to":[-1.81326,12.06602,8.41858],"rotation":{"angle":0.0,"axis":"y","origin":[-1.89282,11.56602,8.01858]},"faces":{"north":{"uv":[1.0,1.0,2.0,2.0],"texture":"#o1"},"south":{"uv":[1.0,1.0,2.0,2.0],"texture":"#o1"},"down":{"uv":[1.0,1.0,2.0,2.0],"rotation":270,"texture":"#o1"}}},{"from":[-1.97239,11.86602,7.61858],"to":[-1.81326,12.06602,8.41858],"rotation":{"angle":22.5,"axis":"y","origin":[-1.89282,11.56602,8.01858]},"faces":{"north":{"uv":[1.0,1.0,2.0,2.0],"texture":"#o1"},"south":{"uv":[1.0,1.0,2.0,2.0],"texture":"#o1"},"down":{"uv":[1.0,1.0,2.0,2.0],"rotation":270,"texture":"#o1"}}},{"from":[5.23,10.25,7.9],"to":[5.48,11.05,8.2],"rotation":{"angle":0.0,"axis":"y","origin":[0.1,0.0,7.1]},"faces":{"north":{"uv":[2.25,13.75,3.0,14.5],"texture":"#o6"},"south":{"uv":[2.25,13.75,3.0,14.5],"texture":"#o6"},"east":{"uv":[2.25,13.75,3.0,14.5],"texture":"#o6"},"west":{"uv":[2.25,13.75,3.0,14.5],"texture":"#o6"},"up":{"uv":[2.25,13.75,3.0,14.5],"texture":"#o6"},"down":{"uv":[2.25,13.75,3.0,14.5],"texture":"#o6"}}},{"from":[5.06931,10.24218,7.9],"to":[5.33931,11.04218,8.2],"rotation":{"angle":-22.5,"axis":"z","origin":[5.16931,10.64218,8.05]},"faces":{"north":{"uv":[2.25,13.75,3.0,14.5],"texture":"#o6"},"south":{"uv":[2.25,13.75,3.0,14.5],"texture":"#o6"},"east":{"uv":[2.25,13.75,3.0,14.5],"texture":"#o6"},"west":{"uv":[2.25,13.75,3.0,14.5],"texture":"#o6"},"up":{"uv":[2.25,13.75,3.0,14.5],"texture":"#o6"},"down":{"uv":[2.25,13.75,3.0,14.5],"texture":"#o6"}}},{"from":[0.33,7.75,8.7],"to":[3.33,8.65,8.8],"rotation":{"angle":0.0,"axis":"z","origin":[0.0,0.0,7.1]},"faces":{"south":{"uv":[2.25,13.75,3.0,14.5],"texture":"#o6"}}},{"from":[3.33,6.65,7.1],"to":[15.33,10.35,9.0],"rotation":{"angle":0.0,"axis":"y","origin":[0.0,0.0,7.1]},"faces":{"north":{"uv":[0.0,0.0,12.0,3.75],"texture":"#o6"},"south":{"uv":[12.0,0.0,0.0,3.75],"texture":"#o6"},"east":{"uv":[0.0,12.0,2.0,15.75],"texture":"#o6"},"west":{"uv":[0.25,11.0,1.0,11.75],"texture":"#o6"},"up":{"uv":[12.0,10.0,0.0,8.0],"texture":"#o6"},"down":{"uv":[12.0,10.0,0.0,12.0],"texture":"#o6"}}},{"from":[15.33,8.45,7.4],"to":[15.53,9.95,8.7],"rotation":{"angle":0.0,"axis":"y","origin":[0.0,0.0,7.1]},"faces":{"north":{"uv":[2.25,13.75,3.0,14.5],"texture":"#o6"},"south":{"uv":[2.25,13.75,3.0,14.5],"texture":"#o6"},"east":{"uv":[2.25,13.75,3.0,14.5],"texture":"#o6"},"west":{"uv":[2.25,13.75,3.0,14.5],"texture":"#o6"},"up":{"uv":[2.25,13.75,3.0,14.5],"texture":"#o6"},"down":{"uv":[2.25,13.75,3.0,14.5],"texture":"#o6"}}},{"from":[-12.87,7.25,7.1],"to":[3.33,10.35,8.0],"rotation":{"angle":0.0,"axis":"z","origin":[0.0,0.0,7.1]},"faces":{"north":{"uv":[0.25,11.0,1.0,11.75],"texture":"#o6"},"west":{"uv":[0.25,11.0,1.0,11.75],"texture":"#o6"},"up":{"uv":[0.25,11.0,1.0,11.75],"texture":"#o6"},"down":{"uv":[0.25,11.0,1.0,11.75],"texture":"#o6"}}},{"from":[-12.87,7.25,8.0],"to":[0.33,10.35,9.0],"rotation":{"angle":0.0,"axis":"z","origin":[0.0,0.0,7.1]},"faces":{"south":{"uv":[0.25,11.0,1.0,11.75],"texture":"#o6"},"east":{"uv":[0.25,11.0,1.0,11.75],"texture":"#o6"},"west":{"uv":[0.25,11.0,1.0,11.75],"texture":"#o6"},"up":{"uv":[0.25,11.0,1.0,11.75],"texture":"#o6"},"down":{"uv":[0.25,11.0,1.0,11.75],"texture":"#o6"}}},{"from":[0.33,8.65,8.0],"to":[3.33,10.35,9.0],"rotation":{"angle":0.0,"axis":"z","origin":[0.0,0.0,7.1]},"faces":{"south":{"uv":[0.25,11.0,1.0,11.75],"texture":"#o6"},"up":{"uv":[0.25,11.0,1.0,11.75],"texture":"#o6"},"down":{"uv":[0.25,11.0,1.0,11.75],"texture":"#o6"}}},{"from":[0.33,7.25,8.0],"to":[3.33,7.75,9.0],"rotation":{"angle":0.0,"axis":"z","origin":[0.0,0.0,7.1]},"faces":{"north":{"uv":[0.25,11.0,1.0,11.75],"texture":"#o6"},"south":{"uv":[0.25,11.0,1.0,11.75],"texture":"#o6"},"east":{"uv":[0.25,11.0,1.0,11.75],"texture":"#o6"},"west":{"uv":[0.25,11.0,1.0,11.75],"texture":"#o6"},"up":{"uv":[0.25,11.0,1.0,11.75],"texture":"#o6"},"down":{"uv":[0.25,11.0,1.0,11.75],"texture":"#o6"}}},{"from":[-3.37,6.25,7.1],"to":[0.23,7.25,9.0],"rotation":{"angle":0.0,"axis":"z","origin":[0.0,0.0,7.1]},"faces":{"north":{"uv":[0.25,11.0,1.0,11.75],"texture":"#o6"},"south":{"uv":[0.25,11.0,1.0,11.75],"texture":"#o6"},"east":{"uv":[0.25,11.0,1.0,11.75],"texture":"#o6"},"west":{"uv":[0.25,11.0,1.0,11.75],"texture":"#o6"},"up":{"uv":[0.25,11.0,1.0,11.75],"texture":"#o6"},"down":{"uv":[0.25,11.0,1.0,11.75],"texture":"#o6"}}},{"from":[0.23,0.35,7.4],"to":[0.33,7.25,8.7],"rotation":{"angle":0.0,"axis":"z","origin":[0.0,0.0,7.1]},"faces":{"north":{"uv":[2.25,13.75,3.0,14.5],"texture":"#o6"},"south":{"uv":[2.25,13.75,3.0,14.5],"texture":"#o6"},"east":{"uv":[2.25,13.75,3.0,14.5],"texture":"#o6"},"west":{"uv":[2.25,13.75,3.0,14.5],"texture":"#o6"},"up":{"uv":[2.25,13.75,3.0,14.5],"texture":"#o6"},"down":{"uv":[2.25,13.75,3.0,14.5],"texture":"#o6"}}},{"from":[-5.06466,0.23357,7.4],"to":[0.11534,0.33357,8.7],"rotation":{"angle":-22.5,"axis":"z","origin":[0.46534,0.00357,7.1]},"faces":{"north":{"uv":[2.25,13.75,3.0,14.5],"texture":"#o6"},"south":{"uv":[2.25,13.75,3.0,14.5],"texture":"#o6"},"east":{"uv":[2.25,13.75,3.0,14.5],"texture":"#o6"},"west":{"uv":[2.25,13.75,3.0,14.5],"texture":"#o6"},"up":{"uv":[2.25,13.75,3.0,14.5],"texture":"#o6"},"down":{"uv":[2.25,13.75,3.0,14.5],"texture":"#o6"}}},{"from":[-1.75466,5.33357,7.4],"to":[0.23534,5.47357,8.7],"rotation":{"angle":0.0,"axis":"z","origin":[0.46534,0.00357,7.1]},"faces":{"north":{"uv":[2.25,13.75,3.0,14.5],"texture":"#o6"},"south":{"uv":[2.25,13.75,3.0,14.5],"texture":"#o6"},"east":{"uv":[2.25,13.75,3.0,14.5],"texture":"#o6"},"west":{"uv":[2.25,13.75,3.0,14.5],"texture":"#o6"},"up":{"uv":[2.25,13.75,3.0,14.5],"texture":"#o6"},"down":{"uv":[2.25,13.75,3.0,14.5],"texture":"#o6"}}},{"from":[-1.26966,5.89857,7.9],"to":[-1.11966,6.39857,8.0],"rotation":{"angle":0.0,"axis":"z","origin":[-0.75966,5.40357,8.0]},"faces":{"north":{"uv":[2.25,13.75,3.0,14.5],"texture":"#o6"},"south":{"uv":[2.25,13.75,3.0,14.5],"texture":"#o6"},"east":{"uv":[2.25,13.75,3.0,14.5],"texture":"#o6"},"west":{"uv":[2.25,13.75,3.0,14.5],"texture":"#o6"},"up":{"uv":[2.25,13.75,3.0,14.5],"texture":"#o6"},"down":{"uv":[2.25,13.75,3.0,14.5],"texture":"#o6"}}},{"from":[-0.92771,5.79948,7.9],"to":[-0.77771,6.16948,8.0],"rotation":{"angle":22.5,"axis":"z","origin":[-0.41771,5.17448,8.0]},"faces":{"north":{"uv":[2.25,13.75,3.0,14.5],"texture":"#o6"},"south":{"uv":[2.25,13.75,3.0,14.5],"texture":"#o6"},"east":{"uv":[2.25,13.75,3.0,14.5],"texture":"#o6"},"west":{"uv":[2.25,13.75,3.0,14.5],"texture":"#o6"},"up":{"uv":[2.25,13.75,3.0,14.5],"texture":"#o6"},"down":{"uv":[2.25,13.75,3.0,14.5],"texture":"#o6"}}},{"from":[-5.1,0.51,7.1],"to":[-3.6,4.44,9.0],"rotation":{"angle":-22.5,"axis":"z","origin":[0.0,0.0,7.1]},"faces":{"north":{"uv":[0.25,11.0,1.0,11.75],"texture":"#o6"},"south":{"uv":[0.25,11.0,1.0,11.75],"texture":"#o6"},"east":{"uv":[0.25,11.0,1.0,11.75],"texture":"#o6"},"west":{"uv":[0.25,11.0,1.0,11.75],"texture":"#o6"},"up":{"uv":[0.25,11.0,1.0,11.75],"texture":"#o6"},"down":{"uv":[0.25,11.0,1.0,11.75],"texture":"#o6"}}},{"from":[-3.37,5.04,7.1],"to":[-1.81,6.25,9.0],"rotation":{"angle":0.0,"axis":"z","origin":[1.63,1.81,7.1]},"faces":{"north":{"uv":[0.25,11.0,1.0,11.75],"texture":"#o6"},"south":{"uv":[0.25,11.0,1.0,11.75],"texture":"#o6"},"east":{"uv":[0.25,11.0,1.0,11.75],"texture":"#o6"},"west":{"uv":[0.25,11.0,1.0,11.75],"texture":"#o6"},"up":{"uv":[0.25,11.0,1.0,11.75],"texture":"#o6"},"down":{"uv":[0.25,11.0,1.0,11.75],"texture":"#o6"}}},{"from":[-2.64,6.32,7.1],"to":[-2.34,6.85,9.0],"rotation":{"angle":-45.0,"axis":"z","origin":[-2.62,5.585,8.1]},"faces":{"north":{"uv":[0.25,11.0,1.0,11.75],"texture":"#o6"},"south":{"uv":[0.25,11.0,1.0,11.75],"texture":"#o6"},"east":{"uv":[0.25,11.0,1.0,11.75],"texture":"#o6"},"west":{"uv":[0.25,11.0,1.0,11.75],"texture":"#o6"},"up":{"uv":[0.25,11.0,1.0,11.75],"texture":"#o6"},"down":{"uv":[0.25,11.0,1.0,11.75],"texture":"#o6"}}},{"from":[-2.28327,4.81014,7.1],"to":[-1.98327,5.34014,9.0],"rotation":{"angle":45.0,"axis":"z","origin":[-2.61327,5.57514,8.1]},"faces":{"north":{"uv":[0.25,11.0,1.0,11.75],"texture":"#o6"},"south":{"uv":[0.25,11.0,1.0,11.75],"texture":"#o6"},"east":{"uv":[0.25,11.0,1.0,11.75],"texture":"#o6"},"west":{"uv":[0.25,11.0,1.0,11.75],"texture":"#o6"},"up":{"uv":[0.25,11.0,1.0,11.75],"texture":"#o6"},"down":{"uv":[0.25,11.0,1.0,11.75],"texture":"#o6"}}},{"from":[-2.49327,6.71014,7.1],"to":[-1.89327,7.84014,9.0],"rotation":{"angle":45.0,"axis":"z","origin":[-2.61327,5.57514,8.1]},"faces":{"north":{"uv":[0.25,11.0,1.0,11.75],"texture":"#o6"},"south":{"uv":[0.25,11.0,1.0,11.75],"texture":"#o6"},"west":{"uv":[0.25,11.0,1.0,11.75],"texture":"#o6"}}},{"from":[-12.87,4.62317,7.1],"to":[-11.78193,7.25,9.0],"rotation":{"angle":0.0,"axis":"z","origin":[0.0,-2.2,7.1]},"faces":{"north":{"uv":[0.25,11.0,1.0,11.75],"texture":"#o6"},"south":{"uv":[0.25,11.0,1.0,11.75],"texture":"#o6"},"west":{"uv":[0.25,11.0,1.0,11.75],"texture":"#o6"},"down":{"uv":[0.25,11.0,1.0,11.75],"texture":"#o6"}}},{"from":[-9.11587,8.78,7.1],"to":[-2.24,11.62326,9.0],"rotation":{"angle":22.5,"axis":"z","origin":[0.0,0.0,7.1]},"faces":{"north":{"uv":[0.25,11.0,1.0,11.75],"texture":"#o6"},"south":{"uv":[0.25,11.0,1.0,11.75],"texture":"#o6"},"down":{"uv":[0.25,11.0,1.0,11.75],"texture":"#o6"}}},{"from":[10.74768,10.453,7.7977],"to":[15.33205,10.653,8.2977],"rotation":{"angle":0.0,"axis":"y","origin":[-6.0,0.0,0.0]},"faces":{"north":{"uv":[12.1,0.1,12.9,0.9],"texture":"#o6"},"south":{"uv":[12.1,0.1,12.9,0.9],"texture":"#o6"},"east":{"uv":[12.1,0.1,12.9,0.9],"texture":"#o6"},"west":{"uv":[12.1,0.1,12.9,0.9],"texture":"#o6"},"up":{"uv":[12.1,0.1,12.9,0.9],"texture":"#o6"},"down":{"uv":[12.1,0.1,12.9,0.9],"texture":"#o6"}}},{"from":[7.34768,10.353,7.7977],"to":[15.33205,10.453,8.2977],"rotation":{"angle":0.0,"axis":"y","origin":[-6.0,0.0,0.0]},"faces":{"north":{"uv":[12.1,0.1,12.9,0.9],"texture":"#o6"},"south":{"uv":[12.1,0.1,12.9,0.9],"texture":"#o6"},"east":{"uv":[12.1,0.1,12.9,0.9],"texture":"#o6"},"west":{"uv":[12.1,0.1,12.9,0.9],"texture":"#o6"},"up":{"uv":[12.1,0.1,12.9,0.9],"texture":"#o6"},"down":{"uv":[12.1,0.1,12.9,0.9],"texture":"#o6"}}},{"from":[7.34768,10.453,7.7977],"to":[10.50979,10.653,8.2977],"rotation":{"angle":0.0,"axis":"y","origin":[-6.0,0.0,0.0]},"faces":{"north":{"uv":[12.1,0.1,12.9,0.9],"texture":"#o6"},"south":{"uv":[12.1,0.1,12.9,0.9],"texture":"#o6"},"east":{"uv":[12.1,0.1,12.9,0.9],"texture":"#o6"},"west":{"uv":[12.1,0.1,12.9,0.9],"texture":"#o6"},"up":{"uv":[12.1,0.1,12.9,0.9],"texture":"#o6"},"down":{"uv":[12.1,0.1,12.9,0.9],"texture":"#o6"}}},{"from":[6.44834,9.74797,7.7977],"to":[7.22408,11.68939,8.2977],"rotation":{"angle":45.0,"axis":"z","origin":[6.84834,10.84797,8.0477]},"faces":{"north":{"uv":[12.1,0.1,12.9,0.9],"texture":"#o6"},"south":{"uv":[12.1,0.1,12.9,0.9],"texture":"#o6"},"east":{"uv":[12.1,0.1,12.9,0.9],"texture":"#o6"},"west":{"uv":[12.1,0.1,12.9,0.9],"texture":"#o6"},"up":{"uv":[12.1,0.1,12.9,0.9],"texture":"#o6"},"down":{"uv":[12.1,0.1,12.9,0.9],"texture":"#o6"}}},{"from":[6.41906,11.67726,7.7977],"to":[6.7948,12.01867,8.2977],"rotation":{"angle":45.0,"axis":"z","origin":[6.81906,10.87726,8.0477]},"faces":{"north":{"uv":[12.1,0.1,12.9,0.9],"texture":"#o6"},"south":{"uv":[12.1,0.1,12.9,0.9],"texture":"#o6"},"east":{"uv":[12.1,0.1,12.9,0.9],"texture":"#o6"},"west":{"uv":[12.1,0.1,12.9,0.9],"texture":"#o6"},"up":{"uv":[12.1,0.1,12.9,0.9],"texture":"#o6"},"down":{"uv":[12.1,0.1,12.9,0.9],"texture":"#o6"}}},{"from":[-1.64663,11.34295,7.7977],"to":[6.51906,11.70863,8.2977],"rotation":{"angle":0.0,"axis":"y","origin":[-6.0,0.0,0.0]},"faces":{"north":{"uv":[12.1,0.1,12.9,0.9],"texture":"#o6"},"south":{"uv":[12.1,0.1,12.9,0.9],"texture":"#o6"},"east":{"uv":[12.1,0.1,12.9,0.9],"texture":"#o6"},"west":{"uv":[12.1,0.1,12.9,0.9],"texture":"#o6"},"up":{"uv":[12.1,0.1,12.9,0.9],"texture":"#o6"},"down":{"uv":[12.1,0.1,12.9,0.9],"texture":"#o6"}}},{"from":[4.55695,11.70863,7.7977],"to":[6.51906,11.90863,8.2977],"rotation":{"angle":0.0,"axis":"y","origin":[-6.0,0.0,0.0]},"faces":{"north":{"uv":[12.1,0.1,12.9,0.9],"texture":"#o6"},"south":{"uv":[12.1,0.1,12.9,0.9],"texture":"#o6"},"east":{"uv":[12.1,0.1,12.9,0.9],"texture":"#o6"},"west":{"uv":[12.1,0.1,12.9,0.9],"texture":"#o6"},"up":{"uv":[12.1,0.1,12.9,0.9],"texture":"#o6"},"down":{"uv":[12.1,0.1,12.9,0.9],"texture":"#o6"}}},{"from":[2.34132,11.70863,7.7977],"to":[4.35389,11.90863,8.2977],"rotation":{"angle":0.0,"axis":"y","origin":[-6.0,0.0,0.0]},"faces":{"north":{"uv":[12.1,0.1,12.9,0.9],"texture":"#o6"},"south":{"uv":[12.1,0.1,12.9,0.9],"texture":"#o6"},"east":{"uv":[12.1,0.1,12.9,0.9],"texture":"#o6"},"west":{"uv":[12.1,0.1,12.9,0.9],"texture":"#o6"},"up":{"uv":[12.1,0.1,12.9,0.9],"texture":"#o6"},"down":{"uv":[12.1,0.1,12.9,0.9],"texture":"#o6"}}},{"from":[-0.15868,11.70863,7.7977],"to":[2.15389,11.90863,8.2977],"rotation":{"angle":0.0,"axis":"y","origin":[-6.0,0.0,0.0]},"faces":{"north":{"uv":[12.1,0.1,12.9,0.9],"texture":"#o6"},"south":{"uv":[12.1,0.1,12.9,0.9],"texture":"#o6"},"east":{"uv":[12.1,0.1,12.9,0.9],"texture":"#o6"},"west":{"uv":[12.1,0.1,12.9,0.9],"texture":"#o6"},"up":{"uv":[12.1,0.1,12.9,0.9],"texture":"#o6"},"down":{"uv":[12.1,0.1,12.9,0.9],"texture":"#o6"}}},{"from":[-0.58381,11.70863,7.7977],"to":[-0.37124,11.90863,8.2977],"rotation":{"angle":0.0,"axis":"y","origin":[-6.0,0.0,0.0]},"faces":{"north":{"uv":[12.1,0.1,12.9,0.9],"texture":"#o6"},"south":{"uv":[12.1,0.1,12.9,0.9],"texture":"#o6"},"east":{"uv":[12.1,0.1,12.9,0.9],"texture":"#o6"},"west":{"uv":[12.1,0.1,12.9,0.9],"texture":"#o6"},"up":{"uv":[12.1,0.1,12.9,0.9],"texture":"#o6"}}},{"from":[-1.00894,11.70863,7.7977],"to":[-0.79637,11.90863,8.2977],"rotation":{"angle":0.0,"axis":"y","origin":[-6.0,0.0,0.0]},"faces":{"north":{"uv":[12.1,0.1,12.9,0.9],"texture":"#o6"},"south":{"uv":[12.1,0.1,12.9,0.9],"texture":"#o6"},"east":{"uv":[12.1,0.1,12.9,0.9],"texture":"#o6"},"west":{"uv":[12.1,0.1,12.9,0.9],"texture":"#o6"},"up":{"uv":[12.1,0.1,12.9,0.9],"texture":"#o6"}}},{"from":[-1.43407,11.70863,7.7977],"to":[-1.2215,11.90863,8.2977],"rotation":{"angle":0.0,"axis":"y","origin":[-6.0,0.0,0.0]},"faces":{"north":{"uv":[12.1,0.1,12.9,0.9],"texture":"#o6"},"south":{"uv":[12.1,0.1,12.9,0.9],"texture":"#o6"},"east":{"uv":[12.1,0.1,12.9,0.9],"texture":"#o6"},"west":{"uv":[12.1,0.1,12.9,0.9],"texture":"#o6"},"up":{"uv":[12.1,0.1,12.9,0.9],"texture":"#o6"}}},{"from":[-2.81232,11.34295,7.7977],"to":[-1.64663,11.90863,8.2977],"rotation":{"angle":0.0,"axis":"y","origin":[-6.0,0.0,0.0]},"faces":{"north":{"uv":[12.1,0.1,12.9,0.9],"texture":"#o6"},"south":{"uv":[12.1,0.1,12.9,0.9],"texture":"#o6"},"east":{"uv":[12.1,0.1,12.9,0.9],"texture":"#o6"},"west":{"uv":[12.1,0.1,12.9,0.9],"texture":"#o6"},"up":{"uv":[12.1,0.1,12.9,0.9],"texture":"#o6"},"down":{"uv":[12.1,0.1,12.9,0.9],"texture":"#o6"}}},{"from":[-4.43854,10.44797,7.7977],"to":[-2.20729,11.24797,8.2977],"rotation":{"angle":45.0,"axis":"z","origin":[-3.30729,10.84797,8.0477]},"faces":{"north":{"uv":[12.1,0.1,12.9,0.9],"texture":"#o6"},"south":{"uv":[12.1,0.1,12.9,0.9],"texture":"#o6"},"east":{"uv":[12.1,0.1,12.9,0.9],"texture":"#o6"},"west":{"uv":[12.1,0.1,12.9,0.9],"texture":"#o6"},"up":{"uv":[12.1,0.1,12.9,0.9],"texture":"#o6"},"down":{"uv":[12.1,0.1,12.9,0.9],"texture":"#o6"}}},{"from":[-3.24663,10.34295,7.7977],"to":[-2.24663,11.34295,8.2977],"rotation":{"angle":0.0,"axis":"y","origin":[-6.0,0.0,0.0]},"faces":{"north":{"uv":[12.1,0.1,12.9,0.9],"texture":"#o6"},"south":{"uv":[12.1,0.1,12.9,0.9],"texture":"#o6"},"east":{"uv":[12.1,0.1,12.9,0.9],"texture":"#o6"},"west":{"uv":[12.1,0.1,12.9,0.9],"texture":"#o6"},"up":{"uv":[12.1,0.1,12.9,0.9],"texture":"#o6"},"down":{"uv":[12.1,0.1,12.9,0.9],"texture":"#o6"}}},{"from":[15.3,7.19147,7.46],"to":[17.42,7.68853,7.56],"rotation":{"angle":45.0,"axis":"x","origin":[15.8,7.44,8.06]},"faces":{"north":{"uv":[2.25,13.75,3.0,14.5],"texture":"#o6"},"south":{"uv":[2.25,13.75,3.0,14.5],"texture":"#o6"},"east":{"uv":[2.25,13.75,3.0,14.5],"texture":"#o6"},"west":{"uv":[2.25,13.75,3.0,14.5],"texture":"#o6"},"up":{"uv":[2.25,13.75,3.0,14.5],"texture":"#o6"},"down":{"uv":[2.25,13.75,3.0,14.5],"texture":"#o6"}}},{"from":[15.3,7.19147,7.46],"to":[17.42,7.68853,7.56],"rotation":{"angle":0.0,"axis":"x","origin":[15.8,7.44,8.06]},"faces":{"north":{"uv":[2.25,13.75,3.0,14.5],"texture":"#o6"},"south":{"uv":[2.25,13.75,3.0,14.5],"texture":"#o6"},"east":{"uv":[2.25,13.75,3.0,14.5],"texture":"#o6"},"west":{"uv":[2.25,13.75,3.0,14.5],"texture":"#o6"},"up":{"uv":[2.25,13.75,3.0,14.5],"texture":"#o6"},"down":{"uv":[2.25,13.75,3.0,14.5],"texture":"#o6"}}},{"from":[15.3,7.19147,8.56],"to":[17.42,7.68853,8.66],"rotation":{"angle":45.0,"axis":"x","origin":[15.8,7.44,8.06]},"faces":{"north":{"uv":[2.25,13.75,3.0,14.5],"texture":"#o6"},"south":{"uv":[2.25,13.75,3.0,14.5],"texture":"#o6"},"east":{"uv":[2.25,13.75,3.0,14.5],"texture":"#o6"},"west":{"uv":[2.25,13.75,3.0,14.5],"texture":"#o6"},"up":{"uv":[2.25,13.75,3.0,14.5],"texture":"#o6"},"down":{"uv":[2.25,13.75,3.0,14.5],"texture":"#o6"}}},{"from":[15.3,7.19147,8.56],"to":[17.42,7.68853,8.66],"rotation":{"angle":0.0,"axis":"x","origin":[15.8,7.44,8.06]},"faces":{"north":{"uv":[2.25,13.75,3.0,14.5],"texture":"#o6"},"south":{"uv":[2.25,13.75,3.0,14.5],"texture":"#o6"},"east":{"uv":[2.25,13.75,3.0,14.5],"texture":"#o6"},"west":{"uv":[2.25,13.75,3.0,14.5],"texture":"#o6"},"up":{"uv":[2.25,13.75,3.0,14.5],"texture":"#o6"},"down":{"uv":[2.25,13.75,3.0,14.5],"texture":"#o6"}}},{"from":[15.3,6.84,7.81147],"to":[17.42,6.94,8.30853],"rotation":{"angle":45.0,"axis":"x","origin":[15.8,7.44,8.06]},"faces":{"north":{"uv":[2.25,13.75,3.0,14.5],"texture":"#o6"},"south":{"uv":[2.25,13.75,3.0,14.5],"texture":"#o6"},"east":{"uv":[2.25,13.75,3.0,14.5],"texture":"#o6"},"west":{"uv":[2.25,13.75,3.0,14.5],"texture":"#o6"},"up":{"uv":[2.25,13.75,3.0,14.5],"texture":"#o6"},"down":{"uv":[2.25,13.75,3.0,14.5],"texture":"#o6"}}},{"from":[15.3,6.84,7.81147],"to":[17.42,6.94,8.30853],"rotation":{"angle":0.0,"axis":"x","origin":[15.8,7.44,8.06]},"faces":{"north":{"uv":[2.25,13.75,3.0,14.5],"texture":"#o6"},"south":{"uv":[2.25,13.75,3.0,14.5],"texture":"#o6"},"east":{"uv":[2.25,13.75,3.0,14.5],"texture":"#o6"},"west":{"uv":[2.25,13.75,3.0,14.5],"texture":"#o6"},"up":{"uv":[2.25,13.75,3.0,14.5],"texture":"#o6"},"down":{"uv":[2.25,13.75,3.0,14.5],"texture":"#o6"}}},{"from":[15.3,7.94,7.81147],"to":[17.42,8.04,8.30853],"rotation":{"angle":45.0,"axis":"x","origin":[15.8,7.44,8.06]},"faces":{"north":{"uv":[2.25,13.75,3.0,14.5],"texture":"#o6"},"south":{"uv":[2.25,13.75,3.0,14.5],"texture":"#o6"},"east":{"uv":[2.25,13.75,3.0,14.5],"texture":"#o6"},"west":{"uv":[2.25,13.75,3.0,14.5],"texture":"#o6"},"up":{"uv":[2.25,13.75,3.0,14.5],"texture":"#o6"},"down":{"uv":[2.25,13.75,3.0,14.5],"texture":"#o6"}}},{"from":[15.3,7.94,7.81147],"to":[17.42,8.04,8.30853],"rotation":{"angle":0.0,"axis":"x","origin":[15.8,7.44,8.06]},"faces":{"north":{"uv":[2.25,13.75,3.0,14.5],"texture":"#o6"},"south":{"uv":[2.25,13.75,3.0,14.5],"texture":"#o6"},"east":{"uv":[2.25,13.75,3.0,14.5],"texture":"#o6"},"west":{"uv":[2.25,13.75,3.0,14.5],"texture":"#o6"},"up":{"uv":[2.25,13.75,3.0,14.5],"texture":"#o6"},"down":{"uv":[2.25,13.75,3.0,14.5],"texture":"#o6"}}},{"from":[13.87145,6.40649,7.51156],"to":[14.61065,6.55433,8.49298],"rotation":{"angle":0.0,"axis":"y","origin":[12.46697,-1.88454,7.31454]},"faces":{"north":{"uv":[12.1,0.1,12.9,0.9],"texture":"#o6"},"south":{"uv":[12.1,0.1,12.9,0.9],"texture":"#o6"},"east":{"uv":[12.1,0.1,12.9,0.9],"texture":"#o6"},"west":{"uv":[12.1,0.1,12.9,0.9],"texture":"#o6"},"up":{"uv":[12.1,0.1,12.9,0.9],"texture":"#o6"},"down":{"uv":[12.1,0.1,12.9,0.9],"texture":"#o6"}}},{"from":[6.47945,6.55433,7.51156],"to":[14.61065,6.85001,8.49298],"rotation":{"angle":0.0,"axis":"y","origin":[12.46697,-1.88454,7.31454]},"faces":{"north":{"uv":[12.1,0.1,12.9,0.9],"texture":"#o6"},"south":{"uv":[12.1,0.1,12.9,0.9],"texture":"#o6"},"east":{"uv":[12.1,0.1,12.9,0.9],"texture":"#o6"},"west":{"uv":[12.1,0.1,12.9,0.9],"texture":"#o6"},"up":{"uv":[12.1,0.1,12.9,0.9],"texture":"#o6"},"down":{"uv":[12.1,0.1,12.9,0.9],"texture":"#o6"}}},{"from":[12.39305,6.40649,7.51156],"to":[13.13225,6.55433,8.49298],"rotation":{"angle":0.0,"axis":"y","origin":[12.46697,-1.88454,7.31454]},"faces":{"north":{"uv":[12.1,0.1,12.9,0.9],"texture":"#o6"},"south":{"uv":[12.1,0.1,12.9,0.9],"texture":"#o6"},"east":{"uv":[12.1,0.1,12.9,0.9],"texture":"#o6"},"west":{"uv":[12.1,0.1,12.9,0.9],"texture":"#o6"},"up":{"uv":[12.1,0.1,12.9,0.9],"texture":"#o6"},"down":{"uv":[12.1,0.1,12.9,0.9],"texture":"#o6"}}},{"from":[10.91465,6.40649,7.51156],"to":[11.65385,6.55433,8.49298],"rotation":{"angle":0.0,"axis":"y","origin":[12.46697,-1.88454,7.31454]},"faces":{"north":{"uv":[12.1,0.1,12.9,0.9],"texture":"#o6"},"south":{"uv":[12.1,0.1,12.9,0.9],"texture":"#o6"},"east":{"uv":[12.1,0.1,12.9,0.9],"texture":"#o6"},"west":{"uv":[12.1,0.1,12.9,0.9],"texture":"#o6"},"up":{"uv":[12.1,0.1,12.9,0.9],"texture":"#o6"},"down":{"uv":[12.1,0.1,12.9,0.9],"texture":"#o6"}}},{"from":[9.43625,6.40649,7.51156],"to":[10.17545,6.55433,8.49298],"rotation":{"angle":0.0,"axis":"y","origin":[12.46697,-1.88454,7.31454]},"faces":{"north":{"uv":[12.1,0.1,12.9,0.9],"texture":"#o6"},"south":{"uv":[12.1,0.1,12.9,0.9],"texture":"#o6"},"east":{"uv":[12.1,0.1,12.9,0.9],"texture":"#o6"},"west":{"uv":[12.1,0.1,12.9,0.9],"texture":"#o6"},"up":{"uv":[12.1,0.1,12.9,0.9],"texture":"#o6"},"down":{"uv":[12.1,0.1,12.9,0.9],"texture":"#o6"}}},{"from":[7.95785,6.40649,7.51156],"to":[8.69705,6.55433,8.49298],"rotation":{"angle":0.0,"axis":"y","origin":[12.46697,-1.88454,7.31454]},"faces":{"north":{"uv":[12.1,0.1,12.9,0.9],"texture":"#o6"},"south":{"uv":[12.1,0.1,12.9,0.9],"texture":"#o6"},"east":{"uv":[12.1,0.1,12.9,0.9],"texture":"#o6"},"west":{"uv":[12.1,0.1,12.9,0.9],"texture":"#o6"},"up":{"uv":[12.1,0.1,12.9,0.9],"texture":"#o6"},"down":{"uv":[12.1,0.1,12.9,0.9],"texture":"#o6"}}},{"from":[6.47945,6.40649,7.51156],"to":[7.21865,6.55433,8.49298],"rotation":{"angle":0.0,"axis":"y","origin":[12.46697,-1.88454,7.31454]},"faces":{"north":{"uv":[12.1,0.1,12.9,0.9],"texture":"#o6"},"south":{"uv":[12.1,0.1,12.9,0.9],"texture":"#o6"},"east":{"uv":[12.1,0.1,12.9,0.9],"texture":"#o6"},"west":{"uv":[12.1,0.1,12.9,0.9],"texture":"#o6"},"up":{"uv":[12.1,0.1,12.9,0.9],"texture":"#o6"},"down":{"uv":[12.1,0.1,12.9,0.9],"texture":"#o6"}}},{"from":[0.33,-0.25,7.3],"to":[3.33,7.25,8.8],"rotation":{"angle":0.0,"axis":"z","origin":[0.0,0.0,7.1]},"faces":{"north":{"uv":[12.25,4.0,15.25,11.5],"texture":"#o6"},"south":{"uv":[12.25,4.0,15.25,11.5],"texture":"#o6"},"east":{"uv":[2.25,14.75,2.9,15.35],"texture":"#o6"},"west":{"uv":[2.25,14.75,2.9,15.35],"texture":"#o6"},"down":{"uv":[2.25,14.75,2.9,15.35],"texture":"#o6"}}},{"from":[-16.0,-16.0,-15.99],"to":[32.0,32.0,-15.99],"faces":{"north":{"uv":[0.0,0.0,16.0,16.0],"texture":"#icon_background"}}},{"from":[-16.0,-16.0,-16.0],"to":[32.0,32.0,-16.0],"faces":{"north":{"uv":[0.0,0.0,16.0,16.0],"texture":"#icon"}}}],"display":{"firstperson_lefthand":{"rotation":[0.0,0.0,0.0],"translation":[0.0,0.0,0.0],"scale":[0.0,0.0,0.0]},"firstperson_righthand":{"rotation":[0.0,90.0,0.0],"translation":[-0.25,11.85,-4.0],"scale":[1.0,1.0,1.0]},"thirdperson_lefthand":{"rotation":[0.0,0.0,0.0],"translation":[0.0,0.0,0.0],"scale":[0.0,0.0,0.0]},"thirdperson_righthand":{"rotation":[0.0,0.0,0.0],"translation":[0.0,0.0,0.0],"scale":[0.0,0.0,0.0]},"ground":{"rotation":[-90.0,0.0,0.0],"scale":[0.8,0.8,0.8]},"gui":{"rotation":[0.0,-180.0,0.0],"translation":[0.0,0.0,0.0],"scale":[0.333,0.333,0.333]},"fixed":{"rotation":[0.0,0.0,45.0],"translation":[-0.25,0.5,-0.25],"scale":[0.8,0.8,0.8]},"head":{"rotation":[90.0,0.0,0.0],"translation":[2.75,-41.75,0.0],"scale":[1.5,1.5,1.5]}},"gui_light":"front"}