{"textures":{"1":"gun/m1911/silver","2":"gun/m1911/black","3":"gun/m1911/brown","4":"gun/m1911/silver1","5":"gun/suppressor/suppressor","6":"gun/player_skin","7":"gun/player_skin_slim","particle":"gun/suppressor/suppressor","icon":"gun/m1911/icon","icon_background":"gun/icon_background"},"elements":[{"from":[7.9857,7.29368,2.6],"to":[8.1857,7.79368,15.62],"rotation":{"angle":-45.0,"axis":"z","origin":[8.1357,8.04778,8.62]},"faces":{"north":{"uv":[0.0,0.0,1.0,1.0],"texture":"#1"},"south":{"uv":[0.0,0.0,1.0,1.0],"texture":"#1"},"east":{"uv":[0.0,0.0,1.0,1.0],"texture":"#1"},"west":{"uv":[0.0,0.0,1.0,1.0],"texture":"#1"},"up":{"uv":[0.0,0.0,1.0,1.0],"texture":"#1"},"down":{"uv":[0.0,0.0,1.0,1.0],"texture":"#1"}}},{"from":[7.90447,7.13829,2.62],"to":[8.10447,7.63829,12.71],"rotation":{"angle":-45.0,"axis":"z","origin":[8.05447,7.89239,5.71]},"faces":{"north":{"uv":[0.0,0.0,1.0,1.0],"texture":"#1"},"south":{"uv":[0.0,0.0,1.0,1.0],"texture":"#1"},"east":{"uv":[0.0,0.0,1.0,1.0],"texture":"#1"},"west":{"uv":[0.0,0.0,1.0,1.0],"texture":"#1"},"up":{"uv":[0.0,0.0,1.0,1.0],"texture":"#1"},"down":{"uv":[0.0,0.0,1.0,1.0],"texture":"#1"}}},{"from":[7.91499,7.36439,2.6],"to":[8.11499,7.86439,15.62],"rotation":{"angle":-22.5,"axis":"z","origin":[8.06499,8.11849,8.62]},"faces":{"north":{"uv":[0.0,0.0,1.0,1.0],"texture":"#1"},"south":{"uv":[0.0,0.0,1.0,1.0],"texture":"#1"},"east":{"uv":[0.0,0.0,1.0,1.0],"texture":"#1"},"west":{"uv":[0.0,0.0,1.0,1.0],"texture":"#1"},"up":{"uv":[0.0,0.0,1.0,1.0],"texture":"#1"},"down":{"uv":[0.0,0.0,1.0,1.0],"texture":"#1"}}},{"from":[7.83375,7.209,2.6],"to":[8.03375,7.709,12.71],"rotation":{"angle":-22.5,"axis":"z","origin":[7.98375,7.9631,5.71]},"faces":{"north":{"uv":[0.0,0.0,1.0,1.0],"texture":"#1"},"south":{"uv":[0.0,0.0,1.0,1.0],"texture":"#1"},"east":{"uv":[0.0,0.0,1.0,1.0],"texture":"#1"},"west":{"uv":[0.0,0.0,1.0,1.0],"texture":"#1"},"up":{"uv":[0.0,0.0,1.0,1.0],"texture":"#1"},"down":{"uv":[0.0,0.0,1.0,1.0],"texture":"#1"}}},{"from":[7.80137,9.42363,1.8009],"to":[8.20137,9.65363,2.1991],"rotation":{"angle":22.5,"axis":"x","origin":[8.00137,9.55363,2.0]},"faces":{"north":{"uv":[0.0,0.0,1.0,1.0],"rotation":180,"texture":"#1"},"south":{"uv":[0.0,0.0,1.0,1.0],"texture":"#1"},"east":{"uv":[0.0,0.0,1.0,1.0],"rotation":90,"texture":"#1"},"west":{"uv":[0.0,0.0,1.0,1.0],"rotation":270,"texture":"#1"},"up":{"uv":[0.0,0.0,1.0,1.0],"texture":"#1"},"down":{"uv":[0.0,0.0,1.0,1.0],"rotation":180,"texture":"#1"}}},{"from":[7.80137,9.50221,1.45612],"to":[8.20137,9.72221,1.85432],"rotation":{"angle":0.0,"axis":"y","origin":[8.00137,9.62221,1.65522]},"faces":{"north":{"uv":[0.0,0.0,1.0,1.0],"rotation":180,"texture":"#1"},"south":{"uv":[0.0,0.0,1.0,1.0],"texture":"#1"},"east":{"uv":[0.0,0.0,1.0,1.0],"rotation":90,"texture":"#1"},"west":{"uv":[0.0,0.0,1.0,1.0],"rotation":270,"texture":"#1"},"up":{"uv":[0.0,0.0,1.0,1.0],"texture":"#1"},"down":{"uv":[0.0,0.0,1.0,1.0],"rotation":180,"texture":"#1"}}},{"from":[7.85137,9.43363,1.8009],"to":[8.15137,9.56363,2.1991],"rotation":{"angle":45.0,"axis":"x","origin":[8.00137,9.46363,2.0]},"faces":{"north":{"uv":[0.0,0.0,1.0,1.0],"rotation":180,"texture":"#1"},"south":{"uv":[0.0,0.0,1.0,1.0],"texture":"#1"},"east":{"uv":[0.0,0.0,1.0,1.0],"rotation":90,"texture":"#1"},"west":{"uv":[0.0,0.0,1.0,1.0],"rotation":270,"texture":"#1"},"up":{"uv":[0.0,0.0,1.0,1.0],"texture":"#1"},"down":{"uv":[0.0,0.0,1.0,1.0],"rotation":180,"texture":"#1"}}},{"from":[7.80137,8.37363,1.8309],"to":[8.20137,9.65363,2.3891],"rotation":{"angle":-22.5,"axis":"x","origin":[8.00137,9.55363,2.19]},"faces":{"north":{"uv":[0.0,0.0,1.0,1.0],"rotation":180,"texture":"#1"},"south":{"uv":[0.0,0.0,1.0,1.0],"texture":"#1"},"east":{"uv":[0.0,0.0,1.0,1.0],"rotation":90,"texture":"#1"},"west":{"uv":[0.0,0.0,1.0,1.0],"rotation":270,"texture":"#1"},"up":{"uv":[0.0,0.0,1.0,1.0],"texture":"#1"},"down":{"uv":[0.0,0.0,1.0,1.0],"rotation":180,"texture":"#1"}}},{"from":[7.8226,7.40266,2.6],"to":[8.1826,7.84086,15.62],"rotation":{"angle":0.0,"axis":"y","origin":[8.3726,7.29676,8.62]},"faces":{"north":{"uv":[0.0,0.0,1.0,1.0],"texture":"#1"},"south":{"uv":[0.0,0.0,1.0,1.0],"texture":"#1"},"east":{"uv":[0.0,0.0,1.0,1.0],"texture":"#1"},"west":{"uv":[0.0,0.0,1.0,1.0],"texture":"#1"},"up":{"uv":[0.0,0.0,1.0,1.0],"texture":"#1"},"down":{"uv":[0.0,0.0,1.0,1.0],"texture":"#1"}}},{"from":[7.74137,7.24727,2.62],"to":[8.25137,7.68547,12.71],"rotation":{"angle":0.0,"axis":"y","origin":[8.29137,7.14137,5.71]},"faces":{"north":{"uv":[0.0,0.0,1.0,1.0],"texture":"#1"},"south":{"uv":[0.0,0.0,1.0,1.0],"texture":"#1"},"east":{"uv":[0.0,0.0,1.0,1.0],"texture":"#1"},"west":{"uv":[0.0,0.0,1.0,1.0],"texture":"#1"},"up":{"uv":[0.0,0.0,1.0,1.0],"texture":"#1"},"down":{"uv":[0.0,0.0,1.0,1.0],"texture":"#1"}}},{"from":[7.74137,5.28727,8.46],"to":[8.25137,6.46547,9.71],"rotation":{"angle":-45.0,"axis":"x","origin":[8.29137,6.47137,7.1]},"faces":{"north":{"uv":[0.0,0.0,1.0,1.0],"texture":"#1"},"south":{"uv":[0.0,0.0,1.0,1.0],"texture":"#1"},"east":{"uv":[0.0,0.0,1.0,1.0],"texture":"#1"},"west":{"uv":[0.0,0.0,1.0,1.0],"texture":"#1"},"up":{"uv":[0.0,0.0,1.0,1.0],"texture":"#1"},"down":{"uv":[0.0,0.0,1.0,1.0],"texture":"#1"}}},{"from":[7.92137,5.26727,6.46],"to":[8.12137,6.44547,7.71],"rotation":{"angle":-45.0,"axis":"x","origin":[8.29137,6.45137,5.1]},"faces":{"north":{"uv":[0.0,0.0,1.0,1.0],"texture":"#1"},"south":{"uv":[0.0,0.0,1.0,1.0],"texture":"#1"},"east":{"uv":[0.0,0.0,1.0,1.0],"texture":"#1"},"west":{"uv":[0.0,0.0,1.0,1.0],"texture":"#1"},"up":{"uv":[0.0,0.0,1.0,1.0],"texture":"#1"},"down":{"uv":[0.0,0.0,1.0,1.0],"texture":"#1"}}},{"from":[7.92137,3.29727,7.05],"to":[8.12137,4.20547,7.42],"rotation":{"angle":-45.0,"axis":"x","origin":[8.29137,4.48137,4.73]},"faces":{"north":{"uv":[0.0,0.0,1.0,1.0],"texture":"#1"},"south":{"uv":[0.0,0.0,1.0,1.0],"texture":"#1"},"east":{"uv":[0.0,0.0,1.0,1.0],"texture":"#1"},"west":{"uv":[0.0,0.0,1.0,1.0],"texture":"#1"},"up":{"uv":[0.0,0.0,1.0,1.0],"texture":"#1"},"down":{"uv":[0.0,0.0,1.0,1.0],"texture":"#1"}}},{"from":[7.92137,4.60727,6.67],"to":[8.12137,5.51547,7.04],"rotation":{"angle":-22.5,"axis":"x","origin":[8.29137,5.79137,4.35]},"faces":{"north":{"uv":[0.0,0.0,1.0,1.0],"texture":"#1"},"south":{"uv":[0.0,0.0,1.0,1.0],"texture":"#1"},"east":{"uv":[0.0,0.0,1.0,1.0],"texture":"#1"},"west":{"uv":[0.0,0.0,1.0,1.0],"texture":"#1"},"up":{"uv":[0.0,0.0,1.0,1.0],"texture":"#1"},"down":{"uv":[0.0,0.0,1.0,1.0],"texture":"#1"}}},{"from":[7.92137,5.84727,6.73],"to":[8.12137,6.75547,7.1],"rotation":{"angle":0.0,"axis":"y","origin":[8.29137,7.03137,4.41]},"faces":{"north":{"uv":[0.0,0.0,1.0,1.0],"texture":"#1"},"south":{"uv":[0.0,0.0,1.0,1.0],"texture":"#1"},"east":{"uv":[0.0,0.0,1.0,1.0],"texture":"#1"},"west":{"uv":[0.0,0.0,1.0,1.0],"texture":"#1"},"up":{"uv":[0.0,0.0,1.0,1.0],"texture":"#1"},"down":{"uv":[0.0,0.0,1.0,1.0],"texture":"#1"}}},{"from":[7.92137,6.38137,5.1759],"to":[8.12137,7.63137,6.3541],"rotation":{"angle":22.5,"axis":"x","origin":[8.29137,5.02137,5.17]},"faces":{"north":{"uv":[0.0,0.0,1.0,1.0],"rotation":180,"texture":"#1"},"south":{"uv":[0.0,0.0,1.0,1.0],"texture":"#1"},"east":{"uv":[0.0,0.0,1.0,1.0],"rotation":90,"texture":"#1"},"west":{"uv":[0.0,0.0,1.0,1.0],"rotation":270,"texture":"#1"},"up":{"uv":[0.0,0.0,1.0,1.0],"texture":"#1"},"down":{"uv":[0.0,0.0,1.0,1.0],"rotation":180,"texture":"#1"}}},{"from":[7.74137,5.87137,8.7959],"to":[8.25137,6.88137,9.0641],"rotation":{"angle":0.0,"axis":"y","origin":[8.29137,4.27137,7.94]},"faces":{"north":{"uv":[0.0,0.0,1.0,1.0],"rotation":180,"texture":"#1"},"south":{"uv":[0.0,0.0,1.0,1.0],"texture":"#1"},"east":{"uv":[0.0,0.0,1.0,1.0],"rotation":90,"texture":"#1"},"west":{"uv":[0.0,0.0,1.0,1.0],"rotation":270,"texture":"#1"},"up":{"uv":[0.0,0.0,1.0,1.0],"texture":"#1"},"down":{"uv":[0.0,0.0,1.0,1.0],"rotation":180,"texture":"#1"}}},{"from":[7.74137,5.27975,5.29166],"to":[8.25137,5.54795,8.46166],"rotation":{"angle":0.0,"axis":"y","origin":[8.29137,4.42385,10.06166]},"faces":{"north":{"uv":[0.0,0.0,1.0,1.0],"rotation":180,"texture":"#1"},"south":{"uv":[0.0,0.0,1.0,1.0],"rotation":180,"texture":"#1"},"east":{"uv":[0.0,0.0,1.0,1.0],"rotation":180,"texture":"#1"},"west":{"uv":[0.0,0.0,1.0,1.0],"rotation":180,"texture":"#1"},"up":{"uv":[0.0,0.0,1.0,1.0],"texture":"#1"},"down":{"uv":[0.0,0.0,1.0,1.0],"texture":"#1"}}},{"from":[7.74137,4.72975,5.51166],"to":[8.25137,5.00795,6.62166],"rotation":{"angle":22.5,"axis":"x","origin":[8.29137,3.96385,8.22166]},"faces":{"north":{"uv":[0.0,0.0,1.0,1.0],"rotation":180,"texture":"#1"},"south":{"uv":[0.0,0.0,1.0,1.0],"rotation":180,"texture":"#1"},"east":{"uv":[0.0,0.0,1.0,1.0],"rotation":180,"texture":"#1"},"west":{"uv":[0.0,0.0,1.0,1.0],"rotation":180,"texture":"#1"},"up":{"uv":[0.0,0.0,1.0,1.0],"texture":"#1"},"down":{"uv":[0.0,0.0,1.0,1.0],"texture":"#1"}}},{"from":[7.74137,4.72975,5.09166],"to":[8.25137,5.00795,6.20166],"rotation":{"angle":22.5,"axis":"x","origin":[8.29137,3.96385,7.80166]},"faces":{"north":{"uv":[0.0,0.0,1.0,1.0],"rotation":180,"texture":"#1"},"south":{"uv":[0.0,0.0,1.0,1.0],"rotation":180,"texture":"#1"},"east":{"uv":[0.0,0.0,1.0,1.0],"rotation":180,"texture":"#1"},"west":{"uv":[0.0,0.0,1.0,1.0],"rotation":180,"texture":"#1"},"up":{"uv":[0.0,0.0,1.0,1.0],"texture":"#1"},"down":{"uv":[0.0,0.0,1.0,1.0],"texture":"#1"}}},{"from":[7.74137,4.52975,4.42166],"to":[8.25137,4.81795,5.64166],"rotation":{"angle":45.0,"axis":"x","origin":[8.29137,3.77385,7.24166]},"faces":{"north":{"uv":[0.0,0.0,1.0,1.0],"rotation":180,"texture":"#1"},"south":{"uv":[0.0,0.0,1.0,1.0],"rotation":180,"texture":"#1"},"east":{"uv":[0.0,0.0,1.0,1.0],"rotation":180,"texture":"#1"},"west":{"uv":[0.0,0.0,1.0,1.0],"rotation":180,"texture":"#1"},"up":{"uv":[0.0,0.0,1.0,1.0],"texture":"#1"},"down":{"uv":[0.0,0.0,1.0,1.0],"texture":"#1"}}},{"from":[7.74137,5.42385,7.02756],"to":[8.25137,6.64385,7.31576],"rotation":{"angle":-22.5,"axis":"x","origin":[8.29137,3.82385,6.27166]},"faces":{"north":{"uv":[0.0,0.0,1.0,1.0],"rotation":180,"texture":"#1"},"south":{"uv":[0.0,0.0,1.0,1.0],"texture":"#1"},"east":{"uv":[0.0,0.0,1.0,1.0],"rotation":90,"texture":"#1"},"west":{"uv":[0.0,0.0,1.0,1.0],"rotation":270,"texture":"#1"},"up":{"uv":[0.0,0.0,1.0,1.0],"texture":"#1"},"down":{"uv":[0.0,0.0,1.0,1.0],"rotation":180,"texture":"#1"}}},{"from":[7.74137,6.01385,6.07756],"to":[8.25137,7.23385,6.36576],"rotation":{"angle":0.0,"axis":"y","origin":[8.29137,4.41385,5.32166]},"faces":{"north":{"uv":[0.0,0.0,1.0,1.0],"rotation":180,"texture":"#1"},"south":{"uv":[0.0,0.0,1.0,1.0],"texture":"#1"},"east":{"uv":[0.0,0.0,1.0,1.0],"rotation":90,"texture":"#1"},"west":{"uv":[0.0,0.0,1.0,1.0],"rotation":270,"texture":"#1"},"up":{"uv":[0.0,0.0,1.0,1.0],"texture":"#1"},"down":{"uv":[0.0,0.0,1.0,1.0],"rotation":180,"texture":"#1"}}},{"from":[7.74137,6.73385,5.40756],"to":[8.25137,7.95385,5.69576],"rotation":{"angle":22.5,"axis":"x","origin":[8.29137,5.13385,4.65166]},"faces":{"north":{"uv":[0.0,0.0,1.0,1.0],"rotation":180,"texture":"#1"},"south":{"uv":[0.0,0.0,1.0,1.0],"texture":"#1"},"east":{"uv":[0.0,0.0,1.0,1.0],"rotation":90,"texture":"#1"},"west":{"uv":[0.0,0.0,1.0,1.0],"rotation":270,"texture":"#1"},"up":{"uv":[0.0,0.0,1.0,1.0],"texture":"#1"},"down":{"uv":[0.0,0.0,1.0,1.0],"rotation":180,"texture":"#1"}}},{"from":[7.74137,7.75385,5.08756],"to":[8.25137,8.97385,5.37576],"rotation":{"angle":45.0,"axis":"x","origin":[8.29137,6.15385,4.33166]},"faces":{"north":{"uv":[0.0,0.0,1.0,1.0],"rotation":180,"texture":"#1"},"south":{"uv":[0.0,0.0,1.0,1.0],"texture":"#1"},"east":{"uv":[0.0,0.0,1.0,1.0],"rotation":90,"texture":"#1"},"west":{"uv":[0.0,0.0,1.0,1.0],"rotation":270,"texture":"#1"},"up":{"uv":[0.0,0.0,1.0,1.0],"texture":"#1"},"down":{"uv":[0.0,0.0,1.0,1.0],"rotation":180,"texture":"#1"}}},{"from":[7.74137,6.16975,5.90166],"to":[8.25137,6.45795,7.12166],"rotation":{"angle":-22.5,"axis":"x","origin":[8.29137,7.21385,4.30166]},"faces":{"north":{"uv":[0.0,0.0,1.0,1.0],"texture":"#1"},"south":{"uv":[0.0,0.0,1.0,1.0],"texture":"#1"},"east":{"uv":[0.0,0.0,1.0,1.0],"texture":"#1"},"west":{"uv":[0.0,0.0,1.0,1.0],"texture":"#1"},"up":{"uv":[0.0,0.0,1.0,1.0],"texture":"#1"},"down":{"uv":[0.0,0.0,1.0,1.0],"texture":"#1"}}},{"from":[7.74137,6.16302,8.11993],"to":[8.25137,6.45302,8.38813],"rotation":{"angle":22.5,"axis":"x","origin":[8.29137,4.46302,7.26403]},"faces":{"north":{"uv":[0.0,0.0,1.0,1.0],"rotation":180,"texture":"#1"},"south":{"uv":[0.0,0.0,1.0,1.0],"texture":"#1"},"east":{"uv":[0.0,0.0,1.0,1.0],"rotation":90,"texture":"#1"},"west":{"uv":[0.0,0.0,1.0,1.0],"rotation":270,"texture":"#1"},"up":{"uv":[0.0,0.0,1.0,1.0],"texture":"#1"},"down":{"uv":[0.0,0.0,1.0,1.0],"rotation":180,"texture":"#1"}}},{"from":[7.74137,4.55127,8.15937],"to":[8.25137,4.81948,8.46937],"rotation":{"angle":-22.5,"axis":"x","origin":[8.29137,5.67537,6.47937]},"faces":{"north":{"uv":[0.0,0.0,1.0,1.0],"texture":"#1"},"south":{"uv":[0.0,0.0,1.0,1.0],"texture":"#1"},"east":{"uv":[0.0,0.0,1.0,1.0],"texture":"#1"},"west":{"uv":[0.0,0.0,1.0,1.0],"texture":"#1"},"up":{"uv":[0.0,0.0,1.0,1.0],"texture":"#1"},"down":{"uv":[0.0,0.0,1.0,1.0],"texture":"#1"}}},{"from":[7.74137,6.69116,7.60702],"to":[8.25137,6.98116,7.87522],"rotation":{"angle":45.0,"axis":"x","origin":[8.29137,4.99116,6.75112]},"faces":{"north":{"uv":[0.0,0.0,1.0,1.0],"rotation":180,"texture":"#1"},"south":{"uv":[0.0,0.0,1.0,1.0],"texture":"#1"},"east":{"uv":[0.0,0.0,1.0,1.0],"rotation":90,"texture":"#1"},"west":{"uv":[0.0,0.0,1.0,1.0],"rotation":270,"texture":"#1"},"up":{"uv":[0.0,0.0,1.0,1.0],"texture":"#1"},"down":{"uv":[0.0,0.0,1.0,1.0],"rotation":180,"texture":"#1"}}},{"from":[7.8774,7.40266,2.6],"to":[8.0774,7.90266,15.62],"rotation":{"angle":22.5,"axis":"z","origin":[8.0274,8.15676,8.62]},"faces":{"north":{"uv":[0.0,0.0,1.0,1.0],"texture":"#1"},"south":{"uv":[0.0,0.0,1.0,1.0],"texture":"#1"},"east":{"uv":[0.0,0.0,1.0,1.0],"texture":"#1"},"west":{"uv":[0.0,0.0,1.0,1.0],"texture":"#1"},"up":{"uv":[0.0,0.0,1.0,1.0],"texture":"#1"},"down":{"uv":[0.0,0.0,1.0,1.0],"texture":"#1"}}},{"from":[7.95137,7.24727,2.62],"to":[8.15137,7.74727,12.71],"rotation":{"angle":22.5,"axis":"z","origin":[8.10137,8.00137,5.71]},"faces":{"north":{"uv":[0.0,0.0,1.0,1.0],"texture":"#1"},"south":{"uv":[0.0,0.0,1.0,1.0],"texture":"#1"},"east":{"uv":[0.0,0.0,1.0,1.0],"texture":"#1"},"west":{"uv":[0.0,0.0,1.0,1.0],"texture":"#1"},"up":{"uv":[0.0,0.0,1.0,1.0],"texture":"#1"},"down":{"uv":[0.0,0.0,1.0,1.0],"texture":"#1"}}},{"from":[7.78501,7.36439,2.6],"to":[7.98501,7.86439,15.62],"rotation":{"angle":45.0,"axis":"z","origin":[7.93501,8.11849,8.62]},"faces":{"north":{"uv":[0.0,0.0,1.0,1.0],"texture":"#1"},"south":{"uv":[0.0,0.0,1.0,1.0],"texture":"#1"},"east":{"uv":[0.0,0.0,1.0,1.0],"texture":"#1"},"west":{"uv":[0.0,0.0,1.0,1.0],"texture":"#1"},"up":{"uv":[0.0,0.0,1.0,1.0],"texture":"#1"},"down":{"uv":[0.0,0.0,1.0,1.0],"texture":"#1"}}},{"from":[7.85898,7.209,2.62],"to":[8.05898,7.709,12.71],"rotation":{"angle":45.0,"axis":"z","origin":[8.00898,7.9631,5.71]},"faces":{"north":{"uv":[0.0,0.0,1.0,1.0],"texture":"#1"},"south":{"uv":[0.0,0.0,1.0,1.0],"texture":"#1"},"east":{"uv":[0.0,0.0,1.0,1.0],"texture":"#1"},"west":{"uv":[0.0,0.0,1.0,1.0],"texture":"#1"},"up":{"uv":[0.0,0.0,1.0,1.0],"texture":"#1"},"down":{"uv":[0.0,0.0,1.0,1.0],"texture":"#1"}}},{"from":[8.04165,7.51196,2.6],"to":[8.54165,7.71196,15.62],"rotation":{"angle":-22.5,"axis":"z","origin":[8.79575,7.66196,8.62]},"faces":{"north":{"uv":[0.0,0.0,1.0,1.0],"texture":"#1"},"south":{"uv":[0.0,0.0,1.0,1.0],"texture":"#1"},"east":{"uv":[0.0,0.0,1.0,1.0],"texture":"#1"},"west":{"uv":[0.0,0.0,1.0,1.0],"texture":"#1"},"up":{"uv":[0.0,0.0,1.0,1.0],"texture":"#1"},"down":{"uv":[0.0,0.0,1.0,1.0],"texture":"#1"}}},{"from":[8.11562,7.35657,2.6],"to":[8.61562,7.55657,12.71],"rotation":{"angle":-22.5,"axis":"z","origin":[8.86973,7.50657,8.62]},"faces":{"north":{"uv":[0.0,0.0,1.0,1.0],"texture":"#1"},"south":{"uv":[0.0,0.0,1.0,1.0],"texture":"#1"},"east":{"uv":[0.0,0.0,1.0,1.0],"texture":"#1"},"west":{"uv":[0.0,0.0,1.0,1.0],"texture":"#1"},"up":{"uv":[0.0,0.0,1.0,1.0],"texture":"#1"},"down":{"uv":[0.0,0.0,1.0,1.0],"texture":"#1"}}},{"from":[7.7459,7.88,2.6],"to":[7.8441,8.03,15.62],"rotation":{"angle":45.0,"axis":"z","origin":[7.01,8.16,8.62]},"faces":{"north":{"uv":[0.0,0.0,1.0,1.0],"texture":"#1"},"south":{"uv":[0.0,0.0,1.0,1.0],"texture":"#1"},"east":{"uv":[0.0,0.0,1.0,1.0],"texture":"#1"},"west":{"uv":[0.0,0.0,1.0,1.0],"texture":"#1"},"up":{"uv":[0.0,0.0,1.0,1.0],"texture":"#1"},"down":{"uv":[0.0,0.0,1.0,1.0],"texture":"#1"}}},{"from":[8.2659,7.9,2.6],"to":[8.5041,8.0,15.62],"rotation":{"angle":45.0,"axis":"z","origin":[7.58,8.16,8.62]},"faces":{"north":{"uv":[0.0,0.0,1.0,1.0],"texture":"#1"},"south":{"uv":[0.0,0.0,1.0,1.0],"texture":"#1"},"east":{"uv":[0.0,0.0,1.0,1.0],"texture":"#1"},"west":{"uv":[0.0,0.0,1.0,1.0],"texture":"#1"},"up":{"uv":[0.0,0.0,1.0,1.0],"texture":"#1"},"down":{"uv":[0.0,0.0,1.0,1.0],"texture":"#1"}}},{"from":[7.41987,7.80539,2.6],"to":[8.57807,8.54539,15.62],"rotation":{"angle":0.0,"axis":"y","origin":[6.89397,8.29539,8.62]},"faces":{"north":{"uv":[0.0,0.0,1.0,1.0],"texture":"#1"},"south":{"uv":[0.0,0.0,1.0,1.0],"texture":"#1"},"east":{"uv":[0.0,0.0,1.0,1.0],"texture":"#1"},"west":{"uv":[0.0,0.0,1.0,1.0],"texture":"#1"},"up":{"uv":[0.0,0.0,1.0,1.0],"texture":"#1"},"down":{"uv":[0.0,0.0,1.0,1.0],"texture":"#1"}}},{"from":[8.4859,8.68,2.6],"to":[8.7541,9.22,15.62],"rotation":{"angle":-22.5,"axis":"z","origin":[8.0,9.07,8.62]},"faces":{"north":{"uv":[0.0,0.0,1.0,1.0],"texture":"#1"},"south":{"uv":[0.0,0.0,1.0,1.0],"texture":"#1"},"east":{"uv":[0.0,0.0,1.0,1.0],"texture":"#1"},"west":{"uv":[0.0,0.0,1.0,1.0],"texture":"#1"},"up":{"uv":[0.0,0.0,1.0,1.0],"texture":"#1"},"down":{"uv":[0.0,0.0,1.0,1.0],"texture":"#1"}}},{"from":[7.34333,8.13017,2.6],"to":[7.62154,8.73017,15.62],"rotation":{"angle":22.5,"axis":"z","origin":[6.81743,8.58017,8.62]},"faces":{"north":{"uv":[0.0,0.0,1.0,1.0],"texture":"#1"},"south":{"uv":[0.0,0.0,1.0,1.0],"texture":"#1"},"east":{"uv":[0.0,0.0,1.0,1.0],"texture":"#1"},"west":{"uv":[0.0,0.0,1.0,1.0],"texture":"#1"},"up":{"uv":[0.0,0.0,1.0,1.0],"texture":"#1"},"down":{"uv":[0.0,0.0,1.0,1.0],"texture":"#1"}}},{"from":[8.5259,7.65,2.6],"to":[8.6541,8.48,12.71],"rotation":{"angle":0.0,"axis":"y","origin":[8.0,8.53,5.89]},"faces":{"north":{"uv":[0.0,0.0,1.0,1.0],"texture":"#1"},"south":{"uv":[0.0,0.0,1.0,1.0],"texture":"#1"},"east":{"uv":[0.0,0.0,1.0,1.0],"texture":"#1"},"west":{"uv":[0.0,0.0,1.0,1.0],"texture":"#1"},"up":{"uv":[0.0,0.0,1.0,1.0],"texture":"#1"},"down":{"uv":[0.0,0.0,1.0,1.0],"texture":"#1"}}},{"from":[8.5259,7.88,5.33],"to":[8.7041,8.31,7.68],"rotation":{"angle":0.0,"axis":"y","origin":[8.0,8.53,5.89]},"faces":{"north":{"uv":[0.0,0.0,1.0,1.0],"texture":"#1"},"south":{"uv":[0.0,0.0,1.0,1.0],"texture":"#1"},"east":{"uv":[0.0,0.0,1.0,1.0],"texture":"#1"},"west":{"uv":[0.0,0.0,1.0,1.0],"texture":"#1"},"up":{"uv":[0.0,0.0,1.0,1.0],"texture":"#1"},"down":{"uv":[0.0,0.0,1.0,1.0],"texture":"#1"}}},{"from":[8.5259,7.88,1.51],"to":[8.7041,8.31,2.79],"rotation":{"angle":-22.5,"axis":"x","origin":[8.615,8.095,2.755]},"faces":{"north":{"uv":[0.0,0.0,1.0,1.0],"texture":"#1"},"south":{"uv":[0.0,0.0,1.0,1.0],"texture":"#1"},"east":{"uv":[0.0,0.0,1.0,1.0],"texture":"#1"},"west":{"uv":[0.0,0.0,1.0,1.0],"texture":"#1"},"up":{"uv":[0.0,0.0,1.0,1.0],"texture":"#1"},"down":{"uv":[0.0,0.0,1.0,1.0],"texture":"#1"}}},{"from":[8.5259,7.3847,2.27258],"to":[8.7041,7.9947,2.87258],"rotation":{"angle":22.5,"axis":"x","origin":[8.615,7.9597,2.65758]},"faces":{"north":{"uv":[0.0,0.0,1.0,1.0],"rotation":180,"texture":"#1"},"south":{"uv":[0.0,0.0,1.0,1.0],"texture":"#1"},"east":{"uv":[0.0,0.0,1.0,1.0],"rotation":90,"texture":"#1"},"west":{"uv":[0.0,0.0,1.0,1.0],"rotation":270,"texture":"#1"},"up":{"uv":[0.0,0.0,1.0,1.0],"texture":"#1"},"down":{"uv":[0.0,0.0,1.0,1.0],"rotation":180,"texture":"#1"}}},{"from":[8.5259,7.09118,1.96975],"to":[8.7041,7.40118,2.86975],"rotation":{"angle":22.5,"axis":"x","origin":[8.615,7.96618,2.65475]},"faces":{"north":{"uv":[0.0,0.0,1.0,1.0],"rotation":180,"texture":"#1"},"south":{"uv":[0.0,0.0,1.0,1.0],"texture":"#1"},"east":{"uv":[0.0,0.0,1.0,1.0],"rotation":90,"texture":"#1"},"west":{"uv":[0.0,0.0,1.0,1.0],"rotation":270,"texture":"#1"},"up":{"uv":[0.0,0.0,1.0,1.0],"texture":"#1"},"down":{"uv":[0.0,0.0,1.0,1.0],"rotation":180,"texture":"#1"}}},{"from":[8.5259,8.04,5.47],"to":[8.8141,8.23,6.09],"rotation":{"angle":0.0,"axis":"y","origin":[8.0,8.45,5.89]},"faces":{"north":{"uv":[0.0,0.0,1.0,1.0],"texture":"#1"},"south":{"uv":[0.0,0.0,1.0,1.0],"texture":"#1"},"east":{"uv":[0.0,0.0,1.0,1.0],"texture":"#1"},"west":{"uv":[0.0,0.0,1.0,1.0],"texture":"#1"},"up":{"uv":[0.0,0.0,1.0,1.0],"texture":"#1"},"down":{"uv":[0.0,0.0,1.0,1.0],"texture":"#1"}}},{"from":[8.62292,8.04,5.94423],"to":[8.91112,8.23,6.10423],"rotation":{"angle":45.0,"axis":"y","origin":[8.09702,8.45,5.90423]},"faces":{"north":{"uv":[0.0,0.0,1.0,1.0],"texture":"#1"},"south":{"uv":[0.0,0.0,1.0,1.0],"texture":"#1"},"east":{"uv":[0.0,0.0,1.0,1.0],"texture":"#1"},"west":{"uv":[0.0,0.0,1.0,1.0],"texture":"#1"},"up":{"uv":[0.0,0.0,1.0,1.0],"texture":"#1"},"down":{"uv":[0.0,0.0,1.0,1.0],"texture":"#1"}}},{"from":[8.37357,8.04,5.73583],"to":[8.66177,8.23,6.17583],"rotation":{"angle":-22.5,"axis":"y","origin":[7.84767,8.45,6.29583]},"faces":{"north":{"uv":[0.0,0.0,1.0,1.0],"texture":"#1"},"south":{"uv":[0.0,0.0,1.0,1.0],"texture":"#1"},"east":{"uv":[0.0,0.0,1.0,1.0],"texture":"#1"},"west":{"uv":[0.0,0.0,1.0,1.0],"texture":"#1"},"up":{"uv":[0.0,0.0,1.0,1.0],"texture":"#1"},"down":{"uv":[0.0,0.0,1.0,1.0],"texture":"#1"}}},{"from":[8.5259,8.06858,7.58],"to":[8.7041,8.26858,7.78],"rotation":{"angle":-45.0,"axis":"x","origin":[8.615,8.16858,7.68]},"faces":{"north":{"uv":[0.0,0.0,1.0,1.0],"texture":"#1"},"south":{"uv":[0.0,0.0,1.0,1.0],"texture":"#1"},"east":{"uv":[0.0,0.0,1.0,1.0],"texture":"#1"},"west":{"uv":[0.0,0.0,1.0,1.0],"texture":"#1"},"up":{"uv":[0.0,0.0,1.0,1.0],"texture":"#1"},"down":{"uv":[0.0,0.0,1.0,1.0],"texture":"#1"}}},{"from":[8.5259,7.92142,7.58],"to":[8.7041,8.12142,7.78],"rotation":{"angle":-45.0,"axis":"x","origin":[8.615,8.02142,7.68]},"faces":{"north":{"uv":[0.0,0.0,1.0,1.0],"texture":"#1"},"south":{"uv":[0.0,0.0,1.0,1.0],"texture":"#1"},"east":{"uv":[0.0,0.0,1.0,1.0],"texture":"#1"},"west":{"uv":[0.0,0.0,1.0,1.0],"texture":"#1"},"up":{"uv":[0.0,0.0,1.0,1.0],"texture":"#1"},"down":{"uv":[0.0,0.0,1.0,1.0],"texture":"#1"}}},{"from":[8.5259,8.01858,7.62142],"to":[8.7041,8.16858,7.82142],"rotation":{"angle":0.0,"axis":"y","origin":[8.615,8.06858,7.72142]},"faces":{"north":{"uv":[0.0,0.0,1.0,1.0],"texture":"#1"},"south":{"uv":[0.0,0.0,1.0,1.0],"texture":"#1"},"east":{"uv":[0.0,0.0,1.0,1.0],"texture":"#1"},"west":{"uv":[0.0,0.0,1.0,1.0],"texture":"#1"},"up":{"uv":[0.0,0.0,1.0,1.0],"texture":"#1"},"down":{"uv":[0.0,0.0,1.0,1.0],"texture":"#1"}}},{"from":[7.3459,0.28,1.94],"to":[8.6541,6.8,5.61],"rotation":{"angle":22.5,"axis":"x","origin":[8.0,4.72,5.77]},"faces":{"north":{"uv":[0.0,0.0,1.0,1.0],"texture":"#1"},"south":{"uv":[0.0,0.0,1.0,1.0],"texture":"#1"},"east":{"uv":[0.0,0.0,1.0,1.0],"texture":"#1"},"west":{"uv":[0.0,0.0,1.0,1.0],"texture":"#1"},"up":{"uv":[0.0,0.0,1.0,1.0],"texture":"#1"},"down":{"uv":[0.0,0.0,1.0,1.0],"texture":"#1"}}},{"from":[7.3459,6.83654,3.95631],"to":[8.6541,7.85654,5.42631],"rotation":{"angle":22.5,"axis":"x","origin":[8.0,4.27654,5.58631]},"faces":{"north":{"uv":[0.0,0.0,1.0,1.0],"texture":"#1"},"south":{"uv":[0.0,0.0,1.0,1.0],"texture":"#1"},"east":{"uv":[0.0,0.0,1.0,1.0],"texture":"#1"},"west":{"uv":[0.0,0.0,1.0,1.0],"texture":"#1"},"up":{"uv":[0.0,0.0,1.0,1.0],"texture":"#1"},"down":{"uv":[0.0,0.0,1.0,1.0],"texture":"#1"}}},{"from":[7.3459,6.86,6.15],"to":[8.6541,7.93,6.5],"rotation":{"angle":45.0,"axis":"x","origin":[8.0,6.93,6.66]},"faces":{"north":{"uv":[0.0,0.0,1.0,1.0],"texture":"#1"},"south":{"uv":[0.0,0.0,1.0,1.0],"texture":"#1"},"east":{"uv":[0.0,0.0,1.0,1.0],"texture":"#1"},"west":{"uv":[0.0,0.0,1.0,1.0],"texture":"#1"},"up":{"uv":[0.0,0.0,1.0,1.0],"texture":"#1"},"down":{"uv":[0.0,0.0,1.0,1.0],"texture":"#1"}}},{"from":[7.3459,5.54,4.92],"to":[8.6541,5.93,5.54],"rotation":{"angle":45.0,"axis":"x","origin":[8.0,4.93,5.89]},"faces":{"north":{"uv":[0.0,0.0,1.0,1.0],"texture":"#1"},"south":{"uv":[0.0,0.0,1.0,1.0],"texture":"#1"},"east":{"uv":[0.0,0.0,1.0,1.0],"texture":"#1"},"west":{"uv":[0.0,0.0,1.0,1.0],"texture":"#1"},"up":{"uv":[0.0,0.0,1.0,1.0],"texture":"#1"},"down":{"uv":[0.0,0.0,1.0,1.0],"texture":"#1"}}},{"from":[7.3459,5.40845,5.89943],"to":[8.6541,5.53845,6.60943],"rotation":{"angle":-22.5,"axis":"x","origin":[8.0,5.05845,5.60943]},"faces":{"north":{"uv":[0.0,0.0,1.0,1.0],"rotation":180,"texture":"#1"},"south":{"uv":[0.0,0.0,1.0,1.0],"texture":"#1"},"east":{"uv":[0.0,0.0,1.0,1.0],"rotation":270,"texture":"#1"},"west":{"uv":[0.0,0.0,1.0,1.0],"rotation":90,"texture":"#1"},"up":{"uv":[0.0,0.0,1.0,1.0],"rotation":180,"texture":"#1"},"down":{"uv":[0.0,0.0,1.0,1.0],"texture":"#1"}}},{"from":[7.3459,5.63449,6.00937],"to":[8.6541,5.76449,6.39937],"rotation":{"angle":0.0,"axis":"y","origin":[8.0,5.28449,5.39937]},"faces":{"north":{"uv":[0.0,0.0,1.0,1.0],"rotation":180,"texture":"#1"},"south":{"uv":[0.0,0.0,1.0,1.0],"texture":"#1"},"east":{"uv":[0.0,0.0,1.0,1.0],"rotation":270,"texture":"#1"},"west":{"uv":[0.0,0.0,1.0,1.0],"rotation":90,"texture":"#1"},"up":{"uv":[0.0,0.0,1.0,1.0],"rotation":180,"texture":"#1"},"down":{"uv":[0.0,0.0,1.0,1.0],"texture":"#1"}}},{"from":[7.4459,5.60449,6.06937],"to":[8.5541,5.73449,6.45937],"rotation":{"angle":0.0,"axis":"y","origin":[8.0,5.25449,5.45937]},"faces":{"north":{"uv":[0.0,0.0,1.0,1.0],"rotation":180,"texture":"#1"},"south":{"uv":[0.0,0.0,1.0,1.0],"texture":"#1"},"east":{"uv":[0.0,0.0,1.0,1.0],"rotation":270,"texture":"#1"},"west":{"uv":[0.0,0.0,1.0,1.0],"rotation":90,"texture":"#1"},"up":{"uv":[0.0,0.0,1.0,1.0],"rotation":180,"texture":"#1"},"down":{"uv":[0.0,0.0,1.0,1.0],"texture":"#1"}}},{"from":[7.4459,5.89371,5.9618],"to":[8.5541,6.02371,6.3518],"rotation":{"angle":22.5,"axis":"x","origin":[8.0,5.54371,5.3518]},"faces":{"north":{"uv":[0.0,0.0,1.0,1.0],"rotation":180,"texture":"#1"},"south":{"uv":[0.0,0.0,1.0,1.0],"texture":"#1"},"east":{"uv":[0.0,0.0,1.0,1.0],"rotation":270,"texture":"#1"},"west":{"uv":[0.0,0.0,1.0,1.0],"rotation":90,"texture":"#1"},"up":{"uv":[0.0,0.0,1.0,1.0],"rotation":180,"texture":"#1"},"down":{"uv":[0.0,0.0,1.0,1.0],"texture":"#1"}}},{"from":[7.4459,6.20208,5.9731],"to":[8.5541,6.33208,6.3631],"rotation":{"angle":45.0,"axis":"x","origin":[8.0,5.85208,5.3631]},"faces":{"north":{"uv":[0.0,0.0,1.0,1.0],"rotation":180,"texture":"#1"},"south":{"uv":[0.0,0.0,1.0,1.0],"texture":"#1"},"east":{"uv":[0.0,0.0,1.0,1.0],"rotation":270,"texture":"#1"},"west":{"uv":[0.0,0.0,1.0,1.0],"rotation":90,"texture":"#1"},"up":{"uv":[0.0,0.0,1.0,1.0],"rotation":180,"texture":"#1"},"down":{"uv":[0.0,0.0,1.0,1.0],"texture":"#1"}}},{"from":[7.4459,5.13265,5.84155],"to":[8.5541,5.52265,5.97155],"rotation":{"angle":-22.5,"axis":"x","origin":[8.0,6.13265,5.49155]},"faces":{"north":{"uv":[0.0,0.0,1.0,1.0],"rotation":180,"texture":"#1"},"south":{"uv":[0.0,0.0,1.0,1.0],"rotation":180,"texture":"#1"},"east":{"uv":[0.0,0.0,1.0,1.0],"rotation":180,"texture":"#1"},"west":{"uv":[0.0,0.0,1.0,1.0],"rotation":180,"texture":"#1"},"up":{"uv":[0.0,0.0,1.0,1.0],"texture":"#1"},"down":{"uv":[0.0,0.0,1.0,1.0],"texture":"#1"}}},{"from":[7.4459,5.34271,5.57759],"to":[8.5541,5.73271,6.19759],"rotation":{"angle":0.0,"axis":"y","origin":[8.0,6.34271,5.71759]},"faces":{"north":{"uv":[0.0,0.0,1.0,1.0],"rotation":180,"texture":"#1"},"south":{"uv":[0.0,0.0,1.0,1.0],"rotation":180,"texture":"#1"},"east":{"uv":[0.0,0.0,1.0,1.0],"rotation":180,"texture":"#1"},"west":{"uv":[0.0,0.0,1.0,1.0],"rotation":180,"texture":"#1"},"up":{"uv":[0.0,0.0,1.0,1.0],"texture":"#1"},"down":{"uv":[0.0,0.0,1.0,1.0],"texture":"#1"}}},{"from":[7.4459,5.37845,6.27943],"to":[8.5541,5.50845,6.66943],"rotation":{"angle":-22.5,"axis":"x","origin":[8.0,5.02845,5.66943]},"faces":{"north":{"uv":[0.0,0.0,1.0,1.0],"rotation":180,"texture":"#1"},"south":{"uv":[0.0,0.0,1.0,1.0],"texture":"#1"},"east":{"uv":[0.0,0.0,1.0,1.0],"rotation":270,"texture":"#1"},"west":{"uv":[0.0,0.0,1.0,1.0],"rotation":90,"texture":"#1"},"up":{"uv":[0.0,0.0,1.0,1.0],"rotation":180,"texture":"#1"},"down":{"uv":[0.0,0.0,1.0,1.0],"texture":"#1"}}},{"from":[7.4459,5.25,6.56],"to":[8.5541,5.84,6.95],"rotation":{"angle":-45.0,"axis":"x","origin":[8.0,4.9,5.95]},"faces":{"north":{"uv":[0.0,0.0,1.0,1.0],"rotation":180,"texture":"#1"},"south":{"uv":[0.0,0.0,1.0,1.0],"texture":"#1"},"east":{"uv":[0.0,0.0,1.0,1.0],"rotation":270,"texture":"#1"},"west":{"uv":[0.0,0.0,1.0,1.0],"rotation":90,"texture":"#1"},"up":{"uv":[0.0,0.0,1.0,1.0],"rotation":180,"texture":"#1"},"down":{"uv":[0.0,0.0,1.0,1.0],"texture":"#1"}}},{"from":[7.3459,5.92371,5.6518],"to":[8.6541,6.05371,6.2918],"rotation":{"angle":22.5,"axis":"x","origin":[8.0,5.57371,5.2918]},"faces":{"north":{"uv":[0.0,0.0,1.0,1.0],"rotation":180,"texture":"#1"},"south":{"uv":[0.0,0.0,1.0,1.0],"texture":"#1"},"east":{"uv":[0.0,0.0,1.0,1.0],"rotation":270,"texture":"#1"},"west":{"uv":[0.0,0.0,1.0,1.0],"rotation":90,"texture":"#1"},"up":{"uv":[0.0,0.0,1.0,1.0],"rotation":180,"texture":"#1"},"down":{"uv":[0.0,0.0,1.0,1.0],"texture":"#1"}}},{"from":[7.3459,6.23208,5.9131],"to":[8.6541,6.36208,6.3031],"rotation":{"angle":45.0,"axis":"x","origin":[8.0,5.88208,5.3031]},"faces":{"north":{"uv":[0.0,0.0,1.0,1.0],"rotation":180,"texture":"#1"},"south":{"uv":[0.0,0.0,1.0,1.0],"texture":"#1"},"east":{"uv":[0.0,0.0,1.0,1.0],"rotation":270,"texture":"#1"},"west":{"uv":[0.0,0.0,1.0,1.0],"rotation":90,"texture":"#1"},"up":{"uv":[0.0,0.0,1.0,1.0],"rotation":180,"texture":"#1"},"down":{"uv":[0.0,0.0,1.0,1.0],"texture":"#1"}}},{"from":[7.3459,5.37271,5.49759],"to":[8.6541,5.76271,6.13759],"rotation":{"angle":0.0,"axis":"y","origin":[8.0,6.37271,5.65759]},"faces":{"north":{"uv":[0.0,0.0,1.0,1.0],"rotation":180,"texture":"#1"},"south":{"uv":[0.0,0.0,1.0,1.0],"rotation":180,"texture":"#1"},"east":{"uv":[0.0,0.0,1.0,1.0],"rotation":180,"texture":"#1"},"west":{"uv":[0.0,0.0,1.0,1.0],"rotation":180,"texture":"#1"},"up":{"uv":[0.0,0.0,1.0,1.0],"texture":"#1"},"down":{"uv":[0.0,0.0,1.0,1.0],"texture":"#1"}}},{"from":[7.3459,5.16265,5.78155],"to":[8.6541,5.55265,5.91155],"rotation":{"angle":-22.5,"axis":"x","origin":[8.0,6.16265,5.43155]},"faces":{"north":{"uv":[0.0,0.0,1.0,1.0],"rotation":180,"texture":"#1"},"south":{"uv":[0.0,0.0,1.0,1.0],"rotation":180,"texture":"#1"},"east":{"uv":[0.0,0.0,1.0,1.0],"rotation":180,"texture":"#1"},"west":{"uv":[0.0,0.0,1.0,1.0],"rotation":180,"texture":"#1"},"up":{"uv":[0.0,0.0,1.0,1.0],"texture":"#1"},"down":{"uv":[0.0,0.0,1.0,1.0],"texture":"#1"}}},{"from":[7.3459,5.4,3.18],"to":[8.6541,7.02,4.88],"rotation":{"angle":45.0,"axis":"x","origin":[8.0,8.51,5.04]},"faces":{"north":{"uv":[0.0,0.0,1.0,1.0],"texture":"#1"},"south":{"uv":[0.0,0.0,1.0,1.0],"texture":"#1"},"east":{"uv":[0.0,0.0,1.0,1.0],"texture":"#1"},"west":{"uv":[0.0,0.0,1.0,1.0],"texture":"#1"},"up":{"uv":[0.0,0.0,1.0,1.0],"texture":"#1"},"down":{"uv":[0.0,0.0,1.0,1.0],"texture":"#1"}}},{"from":[7.3459,6.67,2.2],"to":[8.6541,6.92,3.9],"rotation":{"angle":22.5,"axis":"x","origin":[8.0,9.78,4.06]},"faces":{"north":{"uv":[0.0,0.0,1.0,1.0],"texture":"#1"},"south":{"uv":[0.0,0.0,1.0,1.0],"texture":"#1"},"east":{"uv":[0.0,0.0,1.0,1.0],"texture":"#1"},"west":{"uv":[0.0,0.0,1.0,1.0],"texture":"#1"},"up":{"uv":[0.0,0.0,1.0,1.0],"texture":"#1"},"down":{"uv":[0.0,0.0,1.0,1.0],"texture":"#1"}}},{"from":[7.3459,8.88123,1.72217],"to":[8.6541,9.18123,2.74217],"rotation":{"angle":-22.5,"axis":"x","origin":[8.0,7.32123,4.83217]},"faces":{"north":{"uv":[0.0,0.0,1.0,1.0],"rotation":180,"texture":"#1"},"south":{"uv":[0.0,0.0,1.0,1.0],"texture":"#1"},"east":{"uv":[0.0,0.0,1.0,1.0],"rotation":270,"texture":"#1"},"west":{"uv":[0.0,0.0,1.0,1.0],"rotation":90,"texture":"#1"},"up":{"uv":[0.0,0.0,1.0,1.0],"rotation":180,"texture":"#1"},"down":{"uv":[0.0,0.0,1.0,1.0],"texture":"#1"}}},{"from":[7.4459,7.17,2.31],"to":[8.5541,8.87,3.93],"rotation":{"angle":-22.5,"axis":"x","origin":[8.0,7.01,5.42]},"faces":{"north":{"uv":[0.0,0.0,1.0,1.0],"rotation":180,"texture":"#1"},"south":{"uv":[0.0,0.0,1.0,1.0],"texture":"#1"},"east":{"uv":[0.0,0.0,1.0,1.0],"rotation":270,"texture":"#1"},"west":{"uv":[0.0,0.0,1.0,1.0],"rotation":90,"texture":"#1"},"up":{"uv":[0.0,0.0,1.0,1.0],"rotation":180,"texture":"#1"},"down":{"uv":[0.0,0.0,1.0,1.0],"texture":"#1"}}},{"from":[7.4459,3.88,1.56],"to":[8.5541,6.06,2.18],"rotation":{"angle":22.5,"axis":"x","origin":[8.0,4.2,4.67]},"faces":{"north":{"uv":[0.0,0.0,1.0,1.0],"rotation":180,"texture":"#1"},"south":{"uv":[0.0,0.0,1.0,1.0],"texture":"#1"},"east":{"uv":[0.0,0.0,1.0,1.0],"rotation":270,"texture":"#1"},"west":{"uv":[0.0,0.0,1.0,1.0],"rotation":90,"texture":"#1"},"up":{"uv":[0.0,0.0,1.0,1.0],"rotation":180,"texture":"#1"},"down":{"uv":[0.0,0.0,1.0,1.0],"texture":"#1"}}},{"from":[7.4459,8.74,1.67],"to":[8.5541,10.24,2.34],"rotation":{"angle":-45.0,"axis":"x","origin":[8.0,8.58,4.78]},"faces":{"north":{"uv":[0.0,0.0,1.0,1.0],"rotation":180,"texture":"#1"},"south":{"uv":[0.0,0.0,1.0,1.0],"texture":"#1"},"east":{"uv":[0.0,0.0,1.0,1.0],"rotation":270,"texture":"#1"},"west":{"uv":[0.0,0.0,1.0,1.0],"rotation":90,"texture":"#1"},"up":{"uv":[0.0,0.0,1.0,1.0],"rotation":180,"texture":"#1"},"down":{"uv":[0.0,0.0,1.0,1.0],"texture":"#1"}}},{"from":[7.2759,0.44,2.08],"to":[8.7141,6.43,4.96],"rotation":{"angle":22.5,"axis":"x","origin":[8.0,4.72,5.77]},"faces":{"north":{"uv":[0.0,0.0,1.0,1.0],"texture":"#3"},"south":{"uv":[0.0,0.0,1.0,1.0],"texture":"#3"},"east":{"uv":[0.0,0.0,1.0,1.0],"texture":"#3"},"west":{"uv":[0.0,0.0,1.0,1.0],"texture":"#3"},"up":{"uv":[0.0,0.0,1.0,1.0],"texture":"#3"},"down":{"uv":[0.0,0.0,1.0,1.0],"texture":"#3"}}},{"from":[8.8031,7.46111,3.01527],"to":[8.8913,7.69111,5.44527],"rotation":{"angle":22.5,"axis":"z","origin":[8.1722,7.14111,4.34527]},"faces":{"north":{"uv":[0.0,0.0,1.0,1.0],"texture":"#3"},"south":{"uv":[0.0,0.0,1.0,1.0],"texture":"#3"},"east":{"uv":[0.0,0.0,1.0,1.0],"texture":"#3"},"west":{"uv":[0.0,0.0,1.0,1.0],"texture":"#3"},"up":{"uv":[0.0,0.0,1.0,1.0],"texture":"#3"},"down":{"uv":[0.0,0.0,1.0,1.0],"texture":"#3"}}},{"from":[7.2759,7.48194,3.01527],"to":[8.7141,7.71194,5.44527],"rotation":{"angle":0.0,"axis":"y","origin":[7.995,7.16194,4.34527]},"faces":{"north":{"uv":[0.0,0.0,1.0,1.0],"texture":"#3"},"south":{"uv":[0.0,0.0,1.0,1.0],"texture":"#3"},"east":{"uv":[0.0,0.0,1.0,1.0],"texture":"#3"},"west":{"uv":[0.0,0.0,1.0,1.0],"texture":"#3"},"up":{"uv":[0.0,0.0,1.0,1.0],"texture":"#3"},"down":{"uv":[0.0,0.0,1.0,1.0],"texture":"#3"}}},{"from":[7.0987,7.46111,3.01527],"to":[7.1769,7.69111,5.44527],"rotation":{"angle":-22.5,"axis":"z","origin":[7.8178,7.14111,4.34527]},"faces":{"north":{"uv":[0.0,0.0,1.0,1.0],"texture":"#3"},"south":{"uv":[0.0,0.0,1.0,1.0],"texture":"#3"},"east":{"uv":[0.0,0.0,1.0,1.0],"texture":"#3"},"west":{"uv":[0.0,0.0,1.0,1.0],"texture":"#3"},"up":{"uv":[0.0,0.0,1.0,1.0],"texture":"#3"},"down":{"uv":[0.0,0.0,1.0,1.0],"texture":"#3"}}},{"from":[7.2759,7.36194,5.32028],"to":[8.7141,7.59194,5.56028],"rotation":{"angle":-45.0,"axis":"x","origin":[7.995,7.47694,5.44028],"rescale":true},"faces":{"north":{"uv":[0.0,0.0,1.0,1.0],"texture":"#3"},"south":{"uv":[0.0,0.0,1.0,1.0],"texture":"#3"},"east":{"uv":[0.0,0.0,1.0,1.0],"texture":"#3"},"west":{"uv":[0.0,0.0,1.0,1.0],"texture":"#3"},"up":{"uv":[0.0,0.0,1.0,1.0],"texture":"#3"},"down":{"uv":[0.0,0.0,1.0,1.0],"texture":"#3"}}},{"from":[7.2759,6.61194,3.01527],"to":[8.7141,7.48194,5.67527],"rotation":{"angle":0.0,"axis":"y","origin":[7.995,7.16194,4.34527]},"faces":{"north":{"uv":[0.0,0.0,1.0,1.0],"texture":"#3"},"south":{"uv":[0.0,0.0,1.0,1.0],"texture":"#3"},"east":{"uv":[0.0,0.0,1.0,1.0],"texture":"#3"},"west":{"uv":[0.0,0.0,1.0,1.0],"texture":"#3"},"up":{"uv":[0.0,0.0,1.0,1.0],"texture":"#3"},"down":{"uv":[0.0,0.0,1.0,1.0],"texture":"#3"}}},{"from":[7.33863,7.65,2.6],"to":[7.47063,8.48,12.71],"rotation":{"angle":0.0,"axis":"y","origin":[6.81273,8.53,5.89]},"faces":{"north":{"uv":[0.0,0.0,1.0,1.0],"texture":"#1"},"south":{"uv":[0.0,0.0,1.0,1.0],"texture":"#1"},"east":{"uv":[0.0,0.0,1.0,1.0],"texture":"#1"},"west":{"uv":[0.0,0.0,1.0,1.0],"texture":"#1"},"up":{"uv":[0.0,0.0,1.0,1.0],"texture":"#1"},"down":{"uv":[0.0,0.0,1.0,1.0],"texture":"#1"}}},{"from":[7.30036,7.74239,2.6],"to":[7.80036,7.94239,12.71],"rotation":{"angle":22.5,"axis":"z","origin":[8.05447,7.89239,5.71]},"faces":{"north":{"uv":[0.0,0.0,1.0,1.0],"texture":"#1"},"south":{"uv":[0.0,0.0,1.0,1.0],"texture":"#1"},"east":{"uv":[0.0,0.0,1.0,1.0],"texture":"#1"},"west":{"uv":[0.0,0.0,1.0,1.0],"texture":"#1"},"up":{"uv":[0.0,0.0,1.0,1.0],"texture":"#1"},"down":{"uv":[0.0,0.0,1.0,1.0],"texture":"#1"}}},{"from":[7.3816,7.89778,2.6],"to":[7.8816,8.09778,15.62],"rotation":{"angle":22.5,"axis":"z","origin":[8.1357,8.04778,8.62]},"faces":{"north":{"uv":[0.0,0.0,1.0,1.0],"texture":"#1"},"south":{"uv":[0.0,0.0,1.0,1.0],"texture":"#1"},"east":{"uv":[0.0,0.0,1.0,1.0],"texture":"#1"},"west":{"uv":[0.0,0.0,1.0,1.0],"texture":"#1"},"up":{"uv":[0.0,0.0,1.0,1.0],"texture":"#1"},"down":{"uv":[0.0,0.0,1.0,1.0],"texture":"#1"}}},{"from":[7.28,5.68,5.74863],"to":[8.72,5.78,6.25137],"rotation":{"angle":-45.0,"axis":"x","origin":[8.0,5.73,6.0]},"faces":{"north":{"uv":[0.0,0.0,1.0,1.0],"texture":"#2"},"south":{"uv":[0.0,0.0,1.0,1.0],"texture":"#2"},"east":{"uv":[0.0,0.0,1.0,1.0],"texture":"#2"},"west":{"uv":[0.0,0.0,1.0,1.0],"texture":"#2"},"up":{"uv":[0.0,0.0,1.0,1.0],"texture":"#2"},"down":{"uv":[0.0,0.0,1.0,1.0],"texture":"#2"}}},{"from":[7.28,5.68,5.74863],"to":[8.72,5.78,6.25137],"rotation":{"angle":-22.5,"axis":"x","origin":[8.0,5.73,6.0]},"faces":{"north":{"uv":[0.0,0.0,1.0,1.0],"texture":"#2"},"south":{"uv":[0.0,0.0,1.0,1.0],"texture":"#2"},"east":{"uv":[0.0,0.0,1.0,1.0],"texture":"#2"},"west":{"uv":[0.0,0.0,1.0,1.0],"texture":"#2"},"up":{"uv":[0.0,0.0,1.0,1.0],"texture":"#2"},"down":{"uv":[0.0,0.0,1.0,1.0],"texture":"#2"}}},{"from":[7.28,5.68,5.74863],"to":[8.72,5.78,6.25137],"rotation":{"angle":0.0,"axis":"y","origin":[8.0,5.73,6.0]},"faces":{"north":{"uv":[0.0,0.0,1.0,1.0],"texture":"#2"},"south":{"uv":[0.0,0.0,1.0,1.0],"texture":"#2"},"east":{"uv":[0.0,0.0,1.0,1.0],"texture":"#2"},"west":{"uv":[0.0,0.0,1.0,1.0],"texture":"#2"},"up":{"uv":[0.0,0.0,1.0,1.0],"texture":"#2"},"down":{"uv":[0.0,0.0,1.0,1.0],"texture":"#2"}}},{"from":[7.28,5.68,5.74863],"to":[8.72,5.78,6.25137],"rotation":{"angle":22.5,"axis":"x","origin":[8.0,5.73,6.0]},"faces":{"north":{"uv":[0.0,0.0,1.0,1.0],"texture":"#2"},"south":{"uv":[0.0,0.0,1.0,1.0],"texture":"#2"},"east":{"uv":[0.0,0.0,1.0,1.0],"texture":"#2"},"west":{"uv":[0.0,0.0,1.0,1.0],"texture":"#2"},"up":{"uv":[0.0,0.0,1.0,1.0],"texture":"#2"},"down":{"uv":[0.0,0.0,1.0,1.0],"texture":"#2"}}},{"from":[7.28,5.68,5.74863],"to":[8.72,5.78,6.25137],"rotation":{"angle":45.0,"axis":"x","origin":[8.0,5.73,6.0]},"faces":{"north":{"uv":[0.0,0.0,1.0,1.0],"texture":"#2"},"south":{"uv":[0.0,0.0,1.0,1.0],"texture":"#2"},"east":{"uv":[0.0,0.0,1.0,1.0],"texture":"#2"},"west":{"uv":[0.0,0.0,1.0,1.0],"texture":"#2"},"up":{"uv":[0.0,0.0,1.0,1.0],"texture":"#2"},"down":{"uv":[0.0,0.0,1.0,1.0],"texture":"#2"}}},{"from":[7.28,5.47863,5.95],"to":[8.72,5.98137,6.05],"rotation":{"angle":-22.5,"axis":"x","origin":[8.0,5.73,6.0]},"faces":{"north":{"uv":[0.0,0.0,1.0,1.0],"texture":"#2"},"south":{"uv":[0.0,0.0,1.0,1.0],"texture":"#2"},"east":{"uv":[0.0,0.0,1.0,1.0],"texture":"#2"},"west":{"uv":[0.0,0.0,1.0,1.0],"texture":"#2"},"up":{"uv":[0.0,0.0,1.0,1.0],"texture":"#2"},"down":{"uv":[0.0,0.0,1.0,1.0],"texture":"#2"}}},{"from":[7.28,5.47863,5.95],"to":[8.72,5.98137,6.05],"rotation":{"angle":0.0,"axis":"y","origin":[8.0,5.73,6.0]},"faces":{"north":{"uv":[0.0,0.0,1.0,1.0],"texture":"#2"},"south":{"uv":[0.0,0.0,1.0,1.0],"texture":"#2"},"east":{"uv":[0.0,0.0,1.0,1.0],"texture":"#2"},"west":{"uv":[0.0,0.0,1.0,1.0],"texture":"#2"},"up":{"uv":[0.0,0.0,1.0,1.0],"texture":"#2"},"down":{"uv":[0.0,0.0,1.0,1.0],"texture":"#2"}}},{"from":[7.28,5.47863,5.95],"to":[8.72,5.98137,6.05],"rotation":{"angle":22.5,"axis":"x","origin":[8.0,5.73,6.0]},"faces":{"north":{"uv":[0.0,0.0,1.0,1.0],"texture":"#2"},"south":{"uv":[0.0,0.0,1.0,1.0],"texture":"#2"},"east":{"uv":[0.0,0.0,1.0,1.0],"texture":"#2"},"west":{"uv":[0.0,0.0,1.0,1.0],"texture":"#2"},"up":{"uv":[0.0,0.0,1.0,1.0],"texture":"#2"},"down":{"uv":[0.0,0.0,1.0,1.0],"texture":"#2"}}},{"from":[8.595,8.03459,2.75],"to":[8.625,8.18541,5.33],"rotation":{"angle":-45.0,"axis":"z","origin":[8.61,8.11,4.53]},"faces":{"north":{"uv":[0.0,0.0,1.0,1.0],"texture":"#1"},"south":{"uv":[0.0,0.0,1.0,1.0],"texture":"#1"},"east":{"uv":[0.0,0.0,1.0,1.0],"texture":"#1"},"west":{"uv":[0.0,0.0,1.0,1.0],"texture":"#1"},"up":{"uv":[0.0,0.0,1.0,1.0],"texture":"#1"},"down":{"uv":[0.0,0.0,1.0,1.0],"texture":"#1"}}},{"from":[8.595,8.03459,2.75],"to":[8.625,8.18541,5.33],"rotation":{"angle":45.0,"axis":"z","origin":[8.61,8.11,4.53]},"faces":{"north":{"uv":[0.0,0.0,1.0,1.0],"texture":"#1"},"south":{"uv":[0.0,0.0,1.0,1.0],"texture":"#1"},"east":{"uv":[0.0,0.0,1.0,1.0],"texture":"#1"},"west":{"uv":[0.0,0.0,1.0,1.0],"texture":"#1"},"up":{"uv":[0.0,0.0,1.0,1.0],"texture":"#1"},"down":{"uv":[0.0,0.0,1.0,1.0],"texture":"#1"}}},{"from":[8.53459,8.095,2.75],"to":[8.68541,8.125,5.33],"rotation":{"angle":-22.5,"axis":"z","origin":[8.61,8.11,4.53]},"faces":{"north":{"uv":[0.0,0.0,1.0,1.0],"texture":"#1"},"south":{"uv":[0.0,0.0,1.0,1.0],"texture":"#1"},"east":{"uv":[0.0,0.0,1.0,1.0],"texture":"#1"},"west":{"uv":[0.0,0.0,1.0,1.0],"texture":"#1"},"up":{"uv":[0.0,0.0,1.0,1.0],"texture":"#1"},"down":{"uv":[0.0,0.0,1.0,1.0],"texture":"#1"}}},{"from":[8.53459,8.095,2.75],"to":[8.68541,8.125,5.33],"rotation":{"angle":0.0,"axis":"y","origin":[8.61,8.11,4.53]},"faces":{"north":{"uv":[0.0,0.0,1.0,1.0],"texture":"#1"},"south":{"uv":[0.0,0.0,1.0,1.0],"texture":"#1"},"east":{"uv":[0.0,0.0,1.0,1.0],"texture":"#1"},"west":{"uv":[0.0,0.0,1.0,1.0],"texture":"#1"},"up":{"uv":[0.0,0.0,1.0,1.0],"texture":"#1"},"down":{"uv":[0.0,0.0,1.0,1.0],"texture":"#1"}}},{"from":[8.53459,8.095,2.75],"to":[8.68541,8.125,5.33],"rotation":{"angle":22.5,"axis":"z","origin":[8.61,8.11,4.53]},"faces":{"north":{"uv":[0.0,0.0,1.0,1.0],"texture":"#1"},"south":{"uv":[0.0,0.0,1.0,1.0],"texture":"#1"},"east":{"uv":[0.0,0.0,1.0,1.0],"texture":"#1"},"west":{"uv":[0.0,0.0,1.0,1.0],"texture":"#1"},"up":{"uv":[0.0,0.0,1.0,1.0],"texture":"#1"},"down":{"uv":[0.0,0.0,1.0,1.0],"texture":"#1"}}},{"from":[7.26,6.8,4.06863],"to":[8.72,6.9,4.57137],"rotation":{"angle":-45.0,"axis":"x","origin":[8.0,6.85,4.32]},"faces":{"north":{"uv":[0.0,0.0,1.0,1.0],"texture":"#4"},"south":{"uv":[0.0,0.0,1.0,1.0],"texture":"#4"},"east":{"uv":[0.0,0.0,1.0,1.0],"texture":"#4"},"west":{"uv":[0.0,0.0,1.0,1.0],"texture":"#4"},"up":{"uv":[0.0,0.0,1.0,1.0],"texture":"#4"},"down":{"uv":[0.0,0.0,1.0,1.0],"texture":"#4"}}},{"from":[7.26,6.8,4.06863],"to":[8.72,6.9,4.57137],"rotation":{"angle":-22.5,"axis":"x","origin":[8.0,6.85,4.32]},"faces":{"north":{"uv":[0.0,0.0,1.0,1.0],"texture":"#4"},"south":{"uv":[0.0,0.0,1.0,1.0],"texture":"#4"},"east":{"uv":[0.0,0.0,1.0,1.0],"texture":"#4"},"west":{"uv":[0.0,0.0,1.0,1.0],"texture":"#4"},"up":{"uv":[0.0,0.0,1.0,1.0],"texture":"#4"},"down":{"uv":[0.0,0.0,1.0,1.0],"texture":"#4"}}},{"from":[7.26,6.8,4.06863],"to":[8.72,6.9,4.57137],"rotation":{"angle":0.0,"axis":"y","origin":[8.0,6.85,4.32]},"faces":{"north":{"uv":[0.0,0.0,1.0,1.0],"texture":"#4"},"south":{"uv":[0.0,0.0,1.0,1.0],"texture":"#4"},"east":{"uv":[0.0,0.0,1.0,1.0],"texture":"#4"},"west":{"uv":[0.0,0.0,1.0,1.0],"texture":"#4"},"up":{"uv":[0.0,0.0,1.0,1.0],"texture":"#4"},"down":{"uv":[0.0,0.0,1.0,1.0],"texture":"#4"}}},{"from":[7.26,6.8,4.06863],"to":[8.72,6.9,4.57137],"rotation":{"angle":22.5,"axis":"x","origin":[8.0,6.85,4.32]},"faces":{"north":{"uv":[0.0,0.0,1.0,1.0],"texture":"#4"},"south":{"uv":[0.0,0.0,1.0,1.0],"texture":"#4"},"east":{"uv":[0.0,0.0,1.0,1.0],"texture":"#4"},"west":{"uv":[0.0,0.0,1.0,1.0],"texture":"#4"},"up":{"uv":[0.0,0.0,1.0,1.0],"texture":"#4"},"down":{"uv":[0.0,0.0,1.0,1.0],"texture":"#4"}}},{"from":[7.26,6.8,4.06863],"to":[8.72,6.9,4.57137],"rotation":{"angle":45.0,"axis":"x","origin":[8.0,6.85,4.32]},"faces":{"north":{"uv":[0.0,0.0,1.0,1.0],"texture":"#4"},"south":{"uv":[0.0,0.0,1.0,1.0],"texture":"#4"},"east":{"uv":[0.0,0.0,1.0,1.0],"texture":"#4"},"west":{"uv":[0.0,0.0,1.0,1.0],"texture":"#4"},"up":{"uv":[0.0,0.0,1.0,1.0],"texture":"#4"},"down":{"uv":[0.0,0.0,1.0,1.0],"texture":"#4"}}},{"from":[7.26,6.59863,4.27],"to":[8.72,7.10137,4.37],"rotation":{"angle":-22.5,"axis":"x","origin":[8.0,6.85,4.32]},"faces":{"north":{"uv":[0.0,0.0,1.0,1.0],"texture":"#4"},"south":{"uv":[0.0,0.0,1.0,1.0],"texture":"#4"},"east":{"uv":[0.0,0.0,1.0,1.0],"texture":"#4"},"west":{"uv":[0.0,0.0,1.0,1.0],"texture":"#4"},"up":{"uv":[0.0,0.0,1.0,1.0],"texture":"#4"},"down":{"uv":[0.0,0.0,1.0,1.0],"texture":"#4"}}},{"from":[7.26,6.59863,4.27],"to":[8.72,7.10137,4.37],"rotation":{"angle":0.0,"axis":"y","origin":[8.0,6.85,4.32]},"faces":{"north":{"uv":[0.0,0.0,1.0,1.0],"texture":"#4"},"south":{"uv":[0.0,0.0,1.0,1.0],"texture":"#4"},"east":{"uv":[0.0,0.0,1.0,1.0],"texture":"#4"},"west":{"uv":[0.0,0.0,1.0,1.0],"texture":"#4"},"up":{"uv":[0.0,0.0,1.0,1.0],"texture":"#4"},"down":{"uv":[0.0,0.0,1.0,1.0],"texture":"#4"}}},{"from":[7.26,6.59863,4.27],"to":[8.72,7.10137,4.37],"rotation":{"angle":22.5,"axis":"x","origin":[8.0,6.85,4.32]},"faces":{"north":{"uv":[0.0,0.0,1.0,1.0],"texture":"#4"},"south":{"uv":[0.0,0.0,1.0,1.0],"texture":"#4"},"east":{"uv":[0.0,0.0,1.0,1.0],"texture":"#4"},"west":{"uv":[0.0,0.0,1.0,1.0],"texture":"#4"},"up":{"uv":[0.0,0.0,1.0,1.0],"texture":"#4"},"down":{"uv":[0.0,0.0,1.0,1.0],"texture":"#4"}}},{"from":[7.26,2.15,2.06863],"to":[8.72,2.25,2.57137],"rotation":{"angle":-45.0,"axis":"x","origin":[8.0,2.2,2.32]},"faces":{"north":{"uv":[0.0,0.0,1.0,1.0],"texture":"#4"},"south":{"uv":[0.0,0.0,1.0,1.0],"texture":"#4"},"east":{"uv":[0.0,0.0,1.0,1.0],"texture":"#4"},"west":{"uv":[0.0,0.0,1.0,1.0],"texture":"#4"},"up":{"uv":[0.0,0.0,1.0,1.0],"texture":"#4"},"down":{"uv":[0.0,0.0,1.0,1.0],"texture":"#4"}}},{"from":[7.26,2.15,2.06863],"to":[8.72,2.25,2.57137],"rotation":{"angle":-22.5,"axis":"x","origin":[8.0,2.2,2.32]},"faces":{"north":{"uv":[0.0,0.0,1.0,1.0],"texture":"#4"},"south":{"uv":[0.0,0.0,1.0,1.0],"texture":"#4"},"east":{"uv":[0.0,0.0,1.0,1.0],"texture":"#4"},"west":{"uv":[0.0,0.0,1.0,1.0],"texture":"#4"},"up":{"uv":[0.0,0.0,1.0,1.0],"texture":"#4"},"down":{"uv":[0.0,0.0,1.0,1.0],"texture":"#4"}}},{"from":[7.26,2.15,2.06863],"to":[8.72,2.25,2.57137],"rotation":{"angle":0.0,"axis":"y","origin":[8.0,2.2,2.32]},"faces":{"north":{"uv":[0.0,0.0,1.0,1.0],"texture":"#4"},"south":{"uv":[0.0,0.0,1.0,1.0],"texture":"#4"},"east":{"uv":[0.0,0.0,1.0,1.0],"texture":"#4"},"west":{"uv":[0.0,0.0,1.0,1.0],"texture":"#4"},"up":{"uv":[0.0,0.0,1.0,1.0],"texture":"#4"},"down":{"uv":[0.0,0.0,1.0,1.0],"texture":"#4"}}},{"from":[7.26,2.15,2.06863],"to":[8.72,2.25,2.57137],"rotation":{"angle":22.5,"axis":"x","origin":[8.0,2.2,2.32]},"faces":{"north":{"uv":[0.0,0.0,1.0,1.0],"texture":"#4"},"south":{"uv":[0.0,0.0,1.0,1.0],"texture":"#4"},"east":{"uv":[0.0,0.0,1.0,1.0],"texture":"#4"},"west":{"uv":[0.0,0.0,1.0,1.0],"texture":"#4"},"up":{"uv":[0.0,0.0,1.0,1.0],"texture":"#4"},"down":{"uv":[0.0,0.0,1.0,1.0],"texture":"#4"}}},{"from":[7.26,2.15,2.06863],"to":[8.72,2.25,2.57137],"rotation":{"angle":45.0,"axis":"x","origin":[8.0,2.2,2.32]},"faces":{"north":{"uv":[0.0,0.0,1.0,1.0],"texture":"#4"},"south":{"uv":[0.0,0.0,1.0,1.0],"texture":"#4"},"east":{"uv":[0.0,0.0,1.0,1.0],"texture":"#4"},"west":{"uv":[0.0,0.0,1.0,1.0],"texture":"#4"},"up":{"uv":[0.0,0.0,1.0,1.0],"texture":"#4"},"down":{"uv":[0.0,0.0,1.0,1.0],"texture":"#4"}}},{"from":[7.26,1.94863,2.27],"to":[8.72,2.45137,2.37],"rotation":{"angle":-22.5,"axis":"x","origin":[8.0,2.2,2.32]},"faces":{"north":{"uv":[0.0,0.0,1.0,1.0],"texture":"#4"},"south":{"uv":[0.0,0.0,1.0,1.0],"texture":"#4"},"east":{"uv":[0.0,0.0,1.0,1.0],"texture":"#4"},"west":{"uv":[0.0,0.0,1.0,1.0],"texture":"#4"},"up":{"uv":[0.0,0.0,1.0,1.0],"texture":"#4"},"down":{"uv":[0.0,0.0,1.0,1.0],"texture":"#4"}}},{"from":[7.26,1.94863,2.27],"to":[8.72,2.45137,2.37],"rotation":{"angle":0.0,"axis":"y","origin":[8.0,2.2,2.32]},"faces":{"north":{"uv":[0.0,0.0,1.0,1.0],"texture":"#4"},"south":{"uv":[0.0,0.0,1.0,1.0],"texture":"#4"},"east":{"uv":[0.0,0.0,1.0,1.0],"texture":"#4"},"west":{"uv":[0.0,0.0,1.0,1.0],"texture":"#4"},"up":{"uv":[0.0,0.0,1.0,1.0],"texture":"#4"},"down":{"uv":[0.0,0.0,1.0,1.0],"texture":"#4"}}},{"from":[7.26,1.94863,2.27],"to":[8.72,2.45137,2.37],"rotation":{"angle":22.5,"axis":"x","origin":[8.0,2.2,2.32]},"faces":{"north":{"uv":[0.0,0.0,1.0,1.0],"texture":"#4"},"south":{"uv":[0.0,0.0,1.0,1.0],"texture":"#4"},"east":{"uv":[0.0,0.0,1.0,1.0],"texture":"#4"},"west":{"uv":[0.0,0.0,1.0,1.0],"texture":"#4"},"up":{"uv":[0.0,0.0,1.0,1.0],"texture":"#4"},"down":{"uv":[0.0,0.0,1.0,1.0],"texture":"#4"}}},{"from":[7.27649,8.86539,6.98],"to":[7.44469,9.52539,8.84],"rotation":{"angle":0.0,"axis":"y","origin":[7.72059,9.37539,8.62]},"faces":{"north":{"uv":[0.0,0.0,1.0,1.0],"rotation":90,"texture":"#4"},"south":{"uv":[0.0,0.0,1.0,1.0],"rotation":270,"texture":"#4"},"east":{"uv":[0.0,0.0,1.0,1.0],"rotation":270,"texture":"#4"},"west":{"uv":[0.0,0.0,1.0,1.0],"rotation":270,"texture":"#4"},"up":{"uv":[0.0,0.0,1.0,1.0],"rotation":270,"texture":"#4"},"down":{"uv":[0.0,0.0,1.0,1.0],"rotation":270,"texture":"#4"}}},{"from":[7.90055,8.5,3.6],"to":[8.09946,8.56,15.8],"rotation":{"angle":-45.0,"axis":"z","origin":[8.0,9.0,8.8]},"faces":{"north":{"uv":[0.0,0.0,1.0,1.0],"texture":"#2"},"south":{"uv":[0.0,0.0,1.0,1.0],"texture":"#2"},"east":{"uv":[0.0,0.0,1.0,1.0],"texture":"#2"},"west":{"uv":[0.0,0.0,1.0,1.0],"texture":"#2"},"up":{"uv":[0.0,0.0,1.0,1.0],"texture":"#2"},"down":{"uv":[0.0,0.0,1.0,1.0],"texture":"#2"}}},{"from":[7.90055,8.5,3.6],"to":[8.09946,8.56,15.8],"rotation":{"angle":-22.5,"axis":"z","origin":[8.0,9.0,8.8]},"faces":{"north":{"uv":[0.0,0.0,1.0,1.0],"texture":"#2"},"south":{"uv":[0.0,0.0,1.0,1.0],"texture":"#2"},"east":{"uv":[0.0,0.0,1.0,1.0],"texture":"#2"},"west":{"uv":[0.0,0.0,1.0,1.0],"texture":"#2"},"up":{"uv":[0.0,0.0,1.0,1.0],"texture":"#2"},"down":{"uv":[0.0,0.0,1.0,1.0],"texture":"#2"}}},{"from":[7.90055,8.5,3.6],"to":[8.09946,8.56,15.8],"rotation":{"angle":0.0,"axis":"y","origin":[8.0,9.0,8.8]},"faces":{"north":{"uv":[0.0,0.0,1.0,1.0],"texture":"#2"},"south":{"uv":[0.0,0.0,1.0,1.0],"texture":"#2"},"east":{"uv":[0.0,0.0,1.0,1.0],"texture":"#2"},"west":{"uv":[0.0,0.0,1.0,1.0],"texture":"#2"},"up":{"uv":[0.0,0.0,1.0,1.0],"texture":"#2"},"down":{"uv":[0.0,0.0,1.0,1.0],"texture":"#2"}}},{"from":[7.90055,8.5,3.6],"to":[8.09946,8.56,15.8],"rotation":{"angle":22.5,"axis":"z","origin":[8.0,9.0,8.8]},"faces":{"north":{"uv":[0.0,0.0,1.0,1.0],"texture":"#2"},"south":{"uv":[0.0,0.0,1.0,1.0],"texture":"#2"},"east":{"uv":[0.0,0.0,1.0,1.0],"texture":"#2"},"west":{"uv":[0.0,0.0,1.0,1.0],"texture":"#2"},"up":{"uv":[0.0,0.0,1.0,1.0],"texture":"#2"},"down":{"uv":[0.0,0.0,1.0,1.0],"texture":"#2"}}},{"from":[7.90054,8.5,3.6],"to":[8.09946,8.55999,15.8],"rotation":{"angle":45.0,"axis":"z","origin":[8.0,9.0,8.8]},"faces":{"north":{"uv":[0.0,0.0,1.0,1.0],"texture":"#2"},"south":{"uv":[0.0,0.0,1.0,1.0],"texture":"#2"},"east":{"uv":[0.0,0.0,1.0,1.0],"texture":"#2"},"west":{"uv":[0.0,0.0,1.0,1.0],"texture":"#2"},"up":{"uv":[0.0,0.0,1.0,1.0],"texture":"#2"},"down":{"uv":[0.0,0.0,1.0,1.0],"texture":"#2"}}},{"from":[7.90055,9.44,3.6],"to":[8.09946,9.5,15.8],"rotation":{"angle":-45.0,"axis":"z","origin":[8.0,9.0,8.8]},"faces":{"north":{"uv":[0.0,0.0,1.0,1.0],"texture":"#2"},"south":{"uv":[0.0,0.0,1.0,1.0],"texture":"#2"},"east":{"uv":[0.0,0.0,1.0,1.0],"texture":"#2"},"west":{"uv":[0.0,0.0,1.0,1.0],"texture":"#2"},"up":{"uv":[0.0,0.0,1.0,1.0],"texture":"#2"},"down":{"uv":[0.0,0.0,1.0,1.0],"texture":"#2"}}},{"from":[7.90055,9.44,3.6],"to":[8.09946,9.5,15.8],"rotation":{"angle":-22.5,"axis":"z","origin":[8.0,9.0,8.8]},"faces":{"north":{"uv":[0.0,0.0,1.0,1.0],"texture":"#2"},"south":{"uv":[0.0,0.0,1.0,1.0],"texture":"#2"},"east":{"uv":[0.0,0.0,1.0,1.0],"texture":"#2"},"west":{"uv":[0.0,0.0,1.0,1.0],"texture":"#2"},"up":{"uv":[0.0,0.0,1.0,1.0],"texture":"#2"},"down":{"uv":[0.0,0.0,1.0,1.0],"texture":"#2"}}},{"from":[7.90054,9.44,5.6],"to":[8.09946,9.5,15.8],"rotation":{"angle":0.0,"axis":"y","origin":[8.0,9.0,8.8]},"faces":{"north":{"uv":[0.0,0.0,1.0,1.0],"texture":"#2"},"south":{"uv":[0.0,0.0,1.0,1.0],"texture":"#2"},"east":{"uv":[0.0,0.0,1.0,1.0],"texture":"#2"},"west":{"uv":[0.0,0.0,1.0,1.0],"texture":"#2"},"up":{"uv":[0.0,0.0,1.0,1.0],"texture":"#2"},"down":{"uv":[0.0,0.0,1.0,1.0],"texture":"#2"}}},{"from":[7.90054,9.44,5.6],"to":[8.09946,9.5,15.8],"rotation":{"angle":22.5,"axis":"z","origin":[8.0,9.0,8.8]},"faces":{"north":{"uv":[0.0,0.0,1.0,1.0],"texture":"#2"},"south":{"uv":[0.0,0.0,1.0,1.0],"texture":"#2"},"east":{"uv":[0.0,0.0,1.0,1.0],"texture":"#2"},"west":{"uv":[0.0,0.0,1.0,1.0],"texture":"#2"},"up":{"uv":[0.0,0.0,1.0,1.0],"texture":"#2"},"down":{"uv":[0.0,0.0,1.0,1.0],"texture":"#2"}}},{"from":[7.90054,9.44,5.6],"to":[8.09946,9.5,15.8],"rotation":{"angle":45.0,"axis":"z","origin":[8.0,9.0,8.8]},"faces":{"north":{"uv":[0.0,0.0,1.0,1.0],"texture":"#2"},"south":{"uv":[0.0,0.0,1.0,1.0],"texture":"#2"},"east":{"uv":[0.0,0.0,1.0,1.0],"texture":"#2"},"west":{"uv":[0.0,0.0,1.0,1.0],"texture":"#2"},"up":{"uv":[0.0,0.0,1.0,1.0],"texture":"#2"},"down":{"uv":[0.0,0.0,1.0,1.0],"texture":"#2"}}},{"from":[7.5,8.90054,5.6],"to":[7.56,9.09946,15.8],"rotation":{"angle":-22.5,"axis":"z","origin":[8.0,9.0,8.8]},"faces":{"north":{"uv":[0.0,0.0,1.0,1.0],"texture":"#2"},"south":{"uv":[0.0,0.0,1.0,1.0],"texture":"#2"},"east":{"uv":[0.0,0.0,1.0,1.0],"texture":"#2"},"west":{"uv":[0.0,0.0,1.0,1.0],"texture":"#2"},"up":{"uv":[0.0,0.0,1.0,1.0],"texture":"#2"},"down":{"uv":[0.0,0.0,1.0,1.0],"texture":"#2"}}},{"from":[7.5,8.90054,3.6],"to":[7.56,9.09946,4.1],"rotation":{"angle":-22.5,"axis":"z","origin":[8.0,9.0,6.8]},"faces":{"north":{"uv":[0.0,0.0,1.0,1.0],"texture":"#2"},"south":{"uv":[0.0,0.0,1.0,1.0],"texture":"#2"},"east":{"uv":[0.0,0.0,1.0,1.0],"texture":"#2"},"west":{"uv":[0.0,0.0,1.0,1.0],"texture":"#2"},"up":{"uv":[0.0,0.0,1.0,1.0],"texture":"#2"},"down":{"uv":[0.0,0.0,1.0,1.0],"texture":"#2"}}},{"from":[7.90054,9.44,3.6],"to":[8.09946,9.5,4.1],"rotation":{"angle":45.0,"axis":"z","origin":[8.0,9.0,6.8]},"faces":{"north":{"uv":[0.0,0.0,1.0,1.0],"texture":"#2"},"south":{"uv":[0.0,0.0,1.0,1.0],"texture":"#2"},"east":{"uv":[0.0,0.0,1.0,1.0],"texture":"#2"},"west":{"uv":[0.0,0.0,1.0,1.0],"texture":"#2"},"up":{"uv":[0.0,0.0,1.0,1.0],"texture":"#2"},"down":{"uv":[0.0,0.0,1.0,1.0],"texture":"#2"}}},{"from":[7.90054,9.44,3.6],"to":[8.09946,9.5,4.1],"rotation":{"angle":22.5,"axis":"z","origin":[8.0,9.0,6.8]},"faces":{"north":{"uv":[0.0,0.0,1.0,1.0],"texture":"#2"},"south":{"uv":[0.0,0.0,1.0,1.0],"texture":"#2"},"east":{"uv":[0.0,0.0,1.0,1.0],"texture":"#2"},"west":{"uv":[0.0,0.0,1.0,1.0],"texture":"#2"},"up":{"uv":[0.0,0.0,1.0,1.0],"texture":"#2"},"down":{"uv":[0.0,0.0,1.0,1.0],"texture":"#2"}}},{"from":[7.90054,9.44,3.6],"to":[8.09946,9.5,4.1],"rotation":{"angle":0.0,"axis":"y","origin":[8.0,9.0,6.8]},"faces":{"north":{"uv":[0.0,0.0,1.0,1.0],"texture":"#2"},"south":{"uv":[0.0,0.0,1.0,1.0],"texture":"#2"},"east":{"uv":[0.0,0.0,1.0,1.0],"texture":"#2"},"west":{"uv":[0.0,0.0,1.0,1.0],"texture":"#2"},"up":{"uv":[0.0,0.0,1.0,1.0],"texture":"#2"},"down":{"uv":[0.0,0.0,1.0,1.0],"texture":"#2"}}},{"from":[7.50001,8.90054,3.6],"to":[7.56,9.09946,15.8],"rotation":{"angle":0.0,"axis":"y","origin":[8.0,9.0,8.8]},"faces":{"north":{"uv":[0.0,0.0,1.0,1.0],"texture":"#2"},"south":{"uv":[0.0,0.0,1.0,1.0],"texture":"#2"},"east":{"uv":[0.0,0.0,1.0,1.0],"texture":"#2"},"west":{"uv":[0.0,0.0,1.0,1.0],"texture":"#2"},"up":{"uv":[0.0,0.0,1.0,1.0],"texture":"#2"},"down":{"uv":[0.0,0.0,1.0,1.0],"texture":"#2"}}},{"from":[7.50001,8.90054,3.6],"to":[7.56,9.09946,15.8],"rotation":{"angle":22.5,"axis":"z","origin":[8.0,9.0,8.8]},"faces":{"north":{"uv":[0.0,0.0,1.0,1.0],"texture":"#2"},"south":{"uv":[0.0,0.0,1.0,1.0],"texture":"#2"},"east":{"uv":[0.0,0.0,1.0,1.0],"texture":"#2"},"west":{"uv":[0.0,0.0,1.0,1.0],"texture":"#2"},"up":{"uv":[0.0,0.0,1.0,1.0],"texture":"#2"},"down":{"uv":[0.0,0.0,1.0,1.0],"texture":"#2"}}},{"from":[8.44001,8.90054,3.6],"to":[8.5,9.09946,15.8],"rotation":{"angle":-22.5,"axis":"z","origin":[8.0,9.0,8.8]},"faces":{"north":{"uv":[0.0,0.0,1.0,1.0],"texture":"#2"},"south":{"uv":[0.0,0.0,1.0,1.0],"texture":"#2"},"east":{"uv":[0.0,0.0,1.0,1.0],"texture":"#2"},"west":{"uv":[0.0,0.0,1.0,1.0],"texture":"#2"},"up":{"uv":[0.0,0.0,1.0,1.0],"texture":"#2"},"down":{"uv":[0.0,0.0,1.0,1.0],"texture":"#2"}}},{"from":[8.44001,8.90054,3.6],"to":[8.5,9.09946,15.8],"rotation":{"angle":0.0,"axis":"y","origin":[8.0,9.0,8.8]},"faces":{"north":{"uv":[0.0,0.0,1.0,1.0],"texture":"#2"},"south":{"uv":[0.0,0.0,1.0,1.0],"texture":"#2"},"east":{"uv":[0.0,0.0,1.0,1.0],"texture":"#2"},"west":{"uv":[0.0,0.0,1.0,1.0],"texture":"#2"},"up":{"uv":[0.0,0.0,1.0,1.0],"texture":"#2"},"down":{"uv":[0.0,0.0,1.0,1.0],"texture":"#2"}}},{"from":[8.44001,8.90054,3.6],"to":[8.5,9.09946,15.8],"rotation":{"angle":22.5,"axis":"z","origin":[8.0,9.0,8.8]},"faces":{"north":{"uv":[0.0,0.0,1.0,1.0],"texture":"#2"},"south":{"uv":[0.0,0.0,1.0,1.0],"texture":"#2"},"east":{"uv":[0.0,0.0,1.0,1.0],"texture":"#2"},"west":{"uv":[0.0,0.0,1.0,1.0],"texture":"#2"},"up":{"uv":[0.0,0.0,1.0,1.0],"texture":"#2"},"down":{"uv":[0.0,0.0,1.0,1.0],"texture":"#2"}}},{"from":[7.58137,9.45453,6.98],"to":[8.35137,9.86273,8.84],"rotation":{"angle":0.0,"axis":"y","origin":[8.20137,9.41863,8.62]},"faces":{"north":{"uv":[0.0,0.0,1.0,1.0],"texture":"#4"},"south":{"uv":[0.0,0.0,1.0,1.0],"texture":"#4"},"east":{"uv":[0.0,0.0,1.0,1.0],"texture":"#4"},"west":{"uv":[0.0,0.0,1.0,1.0],"texture":"#4"},"up":{"uv":[0.0,0.0,1.0,1.0],"texture":"#4"},"down":{"uv":[0.0,0.0,1.0,1.0],"texture":"#4"}}},{"from":[7.62274,9.43093,6.98],"to":[7.76274,9.83914,8.84],"rotation":{"angle":22.5,"axis":"z","origin":[7.61274,9.39504,8.62]},"faces":{"north":{"uv":[0.0,0.0,1.0,1.0],"texture":"#4"},"south":{"uv":[0.0,0.0,1.0,1.0],"texture":"#4"},"east":{"uv":[0.0,0.0,1.0,1.0],"texture":"#4"},"west":{"uv":[0.0,0.0,1.0,1.0],"texture":"#4"},"up":{"uv":[0.0,0.0,1.0,1.0],"texture":"#4"},"down":{"uv":[0.0,0.0,1.0,1.0],"texture":"#4"}}},{"from":[7.66998,9.42496,6.98],"to":[7.80998,9.83317,8.84],"rotation":{"angle":45.0,"axis":"z","origin":[7.65998,9.38907,8.62]},"faces":{"north":{"uv":[0.0,0.0,1.0,1.0],"texture":"#4"},"south":{"uv":[0.0,0.0,1.0,1.0],"texture":"#4"},"east":{"uv":[0.0,0.0,1.0,1.0],"texture":"#4"},"west":{"uv":[0.0,0.0,1.0,1.0],"texture":"#4"},"up":{"uv":[0.0,0.0,1.0,1.0],"texture":"#4"},"down":{"uv":[0.0,0.0,1.0,1.0],"texture":"#4"}}},{"from":[7.26182,9.35163,6.98],"to":[7.67002,9.55163,8.84],"rotation":{"angle":-22.5,"axis":"z","origin":[7.70592,9.40163,8.62]},"faces":{"north":{"uv":[0.0,0.0,1.0,1.0],"rotation":90,"texture":"#4"},"south":{"uv":[0.0,0.0,1.0,1.0],"rotation":270,"texture":"#4"},"east":{"uv":[0.0,0.0,1.0,1.0],"rotation":270,"texture":"#4"},"west":{"uv":[0.0,0.0,1.0,1.0],"rotation":270,"texture":"#4"},"up":{"uv":[0.0,0.0,1.0,1.0],"rotation":270,"texture":"#4"},"down":{"uv":[0.0,0.0,1.0,1.0],"rotation":270,"texture":"#4"}}},{"from":[7.5459,0.08,2.14],"to":[8.4541,1.8,5.11],"rotation":{"angle":22.5,"axis":"x","origin":[8.0,4.72,5.77]},"faces":{"north":{"uv":[0.0,0.0,1.0,1.0],"texture":"#2"},"south":{"uv":[0.0,0.0,1.0,1.0],"texture":"#2"},"east":{"uv":[0.0,0.0,1.0,1.0],"texture":"#2"},"west":{"uv":[0.0,0.0,1.0,1.0],"texture":"#2"},"up":{"uv":[0.0,0.0,1.0,1.0],"texture":"#2"},"down":{"uv":[0.0,0.0,1.0,1.0],"texture":"#2"}}},{"from":[7.4459,-0.16131,2.14715],"to":[8.5541,0.05869,5.51715],"rotation":{"angle":22.5,"axis":"x","origin":[8.0,4.97869,5.87715]},"faces":{"north":{"uv":[0.0,0.0,1.0,1.0],"texture":"#2"},"south":{"uv":[0.0,0.0,1.0,1.0],"texture":"#2"},"east":{"uv":[0.0,0.0,1.0,1.0],"texture":"#2"},"west":{"uv":[0.0,0.0,1.0,1.0],"texture":"#2"},"up":{"uv":[0.0,0.0,1.0,1.0],"texture":"#2"},"down":{"uv":[0.0,0.0,1.0,1.0],"texture":"#2"}}},{"from":[8.4559,8.92,2.35],"to":[8.7541,9.56,15.62],"rotation":{"angle":0.0,"axis":"y","origin":[8.0,9.41,8.62]},"faces":{"north":{"uv":[0.0,0.0,1.0,1.0],"texture":"#1"},"south":{"uv":[0.0,0.0,1.0,1.0],"texture":"#1"},"east":{"uv":[0.0,0.0,1.0,1.0],"texture":"#1"},"west":{"uv":[0.0,0.0,1.0,1.0],"texture":"#1"},"up":{"uv":[0.0,0.0,1.0,1.0],"texture":"#1"},"down":{"uv":[0.0,0.0,1.0,1.0],"texture":"#1"}}},{"from":[8.27736,9.64582,2.35],"to":[8.67736,9.84582,15.62],"rotation":{"angle":22.5,"axis":"z","origin":[8.93146,9.79582,8.62]},"faces":{"north":{"uv":[0.0,0.0,1.0,1.0],"texture":"#1"},"south":{"uv":[0.0,0.0,1.0,1.0],"texture":"#1"},"east":{"uv":[0.0,0.0,1.0,1.0],"texture":"#1"},"west":{"uv":[0.0,0.0,1.0,1.0],"texture":"#1"},"up":{"uv":[0.0,0.0,1.0,1.0],"texture":"#1"},"down":{"uv":[0.0,0.0,1.0,1.0],"texture":"#1"}}},{"from":[8.5259,8.54638,12.72975],"to":[8.7541,9.16638,13.09975],"rotation":{"angle":45.0,"axis":"x","origin":[8.64,8.76638,12.91475]},"faces":{"north":{"uv":[0.0,0.0,1.0,1.0],"texture":"#1"},"south":{"uv":[0.0,0.0,1.0,1.0],"texture":"#1"},"east":{"uv":[0.0,0.0,1.0,1.0],"texture":"#1"},"west":{"uv":[0.0,0.0,1.0,1.0],"texture":"#1"},"up":{"uv":[0.0,0.0,1.0,1.0],"texture":"#1"},"down":{"uv":[0.0,0.0,1.0,1.0],"texture":"#1"}}},{"from":[8.5259,8.48,2.2],"to":[8.7541,8.92,12.89],"rotation":{"angle":0.0,"axis":"y","origin":[8.0,8.97,5.89]},"faces":{"north":{"uv":[0.0,0.0,1.0,1.0],"texture":"#1"},"south":{"uv":[0.0,0.0,1.0,1.0],"texture":"#1"},"east":{"uv":[0.0,0.0,1.0,1.0],"texture":"#1"},"west":{"uv":[0.0,0.0,1.0,1.0],"texture":"#1"},"up":{"uv":[0.0,0.0,1.0,1.0],"texture":"#1"},"down":{"uv":[0.0,0.0,1.0,1.0],"texture":"#1"}}},{"from":[8.67189,9.14571,15.42],"to":[9.17189,9.4057,15.62],"rotation":{"angle":-45.0,"axis":"z","origin":[8.82189,9.95981,8.62]},"faces":{"north":{"uv":[0.0,0.0,1.0,1.0],"texture":"#1"},"south":{"uv":[0.0,0.0,1.0,1.0],"texture":"#1"},"east":{"uv":[0.0,0.0,1.0,1.0],"texture":"#1"},"west":{"uv":[0.0,0.0,1.0,1.0],"texture":"#1"},"up":{"uv":[0.0,0.0,1.0,1.0],"texture":"#1"},"down":{"uv":[0.0,0.0,1.0,1.0],"texture":"#1"}}},{"from":[8.67189,9.40571,2.35],"to":[8.87189,9.7057,15.62],"rotation":{"angle":-45.0,"axis":"z","origin":[8.82189,9.95981,8.62]},"faces":{"north":{"uv":[0.0,0.0,1.0,1.0],"texture":"#1"},"south":{"uv":[0.0,0.0,1.0,1.0],"texture":"#1"},"east":{"uv":[0.0,0.0,1.0,1.0],"texture":"#1"},"west":{"uv":[0.0,0.0,1.0,1.0],"texture":"#1"},"up":{"uv":[0.0,0.0,1.0,1.0],"texture":"#1"},"down":{"uv":[0.0,0.0,1.0,1.0],"texture":"#1"}}},{"from":[7.65137,9.45453,8.84],"to":[8.35137,9.96273,15.62],"rotation":{"angle":0.0,"axis":"y","origin":[8.20137,9.41863,8.62]},"faces":{"north":{"uv":[0.0,0.0,1.0,1.0],"texture":"#1"},"south":{"uv":[0.0,0.0,1.0,1.0],"texture":"#1"},"east":{"uv":[0.0,0.0,1.0,1.0],"texture":"#1"},"west":{"uv":[0.0,0.0,1.0,1.0],"texture":"#1"},"up":{"uv":[0.0,0.0,1.0,1.0],"texture":"#1"},"down":{"uv":[0.0,0.0,1.0,1.0],"texture":"#1"}}},{"from":[8.43719,9.48599,15.42],"to":[8.63719,9.88599,15.62],"rotation":{"angle":-22.5,"axis":"z","origin":[8.58719,10.14009,8.62]},"faces":{"north":{"uv":[0.0,0.0,1.0,1.0],"texture":"#1"},"south":{"uv":[0.0,0.0,1.0,1.0],"texture":"#1"},"east":{"uv":[0.0,0.0,1.0,1.0],"texture":"#1"},"west":{"uv":[0.0,0.0,1.0,1.0],"texture":"#1"},"up":{"uv":[0.0,0.0,1.0,1.0],"texture":"#1"},"down":{"uv":[0.0,0.0,1.0,1.0],"texture":"#1"}}},{"from":[7.35793,9.42426,8.84],"to":[7.55793,9.92426,15.62],"rotation":{"angle":22.5,"axis":"z","origin":[7.50793,10.17836,8.62]},"faces":{"north":{"uv":[0.0,0.0,1.0,1.0],"texture":"#1"},"south":{"uv":[0.0,0.0,1.0,1.0],"texture":"#1"},"east":{"uv":[0.0,0.0,1.0,1.0],"texture":"#1"},"west":{"uv":[0.0,0.0,1.0,1.0],"texture":"#1"},"up":{"uv":[0.0,0.0,1.0,1.0],"texture":"#1"},"down":{"uv":[0.0,0.0,1.0,1.0],"texture":"#1"}}},{"from":[7.09883,9.27642,8.84],"to":[7.29883,9.77642,15.62],"rotation":{"angle":45.0,"axis":"z","origin":[7.24883,10.03052,8.62]},"faces":{"north":{"uv":[0.0,0.0,1.0,1.0],"texture":"#1"},"south":{"uv":[0.0,0.0,1.0,1.0],"texture":"#1"},"east":{"uv":[0.0,0.0,1.0,1.0],"texture":"#1"},"west":{"uv":[0.0,0.0,1.0,1.0],"texture":"#1"},"up":{"uv":[0.0,0.0,1.0,1.0],"texture":"#1"},"down":{"uv":[0.0,0.0,1.0,1.0],"texture":"#1"}}},{"from":[7.2459,9.26,8.84],"to":[7.7459,9.46,15.62],"rotation":{"angle":-22.5,"axis":"z","origin":[8.0,9.41,8.62]},"faces":{"north":{"uv":[0.0,0.0,1.0,1.0],"texture":"#1"},"south":{"uv":[0.0,0.0,1.0,1.0],"texture":"#1"},"east":{"uv":[0.0,0.0,1.0,1.0],"texture":"#1"},"west":{"uv":[0.0,0.0,1.0,1.0],"texture":"#1"},"up":{"uv":[0.0,0.0,1.0,1.0],"texture":"#1"},"down":{"uv":[0.0,0.0,1.0,1.0],"texture":"#1"}}},{"from":[7.2459,8.92,8.84],"to":[7.5441,9.56,15.62],"rotation":{"angle":0.0,"axis":"y","origin":[6.72,9.41,8.62]},"faces":{"north":{"uv":[0.0,0.0,1.0,1.0],"texture":"#1"},"south":{"uv":[0.0,0.0,1.0,1.0],"texture":"#1"},"east":{"uv":[0.0,0.0,1.0,1.0],"texture":"#1"},"west":{"uv":[0.0,0.0,1.0,1.0],"texture":"#1"},"up":{"uv":[0.0,0.0,1.0,1.0],"texture":"#1"},"down":{"uv":[0.0,0.0,1.0,1.0],"texture":"#1"}}},{"from":[7.9659,9.64,8.82],"to":[8.1441,10.06,15.62],"rotation":{"angle":-45.0,"axis":"z","origin":[7.31,10.13,8.62]},"faces":{"north":{"uv":[0.0,0.0,1.0,1.0],"texture":"#1"},"south":{"uv":[0.0,0.0,1.0,1.0],"texture":"#1"},"east":{"uv":[0.0,0.0,1.0,1.0],"texture":"#1"},"west":{"uv":[0.0,0.0,1.0,1.0],"texture":"#1"},"up":{"uv":[0.0,0.0,1.0,1.0],"texture":"#1"},"down":{"uv":[0.0,0.0,1.0,1.0],"texture":"#1"}}},{"from":[7.2459,8.54638,12.72975],"to":[7.4741,9.16638,13.09975],"rotation":{"angle":45.0,"axis":"x","origin":[7.36,8.76638,12.91475]},"faces":{"north":{"uv":[0.0,0.0,1.0,1.0],"texture":"#1"},"south":{"uv":[0.0,0.0,1.0,1.0],"texture":"#1"},"east":{"uv":[0.0,0.0,1.0,1.0],"texture":"#1"},"west":{"uv":[0.0,0.0,1.0,1.0],"texture":"#1"},"up":{"uv":[0.0,0.0,1.0,1.0],"texture":"#1"},"down":{"uv":[0.0,0.0,1.0,1.0],"texture":"#1"}}},{"from":[7.2459,8.48,2.2],"to":[7.4741,8.92,12.89],"rotation":{"angle":0.0,"axis":"y","origin":[6.72,8.97,5.89]},"faces":{"north":{"uv":[0.0,0.0,1.0,1.0],"texture":"#1"},"south":{"uv":[0.0,0.0,1.0,1.0],"texture":"#1"},"east":{"uv":[0.0,0.0,1.0,1.0],"texture":"#1"},"west":{"uv":[0.0,0.0,1.0,1.0],"texture":"#1"},"up":{"uv":[0.0,0.0,1.0,1.0],"texture":"#1"},"down":{"uv":[0.0,0.0,1.0,1.0],"texture":"#1"}}},{"from":[7.90054,9.695,14.775],"to":[8.09946,10.065,15.235],"rotation":{"angle":45.0,"axis":"x","origin":[8.0,9.93,15.005]},"faces":{"north":{"uv":[0.0,0.0,1.0,1.0],"rotation":180,"texture":"#1"},"south":{"uv":[0.0,0.0,1.0,1.0],"texture":"#1"},"east":{"uv":[0.0,0.0,1.0,1.0],"rotation":90,"texture":"#1"},"west":{"uv":[0.0,0.0,1.0,1.0],"rotation":270,"texture":"#1"},"up":{"uv":[0.0,0.0,1.0,1.0],"texture":"#1"},"down":{"uv":[0.0,0.0,1.0,1.0],"rotation":180,"texture":"#1"}}},{"from":[8.43719,9.68599,2.35],"to":[8.63719,9.88599,15.42],"rotation":{"angle":-22.5,"axis":"z","origin":[8.58719,10.14009,8.62]},"faces":{"north":{"uv":[0.0,0.0,1.0,1.0],"texture":"#1"},"south":{"uv":[0.0,0.0,1.0,1.0],"texture":"#1"},"east":{"uv":[0.0,0.0,1.0,1.0],"texture":"#1"},"west":{"uv":[0.0,0.0,1.0,1.0],"texture":"#1"},"up":{"uv":[0.0,0.0,1.0,1.0],"texture":"#1"},"down":{"uv":[0.0,0.0,1.0,1.0],"texture":"#1"}}},{"from":[7.2459,9.06508,8.69992],"to":[7.5441,9.38508,8.98992],"rotation":{"angle":-45.0,"axis":"x","origin":[7.395,9.22508,8.84492]},"faces":{"north":{"uv":[0.0,0.0,1.0,1.0],"texture":"#1"},"south":{"uv":[0.0,0.0,1.0,1.0],"texture":"#1"},"east":{"uv":[0.0,0.0,1.0,1.0],"texture":"#1"},"west":{"uv":[0.0,0.0,1.0,1.0],"texture":"#1"},"up":{"uv":[0.0,0.0,1.0,1.0],"texture":"#1"},"down":{"uv":[0.0,0.0,1.0,1.0],"texture":"#1"}}},{"from":[7.2459,8.51,6.59],"to":[7.5441,8.83,6.88],"rotation":{"angle":45.0,"axis":"x","origin":[7.395,8.67,7.52]},"faces":{"north":{"uv":[0.0,0.0,1.0,1.0],"texture":"#1"},"south":{"uv":[0.0,0.0,1.0,1.0],"texture":"#1"},"east":{"uv":[0.0,0.0,1.0,1.0],"texture":"#1"},"west":{"uv":[0.0,0.0,1.0,1.0],"texture":"#1"},"up":{"uv":[0.0,0.0,1.0,1.0],"texture":"#1"},"down":{"uv":[0.0,0.0,1.0,1.0],"texture":"#1"}}},{"from":[7.2459,8.92,2.35],"to":[7.5441,9.56,6.98],"rotation":{"angle":0.0,"axis":"y","origin":[6.72,9.41,8.62]},"faces":{"north":{"uv":[0.0,0.0,1.0,1.0],"texture":"#1"},"south":{"uv":[0.0,0.0,1.0,1.0],"texture":"#1"},"east":{"uv":[0.0,0.0,1.0,1.0],"texture":"#1"},"west":{"uv":[0.0,0.0,1.0,1.0],"texture":"#1"},"up":{"uv":[0.0,0.0,1.0,1.0],"texture":"#1"},"down":{"uv":[0.0,0.0,1.0,1.0],"texture":"#1"}}},{"from":[7.2459,9.26,2.35],"to":[7.5459,9.46,6.98],"rotation":{"angle":-22.5,"axis":"z","origin":[8.0,9.41,8.62]},"faces":{"north":{"uv":[0.0,0.0,1.0,1.0],"texture":"#1"},"south":{"uv":[0.0,0.0,1.0,1.0],"texture":"#1"},"east":{"uv":[0.0,0.0,1.0,1.0],"texture":"#1"},"west":{"uv":[0.0,0.0,1.0,1.0],"texture":"#1"},"up":{"uv":[0.0,0.0,1.0,1.0],"texture":"#1"},"down":{"uv":[0.0,0.0,1.0,1.0],"texture":"#1"}}},{"from":[7.09883,9.47642,2.35],"to":[7.29883,9.77642,6.98],"rotation":{"angle":45.0,"axis":"z","origin":[7.24883,10.03052,8.62]},"faces":{"north":{"uv":[0.0,0.0,1.0,1.0],"texture":"#1"},"south":{"uv":[0.0,0.0,1.0,1.0],"texture":"#1"},"east":{"uv":[0.0,0.0,1.0,1.0],"texture":"#1"},"west":{"uv":[0.0,0.0,1.0,1.0],"texture":"#1"},"up":{"uv":[0.0,0.0,1.0,1.0],"texture":"#1"},"down":{"uv":[0.0,0.0,1.0,1.0],"texture":"#1"}}},{"from":[7.35793,9.72426,2.35],"to":[7.55793,9.92426,6.98],"rotation":{"angle":22.5,"axis":"z","origin":[7.50793,10.17836,8.62]},"faces":{"north":{"uv":[0.0,0.0,1.0,1.0],"texture":"#1"},"south":{"uv":[0.0,0.0,1.0,1.0],"texture":"#1"},"east":{"uv":[0.0,0.0,1.0,1.0],"texture":"#1"},"west":{"uv":[0.0,0.0,1.0,1.0],"texture":"#1"},"up":{"uv":[0.0,0.0,1.0,1.0],"texture":"#1"},"down":{"uv":[0.0,0.0,1.0,1.0],"texture":"#1"}}},{"from":[7.65137,9.75453,2.29],"to":[8.35137,9.96273,6.98],"rotation":{"angle":0.0,"axis":"y","origin":[8.20137,9.41863,8.62]},"faces":{"north":{"uv":[0.0,0.0,1.0,1.0],"texture":"#1"},"south":{"uv":[0.0,0.0,1.0,1.0],"texture":"#1"},"east":{"uv":[0.0,0.0,1.0,1.0],"texture":"#1"},"west":{"uv":[0.0,0.0,1.0,1.0],"texture":"#1"},"up":{"uv":[0.0,0.0,1.0,1.0],"texture":"#1"},"down":{"uv":[0.0,0.0,1.0,1.0],"texture":"#1"}}},{"from":[7.2359,8.62,4.74],"to":[8.7641,9.48,4.77],"rotation":{"angle":0.0,"axis":"y","origin":[8.01,8.73,1.77]},"faces":{"north":{"uv":[0.0,0.0,1.0,1.0],"texture":"#4"},"south":{"uv":[0.0,0.0,1.0,1.0],"texture":"#4"},"east":{"uv":[0.0,0.0,1.0,1.0],"texture":"#4"},"west":{"uv":[0.0,0.0,1.0,1.0],"texture":"#4"},"up":{"uv":[0.0,0.0,1.0,1.0],"texture":"#4"},"down":{"uv":[0.0,0.0,1.0,1.0],"texture":"#4"}}},{"from":[7.2359,8.62,4.62],"to":[8.7641,9.48,4.65],"rotation":{"angle":0.0,"axis":"y","origin":[8.01,8.73,1.65]},"faces":{"north":{"uv":[0.0,0.0,1.0,1.0],"texture":"#4"},"south":{"uv":[0.0,0.0,1.0,1.0],"texture":"#4"},"east":{"uv":[0.0,0.0,1.0,1.0],"texture":"#4"},"west":{"uv":[0.0,0.0,1.0,1.0],"texture":"#4"},"up":{"uv":[0.0,0.0,1.0,1.0],"texture":"#4"},"down":{"uv":[0.0,0.0,1.0,1.0],"texture":"#4"}}},{"from":[7.2359,8.62,4.5],"to":[8.7641,9.48,4.53],"rotation":{"angle":0.0,"axis":"y","origin":[8.01,8.73,1.53]},"faces":{"north":{"uv":[0.0,0.0,1.0,1.0],"texture":"#4"},"south":{"uv":[0.0,0.0,1.0,1.0],"texture":"#4"},"east":{"uv":[0.0,0.0,1.0,1.0],"texture":"#4"},"west":{"uv":[0.0,0.0,1.0,1.0],"texture":"#4"},"up":{"uv":[0.0,0.0,1.0,1.0],"texture":"#4"},"down":{"uv":[0.0,0.0,1.0,1.0],"texture":"#4"}}},{"from":[7.2359,8.62,4.38],"to":[8.7641,9.48,4.41],"rotation":{"angle":0.0,"axis":"y","origin":[8.01,8.73,1.41]},"faces":{"north":{"uv":[0.0,0.0,1.0,1.0],"texture":"#4"},"south":{"uv":[0.0,0.0,1.0,1.0],"texture":"#4"},"east":{"uv":[0.0,0.0,1.0,1.0],"texture":"#4"},"west":{"uv":[0.0,0.0,1.0,1.0],"texture":"#4"},"up":{"uv":[0.0,0.0,1.0,1.0],"texture":"#4"},"down":{"uv":[0.0,0.0,1.0,1.0],"texture":"#4"}}},{"from":[7.2359,8.62,4.26],"to":[8.7641,9.48,4.29],"rotation":{"angle":0.0,"axis":"y","origin":[8.01,8.73,1.29]},"faces":{"north":{"uv":[0.0,0.0,1.0,1.0],"texture":"#4"},"south":{"uv":[0.0,0.0,1.0,1.0],"texture":"#4"},"east":{"uv":[0.0,0.0,1.0,1.0],"texture":"#4"},"west":{"uv":[0.0,0.0,1.0,1.0],"texture":"#4"},"up":{"uv":[0.0,0.0,1.0,1.0],"texture":"#4"},"down":{"uv":[0.0,0.0,1.0,1.0],"texture":"#4"}}},{"from":[7.2359,8.62,4.14],"to":[8.7641,9.48,4.17],"rotation":{"angle":0.0,"axis":"y","origin":[8.01,8.73,1.17]},"faces":{"north":{"uv":[0.0,0.0,1.0,1.0],"texture":"#4"},"south":{"uv":[0.0,0.0,1.0,1.0],"texture":"#4"},"east":{"uv":[0.0,0.0,1.0,1.0],"texture":"#4"},"west":{"uv":[0.0,0.0,1.0,1.0],"texture":"#4"},"up":{"uv":[0.0,0.0,1.0,1.0],"texture":"#4"},"down":{"uv":[0.0,0.0,1.0,1.0],"texture":"#4"}}},{"from":[7.2359,8.62,4.02],"to":[8.7641,9.48,4.05],"rotation":{"angle":0.0,"axis":"y","origin":[8.01,8.73,1.05]},"faces":{"north":{"uv":[0.0,0.0,1.0,1.0],"texture":"#4"},"south":{"uv":[0.0,0.0,1.0,1.0],"texture":"#4"},"east":{"uv":[0.0,0.0,1.0,1.0],"texture":"#4"},"west":{"uv":[0.0,0.0,1.0,1.0],"texture":"#4"},"up":{"uv":[0.0,0.0,1.0,1.0],"texture":"#4"},"down":{"uv":[0.0,0.0,1.0,1.0],"texture":"#4"}}},{"from":[7.2359,8.62,3.9],"to":[8.7641,9.48,3.93],"rotation":{"angle":0.0,"axis":"y","origin":[8.01,8.73,0.93]},"faces":{"north":{"uv":[0.0,0.0,1.0,1.0],"texture":"#4"},"south":{"uv":[0.0,0.0,1.0,1.0],"texture":"#4"},"east":{"uv":[0.0,0.0,1.0,1.0],"texture":"#4"},"west":{"uv":[0.0,0.0,1.0,1.0],"texture":"#4"},"up":{"uv":[0.0,0.0,1.0,1.0],"texture":"#4"},"down":{"uv":[0.0,0.0,1.0,1.0],"texture":"#4"}}},{"from":[7.2359,8.62,3.78],"to":[8.7641,9.48,3.81],"rotation":{"angle":0.0,"axis":"y","origin":[8.01,8.73,0.81]},"faces":{"north":{"uv":[0.0,0.0,1.0,1.0],"texture":"#4"},"south":{"uv":[0.0,0.0,1.0,1.0],"texture":"#4"},"east":{"uv":[0.0,0.0,1.0,1.0],"texture":"#4"},"west":{"uv":[0.0,0.0,1.0,1.0],"texture":"#4"},"up":{"uv":[0.0,0.0,1.0,1.0],"texture":"#4"},"down":{"uv":[0.0,0.0,1.0,1.0],"texture":"#4"}}},{"from":[7.2359,8.62,3.66],"to":[8.7641,9.48,3.69],"rotation":{"angle":0.0,"axis":"y","origin":[8.01,8.73,0.69]},"faces":{"north":{"uv":[0.0,0.0,1.0,1.0],"texture":"#4"},"south":{"uv":[0.0,0.0,1.0,1.0],"texture":"#4"},"east":{"uv":[0.0,0.0,1.0,1.0],"texture":"#4"},"west":{"uv":[0.0,0.0,1.0,1.0],"texture":"#4"},"up":{"uv":[0.0,0.0,1.0,1.0],"texture":"#4"},"down":{"uv":[0.0,0.0,1.0,1.0],"texture":"#4"}}},{"from":[7.2359,8.62,3.54],"to":[8.7641,9.48,3.57],"rotation":{"angle":0.0,"axis":"y","origin":[8.01,8.73,0.57]},"faces":{"north":{"uv":[0.0,0.0,1.0,1.0],"texture":"#4"},"south":{"uv":[0.0,0.0,1.0,1.0],"texture":"#4"},"east":{"uv":[0.0,0.0,1.0,1.0],"texture":"#4"},"west":{"uv":[0.0,0.0,1.0,1.0],"texture":"#4"},"up":{"uv":[0.0,0.0,1.0,1.0],"texture":"#4"},"down":{"uv":[0.0,0.0,1.0,1.0],"texture":"#4"}}},{"from":[7.2359,8.62,3.42],"to":[8.7641,9.48,3.45],"rotation":{"angle":0.0,"axis":"y","origin":[8.01,8.73,0.45]},"faces":{"north":{"uv":[0.0,0.0,1.0,1.0],"texture":"#4"},"south":{"uv":[0.0,0.0,1.0,1.0],"texture":"#4"},"east":{"uv":[0.0,0.0,1.0,1.0],"texture":"#4"},"west":{"uv":[0.0,0.0,1.0,1.0],"texture":"#4"},"up":{"uv":[0.0,0.0,1.0,1.0],"texture":"#4"},"down":{"uv":[0.0,0.0,1.0,1.0],"texture":"#4"}}},{"from":[8.4541,8.95,2.17],"to":[8.7541,9.45,2.7],"rotation":{"angle":0.0,"axis":"y","origin":[9.0082,9.4,8.44]},"faces":{"north":{"uv":[0.0,0.0,1.0,1.0],"texture":"#1"},"south":{"uv":[0.0,0.0,1.0,1.0],"texture":"#1"},"east":{"uv":[0.0,0.0,1.0,1.0],"texture":"#1"},"west":{"uv":[0.0,0.0,1.0,1.0],"texture":"#1"},"up":{"uv":[0.0,0.0,1.0,1.0],"texture":"#1"},"down":{"uv":[0.0,0.0,1.0,1.0],"texture":"#1"}}},{"from":[8.2541,7.11461,1.83806],"to":[8.7541,7.74018,2.05186],"rotation":{"angle":22.5,"axis":"x","origin":[8.0,7.42494,5.55806]},"faces":{"north":{"uv":[0.0,0.0,1.0,1.0],"texture":"#1"},"south":{"uv":[0.0,0.0,1.0,1.0],"texture":"#1"},"east":{"uv":[0.0,0.0,1.0,1.0],"texture":"#1"},"west":{"uv":[0.0,0.0,1.0,1.0],"texture":"#1"},"up":{"uv":[0.0,0.0,1.0,1.0],"texture":"#1"},"down":{"uv":[0.0,0.0,1.0,1.0],"texture":"#1"}}},{"from":[8.2541,8.95,2.17],"to":[8.4541,9.78,2.7],"rotation":{"angle":0.0,"axis":"y","origin":[9.0082,9.28,8.44]},"faces":{"north":{"uv":[0.0,0.0,1.0,1.0],"texture":"#1"},"south":{"uv":[0.0,0.0,1.0,1.0],"texture":"#1"},"east":{"uv":[0.0,0.0,1.0,1.0],"texture":"#1"},"west":{"uv":[0.0,0.0,1.0,1.0],"texture":"#1"},"up":{"uv":[0.0,0.0,1.0,1.0],"texture":"#1"},"down":{"uv":[0.0,0.0,1.0,1.0],"texture":"#1"}}},{"from":[8.27736,9.53582,2.17],"to":[8.67736,9.73582,2.7],"rotation":{"angle":22.5,"axis":"z","origin":[8.93146,9.68582,8.44]},"faces":{"north":{"uv":[0.0,0.0,1.0,1.0],"texture":"#1"},"south":{"uv":[0.0,0.0,1.0,1.0],"texture":"#1"},"east":{"uv":[0.0,0.0,1.0,1.0],"texture":"#1"},"west":{"uv":[0.0,0.0,1.0,1.0],"texture":"#1"},"up":{"uv":[0.0,0.0,1.0,1.0],"texture":"#1"},"down":{"uv":[0.0,0.0,1.0,1.0],"texture":"#1"}}},{"from":[8.67189,9.19571,2.17],"to":[8.87189,9.59571,2.7],"rotation":{"angle":-45.0,"axis":"z","origin":[8.82189,9.84981,8.44]},"faces":{"north":{"uv":[0.0,0.0,1.0,1.0],"texture":"#1"},"south":{"uv":[0.0,0.0,1.0,1.0],"texture":"#1"},"east":{"uv":[0.0,0.0,1.0,1.0],"texture":"#1"},"west":{"uv":[0.0,0.0,1.0,1.0],"texture":"#1"},"up":{"uv":[0.0,0.0,1.0,1.0],"texture":"#1"},"down":{"uv":[0.0,0.0,1.0,1.0],"texture":"#1"}}},{"from":[8.43719,9.52599,2.17],"to":[8.63719,9.77599,2.7],"rotation":{"angle":-22.5,"axis":"z","origin":[8.58719,10.03009,8.44]},"faces":{"north":{"uv":[0.0,0.0,1.0,1.0],"texture":"#1"},"south":{"uv":[0.0,0.0,1.0,1.0],"texture":"#1"},"east":{"uv":[0.0,0.0,1.0,1.0],"texture":"#1"},"west":{"uv":[0.0,0.0,1.0,1.0],"texture":"#1"},"up":{"uv":[0.0,0.0,1.0,1.0],"texture":"#1"},"down":{"uv":[0.0,0.0,1.0,1.0],"texture":"#1"}}},{"from":[7.65137,9.88356,2.2815],"to":[8.35137,9.97469,2.44413],"rotation":{"angle":-45.0,"axis":"x","origin":[8.00137,9.78266,2.3815]},"faces":{"north":{"uv":[0.0,0.0,1.0,1.0],"texture":"#1"},"south":{"uv":[0.0,0.0,1.0,1.0],"texture":"#1"},"east":{"uv":[0.0,0.0,1.0,1.0],"texture":"#1"},"west":{"uv":[0.0,0.0,1.0,1.0],"texture":"#1"},"up":{"uv":[0.0,0.0,1.0,1.0],"texture":"#1"},"down":{"uv":[0.0,0.0,1.0,1.0],"texture":"#1"}}},{"from":[8.25054,9.645,2.495],"to":[8.44946,10.155,2.955],"rotation":{"angle":45.0,"axis":"x","origin":[8.35,9.92,2.725]},"faces":{"north":{"uv":[0.0,0.0,1.0,1.0],"rotation":180,"texture":"#1"},"south":{"uv":[0.0,0.0,1.0,1.0],"texture":"#1"},"east":{"uv":[0.0,0.0,1.0,1.0],"rotation":90,"texture":"#1"},"west":{"uv":[0.0,0.0,1.0,1.0],"rotation":270,"texture":"#1"},"up":{"uv":[0.0,0.0,1.0,1.0],"texture":"#1"},"down":{"uv":[0.0,0.0,1.0,1.0],"rotation":180,"texture":"#1"}}},{"from":[7.55054,9.625,2.495],"to":[7.74946,10.155,2.955],"rotation":{"angle":45.0,"axis":"x","origin":[7.65,9.92,2.725]},"faces":{"north":{"uv":[0.0,0.0,1.0,1.0],"rotation":180,"texture":"#1"},"south":{"uv":[0.0,0.0,1.0,1.0],"texture":"#1"},"east":{"uv":[0.0,0.0,1.0,1.0],"rotation":90,"texture":"#1"},"west":{"uv":[0.0,0.0,1.0,1.0],"rotation":270,"texture":"#1"},"up":{"uv":[0.0,0.0,1.0,1.0],"texture":"#1"},"down":{"uv":[0.0,0.0,1.0,1.0],"rotation":180,"texture":"#1"}}},{"from":[7.35793,9.56426,2.17],"to":[7.55793,9.81426,2.7],"rotation":{"angle":22.5,"axis":"z","origin":[7.50793,10.06836,8.44]},"faces":{"north":{"uv":[0.0,0.0,1.0,1.0],"texture":"#1"},"south":{"uv":[0.0,0.0,1.0,1.0],"texture":"#1"},"east":{"uv":[0.0,0.0,1.0,1.0],"texture":"#1"},"west":{"uv":[0.0,0.0,1.0,1.0],"texture":"#1"},"up":{"uv":[0.0,0.0,1.0,1.0],"texture":"#1"},"down":{"uv":[0.0,0.0,1.0,1.0],"texture":"#1"}}},{"from":[7.54863,8.95,2.17],"to":[7.74863,9.78,2.7],"rotation":{"angle":0.0,"axis":"y","origin":[8.30273,9.28,8.44]},"faces":{"north":{"uv":[0.0,0.0,1.0,1.0],"texture":"#1"},"south":{"uv":[0.0,0.0,1.0,1.0],"texture":"#1"},"east":{"uv":[0.0,0.0,1.0,1.0],"texture":"#1"},"west":{"uv":[0.0,0.0,1.0,1.0],"texture":"#1"},"up":{"uv":[0.0,0.0,1.0,1.0],"texture":"#1"},"down":{"uv":[0.0,0.0,1.0,1.0],"texture":"#1"}}},{"from":[7.10156,9.26642,2.17],"to":[7.30156,9.66642,2.7],"rotation":{"angle":45.0,"axis":"z","origin":[7.25156,9.92052,8.44]},"faces":{"north":{"uv":[0.0,0.0,1.0,1.0],"texture":"#1"},"south":{"uv":[0.0,0.0,1.0,1.0],"texture":"#1"},"east":{"uv":[0.0,0.0,1.0,1.0],"texture":"#1"},"west":{"uv":[0.0,0.0,1.0,1.0],"texture":"#1"},"up":{"uv":[0.0,0.0,1.0,1.0],"texture":"#1"},"down":{"uv":[0.0,0.0,1.0,1.0],"texture":"#1"}}},{"from":[7.24863,9.15,2.17],"to":[7.64863,9.35,2.7],"rotation":{"angle":-22.5,"axis":"z","origin":[8.00273,9.3,8.44]},"faces":{"north":{"uv":[0.0,0.0,1.0,1.0],"texture":"#1"},"south":{"uv":[0.0,0.0,1.0,1.0],"texture":"#1"},"east":{"uv":[0.0,0.0,1.0,1.0],"texture":"#1"},"west":{"uv":[0.0,0.0,1.0,1.0],"texture":"#1"},"up":{"uv":[0.0,0.0,1.0,1.0],"texture":"#1"},"down":{"uv":[0.0,0.0,1.0,1.0],"texture":"#1"}}},{"from":[7.24863,8.95,2.17],"to":[7.54863,9.45,2.7],"rotation":{"angle":0.0,"axis":"y","origin":[7.80273,9.4,8.44]},"faces":{"north":{"uv":[0.0,0.0,1.0,1.0],"texture":"#1"},"south":{"uv":[0.0,0.0,1.0,1.0],"texture":"#1"},"east":{"uv":[0.0,0.0,1.0,1.0],"texture":"#1"},"west":{"uv":[0.0,0.0,1.0,1.0],"texture":"#1"},"up":{"uv":[0.0,0.0,1.0,1.0],"texture":"#1"},"down":{"uv":[0.0,0.0,1.0,1.0],"texture":"#1"}}},{"from":[7.2459,7.11462,1.83805],"to":[7.7459,7.74018,2.05186],"rotation":{"angle":22.5,"axis":"x","origin":[7.6918,7.42494,5.55805]},"faces":{"north":{"uv":[0.0,0.0,1.0,1.0],"texture":"#1"},"south":{"uv":[0.0,0.0,1.0,1.0],"texture":"#1"},"east":{"uv":[0.0,0.0,1.0,1.0],"texture":"#1"},"west":{"uv":[0.0,0.0,1.0,1.0],"texture":"#1"},"up":{"uv":[0.0,0.0,1.0,1.0],"texture":"#1"},"down":{"uv":[0.0,0.0,1.0,1.0],"texture":"#1"}}},{"from":[7.7459,7.11461,1.83806],"to":[8.2541,7.24018,2.05186],"rotation":{"angle":22.5,"axis":"x","origin":[8.0,7.42494,5.55806]},"faces":{"north":{"uv":[0.0,0.0,1.0,1.0],"texture":"#1"},"south":{"uv":[0.0,0.0,1.0,1.0],"texture":"#1"},"east":{"uv":[0.0,0.0,1.0,1.0],"texture":"#1"},"west":{"uv":[0.0,0.0,1.0,1.0],"texture":"#1"},"up":{"uv":[0.0,0.0,1.0,1.0],"texture":"#1"},"down":{"uv":[0.0,0.0,1.0,1.0],"texture":"#1"}}},{"from":[7.65136,9.75273,2.17],"to":[8.35137,9.85274,2.7],"rotation":{"angle":0.0,"axis":"z","origin":[8.30137,10.10683,8.44]},"faces":{"north":{"uv":[0.0,0.0,1.0,1.0],"texture":"#1"},"south":{"uv":[0.0,0.0,1.0,1.0],"texture":"#1"},"east":{"uv":[0.0,0.0,1.0,1.0],"texture":"#1"},"west":{"uv":[0.0,0.0,1.0,1.0],"texture":"#1"},"up":{"uv":[0.0,0.0,1.0,1.0],"texture":"#1"},"down":{"uv":[0.0,0.0,1.0,1.0],"texture":"#1"}}},{"from":[7.2459,8.92,6.98],"to":[7.5441,9.24,8.84],"rotation":{"angle":0.0,"axis":"y","origin":[6.72,9.41,6.76]},"faces":{"north":{"uv":[0.0,0.0,1.0,1.0],"texture":"#1"},"south":{"uv":[0.0,0.0,1.0,1.0],"texture":"#1"},"east":{"uv":[0.0,0.0,1.0,1.0],"texture":"#1"},"west":{"uv":[0.0,0.0,1.0,1.0],"texture":"#1"},"up":{"uv":[0.0,0.0,1.0,1.0],"texture":"#1"},"down":{"uv":[0.0,0.0,1.0,1.0],"texture":"#1"}}},{"from":[8.02137,9.45453,6.98],"to":[8.35137,9.96273,8.84],"rotation":{"angle":0.0,"axis":"y","origin":[8.20137,9.41863,11.85]},"faces":{"north":{"uv":[0.0,0.0,1.0,1.0],"texture":"#1"},"south":{"uv":[0.0,0.0,1.0,1.0],"texture":"#1"},"east":{"uv":[0.0,0.0,1.0,1.0],"texture":"#1"},"west":{"uv":[0.0,0.0,1.0,1.0],"texture":"#1"},"up":{"uv":[0.0,0.0,1.0,1.0],"texture":"#1"},"down":{"uv":[0.0,0.0,1.0,1.0],"texture":"#1"}}},{"from":[-16.0,-16.0,-15.99],"to":[32.0,32.0,-15.99],"faces":{"north":{"uv":[0.0,0.0,16.0,16.0],"texture":"#icon_background"}}},{"from":[-16.0,-16.0,-16.0],"to":[32.0,32.0,-16.0],"faces":{"north":{"uv":[0.0,0.0,16.0,16.0],"texture":"#icon"}}}],"display":{"firstperson_lefthand":{"rotation":[0.0,0.0,0.0],"translation":[0.0,0.0,0.0],"scale":[0.0,0.0,0.0]},"firstperson_righthand":{"rotation":[0.0,180.0,0.0],"translation":[-2.0,13.35,0.0],"scale":[1.0,1.0,1.0]},"thirdperson_lefthand":{"rotation":[0.0,0.0,0.0],"translation":[0.0,0.0,0.0],"scale":[0.0,0.0,0.0]},"thirdperson_righthand":{"rotation":[0.0,0.0,0.0],"translation":[0.0,0.0,0.0],"scale":[0.0,0.0,0.0]},"gui":{"rotation":[0.0,-180.0,0.0],"translation":[0.0,0.0,0.0],"scale":[0.333,0.333,0.333]}},"gui_light":"front"}