{"textures":{"o0":"generated/f","o1":"generated/25","o2":"generated/26","o3":"gun/player_skin_slim","o4":"gun/player_skin","o5":"generated/20","o6":"generated/12","o7":"generated/e","o8":"generated/27","o9":"generated/9","o11":"generated/d","o10":"generated/f","icon":"generated/2d","icon_background":"generated/2a"},"elements":[{"from":[4.0833,1.3375,0.83899],"to":[20.0833,5.3375,4.83899],"rotation":{"angle":-45.0,"axis":"y","origin":[10.0833,6.0375,0.83899]},"faces":{"north":{"uv":[10.0,13.0,11.0,16.0],"rotation":90,"texture":"#o4"},"south":{"uv":[8.0,13.0,9.0,16.0],"rotation":270,"texture":"#o4"},"east":{"uv":[10.0,12.0,11.0,13.0],"texture":"#o4"},"west":{"uv":[10.0,13.0,9.0,12.0],"texture":"#o4"},"up":{"uv":[9.0,13.0,10.0,16.0],"rotation":270,"texture":"#o4"},"down":{"uv":[11.0,13.0,12.0,16.0],"rotation":270,"texture":"#o4"}}},{"from":[3.23633,1.2375,0.51169],"to":[21.63633,5.8375,4.96169],"rotation":{"angle":-45.0,"axis":"y","origin":[10.13633,6.6425,0.36169]},"faces":{"north":{"uv":[14.0,13.0,15.0,16.0],"rotation":90,"texture":"#o4"},"south":{"uv":[12.0,13.0,13.0,16.0],"rotation":270,"texture":"#o4"},"east":{"uv":[14.0,12.0,15.0,13.0],"rotation":270,"texture":"#o4"},"west":{"uv":[14.0,13.0,13.0,12.0],"texture":"#o4"},"up":{"uv":[13.0,13.0,14.0,16.0],"rotation":270,"texture":"#o4"},"down":{"uv":[15.0,13.0,16.0,16.0],"rotation":270,"texture":"#o4"}}},{"from":[10.06874,6.0246,7.37129],"to":[16.51874,6.5406,8.59145],"rotation":{"angle":0.0,"axis":"y","origin":[12.69174,6.0246,7.98137]},"faces":{"north":{"uv":[1.0,1.0,2.0,2.0],"texture":"#o0"},"south":{"uv":[1.0,1.0,2.0,2.0],"texture":"#o0"},"east":{"uv":[1.0,1.0,2.0,2.0],"texture":"#o0"},"west":{"uv":[1.0,1.0,2.0,2.0],"texture":"#o0"},"up":{"uv":[1.0,1.0,2.0,2.0],"rotation":90,"texture":"#o0"},"down":{"uv":[0.0,0.0,0.0,0.0],"texture":"#o0"}}},{"from":[13.33674,5.3366,7.62929],"to":[13.93874,5.7666,8.33345],"rotation":{"angle":0.0,"axis":"y","origin":[12.69174,6.0246,7.98137]},"faces":{"north":{"uv":[1.0,1.0,2.0,2.0],"texture":"#o0"},"south":{"uv":[1.0,1.0,2.0,2.0],"texture":"#o0"},"east":{"uv":[1.0,1.0,2.0,2.0],"texture":"#o0"},"west":{"uv":[0.0,0.0,0.0,0.0],"texture":"#o0"},"up":{"uv":[0.0,0.0,0.0,0.0],"texture":"#o0"},"down":{"uv":[1.0,1.0,2.0,2.0],"rotation":270,"texture":"#o0"}}},{"from":[16.51874,5.5086,7.37129],"to":[16.69074,6.5406,8.59145],"rotation":{"angle":0.0,"axis":"y","origin":[12.69174,6.0246,7.98137]},"faces":{"north":{"uv":[1.0,1.0,2.0,2.0],"texture":"#o0"},"south":{"uv":[1.0,1.0,2.0,2.0],"texture":"#o0"},"east":{"uv":[1.0,1.0,2.0,2.0],"texture":"#o0"},"west":{"uv":[1.0,1.0,2.0,2.0],"texture":"#o0"},"up":{"uv":[1.0,1.0,2.0,2.0],"rotation":90,"texture":"#o0"},"down":{"uv":[1.0,1.0,2.0,2.0],"rotation":270,"texture":"#o0"}}},{"from":[10.06874,5.67825,7.71763],"to":[16.51874,6.02225,8.24511],"rotation":{"angle":0.0,"axis":"y","origin":[12.69174,6.96825,7.63502]},"faces":{"north":{"uv":[0.0,0.0,0.0,0.0],"texture":"#o0"},"south":{"uv":[0.0,0.0,0.0,0.0],"texture":"#o0"},"east":{"uv":[0.0,0.0,0.0,0.0],"texture":"#o0"},"west":{"uv":[1.0,1.0,2.0,2.0],"texture":"#o0"},"up":{"uv":[0.0,0.0,0.0,0.0],"texture":"#o0"},"down":{"uv":[1.0,1.0,2.0,2.0],"rotation":270,"texture":"#o0"}}},{"from":[10.06874,6.12535,7.52231],"to":[16.51874,6.29735,7.96848],"rotation":{"angle":-22.5,"axis":"x","origin":[12.69174,5.78135,8.13239]},"faces":{"north":{"uv":[1.0,1.0,2.0,2.0],"texture":"#o0"},"south":{"uv":[0.0,0.0,0.0,0.0],"texture":"#o0"},"east":{"uv":[0.0,0.0,0.0,0.0],"texture":"#o0"},"west":{"uv":[1.0,1.0,2.0,2.0],"texture":"#o0"},"up":{"uv":[0.0,0.0,0.0,0.0],"texture":"#o0"},"down":{"uv":[0.0,0.0,0.0,0.0],"texture":"#o0"}}},{"from":[10.06874,6.27622,7.62328],"to":[16.51874,6.44822,8.06945],"rotation":{"angle":-45.0,"axis":"x","origin":[12.69174,5.93222,8.23337]},"faces":{"north":{"uv":[1.0,1.0,2.0,2.0],"texture":"#o0"},"south":{"uv":[0.0,0.0,0.0,0.0],"texture":"#o0"},"east":{"uv":[0.0,0.0,0.0,0.0],"texture":"#o0"},"west":{"uv":[1.0,1.0,2.0,2.0],"texture":"#o0"},"up":{"uv":[0.0,0.0,0.0,0.0],"texture":"#o0"},"down":{"uv":[0.0,0.0,0.0,0.0],"texture":"#o0"}}},{"from":[10.06874,5.50016,7.75292],"to":[16.51874,5.94633,7.92492],"rotation":{"angle":22.5,"axis":"x","origin":[12.69174,6.11025,8.26892]},"faces":{"north":{"uv":[0.0,0.0,0.0,0.0],"texture":"#o0"},"south":{"uv":[0.0,0.0,0.0,0.0],"texture":"#o0"},"east":{"uv":[0.0,0.0,0.0,0.0],"texture":"#o0"},"west":{"uv":[1.0,1.0,2.0,2.0],"rotation":270,"texture":"#o0"},"up":{"uv":[0.0,0.0,0.0,0.0],"texture":"#o0"},"down":{"uv":[1.0,1.0,2.0,2.0],"rotation":180,"texture":"#o0"}}},{"from":[10.06874,6.27622,7.89329],"to":[16.51874,6.44822,8.33946],"rotation":{"angle":45.0,"axis":"x","origin":[12.69174,5.93222,7.72937]},"faces":{"north":{"uv":[0.0,0.0,0.0,0.0],"texture":"#o0"},"south":{"uv":[2.0,1.0,1.0,2.0],"texture":"#o0"},"east":{"uv":[0.0,0.0,0.0,0.0],"texture":"#o0"},"west":{"uv":[2.0,1.0,1.0,2.0],"texture":"#o0"},"up":{"uv":[0.0,0.0,0.0,0.0],"texture":"#o0"},"down":{"uv":[0.0,0.0,0.0,0.0],"texture":"#o0"}}},{"from":[10.06874,6.12535,7.99426],"to":[16.51874,6.29735,8.44043],"rotation":{"angle":22.5,"axis":"x","origin":[12.69174,5.78135,7.83035]},"faces":{"north":{"uv":[0.0,0.0,0.0,0.0],"texture":"#o0"},"south":{"uv":[2.0,1.0,1.0,2.0],"texture":"#o0"},"east":{"uv":[0.0,0.0,0.0,0.0],"texture":"#o0"},"west":{"uv":[2.0,1.0,1.0,2.0],"texture":"#o0"},"up":{"uv":[0.0,0.0,0.0,0.0],"texture":"#o0"},"down":{"uv":[0.0,0.0,0.0,0.0],"texture":"#o0"}}},{"from":[10.06874,5.50016,8.03782],"to":[16.51874,5.94633,8.20982],"rotation":{"angle":-22.5,"axis":"x","origin":[12.69174,6.11025,7.69382]},"faces":{"north":{"uv":[0.0,0.0,0.0,0.0],"texture":"#o0"},"south":{"uv":[0.0,0.0,0.0,0.0],"texture":"#o0"},"east":{"uv":[0.0,0.0,0.0,0.0],"texture":"#o0"},"west":{"uv":[1.0,2.0,2.0,1.0],"rotation":270,"texture":"#o0"},"up":{"uv":[0.0,0.0,0.0,0.0],"texture":"#o0"},"down":{"uv":[1.0,2.0,2.0,1.0],"rotation":180,"texture":"#o0"}}},{"from":[9.49205,4.12427,7.37129],"to":[9.75005,6.18827,8.59145],"rotation":{"angle":22.5,"axis":"z","origin":[9.75005,7.69327,7.98137]},"faces":{"north":{"uv":[1.0,1.0,2.0,2.0],"rotation":90,"texture":"#o0"},"south":{"uv":[1.0,1.0,2.0,2.0],"rotation":270,"texture":"#o0"},"east":{"uv":[1.0,1.0,2.0,2.0],"rotation":180,"texture":"#o0"},"west":{"uv":[1.0,1.0,2.0,2.0],"texture":"#o0"},"up":{"uv":[0.0,0.0,0.0,0.0],"texture":"#o0"},"down":{"uv":[1.0,1.0,2.0,2.0],"rotation":270,"texture":"#o0"}}},{"from":[9.49205,4.03827,7.45729],"to":[9.75005,4.12427,8.50545],"rotation":{"angle":22.5,"axis":"z","origin":[9.75005,7.69327,7.98137]},"faces":{"north":{"uv":[1.0,1.0,2.0,2.0],"rotation":90,"texture":"#o0"},"south":{"uv":[1.0,1.0,2.0,2.0],"rotation":270,"texture":"#o0"},"east":{"uv":[1.0,1.0,2.0,2.0],"rotation":180,"texture":"#o0"},"west":{"uv":[1.0,1.0,2.0,2.0],"texture":"#o0"},"up":{"uv":[0.0,0.0,0.0,0.0],"texture":"#o0"},"down":{"uv":[1.0,1.0,2.0,2.0],"rotation":270,"texture":"#o0"}}},{"from":[9.49205,3.95227,7.62929],"to":[9.75005,4.03827,8.33345],"rotation":{"angle":22.5,"axis":"z","origin":[9.75005,7.69327,7.98137]},"faces":{"north":{"uv":[1.0,1.0,2.0,2.0],"rotation":90,"texture":"#o0"},"south":{"uv":[1.0,1.0,2.0,2.0],"rotation":270,"texture":"#o0"},"east":{"uv":[1.0,1.0,2.0,2.0],"rotation":180,"texture":"#o0"},"west":{"uv":[1.0,1.0,2.0,2.0],"texture":"#o0"},"up":{"uv":[0.0,0.0,0.0,0.0],"texture":"#o0"},"down":{"uv":[1.0,1.0,2.0,2.0],"rotation":270,"texture":"#o0"}}},{"from":[10.92874,4.9926,7.37129],"to":[15.05674,5.3366,8.59145],"rotation":{"angle":22.5,"axis":"z","origin":[12.08974,5.0786,7.98137]},"faces":{"north":{"uv":[1.0,1.0,2.0,2.0],"texture":"#o0"},"south":{"uv":[1.0,1.0,2.0,2.0],"texture":"#o0"},"east":{"uv":[0.0,0.0,0.0,0.0],"texture":"#o0"},"west":{"uv":[0.0,0.0,0.0,0.0],"texture":"#o0"},"up":{"uv":[1.0,1.0,2.0,2.0],"rotation":90,"texture":"#o0"},"down":{"uv":[1.0,1.0,2.0,2.0],"rotation":270,"texture":"#o0"}}},{"from":[10.92874,4.9066,7.45729],"to":[15.05674,4.9926,8.50545],"rotation":{"angle":22.5,"axis":"z","origin":[12.08974,5.0786,7.98137]},"faces":{"north":{"uv":[1.0,1.0,2.0,2.0],"texture":"#o0"},"south":{"uv":[1.0,1.0,2.0,2.0],"texture":"#o0"},"east":{"uv":[0.0,0.0,0.0,0.0],"texture":"#o0"},"west":{"uv":[0.0,0.0,0.0,0.0],"texture":"#o0"},"up":{"uv":[0.0,0.0,0.0,0.0],"texture":"#o0"},"down":{"uv":[1.0,1.0,2.0,2.0],"rotation":270,"texture":"#o0"}}},{"from":[10.92874,4.8206,7.54329],"to":[15.05674,4.9066,8.41945],"rotation":{"angle":22.5,"axis":"z","origin":[12.08974,5.0786,7.98137]},"faces":{"north":{"uv":[1.0,1.0,2.0,2.0],"texture":"#o0"},"south":{"uv":[1.0,1.0,2.0,2.0],"texture":"#o0"},"east":{"uv":[0.0,0.0,0.0,0.0],"texture":"#o0"},"west":{"uv":[0.0,0.0,0.0,0.0],"texture":"#o0"},"up":{"uv":[0.0,0.0,0.0,0.0],"texture":"#o0"},"down":{"uv":[1.0,1.0,2.0,2.0],"rotation":270,"texture":"#o0"}}},{"from":[10.92874,4.7346,7.71529],"to":[15.05674,4.8206,8.24745],"rotation":{"angle":22.5,"axis":"z","origin":[12.08974,5.0786,7.98137]},"faces":{"north":{"uv":[1.0,1.0,2.0,2.0],"texture":"#o0"},"south":{"uv":[1.0,1.0,2.0,2.0],"texture":"#o0"},"east":{"uv":[0.0,0.0,0.0,0.0],"texture":"#o0"},"west":{"uv":[0.0,0.0,0.0,0.0],"texture":"#o0"},"up":{"uv":[0.0,0.0,0.0,0.0],"texture":"#o0"},"down":{"uv":[1.0,1.0,2.0,2.0],"rotation":270,"texture":"#o0"}}},{"from":[-0.9,11.04783,7.61],"to":[-0.7,11.16717,7.72],"rotation":{"angle":-45.0,"axis":"x","origin":[-0.4,11.1075,7.96]},"faces":{"north":{"uv":[4.625,4.5,5.625,5.5],"texture":"#o8"},"south":{"uv":[4.625,4.5,5.625,5.5],"texture":"#o8"},"east":{"uv":[4.625,4.5,5.625,5.5],"texture":"#o8"},"west":{"uv":[4.625,4.5,5.625,5.5],"texture":"#o8"},"up":{"uv":[4.625,4.5,5.625,5.5],"texture":"#o8"},"down":{"uv":[4.625,4.5,5.625,5.5],"texture":"#o8"}}},{"from":[-0.9,11.04783,7.66],"to":[-0.7,11.16717,7.72],"rotation":{"angle":-22.5,"axis":"x","origin":[-0.4,11.1075,7.96]},"faces":{"north":{"uv":[4.625,4.5,5.625,5.5],"texture":"#o8"},"south":{"uv":[4.625,4.5,5.625,5.5],"texture":"#o8"},"east":{"uv":[4.625,4.5,5.625,5.5],"texture":"#o8"},"west":{"uv":[4.625,4.5,5.625,5.5],"texture":"#o8"},"up":{"uv":[4.625,4.5,5.625,5.5],"texture":"#o8"},"down":{"uv":[4.625,4.5,5.625,5.5],"texture":"#o8"}}},{"from":[-0.9,9.84783,7.66],"to":[-0.7,11.16717,7.72],"rotation":{"angle":0.0,"axis":"y","origin":[-0.4,11.1075,7.96]},"faces":{"north":{"uv":[4.625,4.5,5.625,5.5],"texture":"#o8"},"south":{"uv":[4.625,4.5,5.625,5.5],"texture":"#o8"},"east":{"uv":[4.625,4.5,5.625,5.5],"texture":"#o8"},"west":{"uv":[4.625,4.5,5.625,5.5],"texture":"#o8"},"up":{"uv":[4.625,4.5,5.625,5.5],"texture":"#o8"},"down":{"uv":[4.625,4.5,5.625,5.5],"texture":"#o8"}}},{"from":[-0.9,11.04783,7.66],"to":[-0.7,11.16717,7.72],"rotation":{"angle":22.5,"axis":"x","origin":[-0.4,11.1075,7.96]},"faces":{"north":{"uv":[4.625,4.5,5.625,5.5],"texture":"#o8"},"south":{"uv":[4.625,4.5,5.625,5.5],"texture":"#o8"},"east":{"uv":[4.625,4.5,5.625,5.5],"texture":"#o8"},"west":{"uv":[4.625,4.5,5.625,5.5],"texture":"#o8"},"up":{"uv":[4.625,4.5,5.625,5.5],"texture":"#o8"},"down":{"uv":[4.625,4.5,5.625,5.5],"texture":"#o8"}}},{"from":[-0.9,11.04783,7.66],"to":[-0.7,11.16717,7.72],"rotation":{"angle":45.0,"axis":"x","origin":[-0.4,11.1075,7.96]},"faces":{"north":{"uv":[4.625,4.5,5.625,5.5],"texture":"#o8"},"south":{"uv":[4.625,4.5,5.625,5.5],"texture":"#o8"},"east":{"uv":[4.625,4.5,5.625,5.5],"texture":"#o8"},"west":{"uv":[4.625,4.5,5.625,5.5],"texture":"#o8"},"up":{"uv":[4.625,4.5,5.625,5.5],"texture":"#o8"},"down":{"uv":[4.625,4.5,5.625,5.5],"texture":"#o8"}}},{"from":[-0.9,11.04783,8.21],"to":[-0.7,11.16717,8.27],"rotation":{"angle":-45.0,"axis":"x","origin":[-0.4,11.1075,7.97]},"faces":{"north":{"uv":[4.625,4.5,5.625,5.5],"texture":"#o8"},"south":{"uv":[4.625,4.5,5.625,5.5],"texture":"#o8"},"east":{"uv":[4.625,4.5,5.625,5.5],"texture":"#o8"},"west":{"uv":[4.625,4.5,5.625,5.5],"texture":"#o8"},"up":{"uv":[4.625,4.5,5.625,5.5],"texture":"#o8"},"down":{"uv":[4.625,4.5,5.625,5.5],"texture":"#o8"}}},{"from":[-0.9,11.04783,8.21],"to":[-0.7,11.16717,8.27],"rotation":{"angle":-22.5,"axis":"x","origin":[-0.4,11.1075,7.97]},"faces":{"north":{"uv":[4.625,4.5,5.625,5.5],"texture":"#o8"},"south":{"uv":[4.625,4.5,5.625,5.5],"texture":"#o8"},"east":{"uv":[4.625,4.5,5.625,5.5],"texture":"#o8"},"west":{"uv":[4.625,4.5,5.625,5.5],"texture":"#o8"},"up":{"uv":[4.625,4.5,5.625,5.5],"texture":"#o8"},"down":{"uv":[4.625,4.5,5.625,5.5],"texture":"#o8"}}},{"from":[-0.9,9.84783,8.21],"to":[-0.7,11.16717,8.27],"rotation":{"angle":0.0,"axis":"y","origin":[-0.4,11.1075,7.97]},"faces":{"north":{"uv":[4.625,4.5,5.625,5.5],"texture":"#o8"},"south":{"uv":[4.625,4.5,5.625,5.5],"texture":"#o8"},"east":{"uv":[4.625,4.5,5.625,5.5],"texture":"#o8"},"west":{"uv":[4.625,4.5,5.625,5.5],"texture":"#o8"},"up":{"uv":[4.625,4.5,5.625,5.5],"texture":"#o8"},"down":{"uv":[4.625,4.5,5.625,5.5],"texture":"#o8"}}},{"from":[-0.9,11.04783,8.21],"to":[-0.7,11.16717,8.27],"rotation":{"angle":22.5,"axis":"x","origin":[-0.4,11.1075,7.97]},"faces":{"north":{"uv":[4.625,4.5,5.625,5.5],"texture":"#o8"},"south":{"uv":[4.625,4.5,5.625,5.5],"texture":"#o8"},"east":{"uv":[4.625,4.5,5.625,5.5],"texture":"#o8"},"west":{"uv":[4.625,4.5,5.625,5.5],"texture":"#o8"},"up":{"uv":[4.625,4.5,5.625,5.5],"texture":"#o8"},"down":{"uv":[4.625,4.5,5.625,5.5],"texture":"#o8"}}},{"from":[-0.9,11.04783,8.21],"to":[-0.7,11.16717,8.33],"rotation":{"angle":45.0,"axis":"x","origin":[-0.4,11.1075,7.97]},"faces":{"north":{"uv":[4.625,4.5,5.625,5.5],"texture":"#o8"},"south":{"uv":[4.625,4.5,5.625,5.5],"texture":"#o8"},"east":{"uv":[4.625,4.5,5.625,5.5],"texture":"#o8"},"west":{"uv":[4.625,4.5,5.625,5.5],"texture":"#o8"},"up":{"uv":[4.625,4.5,5.625,5.5],"texture":"#o8"},"down":{"uv":[4.625,4.5,5.625,5.5],"texture":"#o8"}}},{"from":[-0.9,10.8075,7.91033],"to":[-0.7,10.8675,8.02967],"rotation":{"angle":-22.5,"axis":"x","origin":[-0.4,11.1075,7.97]},"faces":{"north":{"uv":[4.625,4.5,5.625,5.5],"texture":"#o8"},"south":{"uv":[4.625,4.5,5.625,5.5],"texture":"#o8"},"east":{"uv":[4.625,4.5,5.625,5.5],"texture":"#o8"},"west":{"uv":[4.625,4.5,5.625,5.5],"texture":"#o8"},"up":{"uv":[4.625,4.5,5.625,5.5],"texture":"#o8"},"down":{"uv":[4.625,4.5,5.625,5.5],"texture":"#o8"}}},{"from":[-0.9,9.84783,7.72],"to":[-0.7,10.8675,8.21],"rotation":{"angle":0.0,"axis":"y","origin":[-0.4,11.1075,7.96]},"faces":{"north":{"uv":[4.625,4.5,5.625,5.5],"texture":"#o8"},"south":{"uv":[4.625,4.5,5.625,5.5],"texture":"#o8"},"east":{"uv":[4.625,4.5,5.625,5.5],"texture":"#o8"},"west":{"uv":[4.625,4.5,5.625,5.5],"texture":"#o8"},"up":{"uv":[4.625,4.5,5.625,5.5],"texture":"#o8"},"down":{"uv":[4.625,4.5,5.625,5.5],"texture":"#o8"}}},{"from":[-1.9,9.44783,7.02],"to":[0.3,9.9675,8.91],"rotation":{"angle":0.0,"axis":"y","origin":[-1.2,11.1075,7.96]},"faces":{"north":{"uv":[4.625,4.5,5.625,5.5],"texture":"#o8"},"south":{"uv":[4.625,4.5,5.625,5.5],"texture":"#o8"},"east":{"uv":[4.625,4.5,5.625,5.5],"texture":"#o8"},"west":{"uv":[4.625,4.5,5.625,5.5],"texture":"#o8"},"up":{"uv":[4.625,4.5,5.625,5.5],"texture":"#o8"},"down":{"uv":[4.625,4.5,5.625,5.5],"texture":"#o8"}}},{"from":[-0.9,10.8075,7.90033],"to":[-0.7,10.8675,8.01967],"rotation":{"angle":22.5,"axis":"x","origin":[-0.4,11.1075,7.96]},"faces":{"north":{"uv":[4.625,4.5,5.625,5.5],"texture":"#o8"},"south":{"uv":[4.625,4.5,5.625,5.5],"texture":"#o8"},"east":{"uv":[4.625,4.5,5.625,5.5],"texture":"#o8"},"west":{"uv":[4.625,4.5,5.625,5.5],"texture":"#o8"},"up":{"uv":[4.625,4.5,5.625,5.5],"texture":"#o8"},"down":{"uv":[4.625,4.5,5.625,5.5],"texture":"#o8"}}},{"from":[-0.9,11.3475,7.90033],"to":[-0.7,11.4075,8.01967],"rotation":{"angle":-22.5,"axis":"x","origin":[-0.4,11.1075,7.96]},"faces":{"north":{"uv":[4.625,4.5,5.625,5.5],"texture":"#o8"},"south":{"uv":[4.625,4.5,5.625,5.5],"texture":"#o8"},"east":{"uv":[4.625,4.5,5.625,5.5],"texture":"#o8"},"west":{"uv":[4.625,4.5,5.625,5.5],"texture":"#o8"},"up":{"uv":[4.625,4.5,5.625,5.5],"texture":"#o8"},"down":{"uv":[4.625,4.5,5.625,5.5],"texture":"#o8"}}},{"from":[-0.9,11.3475,7.90033],"to":[-0.7,11.4075,8.02967],"rotation":{"angle":0.0,"axis":"y","origin":[-0.4,11.1075,7.96]},"faces":{"north":{"uv":[4.625,4.5,5.625,5.5],"texture":"#o8"},"south":{"uv":[4.625,4.5,5.625,5.5],"texture":"#o8"},"east":{"uv":[4.625,4.5,5.625,5.5],"texture":"#o8"},"west":{"uv":[4.625,4.5,5.625,5.5],"texture":"#o8"},"up":{"uv":[4.625,4.5,5.625,5.5],"texture":"#o8"},"down":{"uv":[4.625,4.5,5.625,5.5],"texture":"#o8"}}},{"from":[-0.9,11.3475,7.91033],"to":[-0.7,11.4075,8.02967],"rotation":{"angle":22.5,"axis":"x","origin":[-0.4,11.1075,7.97]},"faces":{"north":{"uv":[4.625,4.5,5.625,5.5],"texture":"#o8"},"south":{"uv":[4.625,4.5,5.625,5.5],"texture":"#o8"},"east":{"uv":[4.625,4.5,5.625,5.5],"texture":"#o8"},"west":{"uv":[4.625,4.5,5.625,5.5],"texture":"#o8"},"up":{"uv":[4.625,4.5,5.625,5.5],"texture":"#o8"},"down":{"uv":[4.625,4.5,5.625,5.5],"texture":"#o8"}}},{"from":[24.3,7.49005,7.27],"to":[32.0,8.06995,7.67],"rotation":{"angle":45.0,"axis":"x","origin":[24.8,7.78,7.97]},"faces":{"north":{"uv":[0.0,1.0,0.25,1.25],"texture":"#o9"},"south":{"uv":[0.5,1.0,0.75,1.25],"texture":"#o9"},"east":{"uv":[0.0,1.0,0.25,1.25],"texture":"#o9"},"west":{"uv":[0.0,1.0,0.25,1.25],"texture":"#o9"},"up":{"uv":[0.0,1.0,0.25,1.25],"texture":"#o9"},"down":{"uv":[0.0,1.0,0.25,1.25],"texture":"#o9"}}},{"from":[24.3,7.49005,7.27],"to":[32.0,8.06995,7.67],"rotation":{"angle":0.0,"axis":"x","origin":[24.8,7.78,7.97]},"faces":{"north":{"uv":[0.0,1.0,0.25,1.25],"texture":"#o9"},"south":{"uv":[0.5,1.0,0.75,1.25],"texture":"#o9"},"east":{"uv":[0.0,1.0,0.25,1.25],"texture":"#o9"},"west":{"uv":[0.0,1.0,0.25,1.25],"texture":"#o9"},"up":{"uv":[0.0,1.0,0.25,1.25],"texture":"#o9"},"down":{"uv":[0.0,1.0,0.25,1.25],"texture":"#o9"}}},{"from":[24.3,7.49005,8.27],"to":[32.0,8.06995,8.67],"rotation":{"angle":45.0,"axis":"x","origin":[24.8,7.78,7.97]},"faces":{"north":{"uv":[0.5,1.0,0.75,1.25],"texture":"#o9"},"south":{"uv":[0.0,1.0,0.25,1.25],"texture":"#o9"},"east":{"uv":[0.0,1.0,0.25,1.25],"texture":"#o9"},"west":{"uv":[0.0,1.0,0.25,1.25],"texture":"#o9"},"up":{"uv":[0.0,1.0,0.25,1.25],"texture":"#o9"},"down":{"uv":[0.0,1.0,0.25,1.25],"texture":"#o9"}}},{"from":[24.3,7.49005,8.27],"to":[32.0,8.06995,8.67],"rotation":{"angle":0.0,"axis":"x","origin":[24.8,7.78,7.97]},"faces":{"north":{"uv":[0.5,1.0,0.75,1.25],"texture":"#o9"},"south":{"uv":[0.0,1.0,0.25,1.25],"texture":"#o9"},"east":{"uv":[0.0,1.0,0.25,1.25],"texture":"#o9"},"west":{"uv":[0.0,1.0,0.25,1.25],"texture":"#o9"},"up":{"uv":[0.0,1.0,0.25,1.25],"texture":"#o9"},"down":{"uv":[0.0,1.0,0.25,1.25],"texture":"#o9"}}},{"from":[24.3,7.08,7.68005],"to":[32.0,7.48,8.25995],"rotation":{"angle":45.0,"axis":"x","origin":[24.8,7.78,7.97]},"faces":{"north":{"uv":[0.0,1.0,0.25,1.25],"texture":"#o9"},"south":{"uv":[0.0,1.0,0.25,1.25],"texture":"#o9"},"east":{"uv":[0.0,1.0,0.25,1.25],"texture":"#o9"},"west":{"uv":[0.0,1.0,0.25,1.25],"texture":"#o9"},"up":{"uv":[0.5,1.0,0.75,1.25],"texture":"#o9"},"down":{"uv":[0.0,1.0,0.25,1.25],"texture":"#o9"}}},{"from":[24.3,7.08,7.68005],"to":[32.0,7.48,8.25995],"rotation":{"angle":0.0,"axis":"x","origin":[24.8,7.78,7.97]},"faces":{"north":{"uv":[0.0,1.0,0.25,1.25],"texture":"#o9"},"south":{"uv":[0.0,1.0,0.25,1.25],"texture":"#o9"},"east":{"uv":[0.0,1.0,0.25,1.25],"texture":"#o9"},"west":{"uv":[0.0,1.0,0.25,1.25],"texture":"#o9"},"up":{"uv":[0.5,1.0,0.75,1.25],"texture":"#o9"},"down":{"uv":[0.0,1.0,0.25,1.25],"texture":"#o9"}}},{"from":[24.3,8.08,7.68005],"to":[32.0,8.48,8.25995],"rotation":{"angle":45.0,"axis":"x","origin":[24.8,7.78,7.97]},"faces":{"north":{"uv":[0.0,1.0,0.25,1.25],"texture":"#o9"},"south":{"uv":[0.0,1.0,0.25,1.25],"texture":"#o9"},"east":{"uv":[0.0,1.0,0.25,1.25],"texture":"#o9"},"west":{"uv":[0.0,1.0,0.25,1.25],"texture":"#o9"},"up":{"uv":[0.0,1.0,0.25,1.25],"texture":"#o9"},"down":{"uv":[0.5,1.0,0.75,1.25],"texture":"#o9"}}},{"from":[24.3,8.08,7.68005],"to":[32.0,8.48,8.25995],"rotation":{"angle":0.0,"axis":"x","origin":[24.8,7.78,7.97]},"faces":{"north":{"uv":[0.0,1.0,0.25,1.25],"texture":"#o9"},"south":{"uv":[0.0,1.0,0.25,1.25],"texture":"#o9"},"east":{"uv":[0.0,1.0,0.25,1.25],"texture":"#o9"},"west":{"uv":[0.0,1.0,0.25,1.25],"texture":"#o9"},"up":{"uv":[0.0,1.0,0.25,1.25],"texture":"#o9"},"down":{"uv":[0.5,1.0,0.75,1.25],"texture":"#o9"}}},{"from":[1.12791,7.11437,9.06313],"to":[5.36791,7.92053,9.25929],"rotation":{"angle":0.0,"axis":"y","origin":[0.70791,7.01053,6.19952]},"faces":{"north":{"uv":[6.875,3.25,7.5,3.875],"texture":"#o8"},"south":{"uv":[6.875,3.25,7.5,3.875],"texture":"#o8"},"east":{"uv":[6.875,3.25,7.5,3.875],"texture":"#o8"},"west":{"uv":[6.875,3.25,7.5,3.875],"texture":"#o8"},"up":{"uv":[6.875,3.25,7.5,3.875],"texture":"#o8"},"down":{"uv":[6.875,3.25,7.5,3.875],"texture":"#o8"}}},{"from":[19.80791,7.39437,7.59313],"to":[24.50791,8.15053,8.33929],"rotation":{"angle":0.0,"axis":"y","origin":[7.40791,7.01053,6.19952]},"faces":{"north":{"uv":[12.375,0.125,13.0,0.75],"texture":"#o8"},"south":{"uv":[12.375,0.125,13.0,0.75],"texture":"#o8"},"east":{"uv":[12.375,0.125,13.0,0.75],"texture":"#o8"},"west":{"uv":[12.375,0.125,13.0,0.75],"texture":"#o8"},"up":{"uv":[12.375,0.125,13.0,0.75],"texture":"#o8"},"down":{"uv":[12.375,0.125,13.0,0.75],"texture":"#o8"}}},{"from":[19.80791,8.37437,7.78313],"to":[21.92791,8.73053,8.13929],"rotation":{"angle":0.0,"axis":"y","origin":[7.40791,7.59053,6.19952]},"faces":{"north":{"uv":[12.375,0.125,13.0,0.75],"texture":"#o8"},"south":{"uv":[12.375,0.125,13.0,0.75],"texture":"#o8"},"east":{"uv":[12.375,0.125,13.0,0.75],"texture":"#o8"},"west":{"uv":[12.375,0.125,13.0,0.75],"texture":"#o8"},"up":{"uv":[12.375,0.125,13.0,0.75],"texture":"#o8"},"down":{"uv":[12.375,0.125,13.0,0.75],"texture":"#o8"}}},{"from":[21.53791,9.69437,7.73313],"to":[21.92791,10.98053,8.18929],"rotation":{"angle":0.0,"axis":"y","origin":[7.76791,7.29053,6.19952]},"faces":{"north":{"uv":[5.375,5.125,6.0,5.75],"texture":"#o8"},"south":{"uv":[5.375,5.125,6.0,5.75],"texture":"#o8"},"east":{"uv":[5.375,5.125,6.0,5.75],"texture":"#o8"},"west":{"uv":[5.375,5.125,6.0,5.75],"texture":"#o8"},"up":{"uv":[5.375,5.125,6.0,5.75],"texture":"#o8"},"down":{"uv":[5.375,5.125,6.0,5.75],"texture":"#o8"}}},{"from":[21.38791,10.98053,7.73313],"to":[22.00791,11.20669,7.81929],"rotation":{"angle":0.0,"axis":"y","origin":[7.84791,8.57669,6.19952]},"faces":{"north":{"uv":[5.375,5.125,6.0,5.75],"texture":"#o8"},"south":{"uv":[5.375,5.125,6.0,5.75],"texture":"#o8"},"east":{"uv":[5.375,5.125,6.0,5.75],"texture":"#o8"},"west":{"uv":[5.375,5.125,6.0,5.75],"texture":"#o8"},"up":{"uv":[5.375,5.125,6.0,5.75],"texture":"#o8"},"down":{"uv":[5.375,5.125,6.0,5.75],"texture":"#o8"}}},{"from":[21.38791,10.98053,8.10313],"to":[22.00791,11.20669,8.18929],"rotation":{"angle":0.0,"axis":"y","origin":[7.84791,8.57669,6.56952]},"faces":{"north":{"uv":[5.375,5.125,6.0,5.75],"texture":"#o8"},"south":{"uv":[5.375,5.125,6.0,5.75],"texture":"#o8"},"east":{"uv":[5.375,5.125,6.0,5.75],"texture":"#o8"},"west":{"uv":[5.375,5.125,6.0,5.75],"texture":"#o8"},"up":{"uv":[5.375,5.125,6.0,5.75],"texture":"#o8"},"down":{"uv":[5.375,5.125,6.0,5.75],"texture":"#o8"}}},{"from":[21.72791,10.98053,7.92313],"to":[21.79791,11.09669,7.99929],"rotation":{"angle":0.0,"axis":"y","origin":[7.84791,8.57669,6.36952]},"faces":{"north":{"uv":[5.375,5.125,6.0,5.75],"texture":"#o8"},"south":{"uv":[5.375,5.125,6.0,5.75],"texture":"#o8"},"east":{"uv":[5.375,5.125,6.0,5.75],"texture":"#o8"},"west":{"uv":[5.375,5.125,6.0,5.75],"texture":"#o8"},"up":{"uv":[5.375,5.125,6.0,5.75],"texture":"#o8"},"down":{"uv":[5.375,5.125,6.0,5.75],"texture":"#o8"}}},{"from":[21.38791,10.38437,7.73313],"to":[21.53791,10.98053,8.18929],"rotation":{"angle":0.0,"axis":"y","origin":[7.37791,7.29053,6.19952]},"faces":{"north":{"uv":[5.375,5.125,6.0,5.75],"texture":"#o8"},"south":{"uv":[5.375,5.125,6.0,5.75],"texture":"#o8"},"up":{"uv":[5.375,5.125,6.0,5.75],"texture":"#o8"},"down":{"uv":[5.375,5.125,6.0,5.75],"texture":"#o8"}}},{"from":[20.99791,10.38437,7.73313],"to":[21.38791,10.58053,8.18929],"rotation":{"angle":0.0,"axis":"y","origin":[7.22791,7.29053,6.19952]},"faces":{"north":{"uv":[5.375,5.125,6.0,5.75],"texture":"#o8"},"south":{"uv":[5.375,5.125,6.0,5.75],"texture":"#o8"},"east":{"uv":[5.375,5.125,6.0,5.75],"texture":"#o8"},"west":{"uv":[5.375,5.125,6.0,5.75],"texture":"#o8"},"up":{"uv":[5.375,5.125,6.0,5.75],"texture":"#o8"},"down":{"uv":[5.375,5.125,6.0,5.75],"texture":"#o8"}}},{"from":[21.18791,10.58053,7.73313],"to":[21.38791,10.77669,8.18929],"rotation":{"angle":0.0,"axis":"y","origin":[7.22791,7.48669,6.19952]},"faces":{"north":{"uv":[5.375,5.125,6.0,5.75],"texture":"#o8"},"south":{"uv":[5.375,5.125,6.0,5.75],"texture":"#o8"}}},{"from":[21.15517,7.41864,7.73313],"to":[21.30517,11.0148,8.18929],"rotation":{"angle":-45.0,"axis":"z","origin":[21.23017,10.71672,7.96121]},"faces":{"north":{"uv":[5.375,5.125,6.0,5.75],"texture":"#o8"},"south":{"uv":[5.375,5.125,6.0,5.75],"texture":"#o8"},"east":{"uv":[5.375,5.125,6.0,5.75],"texture":"#o8"},"west":{"uv":[5.375,5.125,6.0,5.75],"texture":"#o8"},"up":{"uv":[5.375,5.125,6.0,5.75],"texture":"#o8"},"down":{"uv":[5.375,5.125,6.0,5.75],"texture":"#o8"}}},{"from":[21.92791,8.07437,7.73313],"to":[22.00791,10.98053,8.18929],"rotation":{"angle":0.0,"axis":"y","origin":[7.84791,7.29053,6.19952]},"faces":{"north":{"uv":[5.375,5.125,6.0,5.75],"texture":"#o8"},"south":{"uv":[5.375,5.125,6.0,5.75],"texture":"#o8"},"east":{"uv":[5.375,5.125,6.0,5.75],"texture":"#o8"},"west":{"uv":[5.375,5.125,6.0,5.75],"texture":"#o8"},"up":{"uv":[5.375,5.125,6.0,5.75],"texture":"#o8"},"down":{"uv":[5.375,5.125,6.0,5.75],"texture":"#o8"}}},{"from":[5.36791,7.51437,6.86313],"to":[6.30791,9.07053,9.05929],"rotation":{"angle":0.0,"axis":"y","origin":[0.70791,7.01053,6.19952]},"faces":{"north":{"uv":[5.125,5.125,5.75,5.76732],"texture":"#o8"},"south":{"uv":[5.125,5.125,5.75,5.76732],"texture":"#o8"},"east":{"uv":[5.125,5.125,5.75,5.76732],"texture":"#o8"},"west":{"uv":[5.125,5.125,5.75,5.76732],"texture":"#o8"},"up":{"uv":[5.125,5.125,5.75,5.76732],"texture":"#o8"},"down":{"uv":[5.125,5.125,5.75,5.76732],"texture":"#o8"}}},{"from":[1.12791,7.51437,6.86313],"to":[5.36791,9.07053,8.05929],"rotation":{"angle":0.0,"axis":"y","origin":[0.70791,7.01053,6.19952]},"faces":{"north":{"uv":[4.625,4.5,5.625,5.5],"texture":"#o8"},"south":{"uv":[6.875,3.25,7.5,3.875],"texture":"#o8"},"east":{"uv":[0.0,0.0,2.39232,3.11232],"texture":"#missing"},"west":{"uv":[0.0,0.0,2.39232,3.11232],"texture":"#missing"},"up":{"uv":[5.125,5.125,5.73,5.64232],"texture":"#o8"},"down":{"uv":[5.125,5.125,5.605,5.64232],"texture":"#o8"}}},{"from":[-5.03209,7.51437,6.86313],"to":[1.12791,9.07053,9.05929],"rotation":{"angle":0.0,"axis":"y","origin":[0.70791,7.01053,6.19952]},"faces":{"north":{"uv":[4.625,4.5,5.625,5.5],"texture":"#o8"},"south":{"uv":[5.125,5.0,5.695,5.61232],"texture":"#o8"},"east":{"uv":[5.125,5.0,5.695,5.61232],"texture":"#o8"},"west":{"uv":[5.0,5.125,5.76732,5.86232],"texture":"#o8"},"up":{"uv":[5.25,5.0,5.82,5.64232],"texture":"#o8"},"down":{"uv":[5.25,5.125,5.695,5.64232],"texture":"#o8"}}},{"from":[-5.03209,6.71437,7.02313],"to":[6.31791,7.52053,8.89929],"rotation":{"angle":0.0,"axis":"y","origin":[0.70791,7.01053,6.19952]},"faces":{"north":{"uv":[4.5,2.0,10.125,2.375],"texture":"#o8"},"south":{"uv":[10.125,2.0,4.5,2.375],"texture":"#o8"},"east":{"uv":[6.0,0.5,7.0,0.875],"texture":"#o8"},"west":{"uv":[1.0,6.0,2.0,6.375],"texture":"#o8"},"up":{"uv":[6.875,3.25,7.5,3.875],"texture":"#o8"},"down":{"uv":[5.5,5.25,5.0,5.75],"texture":"#o8"}}},{"from":[-3.51209,5.60437,7.02313],"to":[5.30791,6.72053,8.89929],"rotation":{"angle":0.0,"axis":"y","origin":[0.70791,7.01053,6.19952]},"faces":{"north":{"uv":[0.0,4.0,4.375,4.5],"texture":"#o8"},"south":{"uv":[4.375,4.0,0.0,4.5],"texture":"#o8"},"east":{"uv":[0.0,6.0,1.0,6.5],"texture":"#o8"},"west":{"uv":[4.625,4.5,5.625,5.5],"texture":"#o8"},"up":{"uv":[4.375,3.0,0.0,2.0],"texture":"#o8"},"down":{"uv":[4.375,3.0,0.0,4.0],"texture":"#o8"}}},{"from":[1.27791,3.88821,7.02313],"to":[5.30791,5.60437,8.89929],"rotation":{"angle":0.0,"axis":"y","origin":[0.72791,7.09437,6.19952]},"faces":{"north":{"uv":[0.0,5.0,2.0,5.875],"texture":"#o8"},"south":{"uv":[2.0,5.0,0.0,5.875],"texture":"#o8"},"east":{"uv":[4.0,5.0,5.0,5.875],"texture":"#o8"},"west":{"uv":[5.0,5.0,6.0,5.875],"texture":"#o8"},"down":{"uv":[6.5,4.0,4.5,5.0],"texture":"#o8"}}},{"from":[-2.60209,-0.27179,6.92313],"to":[-0.77209,4.79821,8.99929],"rotation":{"angle":-22.5,"axis":"z","origin":[0.82791,7.09437,6.19952]},"faces":{"north":{"uv":[12.125,0.0,13.125,1.0],"texture":"#o8"},"south":{"uv":[12.125,0.0,13.125,1.0],"texture":"#o8"},"east":{"uv":[12.125,0.0,13.125,1.0],"texture":"#o8"},"west":{"uv":[12.125,0.0,13.125,1.0],"texture":"#o8"},"up":{"uv":[12.125,0.0,13.125,1.0],"texture":"#o8"},"down":{"uv":[12.125,0.0,13.125,1.0],"texture":"#o8"}}},{"from":[-0.61209,5.18821,7.72313],"to":[-0.43209,5.68821,8.19929],"rotation":{"angle":-22.5,"axis":"z","origin":[-0.62209,5.58821,7.96121]},"faces":{"north":{"uv":[4.625,4.5,5.625,5.5],"texture":"#o8"},"south":{"uv":[4.625,4.5,5.625,5.5],"texture":"#o8"},"east":{"uv":[4.625,4.5,5.625,5.5],"texture":"#o8"},"west":{"uv":[4.625,4.5,5.625,5.5],"texture":"#o8"}}},{"from":[-0.76592,4.35483,7.72313],"to":[-0.58592,5.21483,8.19929],"rotation":{"angle":0.0,"axis":"z","origin":[-0.67592,5.25483,7.96121]},"faces":{"north":{"uv":[4.625,4.5,5.625,5.5],"texture":"#o8"},"south":{"uv":[4.625,4.5,5.625,5.5],"texture":"#o8"},"east":{"uv":[4.625,4.5,5.625,5.5],"texture":"#o8"},"west":{"uv":[4.625,4.5,5.625,5.5],"texture":"#o8"},"down":{"uv":[4.625,4.5,5.625,5.5],"texture":"#o8"}}},{"from":[-1.57209,3.88821,7.02313],"to":[1.27791,4.08821,8.89929],"rotation":{"angle":0.0,"axis":"y","origin":[0.82791,7.09437,6.19952]},"faces":{"north":{"uv":[4.625,4.5,5.625,5.5],"texture":"#o8"},"south":{"uv":[4.625,4.5,5.625,5.5],"texture":"#o8"},"up":{"uv":[4.625,4.5,5.625,5.5],"texture":"#o8"},"down":{"uv":[4.625,4.5,5.625,5.5],"texture":"#o8"}}},{"from":[-1.57209,4.08821,7.02313],"to":[-1.35209,5.60821,8.89929],"rotation":{"angle":0.0,"axis":"y","origin":[0.82791,7.09437,6.19952]},"faces":{"north":{"uv":[4.625,4.5,5.625,5.5],"texture":"#o8"},"south":{"uv":[4.625,4.5,5.625,5.5],"texture":"#o8"},"east":{"uv":[4.625,4.5,5.625,5.5],"texture":"#o8"}}},{"from":[-2.249,3.86529,6.92313],"to":[-1.529,5.58529,8.99929],"rotation":{"angle":0.0,"axis":"y","origin":[0.851,7.07145,6.19952]},"faces":{"north":{"uv":[12.125,0.0,13.125,1.0],"texture":"#o8"},"south":{"uv":[12.125,0.0,13.125,1.0],"texture":"#o8"},"east":{"uv":[12.125,0.0,13.125,1.0],"texture":"#o8"},"down":{"uv":[12.125,0.0,13.125,1.0],"texture":"#o8"}}},{"from":[-3.549,5.46529,6.92313],"to":[-3.2197,6.2856,8.99929],"rotation":{"angle":0.0,"axis":"y","origin":[0.851,7.07145,6.19952]},"faces":{"north":{"uv":[12.125,0.0,13.125,1.0],"texture":"#o8"},"south":{"uv":[12.125,0.0,13.125,1.0],"texture":"#o8"},"west":{"uv":[12.125,0.0,13.125,1.0],"texture":"#o8"},"up":{"uv":[12.125,0.0,13.125,1.0],"texture":"#o8"}}},{"from":[-15.51209,6.71437,7.02313],"to":[-5.03209,9.07053,8.89929],"rotation":{"angle":0.0,"axis":"y","origin":[0.84791,7.01053,6.19952]},"faces":{"north":{"uv":[4.625,4.5,5.625,5.5],"texture":"#o8"},"south":{"uv":[4.625,4.5,5.625,5.5],"texture":"#o8"},"west":{"uv":[4.625,4.5,5.625,5.5],"texture":"#o8"},"up":{"uv":[4.625,4.5,5.625,5.5],"texture":"#o8"}}},{"from":[-15.51209,2.52437,7.02313],"to":[-15.09209,6.71437,8.89929],"rotation":{"angle":0.0,"axis":"y","origin":[0.84791,7.01053,6.19952]},"faces":{"north":{"uv":[4.625,4.5,5.625,5.5],"texture":"#o8"},"south":{"uv":[4.625,4.5,5.625,5.5],"texture":"#o8"},"west":{"uv":[4.625,4.5,5.625,5.5],"texture":"#o8"},"down":{"uv":[4.625,4.5,5.625,5.5],"texture":"#o8"}}},{"from":[-15.96837,4.61193,7.02313],"to":[-5.0428,5.59193,8.88929],"rotation":{"angle":22.5,"axis":"z","origin":[-10.3278,5.79596,7.96121]},"faces":{"north":{"uv":[4.625,4.5,5.625,5.5],"texture":"#o8"},"south":{"uv":[4.625,4.5,5.625,5.5],"texture":"#o8"},"down":{"uv":[4.625,4.5,5.625,5.5],"texture":"#o8"}}},{"from":[-15.49591,5.61629,7.02313],"to":[-7.30034,6.56629,8.88929],"rotation":{"angle":22.5,"axis":"z","origin":[-10.20534,5.50032,7.96121]},"faces":{"north":{"uv":[4.625,4.5,5.625,5.5],"texture":"#o8"},"south":{"uv":[4.625,4.5,5.625,5.5],"texture":"#o8"}}},{"from":[-15.10591,6.56629,7.02313],"to":[-9.59034,7.50629,8.88929],"rotation":{"angle":22.5,"axis":"z","origin":[-10.20534,5.50032,7.96121]},"faces":{"north":{"uv":[4.625,4.5,5.625,5.5],"texture":"#o8"},"south":{"uv":[4.625,4.5,5.625,5.5],"texture":"#o8"}}},{"from":[-14.67591,7.50629,7.02313],"to":[-11.87034,8.51629,8.88929],"rotation":{"angle":22.5,"axis":"z","origin":[-10.20534,5.50032,7.96121]},"faces":{"north":{"uv":[4.625,4.5,5.625,5.5],"texture":"#o8"},"south":{"uv":[4.625,4.5,5.625,5.5],"texture":"#o8"}}},{"from":[-3.26209,9.07053,7.25313],"to":[-2.70209,9.45669,8.67929],"rotation":{"angle":0.0,"axis":"y","origin":[0.78791,6.67669,6.19952]},"faces":{"north":{"uv":[12.125,0.0,13.125,1.0],"texture":"#o8"},"south":{"uv":[12.125,0.0,13.125,1.0],"texture":"#o8"},"east":{"uv":[12.125,0.0,13.125,1.0],"texture":"#o8"},"west":{"uv":[12.125,0.0,13.125,1.0],"texture":"#o8"},"up":{"uv":[12.125,0.0,13.125,1.0],"texture":"#o8"},"down":{"uv":[12.125,0.0,13.125,1.0],"texture":"#o8"}}},{"from":[-2.66209,9.07053,7.25313],"to":[6.09791,9.45669,8.67929],"rotation":{"angle":0.0,"axis":"y","origin":[1.58791,6.67669,6.19952]},"faces":{"north":{"uv":[0.0,6.625,1.0,7.625],"texture":"#o8"},"south":{"uv":[0.0,6.625,1.0,7.625],"texture":"#o8"},"east":{"uv":[0.0,6.625,1.0,7.625],"texture":"#o8"},"west":{"uv":[0.0,6.625,1.0,7.625],"texture":"#o8"},"up":{"uv":[0.0,6.625,1.0,7.625],"texture":"#o8"},"down":{"uv":[0.0,6.625,1.0,7.625],"texture":"#o8"}}},{"from":[5.19791,9.45669,7.25313],"to":[6.09791,9.80669,8.67933],"rotation":{"angle":0.0,"axis":"y","origin":[2.61,7.06285,6.19952]},"faces":{"north":{"uv":[0.0,6.625,1.0,7.625],"texture":"#o8"},"south":{"uv":[0.0,6.625,1.0,7.625],"texture":"#o8"},"east":{"uv":[0.0,6.625,1.0,7.625],"texture":"#o8"},"west":{"uv":[0.0,6.625,1.0,7.625],"texture":"#o8"},"up":{"uv":[0.0,6.625,1.0,7.625],"texture":"#o8"},"down":{"uv":[0.0,6.625,1.0,7.625],"texture":"#o8"}}},{"from":[5.19791,9.10622,7.33825],"to":[6.09791,9.35371,7.58574],"rotation":{"angle":-45.0,"axis":"x","origin":[5.64791,9.17871,6.87264]},"faces":{"north":{"uv":[0.0,6.625,1.0,7.625],"texture":"#o8"},"south":{"uv":[0.0,6.625,1.0,7.625],"texture":"#o8"},"east":{"uv":[0.0,6.625,1.0,7.625],"texture":"#o8"},"west":{"uv":[0.0,6.625,1.0,7.625],"texture":"#o8"},"up":{"uv":[0.0,6.625,1.0,7.625],"texture":"#o8"},"down":{"uv":[0.0,6.625,1.0,7.625],"texture":"#o8"}}},{"from":[3.39791,9.10622,7.33825],"to":[4.29791,9.35371,7.58574],"rotation":{"angle":-45.0,"axis":"x","origin":[5.64791,9.17871,6.87264]},"faces":{"north":{"uv":[0.0,6.625,1.0,7.625],"texture":"#o8"},"south":{"uv":[0.0,6.625,1.0,7.625],"texture":"#o8"},"east":{"uv":[0.0,6.625,1.0,7.625],"texture":"#o8"},"west":{"uv":[0.0,6.625,1.0,7.625],"texture":"#o8"},"up":{"uv":[0.0,6.625,1.0,7.625],"texture":"#o8"},"down":{"uv":[0.0,6.625,1.0,7.625],"texture":"#o8"}}},{"from":[-0.20209,9.10622,7.33825],"to":[0.69791,9.35371,7.58574],"rotation":{"angle":-45.0,"axis":"x","origin":[5.64791,9.17871,6.87264]},"faces":{"north":{"uv":[0.0,6.625,1.0,7.625],"texture":"#o8"},"south":{"uv":[0.0,6.625,1.0,7.625],"texture":"#o8"},"east":{"uv":[0.0,6.625,1.0,7.625],"texture":"#o8"},"west":{"uv":[0.0,6.625,1.0,7.625],"texture":"#o8"},"up":{"uv":[0.0,6.625,1.0,7.625],"texture":"#o8"},"down":{"uv":[0.0,6.625,1.0,7.625],"texture":"#o8"}}},{"from":[-2.00209,9.10622,7.33825],"to":[-1.10209,9.35371,7.58574],"rotation":{"angle":-45.0,"axis":"x","origin":[5.64791,9.17871,6.87264]},"faces":{"north":{"uv":[0.0,6.625,1.0,7.625],"texture":"#o8"},"south":{"uv":[0.0,6.625,1.0,7.625],"texture":"#o8"},"east":{"uv":[0.0,6.625,1.0,7.625],"texture":"#o8"},"west":{"uv":[0.0,6.625,1.0,7.625],"texture":"#o8"},"up":{"uv":[0.0,6.625,1.0,7.625],"texture":"#o8"},"down":{"uv":[0.0,6.625,1.0,7.625],"texture":"#o8"}}},{"from":[1.59791,9.10622,7.33825],"to":[2.49791,9.35371,7.58574],"rotation":{"angle":-45.0,"axis":"x","origin":[5.64791,9.17871,6.87264]},"faces":{"north":{"uv":[0.0,6.625,1.0,7.625],"texture":"#o8"},"south":{"uv":[0.0,6.625,1.0,7.625],"texture":"#o8"},"east":{"uv":[0.0,6.625,1.0,7.625],"texture":"#o8"},"west":{"uv":[0.0,6.625,1.0,7.625],"texture":"#o8"},"up":{"uv":[0.0,6.625,1.0,7.625],"texture":"#o8"},"down":{"uv":[0.0,6.625,1.0,7.625],"texture":"#o8"}}},{"from":[-2.00209,9.10622,8.76445],"to":[-1.10209,9.35371,9.01194],"rotation":{"angle":-45.0,"axis":"x","origin":[5.64791,9.17871,8.29884]},"faces":{"north":{"uv":[0.0,6.625,1.0,7.625],"texture":"#o8"},"south":{"uv":[0.0,6.625,1.0,7.625],"texture":"#o8"},"east":{"uv":[0.0,6.625,1.0,7.625],"texture":"#o8"},"west":{"uv":[0.0,6.625,1.0,7.625],"texture":"#o8"},"up":{"uv":[0.0,6.625,1.0,7.625],"texture":"#o8"},"down":{"uv":[0.0,6.625,1.0,7.625],"texture":"#o8"}}},{"from":[-0.20209,9.10622,8.76445],"to":[0.69791,9.35371,9.01194],"rotation":{"angle":-45.0,"axis":"x","origin":[5.64791,9.17871,8.29884]},"faces":{"north":{"uv":[0.0,6.625,1.0,7.625],"texture":"#o8"},"south":{"uv":[0.0,6.625,1.0,7.625],"texture":"#o8"},"east":{"uv":[0.0,6.625,1.0,7.625],"texture":"#o8"},"west":{"uv":[0.0,6.625,1.0,7.625],"texture":"#o8"},"up":{"uv":[0.0,6.625,1.0,7.625],"texture":"#o8"},"down":{"uv":[0.0,6.625,1.0,7.625],"texture":"#o8"}}},{"from":[1.59791,9.10622,8.76445],"to":[2.49791,9.35371,9.01194],"rotation":{"angle":-45.0,"axis":"x","origin":[5.64791,9.17871,8.29884]},"faces":{"north":{"uv":[0.0,6.625,1.0,7.625],"texture":"#o8"},"south":{"uv":[0.0,6.625,1.0,7.625],"texture":"#o8"},"east":{"uv":[0.0,6.625,1.0,7.625],"texture":"#o8"},"west":{"uv":[0.0,6.625,1.0,7.625],"texture":"#o8"},"up":{"uv":[0.0,6.625,1.0,7.625],"texture":"#o8"},"down":{"uv":[0.0,6.625,1.0,7.625],"texture":"#o8"}}},{"from":[3.39791,9.10622,8.76445],"to":[4.29791,9.35371,9.01194],"rotation":{"angle":-45.0,"axis":"x","origin":[5.64791,9.17871,8.29884]},"faces":{"north":{"uv":[0.0,6.625,1.0,7.625],"texture":"#o8"},"south":{"uv":[0.0,6.625,1.0,7.625],"texture":"#o8"},"east":{"uv":[0.0,6.625,1.0,7.625],"texture":"#o8"},"west":{"uv":[0.0,6.625,1.0,7.625],"texture":"#o8"},"up":{"uv":[0.0,6.625,1.0,7.625],"texture":"#o8"},"down":{"uv":[0.0,6.625,1.0,7.625],"texture":"#o8"}}},{"from":[5.19791,9.10622,8.76445],"to":[6.09791,9.35371,9.01194],"rotation":{"angle":-45.0,"axis":"x","origin":[5.64791,9.17871,8.29884]},"faces":{"north":{"uv":[0.0,6.625,1.0,7.625],"texture":"#o8"},"south":{"uv":[0.0,6.625,1.0,7.625],"texture":"#o8"},"east":{"uv":[0.0,6.625,1.0,7.625],"texture":"#o8"},"west":{"uv":[0.0,6.625,1.0,7.625],"texture":"#o8"},"up":{"uv":[0.0,6.625,1.0,7.625],"texture":"#o8"},"down":{"uv":[0.0,6.625,1.0,7.625],"texture":"#o8"}}},{"from":[3.39791,9.45669,7.25313],"to":[4.29791,9.80669,8.67933],"rotation":{"angle":0.0,"axis":"y","origin":[0.81,7.06285,6.19952]},"faces":{"north":{"uv":[0.0,6.625,1.0,7.625],"texture":"#o8"},"south":{"uv":[0.0,6.625,1.0,7.625],"texture":"#o8"},"east":{"uv":[0.0,6.625,1.0,7.625],"texture":"#o8"},"west":{"uv":[0.0,6.625,1.0,7.625],"texture":"#o8"},"up":{"uv":[0.0,6.625,1.0,7.625],"texture":"#o8"},"down":{"uv":[0.0,6.625,1.0,7.625],"texture":"#o8"}}},{"from":[1.59791,9.45669,7.25313],"to":[2.49791,9.80669,8.67933],"rotation":{"angle":0.0,"axis":"y","origin":[-0.99,7.06285,6.19952]},"faces":{"north":{"uv":[0.0,6.625,1.0,7.625],"texture":"#o8"},"south":{"uv":[0.0,6.625,1.0,7.625],"texture":"#o8"},"east":{"uv":[0.0,6.625,1.0,7.625],"texture":"#o8"},"west":{"uv":[0.0,6.625,1.0,7.625],"texture":"#o8"},"up":{"uv":[0.0,6.625,1.0,7.625],"texture":"#o8"},"down":{"uv":[0.0,6.625,1.0,7.625],"texture":"#o8"}}},{"from":[-0.20209,9.45669,7.25313],"to":[0.69791,9.80669,8.67933],"rotation":{"angle":0.0,"axis":"y","origin":[-2.79,7.06285,6.19952]},"faces":{"north":{"uv":[0.0,6.625,1.0,7.625],"texture":"#o8"},"south":{"uv":[0.0,6.625,1.0,7.625],"texture":"#o8"},"east":{"uv":[0.0,6.625,1.0,7.625],"texture":"#o8"},"west":{"uv":[0.0,6.625,1.0,7.625],"texture":"#o8"},"up":{"uv":[0.0,6.625,1.0,7.625],"texture":"#o8"},"down":{"uv":[0.0,6.625,1.0,7.625],"texture":"#o8"}}},{"from":[-2.00209,9.45669,7.25313],"to":[-1.10209,9.80669,8.67933],"rotation":{"angle":0.0,"axis":"y","origin":[-4.59,7.06285,6.19952]},"faces":{"north":{"uv":[0.0,6.625,1.0,7.625],"texture":"#o8"},"south":{"uv":[0.0,6.625,1.0,7.625],"texture":"#o8"},"east":{"uv":[0.0,6.625,1.0,7.625],"texture":"#o8"},"west":{"uv":[0.0,6.625,1.0,7.625],"texture":"#o8"},"up":{"uv":[0.0,6.625,1.0,7.625],"texture":"#o8"},"down":{"uv":[0.0,6.625,1.0,7.625],"texture":"#o8"}}},{"from":[8.33791,6.34331,7.45313],"to":[17.09791,6.82947,8.67929],"rotation":{"angle":0.0,"axis":"y","origin":[1.58791,9.32331,6.19952]},"faces":{"north":{"uv":[0.0,7.625,1.0,6.625],"texture":"#o8"},"south":{"uv":[0.0,7.625,1.0,6.625],"texture":"#o8"},"east":{"uv":[0.0,7.625,1.0,6.625],"texture":"#o8"},"west":{"uv":[0.0,7.625,1.0,6.625],"texture":"#o8"},"up":{"uv":[0.0,7.625,1.0,6.625],"texture":"#o8"},"down":{"uv":[0.0,7.625,1.0,6.625],"texture":"#o8"}}},{"from":[16.19791,5.99331,7.45313],"to":[17.09791,6.34331,8.67933],"rotation":{"angle":0.0,"axis":"y","origin":[2.61,8.93715,6.19952]},"faces":{"north":{"uv":[0.0,7.625,1.0,6.625],"texture":"#o8"},"south":{"uv":[0.0,7.625,1.0,6.625],"texture":"#o8"},"east":{"uv":[0.0,7.625,1.0,6.625],"texture":"#o8"},"west":{"uv":[0.0,7.625,1.0,6.625],"texture":"#o8"},"up":{"uv":[0.0,7.625,1.0,6.625],"texture":"#o8"},"down":{"uv":[0.0,7.625,1.0,6.625],"texture":"#o8"}}},{"from":[14.39791,5.99331,7.45313],"to":[15.29791,6.34331,8.67933],"rotation":{"angle":0.0,"axis":"y","origin":[0.81,8.93715,6.19952]},"faces":{"north":{"uv":[0.0,7.625,1.0,6.625],"texture":"#o8"},"south":{"uv":[0.0,7.625,1.0,6.625],"texture":"#o8"},"east":{"uv":[0.0,7.625,1.0,6.625],"texture":"#o8"},"west":{"uv":[0.0,7.625,1.0,6.625],"texture":"#o8"},"up":{"uv":[0.0,7.625,1.0,6.625],"texture":"#o8"},"down":{"uv":[0.0,7.625,1.0,6.625],"texture":"#o8"}}},{"from":[12.59791,5.99331,7.45313],"to":[13.49791,6.34331,8.67933],"rotation":{"angle":0.0,"axis":"y","origin":[-0.99,8.93715,6.19952]},"faces":{"north":{"uv":[0.0,7.625,1.0,6.625],"texture":"#o8"},"south":{"uv":[0.0,7.625,1.0,6.625],"texture":"#o8"},"east":{"uv":[0.0,7.625,1.0,6.625],"texture":"#o8"},"west":{"uv":[0.0,7.625,1.0,6.625],"texture":"#o8"},"up":{"uv":[0.0,7.625,1.0,6.625],"texture":"#o8"},"down":{"uv":[0.0,7.625,1.0,6.625],"texture":"#o8"}}},{"from":[10.79791,5.99331,7.45313],"to":[11.69791,6.34331,8.67933],"rotation":{"angle":0.0,"axis":"y","origin":[-2.79,8.93715,6.19952]},"faces":{"north":{"uv":[0.0,7.625,1.0,6.625],"texture":"#o8"},"south":{"uv":[0.0,7.625,1.0,6.625],"texture":"#o8"},"east":{"uv":[0.0,7.625,1.0,6.625],"texture":"#o8"},"west":{"uv":[0.0,7.625,1.0,6.625],"texture":"#o8"},"up":{"uv":[0.0,7.625,1.0,6.625],"texture":"#o8"},"down":{"uv":[0.0,7.625,1.0,6.625],"texture":"#o8"}}},{"from":[8.99791,5.99331,7.45313],"to":[9.89791,6.34331,8.67933],"rotation":{"angle":0.0,"axis":"y","origin":[-4.59,8.93715,6.19952]},"faces":{"north":{"uv":[0.0,7.625,1.0,6.625],"texture":"#o8"},"south":{"uv":[0.0,7.625,1.0,6.625],"texture":"#o8"},"east":{"uv":[0.0,7.625,1.0,6.625],"texture":"#o8"},"west":{"uv":[0.0,7.625,1.0,6.625],"texture":"#o8"},"up":{"uv":[0.0,7.625,1.0,6.625],"texture":"#o8"},"down":{"uv":[0.0,7.625,1.0,6.625],"texture":"#o8"}}},{"from":[-4.02209,9.07053,6.75313],"to":[-3.26209,9.45669,9.16929],"rotation":{"angle":0.0,"axis":"y","origin":[0.70791,6.67669,6.19952]},"faces":{"north":{"uv":[12.125,0.0,13.125,1.0],"texture":"#o8"},"south":{"uv":[12.125,0.0,13.125,1.0],"texture":"#o8"},"east":{"uv":[12.125,0.0,13.125,1.0],"texture":"#o8"},"west":{"uv":[12.125,0.0,13.125,1.0],"texture":"#o8"},"up":{"uv":[12.125,0.0,13.125,1.0],"texture":"#o8"},"down":{"uv":[12.125,0.0,13.125,1.0],"texture":"#o8"}}},{"from":[1.12791,8.71437,8.06313],"to":[5.36791,9.07053,9.05929],"rotation":{"angle":0.0,"axis":"y","origin":[0.70791,7.01053,6.19952]},"faces":{"north":{"uv":[5.125,5.0,5.695,5.61232],"texture":"#o8"},"south":{"uv":[5.125,5.0,5.695,5.61232],"texture":"#o8"},"east":{"uv":[5.125,5.0,5.695,5.61232],"texture":"#o8"},"west":{"uv":[5.125,5.0,5.695,5.61232],"texture":"#o8"},"up":{"uv":[5.125,5.0,5.695,5.61232],"texture":"#o8"},"down":{"uv":[5.125,5.0,5.695,5.61232],"texture":"#o8"}}},{"from":[1.12791,7.51437,8.46313],"to":[5.36791,7.92053,9.05929],"rotation":{"angle":0.0,"axis":"y","origin":[0.70791,7.01053,6.19952]},"faces":{"north":{"uv":[6.875,3.25,7.5,3.875],"texture":"#o8"},"south":{"uv":[6.875,3.25,7.5,3.875],"texture":"#o8"},"east":{"uv":[6.875,3.25,7.5,3.875],"texture":"#o8"},"west":{"uv":[6.875,3.25,7.5,3.875],"texture":"#o8"},"up":{"uv":[6.875,3.25,7.5,3.875],"texture":"#o8"},"down":{"uv":[6.875,3.25,7.5,3.875],"texture":"#o8"}}},{"from":[13.0,7.42365,6.85],"to":[19.8,8.37635,9.15],"rotation":{"angle":45.0,"axis":"x","origin":[13.5,7.9,8.0]},"faces":{"north":{"uv":[6.875,3.375,7.375,3.875],"texture":"#o8"},"south":{"uv":[6.875,3.375,7.375,3.875],"texture":"#o8"},"east":{"uv":[6.875,3.375,7.375,3.875],"texture":"#o8"},"west":{"uv":[0.0,3.25,2.0,5.25],"texture":"#missing"}}},{"from":[13.0,7.42365,6.85],"to":[19.8,8.37635,9.15],"rotation":{"angle":0.0,"axis":"x","origin":[13.5,7.9,8.0]},"faces":{"north":{"uv":[6.875,3.375,7.375,3.875],"texture":"#o8"},"south":{"uv":[6.875,3.375,7.375,3.875],"texture":"#o8"},"east":{"uv":[6.875,3.375,7.375,3.875],"texture":"#o8"},"west":{"uv":[0.0,3.25,2.0,5.25],"texture":"#missing"}}},{"from":[13.0,6.75,7.52365],"to":[19.8,9.05,8.47635],"rotation":{"angle":45.0,"axis":"x","origin":[13.5,7.9,8.0]},"faces":{"east":{"uv":[6.875,3.375,7.375,3.875],"texture":"#o8"},"west":{"uv":[0.0,3.25,2.0,5.25],"texture":"#missing"},"up":{"uv":[6.875,3.375,7.375,3.875],"texture":"#o8"},"down":{"uv":[6.875,3.375,7.375,3.875],"texture":"#o8"}}},{"from":[13.0,6.75,7.52365],"to":[19.8,9.05,8.47635],"rotation":{"angle":0.0,"axis":"x","origin":[13.5,7.9,8.0]},"faces":{"east":{"uv":[6.875,3.375,7.375,3.875],"texture":"#o8"},"west":{"uv":[0.0,3.25,2.0,5.25],"texture":"#missing"},"up":{"uv":[6.875,3.375,7.375,3.875],"texture":"#o8"},"down":{"uv":[6.875,3.375,7.375,3.875],"texture":"#o8"}}},{"from":[6.3,7.38081,6.65],"to":[13.0,8.49919,9.35],"rotation":{"angle":45.0,"axis":"x","origin":[9.2,7.94,8.0]},"faces":{"north":{"uv":[6.875,3.375,7.375,3.875],"texture":"#o8"},"south":{"uv":[6.875,3.375,7.375,3.875],"texture":"#o8"},"east":{"uv":[6.875,3.375,7.375,3.875],"texture":"#o8"},"west":{"uv":[6.875,3.375,7.375,3.875],"texture":"#o8"}}},{"from":[6.3,7.38081,6.65],"to":[13.0,8.49919,9.35],"rotation":{"angle":0.0,"axis":"x","origin":[9.2,7.94,8.0]},"faces":{"north":{"uv":[6.875,3.375,7.375,3.875],"texture":"#o8"},"south":{"uv":[6.875,3.375,7.375,3.875],"texture":"#o8"},"east":{"uv":[6.875,3.375,7.375,3.875],"texture":"#o8"},"west":{"uv":[6.875,3.375,7.375,3.875],"texture":"#o8"}}},{"from":[6.3,6.59,7.44081],"to":[13.0,9.29,8.55919],"rotation":{"angle":45.0,"axis":"x","origin":[9.2,7.94,8.0]},"faces":{"east":{"uv":[6.875,3.375,7.375,3.875],"texture":"#o8"},"west":{"uv":[6.875,3.375,7.375,3.875],"texture":"#o8"},"up":{"uv":[6.875,3.375,7.375,3.875],"texture":"#o8"},"down":{"uv":[6.875,3.375,7.375,3.875],"texture":"#o8"}}},{"from":[6.3,6.59,7.44081],"to":[13.0,9.29,8.55919],"rotation":{"angle":0.0,"axis":"x","origin":[9.2,7.94,8.0]},"faces":{"east":{"uv":[6.875,3.375,7.375,3.875],"texture":"#o8"},"west":{"uv":[6.875,3.375,7.375,3.875],"texture":"#o8"},"up":{"uv":[6.875,3.375,7.375,3.875],"texture":"#o8"},"down":{"uv":[6.875,3.375,7.375,3.875],"texture":"#o8"}}},{"from":[1.50791,2.16821,7.12313],"to":[5.18791,3.88437,8.79929],"rotation":{"angle":0.0,"axis":"y","origin":[0.70791,5.37437,6.19952]},"faces":{"north":{"uv":[7.0,0.0,8.84,0.85808],"texture":"#o8"},"south":{"uv":[8.84,0.0,7.0,0.85808],"texture":"#o8"},"east":{"uv":[11.375,0.0,12.21308,0.85808],"texture":"#o8"},"west":{"uv":[11.25,0.0,12.08808,0.85808],"texture":"#o8"}}},{"from":[0.99861,-1.66752,7.13313],"to":[4.67861,1.74864,8.78929],"rotation":{"angle":22.5,"axis":"z","origin":[0.19861,3.23864,6.19952]},"faces":{"north":{"uv":[8.875,0.0,11.215,1.70808],"texture":"#o8"},"south":{"uv":[11.215,0.0,8.875,1.70808],"texture":"#o8"},"east":{"uv":[11.25,0.0,12.08808,1.70808],"texture":"#o8"},"west":{"uv":[11.25,0.0,12.08808,1.70808],"texture":"#o8"},"down":{"uv":[11.25,0.0,13.09,0.83808],"texture":"#o8"}}},{"from":[-16.0,-16.0,-15.99],"to":[32.0,32.0,-15.99],"faces":{"north":{"uv":[0.0,0.0,16.0,16.0],"texture":"#icon_background"}}},{"from":[-16.0,-16.0,-16.0],"to":[32.0,32.0,-16.0],"faces":{"north":{"uv":[0.0,0.0,16.0,16.0],"texture":"#icon"}}}],"display":{"firstperson_lefthand":{"rotation":[0.0,0.0,0.0],"translation":[0.0,0.0,0.0],"scale":[0.0,0.0,0.0]},"firstperson_righthand":{"rotation":[0.0,90.0,0.0],"translation":[-0.75,12.1,-2.25],"scale":[1.0,1.0,1.0]},"thirdperson_lefthand":{"rotation":[0.0,0.0,0.0],"translation":[0.0,0.0,0.0],"scale":[0.0,0.0,0.0]},"thirdperson_righthand":{"rotation":[0.0,0.0,0.0],"translation":[0.0,0.0,0.0],"scale":[0.0,0.0,0.0]},"ground":{"rotation":[-90.0,0.0,0.0],"scale":[0.8,0.8,0.8]},"gui":{"rotation":[0.0,-180.0,0.0],"translation":[0.0,0.0,0.0],"scale":[0.333,0.333,0.333]},"fixed":{"rotation":[0.0,0.0,45.0],"translation":[-0.25,0.5,-0.25],"scale":[0.8,0.8,0.8]},"head":{"rotation":[90.0,0.0,0.0],"translation":[3.25,-41.75,1.0],"scale":[1.2,1.2,1.2]}},"gui_light":"front"}