{"textures":{"o0":"generated/f","o1":"generated/25","o2":"generated/26","o3":"gun/player_skin_slim","o4":"gun/player_skin","o5":"generated/20","o6":"generated/12","o7":"generated/e","o8":"generated/27","o9":"generated/9","o11":"generated/d","o10":"generated/f","icon":"generated/2d","icon_background":"generated/2a"},"elements":[{"from":[2.6833,1.8375,0.83899],"to":[18.6833,5.8375,4.83899],"rotation":{"angle":-45.0,"axis":"y","origin":[8.6833,6.4375,0.83899]},"faces":{"north":{"uv":[10.0,13.0,11.0,16.0],"rotation":90,"texture":"#o4"},"south":{"uv":[8.0,13.0,9.0,16.0],"rotation":270,"texture":"#o4"},"east":{"uv":[10.0,12.0,11.0,13.0],"texture":"#o4"},"west":{"uv":[10.0,13.0,9.0,12.0],"texture":"#o4"},"up":{"uv":[9.0,13.0,10.0,16.0],"rotation":270,"texture":"#o4"},"down":{"uv":[11.0,13.0,12.0,16.0],"rotation":270,"texture":"#o4"}}},{"from":[1.83633,1.7375,0.51169],"to":[20.23633,6.3375,4.96169],"rotation":{"angle":-45.0,"axis":"y","origin":[8.73633,7.0425,0.36169]},"faces":{"north":{"uv":[14.0,13.0,15.0,16.0],"rotation":90,"texture":"#o4"},"south":{"uv":[12.0,13.0,13.0,16.0],"rotation":270,"texture":"#o4"},"east":{"uv":[14.0,12.0,15.0,13.0],"rotation":270,"texture":"#o4"},"west":{"uv":[14.0,13.0,13.0,12.0],"texture":"#o4"},"up":{"uv":[13.0,13.0,14.0,16.0],"rotation":270,"texture":"#o4"},"down":{"uv":[15.0,13.0,16.0,16.0],"rotation":270,"texture":"#o4"}}},{"from":[-0.33967,11.30308,8.83879],"to":[0.46033,12.10308,9.48566],"rotation":{"angle":0.0,"axis":"y","origin":[0.0,11.8,7.95]},"faces":{"north":{"uv":[0.1,5.1,0.9,5.9],"texture":"#o2"},"south":{"uv":[0.1,5.1,0.9,5.9],"texture":"#o2"},"east":{"uv":[0.1,5.1,0.9,5.9],"texture":"#o2"},"west":{"uv":[0.1,5.1,0.9,5.9],"texture":"#o2"},"up":{"uv":[0.1,5.1,0.9,5.9],"rotation":90,"texture":"#o2"},"down":{"uv":[0.1,5.1,0.9,5.9],"rotation":270,"texture":"#o2"}}},{"from":[-0.33967,11.30308,6.47879],"to":[0.46033,12.10308,7.08566],"rotation":{"angle":0.0,"axis":"y","origin":[0.0,11.8,7.95]},"faces":{"north":{"uv":[0.1,5.1,0.9,5.9],"texture":"#o2"},"south":{"uv":[0.1,5.1,0.9,5.9],"texture":"#o2"},"east":{"uv":[0.1,5.1,0.9,5.9],"texture":"#o2"},"west":{"uv":[0.1,5.1,0.9,5.9],"texture":"#o2"},"up":{"uv":[0.1,5.1,0.9,5.9],"rotation":90,"texture":"#o2"},"down":{"uv":[0.1,5.1,0.9,5.9],"rotation":270,"texture":"#o2"}}},{"from":[-0.33967,12.62183,7.54191],"to":[0.46033,12.95308,8.34191],"rotation":{"angle":0.0,"axis":"y","origin":[0.0,11.8,7.95]},"faces":{"north":{"uv":[0.9,5.9,0.1,5.1],"rotation":90,"texture":"#o2"},"south":{"uv":[0.9,5.9,0.1,5.1],"rotation":90,"texture":"#o2"},"east":{"uv":[0.1,5.1,0.9,5.9],"texture":"#o2"},"west":{"uv":[0.1,5.1,0.9,5.9],"texture":"#o2"},"up":{"uv":[0.9,5.9,0.1,5.1],"rotation":180,"texture":"#o2"}}},{"from":[-2.38029,11.5212,6.58998],"to":[-1.92717,11.8912,6.98998],"rotation":{"angle":0.0,"axis":"y","origin":[0.0,11.8,7.95]},"faces":{"north":{"uv":[0.1,5.1,0.9,5.9],"texture":"#o2"},"east":{"uv":[0.1,5.1,0.9,5.9],"texture":"#o2"},"west":{"uv":[0.1,5.1,0.9,5.9],"texture":"#o2"},"up":{"uv":[0.9,5.9,0.1,5.1],"rotation":180,"texture":"#o2"},"down":{"uv":[0.9,5.9,0.1,5.1],"rotation":180,"texture":"#o2"}}},{"from":[-2.38029,11.5212,8.8501],"to":[-1.92717,11.8912,9.2501],"rotation":{"angle":0.0,"axis":"y","origin":[0.0,11.8,7.95]},"faces":{"south":{"uv":[0.1,5.1,0.9,5.9],"texture":"#o2"},"east":{"uv":[0.1,5.1,0.9,5.9],"texture":"#o2"},"west":{"uv":[0.1,5.1,0.9,5.9],"texture":"#o2"},"up":{"uv":[0.9,5.9,0.1,5.1],"rotation":180,"texture":"#o2"},"down":{"uv":[0.9,5.9,0.1,5.1],"rotation":180,"texture":"#o2"}}},{"from":[-1.17718,12.54948,6.72549],"to":[-0.3678,12.76948,9.02549],"rotation":{"angle":0.0,"axis":"y","origin":[0.0,11.8,7.95]},"faces":{"north":{"uv":[0.9,5.9,0.1,5.1],"rotation":90,"texture":"#o2"},"south":{"uv":[0.9,5.9,0.1,5.1],"rotation":90,"texture":"#o2"},"east":{"uv":[0.1,5.1,0.9,5.9],"texture":"#o2"},"west":{"uv":[0.1,5.1,0.9,5.9],"texture":"#o2"},"up":{"uv":[0.9,5.9,0.1,5.1],"rotation":180,"texture":"#o2"},"down":{"uv":[0.9,5.9,0.1,5.1],"texture":"#o2"}}},{"from":[-1.17718,10.67198,6.72549],"to":[-0.3678,10.86198,9.02549],"rotation":{"angle":0.0,"axis":"y","origin":[0.0,11.8,7.95]},"faces":{"north":{"uv":[0.9,5.9,0.1,5.1],"rotation":270,"texture":"#o2"},"south":{"uv":[0.9,5.9,0.1,5.1],"rotation":270,"texture":"#o2"},"east":{"uv":[0.1,5.1,0.9,5.9],"texture":"#o2"},"west":{"uv":[0.1,5.1,0.9,5.9],"texture":"#o2"},"up":{"uv":[0.9,5.9,0.1,5.1],"texture":"#o2"},"down":{"uv":[0.9,5.9,0.1,5.1],"rotation":180,"texture":"#o2"}}},{"from":[-1.26467,10.69378,8.83368],"to":[-1.16467,10.84488,8.98368],"rotation":{"angle":0.0,"axis":"y","origin":[0.0,11.8,7.95]},"faces":{"north":{"uv":[0.1,15.1,0.9,15.9],"texture":"#o2"},"south":{"uv":[0.1,15.1,0.9,15.9],"texture":"#o2"},"west":{"uv":[0.1,15.1,0.9,15.9],"texture":"#o2"},"up":{"uv":[0.9,15.9,0.1,15.1],"rotation":180,"texture":"#o2"},"down":{"uv":[0.9,15.9,0.1,15.1],"rotation":180,"texture":"#o2"}}},{"from":[-1.26467,10.69378,6.79368],"to":[-1.16467,10.84488,6.94368],"rotation":{"angle":0.0,"axis":"y","origin":[0.0,11.8,7.95]},"faces":{"north":{"uv":[0.1,15.1,0.9,15.9],"texture":"#o2"},"south":{"uv":[0.1,15.1,0.9,15.9],"texture":"#o2"},"west":{"uv":[0.1,15.1,0.9,15.9],"texture":"#o2"},"up":{"uv":[0.9,15.9,0.1,15.1],"rotation":180,"texture":"#o2"},"down":{"uv":[0.9,15.9,0.1,15.1],"rotation":180,"texture":"#o2"}}},{"from":[-1.26467,12.58378,8.83368],"to":[-1.16467,12.73488,8.98368],"rotation":{"angle":0.0,"axis":"y","origin":[0.0,11.8,7.95]},"faces":{"north":{"uv":[0.1,15.1,0.9,15.9],"texture":"#o2"},"south":{"uv":[0.1,15.1,0.9,15.9],"texture":"#o2"},"west":{"uv":[0.1,15.1,0.9,15.9],"texture":"#o2"},"up":{"uv":[0.9,15.9,0.1,15.1],"rotation":180,"texture":"#o2"},"down":{"uv":[0.9,15.9,0.1,15.1],"rotation":180,"texture":"#o2"}}},{"from":[-1.26467,12.58378,6.79368],"to":[-1.16467,12.73488,6.94368],"rotation":{"angle":0.0,"axis":"y","origin":[0.0,11.8,7.95]},"faces":{"north":{"uv":[0.1,15.1,0.9,15.9],"texture":"#o2"},"south":{"uv":[0.1,15.1,0.9,15.9],"texture":"#o2"},"west":{"uv":[0.1,15.1,0.9,15.9],"texture":"#o2"},"up":{"uv":[0.9,15.9,0.1,15.1],"rotation":180,"texture":"#o2"},"down":{"uv":[0.9,15.9,0.1,15.1],"rotation":180,"texture":"#o2"}}},{"from":[-2.61718,11.54879,6.85866],"to":[1.0697,11.94879,7.02866],"rotation":{"angle":-45.0,"axis":"x","origin":[0.0,11.8,7.95]},"faces":{"north":{"uv":[0.1,5.1,0.9,5.9],"texture":"#o2"},"south":{"uv":[0.1,5.1,0.9,5.9],"texture":"#o2"},"east":{"uv":[0.1,5.1,0.9,5.9],"texture":"#o2"},"west":{"uv":[0.1,5.1,0.9,5.9],"texture":"#o2"}}},{"from":[-2.61718,11.51983,6.8848],"to":[1.0697,11.91983,7.0548],"rotation":{"angle":-22.5,"axis":"x","origin":[0.0,11.8,7.95]},"faces":{"north":{"uv":[0.1,5.1,0.9,5.9],"texture":"#o2"},"south":{"uv":[0.1,5.1,0.9,5.9],"texture":"#o2"},"east":{"uv":[0.1,5.1,0.9,5.9],"texture":"#o2"},"west":{"uv":[0.1,5.1,0.9,5.9],"texture":"#o2"}}},{"from":[-2.61718,11.50307,6.92002],"to":[1.0697,11.90307,7.09002],"rotation":{"angle":0.0,"axis":"y","origin":[0.0,11.8,7.95]},"faces":{"north":{"uv":[0.1,5.1,0.9,5.9],"texture":"#o2"},"south":{"uv":[0.1,5.1,0.9,5.9],"texture":"#o2"},"east":{"uv":[0.1,5.1,0.9,5.9],"texture":"#o2"},"west":{"uv":[0.1,5.1,0.9,5.9],"texture":"#o2"}}},{"from":[-2.61718,11.50107,6.95898],"to":[1.0697,11.90107,7.12898],"rotation":{"angle":22.5,"axis":"x","origin":[0.0,11.8,7.95]},"faces":{"north":{"uv":[0.1,5.1,0.9,5.9],"texture":"#o2"},"south":{"uv":[0.1,5.1,0.1,5.1],"texture":"#o2"},"east":{"uv":[0.1,5.1,0.9,5.9],"texture":"#o2"},"west":{"uv":[0.1,5.1,0.9,5.9],"texture":"#o2"}}},{"from":[-2.61718,11.51413,6.99574],"to":[1.0697,11.91413,7.16574],"rotation":{"angle":45.0,"axis":"x","origin":[0.0,11.8,7.95]},"faces":{"north":{"uv":[0.1,5.1,0.9,5.9],"texture":"#o2"},"south":{"uv":[0.1,5.1,0.9,5.9],"texture":"#o2"},"east":{"uv":[0.1,5.1,0.9,5.9],"texture":"#o2"},"west":{"uv":[0.1,5.1,0.9,5.9],"texture":"#o2"}}},{"from":[-2.61718,11.54879,8.6996],"to":[1.0697,11.94879,8.8696],"rotation":{"angle":-45.0,"axis":"x","origin":[0.0,11.8,7.95]},"faces":{"north":{"uv":[0.1,5.1,0.9,5.9],"texture":"#o2"},"south":{"uv":[0.1,5.1,0.9,5.9],"texture":"#o2"},"east":{"uv":[0.1,5.1,0.9,5.9],"texture":"#o2"},"west":{"uv":[0.1,5.1,0.9,5.9],"texture":"#o2"}}},{"from":[-2.61718,11.51982,8.72573],"to":[1.0697,11.91982,8.89573],"rotation":{"angle":-22.5,"axis":"x","origin":[0.0,11.8,7.95]},"faces":{"north":{"uv":[0.1,5.1,0.9,5.9],"texture":"#o2"},"south":{"uv":[0.1,5.1,0.9,5.9],"texture":"#o2"},"east":{"uv":[0.1,5.1,0.9,5.9],"texture":"#o2"},"west":{"uv":[0.1,5.1,0.9,5.9],"texture":"#o2"}}},{"from":[-2.61718,11.50307,8.76096],"to":[1.0697,11.90307,8.93096],"rotation":{"angle":0.0,"axis":"y","origin":[0.0,11.8,7.95]},"faces":{"north":{"uv":[0.1,5.1,0.9,5.9],"texture":"#o2"},"south":{"uv":[0.1,5.1,0.9,5.9],"texture":"#o2"},"east":{"uv":[0.1,5.1,0.9,5.9],"texture":"#o2"},"west":{"uv":[0.1,5.1,0.9,5.9],"texture":"#o2"}}},{"from":[-2.61718,11.50107,8.79992],"to":[1.0697,11.90107,8.96992],"rotation":{"angle":22.5,"axis":"x","origin":[0.0,11.8,7.95]},"faces":{"north":{"uv":[0.1,5.1,0.9,5.9],"texture":"#o2"},"south":{"uv":[0.1,5.1,0.9,5.9],"texture":"#o2"},"east":{"uv":[0.1,5.1,0.9,5.9],"texture":"#o2"},"west":{"uv":[0.1,5.1,0.9,5.9],"texture":"#o2"}}},{"from":[-2.61718,11.51413,8.83668],"to":[1.0697,11.91413,9.00668],"rotation":{"angle":45.0,"axis":"x","origin":[0.0,11.8,7.95]},"faces":{"north":{"uv":[0.1,5.1,0.9,5.9],"texture":"#o2"},"south":{"uv":[0.1,5.1,0.9,5.9],"texture":"#o2"},"east":{"uv":[0.1,5.1,0.9,5.9],"texture":"#o2"},"west":{"uv":[0.1,5.1,0.9,5.9],"texture":"#o2"}}},{"from":[-2.61718,10.71436,7.69026],"to":[1.0697,10.88436,8.09026],"rotation":{"angle":-22.5,"axis":"x","origin":[0.0,11.8,7.95]},"faces":{"east":{"uv":[0.1,5.1,0.9,5.9],"texture":"#o2"},"west":{"uv":[0.1,5.1,0.9,5.9],"texture":"#o2"},"up":{"uv":[0.9,5.9,0.1,5.1],"rotation":180,"texture":"#o2"},"down":{"uv":[0.9,5.9,0.1,5.1],"rotation":180,"texture":"#o2"}}},{"from":[-2.61718,10.69761,7.72549],"to":[1.0697,10.86761,8.12549],"rotation":{"angle":0.0,"axis":"y","origin":[0.0,11.8,7.95]},"faces":{"east":{"uv":[0.1,5.1,0.9,5.9],"texture":"#o2"},"west":{"uv":[0.1,5.1,0.9,5.9],"texture":"#o2"},"up":{"uv":[0.9,5.9,0.1,5.1],"rotation":180,"texture":"#o2"},"down":{"uv":[0.9,5.9,0.1,5.1],"rotation":180,"texture":"#o2"}}},{"from":[-2.61718,10.69561,7.76445],"to":[1.0697,10.86561,8.16445],"rotation":{"angle":22.5,"axis":"x","origin":[0.0,11.8,7.95]},"faces":{"east":{"uv":[0.1,5.1,0.9,5.9],"texture":"#o2"},"west":{"uv":[0.1,5.1,0.9,5.9],"texture":"#o2"},"up":{"uv":[0.9,5.9,0.1,5.1],"rotation":180,"texture":"#o2"},"down":{"uv":[0.9,5.9,0.1,5.1],"rotation":180,"texture":"#o2"}}},{"from":[-2.61718,12.55529,7.69026],"to":[1.0697,12.72529,8.09026],"rotation":{"angle":-22.5,"axis":"x","origin":[0.0,11.8,7.95]},"faces":{"east":{"uv":[0.1,5.1,0.9,5.9],"texture":"#o2"},"west":{"uv":[0.1,5.1,0.9,5.9],"texture":"#o2"},"up":{"uv":[0.9,5.9,0.1,5.1],"rotation":180,"texture":"#o2"},"down":{"uv":[0.9,5.9,0.1,5.1],"rotation":180,"texture":"#o2"}}},{"from":[-2.61718,12.53854,7.72549],"to":[1.0697,12.70854,8.12549],"rotation":{"angle":0.0,"axis":"y","origin":[0.0,11.8,7.95]},"faces":{"east":{"uv":[0.1,5.1,0.9,5.9],"texture":"#o2"},"west":{"uv":[0.1,5.1,0.9,5.9],"texture":"#o2"},"up":{"uv":[0.9,5.9,0.1,5.1],"rotation":180,"texture":"#o2"},"down":{"uv":[0.9,5.9,0.1,5.1],"rotation":180,"texture":"#o2"}}},{"from":[-2.61718,12.53654,7.76445],"to":[1.0697,12.70654,8.16445],"rotation":{"angle":22.5,"axis":"x","origin":[0.0,11.8,7.95]},"faces":{"east":{"uv":[0.1,5.1,0.9,5.9],"texture":"#o2"},"west":{"uv":[0.1,5.1,0.9,5.9],"texture":"#o2"},"up":{"uv":[0.9,5.9,0.1,5.1],"rotation":180,"texture":"#o2"},"down":{"uv":[0.9,5.9,0.1,5.1],"rotation":180,"texture":"#o2"}}},{"from":[-2.61468,11.5187,6.92002],"to":[-2.3678,11.9187,7.08252],"rotation":{"angle":0.0,"axis":"y","origin":[0.0,11.8,7.95]},"faces":{"north":{"uv":[0.1,5.1,0.9,5.9],"texture":"#o2"},"south":{"uv":[0.1,5.1,0.9,5.9],"texture":"#o2"},"east":{"uv":[0.1,5.1,0.9,5.9],"texture":"#o2"},"west":{"uv":[0.1,5.1,0.9,5.9],"texture":"#o2"}}},{"from":[-1.17718,11.52949,6.64002],"to":[-0.3678,11.88574,6.86014],"rotation":{"angle":-45.0,"axis":"x","origin":[0.0,11.8,7.95]},"faces":{"east":{"uv":[0.1,5.1,0.9,5.9],"texture":"#o2"},"west":{"uv":[0.1,5.1,0.9,5.9],"texture":"#o2"}}},{"from":[-1.17718,10.57343,7.32844],"to":[-0.3678,11.02343,8.13293],"rotation":{"angle":45.0,"axis":"x","origin":[0.0,12.08133,7.83347]},"faces":{"east":{"uv":[0.1,5.1,0.9,5.9],"texture":"#o2"},"west":{"uv":[0.1,5.1,0.9,5.9],"texture":"#o2"},"down":{"uv":[0.9,5.9,0.1,5.1],"rotation":180,"texture":"#o2"}}},{"from":[-1.17718,11.37219,6.41011],"to":[-0.3678,12.02927,6.96011],"rotation":{"angle":0.0,"axis":"y","origin":[0.0,11.8,7.95]},"faces":{"north":{"uv":[0.1,5.1,0.9,5.9],"rotation":180,"texture":"#o2"},"east":{"uv":[0.1,5.1,0.9,5.9],"texture":"#o2"},"west":{"uv":[0.1,5.1,0.9,5.9],"texture":"#o2"}}},{"from":[-1.17718,12.42619,7.18805],"to":[-0.3678,12.88619,7.99254],"rotation":{"angle":-45.0,"axis":"x","origin":[0.0,11.51868,7.83347]},"faces":{"east":{"uv":[0.1,5.1,0.9,5.9],"texture":"#o2"},"west":{"uv":[0.1,5.1,0.9,5.9],"texture":"#o2"},"up":{"uv":[0.9,5.9,0.1,5.1],"rotation":180,"texture":"#o2"}}},{"from":[-1.17718,11.58139,6.7509],"to":[-0.3678,11.93764,7.09539],"rotation":{"angle":45.0,"axis":"x","origin":[0.0,11.8,7.95]},"faces":{"east":{"uv":[0.1,5.1,0.9,5.9],"texture":"#o2"},"west":{"uv":[0.1,5.1,0.9,5.9],"texture":"#o2"}}},{"from":[-1.17718,11.42412,8.93449],"to":[-0.3678,11.78037,9.15461],"rotation":{"angle":45.0,"axis":"x","origin":[0.0,11.8,7.95]},"faces":{"east":{"uv":[0.9,5.1,0.1,5.9],"texture":"#o2"},"west":{"uv":[0.9,5.1,0.1,5.9],"texture":"#o2"}}},{"from":[-1.17718,10.6788,7.6617],"to":[-0.3678,11.05068,8.46619],"rotation":{"angle":-45.0,"axis":"x","origin":[0.0,12.08133,8.06653]},"faces":{"east":{"uv":[0.1,5.1,0.9,5.9],"texture":"#o2"},"west":{"uv":[0.1,5.1,0.9,5.9],"texture":"#o2"},"down":{"uv":[0.9,5.9,0.1,5.1],"rotation":180,"texture":"#o2"}}},{"from":[-1.17718,11.37219,8.83774],"to":[-0.3678,12.02927,9.34087],"rotation":{"angle":0.0,"axis":"y","origin":[0.0,11.8,7.95]},"faces":{"south":{"uv":[0.1,5.1,0.9,5.9],"texture":"#o2"},"east":{"uv":[0.1,5.1,0.9,5.9],"texture":"#o2"},"west":{"uv":[0.1,5.1,0.9,5.9],"texture":"#o2"}}},{"from":[-1.17718,12.40894,7.60209],"to":[-0.3678,12.78082,8.60658],"rotation":{"angle":45.0,"axis":"x","origin":[0.0,11.51868,8.06653]},"faces":{"east":{"uv":[0.1,4.1,0.9,4.9],"texture":"#o2"},"west":{"uv":[0.1,4.1,0.9,4.9],"texture":"#o2"},"up":{"uv":[0.9,4.9,0.1,4.1],"rotation":180,"texture":"#o2"}}},{"from":[1.06796,11.52412,6.6994],"to":[2.00396,11.98359,6.89116],"rotation":{"angle":-45.0,"axis":"x","origin":[-0.34,11.79398,7.9476]},"faces":{"north":{"uv":[0.1,5.1,0.9,5.9],"texture":"#o2"},"south":{"uv":[0.1,5.1,0.9,5.9],"texture":"#o2"},"west":{"uv":[0.1,5.1,0.9,5.9],"texture":"#o2"}}},{"from":[1.06796,10.54472,7.6803],"to":[2.00396,10.73648,8.13978],"rotation":{"angle":0.0,"axis":"y","origin":[-0.34,11.79398,7.9476]},"faces":{"west":{"uv":[0.1,5.1,0.9,5.9],"texture":"#o2"},"up":{"uv":[0.9,5.9,0.1,5.1],"rotation":180,"texture":"#o2"},"down":{"uv":[0.9,5.9,0.1,5.1],"rotation":180,"texture":"#o2"}}},{"from":[1.06796,10.53753,7.71926],"to":[2.00396,10.72929,8.17873],"rotation":{"angle":22.5,"axis":"x","origin":[-0.34,11.79398,7.9476]},"faces":{"west":{"uv":[0.1,5.1,0.9,5.9],"texture":"#o2"},"up":{"uv":[0.9,5.9,0.1,5.1],"rotation":180,"texture":"#o2"},"down":{"uv":[0.9,5.9,0.1,5.1],"rotation":180,"texture":"#o2"}}},{"from":[1.06796,11.49149,6.72186],"to":[2.00396,11.95096,6.91362],"rotation":{"angle":-22.5,"axis":"x","origin":[-0.34,11.79398,7.9476]},"faces":{"north":{"uv":[0.1,5.1,0.9,5.9],"texture":"#o2"},"south":{"uv":[0.1,5.1,0.9,5.9],"texture":"#o2"},"west":{"uv":[0.1,5.1,0.9,5.9],"texture":"#o2"}}},{"from":[1.06796,11.46994,6.75509],"to":[2.00396,11.92942,6.94685],"rotation":{"angle":0.0,"axis":"y","origin":[-0.34,11.79398,7.9476]},"faces":{"north":{"uv":[0.1,5.1,0.9,5.9],"texture":"#o2"},"south":{"uv":[0.1,5.1,0.9,5.9],"texture":"#o2"},"west":{"uv":[0.1,5.1,0.9,5.9],"texture":"#o2"}}},{"from":[1.06796,11.46274,6.79403],"to":[2.00396,11.92222,6.98579],"rotation":{"angle":22.5,"axis":"x","origin":[-0.34,11.79398,7.9476]},"faces":{"north":{"uv":[0.1,5.1,0.9,5.9],"texture":"#o2"},"south":{"uv":[0.1,5.1,0.9,5.9],"texture":"#o2"},"west":{"uv":[0.1,5.1,0.9,5.9],"texture":"#o2"}}},{"from":[1.06796,11.47101,6.83277],"to":[2.00396,11.93048,7.02453],"rotation":{"angle":45.0,"axis":"x","origin":[-0.34,11.79398,7.9476]},"faces":{"north":{"uv":[0.1,5.1,0.9,5.9],"texture":"#o2"},"south":{"uv":[0.1,5.1,0.9,5.9],"texture":"#o2"},"west":{"uv":[0.1,5.1,0.9,5.9],"texture":"#o2"}}},{"from":[1.06796,12.68442,7.64708],"to":[2.00396,12.87619,8.10655],"rotation":{"angle":-22.5,"axis":"x","origin":[-0.34,11.79398,7.9476]},"faces":{"west":{"uv":[0.1,5.1,0.9,5.9],"texture":"#o2"},"up":{"uv":[0.9,5.9,0.1,5.1],"rotation":180,"texture":"#o2"},"down":{"uv":[0.9,5.9,0.1,5.1],"rotation":180,"texture":"#o2"}}},{"from":[1.06796,12.66287,7.6803],"to":[2.00396,12.85464,8.13978],"rotation":{"angle":0.0,"axis":"y","origin":[-0.34,11.79398,7.9476]},"faces":{"west":{"uv":[0.1,5.1,0.9,5.9],"texture":"#o2"},"up":{"uv":[0.9,5.9,0.1,5.1],"rotation":180,"texture":"#o2"},"down":{"uv":[0.9,5.9,0.1,5.1],"rotation":180,"texture":"#o2"}}},{"from":[1.06796,12.65568,7.71926],"to":[2.00396,12.84745,8.17873],"rotation":{"angle":22.5,"axis":"x","origin":[-0.34,11.79398,7.9476]},"faces":{"west":{"uv":[0.1,5.1,0.9,5.9],"texture":"#o2"},"up":{"uv":[0.9,5.9,0.1,5.1],"rotation":180,"texture":"#o2"},"down":{"uv":[0.9,5.9,0.1,5.1],"rotation":180,"texture":"#o2"}}},{"from":[1.06796,11.52412,8.81755],"to":[2.00396,11.98359,9.00931],"rotation":{"angle":-45.0,"axis":"x","origin":[-0.34,11.79398,7.9476]},"faces":{"north":{"uv":[0.1,5.1,0.9,5.9],"texture":"#o2"},"south":{"uv":[0.1,5.1,0.9,5.9],"texture":"#o2"},"west":{"uv":[0.1,5.1,0.9,5.9],"texture":"#o2"}}},{"from":[1.06796,11.49149,8.84001],"to":[2.00396,11.95096,9.03177],"rotation":{"angle":-22.5,"axis":"x","origin":[-0.34,11.79398,7.9476]},"faces":{"north":{"uv":[0.1,5.1,0.9,5.9],"texture":"#o2"},"south":{"uv":[0.1,5.1,0.9,5.9],"texture":"#o2"},"west":{"uv":[0.1,5.1,0.9,5.9],"texture":"#o2"}}},{"from":[1.06796,11.46994,8.87324],"to":[2.00396,11.92942,9.065],"rotation":{"angle":0.0,"axis":"y","origin":[-0.34,11.79398,7.9476]},"faces":{"north":{"uv":[0.1,5.1,0.9,5.9],"texture":"#o2"},"south":{"uv":[0.1,5.1,0.9,5.9],"texture":"#o2"},"west":{"uv":[0.1,5.1,0.9,5.9],"texture":"#o2"}}},{"from":[1.06796,11.46274,8.91218],"to":[2.00396,11.92222,9.10394],"rotation":{"angle":22.5,"axis":"x","origin":[-0.34,11.79398,7.9476]},"faces":{"north":{"uv":[0.1,5.1,0.9,5.9],"texture":"#o2"},"south":{"uv":[0.1,5.1,0.9,5.9],"texture":"#o2"},"west":{"uv":[0.1,5.1,0.9,5.9],"texture":"#o2"}}},{"from":[1.06796,11.47101,8.95092],"to":[2.00396,11.93048,9.14268],"rotation":{"angle":45.0,"axis":"x","origin":[-0.34,11.79398,7.9476]},"faces":{"north":{"uv":[0.1,5.1,0.9,5.9],"texture":"#o2"},"south":{"uv":[0.1,5.1,0.9,5.9],"texture":"#o2"},"west":{"uv":[0.1,5.1,0.9,5.9],"texture":"#o2"}}},{"from":[1.06796,10.56627,7.64708],"to":[2.00396,10.75803,8.10655],"rotation":{"angle":-22.5,"axis":"x","origin":[-0.34,11.79398,7.9476]},"faces":{"west":{"uv":[0.1,5.1,0.9,5.9],"texture":"#o2"},"up":{"uv":[0.9,5.9,0.1,5.1],"rotation":180,"texture":"#o2"},"down":{"uv":[0.9,5.9,0.1,5.1],"rotation":180,"texture":"#o2"}}},{"from":[2.94283,11.4869,6.77067],"to":[2.94283,11.9255,8.97566],"rotation":{"angle":0.0,"axis":"y","origin":[1.0312,11.78687,7.93924]},"faces":{"east":{"uv":[5.1,5.1,5.9,5.9],"texture":"#o2"}}},{"from":[2.94283,11.55724,6.73298],"to":[2.94283,11.99584,8.93798],"rotation":{"angle":-45.0,"axis":"x","origin":[1.0312,11.78687,7.93924]},"faces":{"east":{"uv":[5.1,5.1,5.9,5.9],"texture":"#o2"}}},{"from":[2.94283,10.60371,7.65387],"to":[2.94283,12.8087,8.09247],"rotation":{"angle":0.0,"axis":"y","origin":[1.0312,11.78687,7.93924]},"faces":{"east":{"uv":[5.1,5.1,5.9,5.9],"texture":"#o2"}}},{"from":[2.94283,11.4638,6.84706],"to":[2.94283,11.9024,9.05206],"rotation":{"angle":45.0,"axis":"x","origin":[1.0312,11.78687,7.93924]},"faces":{"east":{"uv":[5.1,5.1,5.9,5.9],"texture":"#o2"}}},{"from":[2.94283,10.63513,7.62804],"to":[2.94283,12.84013,8.06664],"rotation":{"angle":-22.5,"axis":"x","origin":[1.0312,11.78687,7.93924]},"faces":{"east":{"uv":[5.1,5.1,5.9,5.9],"texture":"#o2"}}},{"from":[2.94283,11.46776,6.80656],"to":[2.94283,11.90636,9.01156],"rotation":{"angle":22.5,"axis":"x","origin":[1.0312,11.78687,7.93924]},"faces":{"east":{"uv":[5.1,5.1,5.9,5.9],"texture":"#o2"}}},{"from":[2.94283,10.58456,7.68977],"to":[2.94283,12.78956,8.12837],"rotation":{"angle":22.5,"axis":"x","origin":[1.0312,11.78687,7.93924]},"faces":{"east":{"uv":[5.1,5.1,5.9,5.9],"texture":"#o2"}}},{"from":[2.94283,11.51832,6.74483],"to":[2.94283,11.95692,8.94983],"rotation":{"angle":-22.5,"axis":"x","origin":[1.0312,11.78687,7.93924]},"faces":{"east":{"uv":[5.1,5.1,5.9,5.9],"texture":"#o2"}}},{"from":[2.52594,12.99644,7.97546],"to":[2.99594,13.17644,8.1383],"rotation":{"angle":0.0,"axis":"x","origin":[0.36794,11.807,7.96414]},"faces":{"north":{"uv":[5.0,0.0,6.0,1.0],"texture":"#o2"},"south":{"uv":[5.0,0.0,6.0,1.0],"texture":"#o2"},"east":{"uv":[5.0,0.0,6.0,1.0],"texture":"#o2"},"west":{"uv":[5.0,0.0,6.0,1.0],"texture":"#o2"},"up":{"uv":[5.0,0.0,6.0,1.0],"rotation":90,"texture":"#o2"},"down":{"uv":[5.0,0.0,6.0,1.0],"rotation":270,"texture":"#o2"}}},{"from":[1.97937,13.00644,8.10546],"to":[2.46937,13.17644,8.2683],"rotation":{"angle":0.0,"axis":"x","origin":[0.57137,11.997,7.85414]},"faces":{"north":{"uv":[5.0,0.0,6.0,1.0],"texture":"#o2"},"south":{"uv":[5.0,0.0,6.0,1.0],"texture":"#o2"},"east":{"uv":[5.0,0.0,6.0,1.0],"texture":"#o2"},"west":{"uv":[5.0,0.0,6.0,1.0],"texture":"#o2"},"up":{"uv":[5.0,0.0,6.0,1.0],"rotation":90,"texture":"#o2"},"down":{"uv":[5.0,0.0,6.0,1.0],"rotation":270,"texture":"#o2"}}},{"from":[1.40561,12.85213,8.10546],"to":[2.04097,13.01749,8.2683],"rotation":{"angle":22.5,"axis":"z","origin":[1.61061,12.94213,8.18688]},"faces":{"north":{"uv":[5.0,0.0,6.0,1.0],"texture":"#o2"},"south":{"uv":[5.0,0.0,6.0,1.0],"texture":"#o2"},"east":{"uv":[5.0,0.0,6.0,1.0],"texture":"#o2"},"west":{"uv":[5.0,0.0,6.0,1.0],"texture":"#o2"},"up":{"uv":[5.0,0.0,6.0,1.0],"rotation":90,"texture":"#o2"},"down":{"uv":[5.0,0.0,6.0,1.0],"rotation":270,"texture":"#o2"}}},{"from":[1.31566,12.78053,8.10546],"to":[1.45566,12.96053,8.2683],"rotation":{"angle":0.0,"axis":"x","origin":[1.26566,12.87053,8.18688]},"faces":{"north":{"uv":[5.0,0.0,6.0,1.0],"texture":"#o2"},"south":{"uv":[5.0,0.0,6.0,1.0],"texture":"#o2"},"east":{"uv":[5.0,0.0,6.0,1.0],"texture":"#o2"},"west":{"uv":[5.0,0.0,6.0,1.0],"texture":"#o2"},"up":{"uv":[5.0,0.0,6.0,1.0],"rotation":90,"texture":"#o2"},"down":{"uv":[5.0,0.0,6.0,1.0],"rotation":270,"texture":"#o2"}}},{"from":[1.17585,12.78053,8.19494],"to":[1.36585,12.96053,8.35778],"rotation":{"angle":22.5,"axis":"y","origin":[1.11585,12.87053,8.27636]},"faces":{"north":{"uv":[5.0,0.0,6.0,1.0],"texture":"#o2"},"south":{"uv":[5.0,0.0,6.0,1.0],"texture":"#o2"},"east":{"uv":[5.0,0.0,6.0,1.0],"texture":"#o2"},"west":{"uv":[5.0,0.0,6.0,1.0],"texture":"#o2"},"up":{"uv":[5.0,0.0,6.0,1.0],"rotation":90,"texture":"#o2"},"down":{"uv":[5.0,0.0,6.0,1.0],"rotation":270,"texture":"#o2"}}},{"from":[0.44918,12.64116,8.33285],"to":[0.76918,12.82116,8.49569],"rotation":{"angle":45.0,"axis":"y","origin":[0.49918,12.73116,8.41427]},"faces":{"north":{"uv":[5.0,0.0,6.0,1.0],"texture":"#o2"},"south":{"uv":[5.0,0.0,6.0,1.0],"texture":"#o2"},"east":{"uv":[5.0,0.0,6.0,1.0],"texture":"#o2"},"west":{"uv":[5.0,0.0,6.0,1.0],"texture":"#o2"},"up":{"uv":[5.0,0.0,6.0,1.0],"rotation":90,"texture":"#o2"},"down":{"uv":[5.0,0.0,6.0,1.0],"rotation":270,"texture":"#o2"}}},{"from":[0.2014,12.64116,8.34436],"to":[0.5214,12.82116,8.5072],"rotation":{"angle":0.0,"axis":"y","origin":[0.1914,12.73116,8.42578]},"faces":{"north":{"uv":[5.0,0.0,6.0,1.0],"texture":"#o2"},"south":{"uv":[5.0,0.0,6.0,1.0],"texture":"#o2"},"east":{"uv":[5.0,0.0,6.0,1.0],"texture":"#o2"},"west":{"uv":[5.0,0.0,6.0,1.0],"texture":"#o2"},"up":{"uv":[5.0,0.0,6.0,1.0],"rotation":90,"texture":"#o2"},"down":{"uv":[5.0,0.0,6.0,1.0],"rotation":270,"texture":"#o2"}}},{"from":[-0.06274,12.59061,8.34436],"to":[0.24726,12.77061,8.5072],"rotation":{"angle":22.5,"axis":"z","origin":[0.09726,12.68061,8.42578]},"faces":{"north":{"uv":[5.0,0.0,6.0,1.0],"texture":"#o2"},"south":{"uv":[5.0,0.0,6.0,1.0],"texture":"#o2"},"east":{"uv":[5.0,0.0,6.0,1.0],"texture":"#o2"},"west":{"uv":[5.0,0.0,6.0,1.0],"texture":"#o2"},"up":{"uv":[5.0,0.0,6.0,1.0],"rotation":90,"texture":"#o2"},"down":{"uv":[5.0,0.0,6.0,1.0],"rotation":270,"texture":"#o2"}}},{"from":[0.63253,12.64116,8.16578],"to":[0.76177,12.82116,8.3248],"rotation":{"angle":0.0,"axis":"x","origin":[0.21377,11.82172,7.76064]},"faces":{"north":{"uv":[5.0,0.0,6.0,1.0],"texture":"#o2"},"south":{"uv":[5.0,0.0,6.0,1.0],"texture":"#o2"},"east":{"uv":[5.0,0.0,6.0,1.0],"texture":"#o2"},"west":{"uv":[5.0,0.0,6.0,1.0],"texture":"#o2"},"up":{"uv":[5.0,0.0,6.0,1.0],"rotation":90,"texture":"#o2"},"down":{"uv":[5.0,0.0,6.0,1.0],"rotation":270,"texture":"#o2"}}},{"from":[1.06244,12.78053,8.16578],"to":[1.20244,12.96053,8.32862],"rotation":{"angle":0.0,"axis":"x","origin":[0.37444,11.96109,7.76446]},"faces":{"north":{"uv":[5.0,0.0,6.0,1.0],"texture":"#o2"},"south":{"uv":[5.0,0.0,6.0,1.0],"texture":"#o2"},"east":{"uv":[5.0,0.0,6.0,1.0],"texture":"#o2"},"west":{"uv":[5.0,0.0,6.0,1.0],"texture":"#o2"},"up":{"uv":[5.0,0.0,6.0,1.0],"rotation":90,"texture":"#o2"},"down":{"uv":[5.0,0.0,6.0,1.0],"rotation":270,"texture":"#o2"}}},{"from":[0.70221,12.76059,8.16578],"to":[1.10221,12.94059,8.32862],"rotation":{"angle":22.5,"axis":"z","origin":[1.03221,12.85059,8.2472]},"faces":{"north":{"uv":[5.0,0.0,6.0,1.0],"texture":"#o2"},"south":{"uv":[5.0,0.0,6.0,1.0],"texture":"#o2"},"east":{"uv":[5.0,0.0,6.0,1.0],"texture":"#o2"},"west":{"uv":[5.0,0.0,6.0,1.0],"texture":"#o2"},"up":{"uv":[5.0,0.0,6.0,1.0],"rotation":90,"texture":"#o2"},"down":{"uv":[5.0,0.0,6.0,1.0],"rotation":270,"texture":"#o2"}}},{"from":[-0.37525,12.53215,8.34436],"to":[-0.00525,12.71215,8.5072],"rotation":{"angle":0.0,"axis":"x","origin":[0.13675,11.81271,7.94304]},"faces":{"north":{"uv":[5.0,0.0,6.0,1.0],"texture":"#o2"},"south":{"uv":[5.0,0.0,6.0,1.0],"texture":"#o2"},"east":{"uv":[5.0,0.0,6.0,1.0],"texture":"#o2"},"west":{"uv":[5.0,0.0,6.0,1.0],"texture":"#o2"},"up":{"uv":[5.0,0.0,6.0,1.0],"rotation":90,"texture":"#o2"},"down":{"uv":[5.0,0.0,6.0,1.0],"rotation":270,"texture":"#o2"}}},{"from":[3.06665,12.99644,7.83132],"to":[3.73665,13.17644,7.99416],"rotation":{"angle":0.0,"axis":"x","origin":[0.43865,11.807,7.95]},"faces":{"north":{"uv":[5.0,0.0,6.0,1.0],"texture":"#o2"},"south":{"uv":[5.0,0.0,6.0,1.0],"texture":"#o2"},"east":{"uv":[5.0,0.0,6.0,1.0],"texture":"#o2"},"west":{"uv":[5.0,0.0,6.0,1.0],"texture":"#o2"},"up":{"uv":[5.0,0.0,6.0,1.0],"rotation":90,"texture":"#o2"},"down":{"uv":[5.0,0.0,6.0,1.0],"rotation":270,"texture":"#o2"}}},{"from":[2.96992,12.99644,8.07971],"to":[3.23699,13.17644,8.24678],"rotation":{"angle":45.0,"axis":"y","origin":[2.85199,13.08644,8.16113]},"faces":{"north":{"uv":[5.0,0.0,6.0,1.0],"texture":"#o2"},"south":{"uv":[5.0,0.0,6.0,1.0],"texture":"#o2"},"east":{"uv":[5.0,0.0,6.0,1.0],"texture":"#o2"},"west":{"uv":[5.0,0.0,6.0,1.0],"texture":"#o2"},"up":{"uv":[5.0,0.0,6.0,1.0],"rotation":90,"texture":"#o2"},"down":{"uv":[5.0,0.0,6.0,1.0],"rotation":270,"texture":"#o2"}}},{"from":[2.44921,12.99644,8.22385],"to":[2.69628,13.17644,8.39092],"rotation":{"angle":45.0,"axis":"y","origin":[2.31128,13.08644,8.30527]},"faces":{"north":{"uv":[5.0,0.0,6.0,1.0],"texture":"#o2"},"south":{"uv":[5.0,0.0,6.0,1.0],"texture":"#o2"},"east":{"uv":[5.0,0.0,6.0,1.0],"texture":"#o2"},"west":{"uv":[5.0,0.0,6.0,1.0],"texture":"#o2"},"up":{"uv":[5.0,0.0,6.0,1.0],"rotation":90,"texture":"#o2"},"down":{"uv":[5.0,0.0,6.0,1.0],"rotation":270,"texture":"#o2"}}},{"from":[-0.13434,10.38197,7.72549],"to":[0.26566,10.78197,8.12549],"rotation":{"angle":0.0,"axis":"y","origin":[0.14851,10.18197,7.72549]},"faces":{"north":{"uv":[1.0,5.25,1.4,5.65],"texture":"#o2"},"south":{"uv":[1.0,5.25,1.4,5.65],"texture":"#o2"},"east":{"uv":[1.0,5.25,1.4,5.65],"texture":"#o2"},"west":{"uv":[1.0,5.25,1.4,5.65],"texture":"#o2"},"up":{"uv":[1.0,5.25,1.4,5.65],"rotation":90,"texture":"#o2"},"down":{"uv":[1.0,5.25,1.4,5.65],"rotation":270,"texture":"#o2"}}},{"from":[0.0625,9.97198,7.72549],"to":[3.27507,10.37198,8.12549],"rotation":{"angle":0.0,"axis":"y","origin":[0.0,11.8,7.95]},"faces":{"north":{"uv":[0.1,0.1,0.9,0.9],"texture":"#o2"},"south":{"uv":[0.1,0.1,0.9,0.9],"texture":"#o2"},"east":{"uv":[0.1,0.1,0.9,0.9],"texture":"#o2"},"west":{"uv":[0.1,0.1,0.9,0.9],"texture":"#o2"},"up":{"uv":[0.9,0.9,0.1,0.1],"rotation":180,"texture":"#o2"}}},{"from":[0.24688,10.36489,7.88571],"to":[2.03438,10.67051,7.96527],"rotation":{"angle":0.0,"axis":"y","origin":[0.0,11.8,7.95]},"faces":{"north":{"uv":[0.1,0.1,0.9,0.9],"texture":"#o2"},"south":{"uv":[0.1,0.1,0.9,0.9],"texture":"#o2"},"east":{"uv":[0.1,0.1,0.9,0.9],"texture":"#o2"},"west":{"uv":[0.1,0.1,0.9,0.9],"texture":"#o2"},"up":{"uv":[0.9,0.9,0.1,0.1],"rotation":180,"texture":"#o2"}}},{"from":[-0.0375,9.07198,8.65674],"to":[3.37507,9.47198,8.95674],"rotation":{"angle":0.0,"axis":"y","origin":[0.0,11.8,7.95]},"faces":{"north":{"uv":[0.1,0.1,0.9,0.9],"texture":"#o2"},"south":{"uv":[0.1,0.1,0.9,0.9],"texture":"#o2"},"east":{"uv":[0.1,0.1,0.9,0.9],"texture":"#o2"},"west":{"uv":[0.1,0.1,0.9,0.9],"texture":"#o2"},"down":{"uv":[0.9,0.9,0.1,0.1],"rotation":180,"texture":"#o2"}}},{"from":[-0.0375,9.47198,6.99674],"to":[3.37507,9.97198,8.95674],"rotation":{"angle":0.0,"axis":"y","origin":[0.0,11.8,7.95]},"faces":{"north":{"uv":[0.1,0.1,0.9,0.9],"texture":"#o2"},"south":{"uv":[0.1,0.1,0.9,0.9],"texture":"#o2"},"east":{"uv":[0.1,0.1,0.9,0.9],"texture":"#o2"},"west":{"uv":[0.1,0.1,0.9,0.9],"texture":"#o2"},"up":{"uv":[0.9,0.9,0.1,0.1],"rotation":180,"texture":"#o2"},"down":{"uv":[0.9,0.9,0.1,0.1],"rotation":180,"texture":"#o2"}}},{"from":[1.9,10.41,7.36152],"to":[3.22208,10.70924,8.43848],"rotation":{"angle":0.0,"axis":"z","origin":[2.4,11.71,7.9]},"faces":{"north":{"uv":[0.875,5.25,1.875,6.25],"texture":"#o2"},"south":{"uv":[0.875,5.25,1.875,6.25],"texture":"#o2"},"east":{"uv":[0.875,5.25,1.875,6.25],"texture":"#o2"},"west":{"uv":[0.875,5.25,1.875,6.25],"texture":"#o2"},"up":{"uv":[0.875,5.25,1.875,6.25],"rotation":90,"texture":"#o2"},"down":{"uv":[0.875,5.25,1.875,6.25],"rotation":270,"texture":"#o2"}}},{"from":[1.9,12.71,7.36152],"to":[3.8,13.01,8.43848],"rotation":{"angle":-45.0,"axis":"x","origin":[2.4,11.71,7.9]},"faces":{"north":{"uv":[0.875,5.25,1.875,6.25],"texture":"#o2"},"south":{"uv":[0.875,5.25,1.875,6.25],"texture":"#o2"},"east":{"uv":[0.875,5.25,1.875,6.25],"texture":"#o2"},"west":{"uv":[0.875,5.25,1.875,6.25],"texture":"#o2"},"up":{"uv":[0.875,5.25,1.875,6.25],"rotation":90,"texture":"#o2"},"down":{"uv":[0.875,5.25,1.875,6.25],"rotation":270,"texture":"#o2"}}},{"from":[1.9,12.71,7.36152],"to":[3.8,13.01,8.43848],"rotation":{"angle":0.0,"axis":"z","origin":[2.4,11.71,7.9]},"faces":{"north":{"uv":[0.875,5.25,1.875,6.25],"texture":"#o2"},"south":{"uv":[0.875,5.25,1.875,6.25],"texture":"#o2"},"east":{"uv":[0.875,5.25,1.875,6.25],"texture":"#o2"},"west":{"uv":[0.875,5.25,1.875,6.25],"texture":"#o2"},"up":{"uv":[0.875,5.25,1.875,6.25],"rotation":90,"texture":"#o2"},"down":{"uv":[0.875,5.25,1.875,6.25],"rotation":270,"texture":"#o2"}}},{"from":[1.9,11.17152,6.59946],"to":[3.22208,12.24794,6.9],"rotation":{"angle":-45.0,"axis":"x","origin":[2.4,11.71,7.9]},"faces":{"north":{"uv":[0.875,5.25,1.875,6.25],"texture":"#o2"},"south":{"uv":[0.875,5.25,1.875,6.25],"texture":"#o2"},"east":{"uv":[0.875,5.25,1.875,6.25],"texture":"#o2"},"west":{"uv":[0.875,5.25,1.875,6.25],"texture":"#o2"},"up":{"uv":[0.875,5.25,1.875,6.25],"rotation":90,"texture":"#o2"},"down":{"uv":[0.875,5.25,1.875,6.25],"rotation":270,"texture":"#o2"}}},{"from":[2.86152,11.93,6.6],"to":[3.12724,12.78266,6.9],"rotation":{"angle":-45.0,"axis":"z","origin":[2.4,11.53,7.9]},"faces":{"north":{"uv":[0.875,5.25,1.875,6.25],"rotation":90,"texture":"#o2"},"south":{"uv":[0.875,5.25,1.875,6.25],"rotation":270,"texture":"#o2"},"east":{"uv":[0.875,5.25,1.875,6.25],"rotation":180,"texture":"#o2"},"west":{"uv":[0.875,5.25,1.875,6.25],"texture":"#o2"},"up":{"uv":[0.875,5.25,1.875,6.25],"rotation":270,"texture":"#o2"},"down":{"uv":[0.875,5.25,1.875,6.25],"rotation":270,"texture":"#o2"}}},{"from":[2.75152,11.99,6.6],"to":[3.0626,12.6273,6.9],"rotation":{"angle":-45.0,"axis":"z","origin":[2.6,11.71,7.9]},"faces":{"north":{"uv":[0.875,5.25,1.875,6.25],"rotation":90,"texture":"#o2"},"south":{"uv":[0.875,5.25,1.875,6.25],"rotation":270,"texture":"#o2"},"east":{"uv":[0.875,5.25,1.875,6.25],"rotation":180,"texture":"#o2"},"west":{"uv":[0.875,5.25,1.875,6.25],"texture":"#o2"},"up":{"uv":[0.875,5.25,1.875,6.25],"rotation":270,"texture":"#o2"},"down":{"uv":[0.875,5.25,1.875,6.25],"rotation":270,"texture":"#o2"}}},{"from":[1.9,11.90152,6.6],"to":[3.8,12.24848,6.9],"rotation":{"angle":0.0,"axis":"x","origin":[2.4,11.71,7.9]},"faces":{"north":{"uv":[0.875,5.25,1.875,6.25],"texture":"#o2"},"south":{"uv":[0.875,5.25,1.875,6.25],"texture":"#o2"},"east":{"uv":[0.875,5.25,1.875,6.25],"texture":"#o2"},"west":{"uv":[0.875,5.25,1.875,6.25],"texture":"#o2"},"up":{"uv":[0.875,5.25,1.875,6.25],"rotation":90,"texture":"#o2"},"down":{"uv":[0.875,5.25,1.875,6.25],"rotation":270,"texture":"#o2"}}},{"from":[1.9,11.17076,6.6],"to":[3.22208,12.03152,6.9],"rotation":{"angle":0.0,"axis":"x","origin":[2.4,11.55,7.9]},"faces":{"north":{"uv":[0.875,5.25,1.875,6.25],"texture":"#o2"},"south":{"uv":[0.875,5.25,1.875,6.25],"texture":"#o2"},"east":{"uv":[0.875,5.25,1.875,6.25],"texture":"#o2"},"west":{"uv":[0.875,5.25,1.875,6.25],"texture":"#o2"},"up":{"uv":[0.875,5.25,1.875,6.25],"rotation":90,"texture":"#o2"},"down":{"uv":[0.875,5.25,1.875,6.25],"rotation":270,"texture":"#o2"}}},{"from":[1.9,12.71,7.36152],"to":[3.8,13.01,8.43848],"rotation":{"angle":45.0,"axis":"x","origin":[2.4,11.71,7.9]},"faces":{"north":{"uv":[1.875,5.25,0.875,6.25],"texture":"#o2"},"south":{"uv":[1.875,5.25,0.875,6.25],"texture":"#o2"},"east":{"uv":[1.875,5.25,0.875,6.25],"texture":"#o2"},"west":{"uv":[1.875,5.25,0.875,6.25],"texture":"#o2"},"up":{"uv":[1.875,5.25,0.875,6.25],"rotation":90,"texture":"#o2"},"down":{"uv":[1.875,5.25,0.875,6.25],"rotation":270,"texture":"#o2"}}},{"from":[1.9,11.90152,8.9],"to":[3.8,12.24848,9.2],"rotation":{"angle":0.0,"axis":"x","origin":[2.4,11.71,7.9]},"faces":{"north":{"uv":[1.875,5.25,0.875,6.25],"texture":"#o2"},"south":{"uv":[1.875,5.25,0.875,6.25],"texture":"#o2"},"east":{"uv":[1.875,5.25,0.875,6.25],"texture":"#o2"},"west":{"uv":[1.875,5.25,0.875,6.25],"texture":"#o2"},"up":{"uv":[1.875,5.25,0.875,6.25],"rotation":90,"texture":"#o2"},"down":{"uv":[1.875,5.25,0.875,6.25],"rotation":270,"texture":"#o2"}}},{"from":[2.86152,11.93,8.9],"to":[3.12724,12.78266,9.2],"rotation":{"angle":-45.0,"axis":"z","origin":[2.4,11.53,7.9]},"faces":{"north":{"uv":[0.875,6.25,1.875,5.25],"rotation":270,"texture":"#o2"},"south":{"uv":[0.875,6.25,1.875,5.25],"rotation":90,"texture":"#o2"},"east":{"uv":[1.875,5.25,0.875,6.25],"rotation":180,"texture":"#o2"},"west":{"uv":[1.875,5.25,0.875,6.25],"texture":"#o2"},"up":{"uv":[1.875,5.25,0.875,6.25],"rotation":270,"texture":"#o2"},"down":{"uv":[1.875,5.25,0.875,6.25],"rotation":270,"texture":"#o2"}}},{"from":[2.75152,11.99,8.9],"to":[3.0626,12.6273,9.2],"rotation":{"angle":-45.0,"axis":"z","origin":[2.6,11.71,7.9]},"faces":{"north":{"uv":[0.875,6.25,1.875,5.25],"rotation":270,"texture":"#o2"},"south":{"uv":[0.875,6.25,1.875,5.25],"rotation":90,"texture":"#o2"},"east":{"uv":[1.875,5.25,0.875,6.25],"rotation":180,"texture":"#o2"},"west":{"uv":[1.875,5.25,0.875,6.25],"texture":"#o2"},"up":{"uv":[1.875,5.25,0.875,6.25],"rotation":270,"texture":"#o2"},"down":{"uv":[1.875,5.25,0.875,6.25],"rotation":270,"texture":"#o2"}}},{"from":[1.9,11.17076,8.9],"to":[3.22208,12.03152,9.2],"rotation":{"angle":0.0,"axis":"x","origin":[2.4,11.55,7.9]},"faces":{"north":{"uv":[1.875,5.25,0.875,6.25],"texture":"#o2"},"south":{"uv":[1.875,5.25,0.875,6.25],"texture":"#o2"},"east":{"uv":[1.875,5.25,0.875,6.25],"texture":"#o2"},"west":{"uv":[1.875,5.25,0.875,6.25],"texture":"#o2"},"up":{"uv":[1.875,5.25,0.875,6.25],"rotation":90,"texture":"#o2"},"down":{"uv":[1.875,5.25,0.875,6.25],"rotation":270,"texture":"#o2"}}},{"from":[1.9,11.17152,8.9],"to":[3.22208,12.24794,9.20054],"rotation":{"angle":45.0,"axis":"x","origin":[2.4,11.71,7.9]},"faces":{"north":{"uv":[1.875,5.25,0.875,6.25],"texture":"#o2"},"south":{"uv":[1.875,5.25,0.875,6.25],"texture":"#o2"},"east":{"uv":[1.875,5.25,0.875,6.25],"texture":"#o2"},"west":{"uv":[1.875,5.25,0.875,6.25],"texture":"#o2"},"up":{"uv":[1.875,5.25,0.875,6.25],"rotation":90,"texture":"#o2"},"down":{"uv":[1.875,5.25,0.875,6.25],"rotation":270,"texture":"#o2"}}},{"from":[0.42118,10.9571,7.72154],"to":[0.42118,11.8571,8.02154],"rotation":{"angle":0.0,"axis":"y","origin":[0.0,11.8,7.95]},"faces":{"west":{"uv":[9.75,0.0,15.95,15.975],"texture":"#o2"}}},{"from":[24.50791,7.39437,8.19313],"to":[24.80791,8.15053,8.33929],"rotation":{"angle":0.0,"axis":"y","origin":[7.40791,7.01053,6.19952]},"faces":{"north":{"uv":[0.0,6.75,0.625,7.375],"texture":"#o8"},"south":{"uv":[0.0,6.75,0.625,7.375],"texture":"#o8"},"east":{"uv":[0.0,6.75,0.625,7.375],"texture":"#o8"},"west":{"uv":[0.0,6.75,0.625,7.375],"texture":"#o8"},"up":{"uv":[0.0,6.75,0.625,7.375],"texture":"#o8"},"down":{"uv":[0.0,6.75,0.625,7.375],"texture":"#o8"}}},{"from":[24.50791,7.39437,7.59313],"to":[24.80791,8.15053,7.73929],"rotation":{"angle":0.0,"axis":"y","origin":[7.40791,7.01053,6.19952]},"faces":{"north":{"uv":[0.0,6.75,0.625,7.375],"texture":"#o8"},"south":{"uv":[0.0,6.75,0.625,7.375],"texture":"#o8"},"east":{"uv":[0.0,6.75,0.625,7.375],"texture":"#o8"},"west":{"uv":[0.0,6.75,0.625,7.375],"texture":"#o8"},"up":{"uv":[0.0,6.75,0.625,7.375],"texture":"#o8"},"down":{"uv":[0.0,6.75,0.625,7.375],"texture":"#o8"}}},{"from":[24.80791,7.69437,7.59313],"to":[25.70791,7.85053,7.73929],"rotation":{"angle":0.0,"axis":"y","origin":[7.40791,7.01053,6.19952]},"faces":{"north":{"uv":[0.0,6.75,0.625,7.375],"texture":"#o8"},"south":{"uv":[0.0,6.75,0.625,7.375],"texture":"#o8"},"east":{"uv":[0.0,6.75,0.625,7.375],"texture":"#o8"},"west":{"uv":[0.0,6.75,0.625,7.375],"texture":"#o8"},"up":{"uv":[0.0,6.75,0.625,7.375],"texture":"#o8"},"down":{"uv":[0.0,6.75,0.625,7.375],"texture":"#o8"}}},{"from":[24.80791,7.69437,8.19313],"to":[25.70791,7.85053,8.33929],"rotation":{"angle":0.0,"axis":"y","origin":[7.40791,7.01053,6.19952]},"faces":{"north":{"uv":[0.0,6.75,0.625,7.375],"texture":"#o8"},"south":{"uv":[0.0,6.75,0.625,7.375],"texture":"#o8"},"east":{"uv":[0.0,6.75,0.625,7.375],"texture":"#o8"},"west":{"uv":[0.0,6.75,0.625,7.375],"texture":"#o8"},"up":{"uv":[0.0,6.75,0.625,7.375],"texture":"#o8"},"down":{"uv":[0.0,6.75,0.625,7.375],"texture":"#o8"}}},{"from":[24.80791,7.39437,7.59313],"to":[25.70791,7.55053,7.73929],"rotation":{"angle":0.0,"axis":"y","origin":[7.40791,7.01053,6.19952]},"faces":{"north":{"uv":[0.0,6.75,0.625,7.375],"texture":"#o8"},"south":{"uv":[0.0,6.75,0.625,7.375],"texture":"#o8"},"east":{"uv":[0.0,6.75,0.625,7.375],"texture":"#o8"},"west":{"uv":[0.0,6.75,0.625,7.375],"texture":"#o8"},"up":{"uv":[0.0,6.75,0.625,7.375],"texture":"#o8"},"down":{"uv":[0.0,6.75,0.625,7.375],"texture":"#o8"}}},{"from":[24.80791,7.39437,8.19313],"to":[25.70791,7.55053,8.33929],"rotation":{"angle":0.0,"axis":"y","origin":[7.40791,7.01053,6.19952]},"faces":{"north":{"uv":[0.0,6.75,0.625,7.375],"texture":"#o8"},"south":{"uv":[0.0,6.75,0.625,7.375],"texture":"#o8"},"east":{"uv":[0.0,6.75,0.625,7.375],"texture":"#o8"},"west":{"uv":[0.0,6.75,0.625,7.375],"texture":"#o8"},"up":{"uv":[0.0,6.75,0.625,7.375],"texture":"#o8"},"down":{"uv":[0.0,6.75,0.625,7.375],"texture":"#o8"}}},{"from":[24.80791,7.99437,7.59313],"to":[25.10791,8.15053,7.73929],"rotation":{"angle":0.0,"axis":"y","origin":[7.40791,7.01053,6.19952]},"faces":{"north":{"uv":[0.0,6.75,0.625,7.375],"texture":"#o8"},"south":{"uv":[0.0,6.75,0.625,7.375],"texture":"#o8"},"east":{"uv":[0.0,6.75,0.625,7.375],"texture":"#o8"},"west":{"uv":[0.0,6.75,0.625,7.375],"texture":"#o8"},"up":{"uv":[0.0,6.75,0.625,7.375],"texture":"#o8"},"down":{"uv":[0.0,6.75,0.625,7.375],"texture":"#o8"}}},{"from":[24.80791,7.99437,8.19313],"to":[25.70791,8.15053,8.33929],"rotation":{"angle":0.0,"axis":"y","origin":[7.40791,7.01053,6.19952]},"faces":{"north":{"uv":[0.0,6.75,0.625,7.375],"texture":"#o8"},"south":{"uv":[0.0,6.75,0.625,7.375],"texture":"#o8"},"east":{"uv":[0.0,6.75,0.625,7.375],"texture":"#o8"},"west":{"uv":[0.0,6.75,0.625,7.375],"texture":"#o8"},"up":{"uv":[0.0,6.75,0.625,7.375],"texture":"#o8"},"down":{"uv":[0.0,6.75,0.625,7.375],"texture":"#o8"}}},{"from":[24.50791,7.39437,7.73929],"to":[24.80791,7.55053,8.19313],"rotation":{"angle":0.0,"axis":"y","origin":[7.40791,7.01053,6.04568]},"faces":{"north":{"uv":[0.0,6.75,0.625,7.375],"texture":"#o8"},"south":{"uv":[0.0,6.75,0.625,7.375],"texture":"#o8"},"east":{"uv":[0.0,6.75,0.625,7.375],"texture":"#o8"},"west":{"uv":[0.0,6.75,0.625,7.375],"texture":"#o8"},"up":{"uv":[0.0,6.75,0.625,7.375],"texture":"#o8"},"down":{"uv":[0.0,6.75,0.625,7.375],"texture":"#o8"}}},{"from":[24.50791,7.99437,7.73929],"to":[24.80791,8.15053,8.19313],"rotation":{"angle":0.0,"axis":"y","origin":[7.40791,7.11053,6.04568]},"faces":{"north":{"uv":[0.0,6.75,0.625,7.375],"texture":"#o8"},"south":{"uv":[0.0,6.75,0.625,7.375],"texture":"#o8"},"east":{"uv":[0.0,6.75,0.625,7.375],"texture":"#o8"},"west":{"uv":[0.0,6.75,0.625,7.375],"texture":"#o8"},"up":{"uv":[0.0,6.75,0.625,7.375],"texture":"#o8"},"down":{"uv":[0.0,6.75,0.625,7.375],"texture":"#o8"}}},{"from":[25.10791,7.39437,7.59313],"to":[25.40791,8.15053,7.73929],"rotation":{"angle":0.0,"axis":"y","origin":[7.40791,7.01053,6.19952]},"faces":{"north":{"uv":[0.0,6.75,0.625,7.375],"texture":"#o8"},"south":{"uv":[0.0,6.75,0.625,7.375],"texture":"#o8"},"east":{"uv":[0.0,6.75,0.625,7.375],"texture":"#o8"},"west":{"uv":[0.0,6.75,0.625,7.375],"texture":"#o8"},"up":{"uv":[0.0,6.75,0.625,7.375],"texture":"#o8"},"down":{"uv":[0.0,6.75,0.625,7.375],"texture":"#o8"}}},{"from":[25.10791,7.99437,7.73929],"to":[25.40791,8.15053,8.19313],"rotation":{"angle":0.0,"axis":"y","origin":[7.40791,7.11053,6.04568]},"faces":{"north":{"uv":[0.0,6.75,0.625,7.375],"texture":"#o8"},"south":{"uv":[0.0,6.75,0.625,7.375],"texture":"#o8"},"east":{"uv":[0.0,6.75,0.625,7.375],"texture":"#o8"},"west":{"uv":[0.0,6.75,0.625,7.375],"texture":"#o8"},"up":{"uv":[0.0,6.75,0.625,7.375],"texture":"#o8"},"down":{"uv":[0.0,6.75,0.625,7.375],"texture":"#o8"}}},{"from":[25.10791,7.39437,8.19313],"to":[25.40791,8.15053,8.33929],"rotation":{"angle":0.0,"axis":"y","origin":[7.40791,7.01053,6.19952]},"faces":{"north":{"uv":[0.0,6.75,0.625,7.375],"texture":"#o8"},"south":{"uv":[0.0,6.75,0.625,7.375],"texture":"#o8"},"east":{"uv":[0.0,6.75,0.625,7.375],"texture":"#o8"},"west":{"uv":[0.0,6.75,0.625,7.375],"texture":"#o8"},"up":{"uv":[0.0,6.75,0.625,7.375],"texture":"#o8"},"down":{"uv":[0.0,6.75,0.625,7.375],"texture":"#o8"}}},{"from":[25.10791,7.39437,7.73929],"to":[25.40791,7.55053,8.19313],"rotation":{"angle":0.0,"axis":"y","origin":[7.40791,7.01053,6.04568]},"faces":{"north":{"uv":[0.0,6.75,0.625,7.375],"texture":"#o8"},"south":{"uv":[0.0,6.75,0.625,7.375],"texture":"#o8"},"east":{"uv":[0.0,6.75,0.625,7.375],"texture":"#o8"},"west":{"uv":[0.0,6.75,0.625,7.375],"texture":"#o8"},"up":{"uv":[0.0,6.75,0.625,7.375],"texture":"#o8"},"down":{"uv":[0.0,6.75,0.625,7.375],"texture":"#o8"}}},{"from":[24.80791,7.99437,7.87929],"to":[25.70791,8.15053,8.03313],"rotation":{"angle":0.0,"axis":"y","origin":[7.40791,7.11053,6.04568]},"faces":{"north":{"uv":[0.0,6.75,0.625,7.375],"texture":"#o8"},"south":{"uv":[0.0,6.75,0.625,7.375],"texture":"#o8"},"east":{"uv":[0.0,6.75,0.625,7.375],"texture":"#o8"},"west":{"uv":[0.0,6.75,0.625,7.375],"texture":"#o8"},"up":{"uv":[0.0,6.75,0.625,7.375],"texture":"#o8"},"down":{"uv":[0.0,6.75,0.625,7.375],"texture":"#o8"}}},{"from":[24.80791,7.39437,7.87929],"to":[25.70791,7.55053,8.03313],"rotation":{"angle":0.0,"axis":"y","origin":[7.40791,7.11053,6.04568]},"faces":{"north":{"uv":[0.0,6.75,0.625,7.375],"texture":"#o8"},"south":{"uv":[0.0,6.75,0.625,7.375],"texture":"#o8"},"east":{"uv":[0.0,6.75,0.625,7.375],"texture":"#o8"},"west":{"uv":[0.0,6.75,0.625,7.375],"texture":"#o8"},"up":{"uv":[0.0,6.75,0.625,7.375],"texture":"#o8"},"down":{"uv":[0.0,6.75,0.625,7.375],"texture":"#o8"}}},{"from":[25.40791,7.99437,7.59313],"to":[25.70791,8.15053,7.73929],"rotation":{"angle":0.0,"axis":"y","origin":[7.40791,7.01053,6.19952]},"faces":{"north":{"uv":[0.0,6.75,0.625,7.375],"texture":"#o8"},"south":{"uv":[0.0,6.75,0.625,7.375],"texture":"#o8"},"east":{"uv":[0.0,6.75,0.625,7.375],"texture":"#o8"},"west":{"uv":[0.0,6.75,0.625,7.375],"texture":"#o8"},"up":{"uv":[0.0,6.75,0.625,7.375],"texture":"#o8"},"down":{"uv":[0.0,6.75,0.625,7.375],"texture":"#o8"}}},{"from":[1.12791,7.11437,9.06313],"to":[5.36791,7.92053,9.25929],"rotation":{"angle":0.0,"axis":"y","origin":[0.70791,7.01053,6.19952]},"faces":{"north":{"uv":[6.875,3.25,7.5,3.875],"texture":"#o8"},"south":{"uv":[6.875,3.25,7.5,3.875],"texture":"#o8"},"east":{"uv":[6.875,3.25,7.5,3.875],"texture":"#o8"},"west":{"uv":[6.875,3.25,7.5,3.875],"texture":"#o8"},"up":{"uv":[6.875,3.25,7.5,3.875],"texture":"#o8"},"down":{"uv":[6.875,3.25,7.5,3.875],"texture":"#o8"}}},{"from":[19.80791,7.39437,7.59313],"to":[24.50791,8.15053,8.33929],"rotation":{"angle":0.0,"axis":"y","origin":[7.40791,7.01053,6.19952]},"faces":{"north":{"uv":[12.375,0.125,13.0,0.75],"texture":"#o8"},"south":{"uv":[12.375,0.125,13.0,0.75],"texture":"#o8"},"east":{"uv":[12.375,0.125,13.0,0.75],"texture":"#o8"},"west":{"uv":[12.375,0.125,13.0,0.75],"texture":"#o8"},"up":{"uv":[12.375,0.125,13.0,0.75],"texture":"#o8"},"down":{"uv":[12.375,0.125,13.0,0.75],"texture":"#o8"}}},{"from":[19.80791,8.37437,7.78313],"to":[21.92791,8.73053,8.13929],"rotation":{"angle":0.0,"axis":"y","origin":[7.40791,7.59053,6.19952]},"faces":{"north":{"uv":[12.375,0.125,13.0,0.75],"texture":"#o8"},"south":{"uv":[12.375,0.125,13.0,0.75],"texture":"#o8"},"east":{"uv":[12.375,0.125,13.0,0.75],"texture":"#o8"},"west":{"uv":[12.375,0.125,13.0,0.75],"texture":"#o8"},"up":{"uv":[12.375,0.125,13.0,0.75],"texture":"#o8"},"down":{"uv":[12.375,0.125,13.0,0.75],"texture":"#o8"}}},{"from":[21.53791,9.69437,7.73313],"to":[21.92791,10.98053,8.18929],"rotation":{"angle":0.0,"axis":"y","origin":[7.76791,7.29053,6.19952]},"faces":{"north":{"uv":[5.375,5.125,6.0,5.75],"texture":"#o8"},"south":{"uv":[5.375,5.125,6.0,5.75],"texture":"#o8"},"east":{"uv":[5.375,5.125,6.0,5.75],"texture":"#o8"},"west":{"uv":[5.375,5.125,6.0,5.75],"texture":"#o8"},"up":{"uv":[5.375,5.125,6.0,5.75],"texture":"#o8"},"down":{"uv":[5.375,5.125,6.0,5.75],"texture":"#o8"}}},{"from":[21.38791,10.98053,7.73313],"to":[22.00791,11.20669,7.81929],"rotation":{"angle":0.0,"axis":"y","origin":[7.84791,8.57669,6.19952]},"faces":{"north":{"uv":[5.375,5.125,6.0,5.75],"texture":"#o8"},"south":{"uv":[5.375,5.125,6.0,5.75],"texture":"#o8"},"east":{"uv":[5.375,5.125,6.0,5.75],"texture":"#o8"},"west":{"uv":[5.375,5.125,6.0,5.75],"texture":"#o8"},"up":{"uv":[5.375,5.125,6.0,5.75],"texture":"#o8"},"down":{"uv":[5.375,5.125,6.0,5.75],"texture":"#o8"}}},{"from":[21.38791,10.98053,8.10313],"to":[22.00791,11.20669,8.18929],"rotation":{"angle":0.0,"axis":"y","origin":[7.84791,8.57669,6.56952]},"faces":{"north":{"uv":[5.375,5.125,6.0,5.75],"texture":"#o8"},"south":{"uv":[5.375,5.125,6.0,5.75],"texture":"#o8"},"east":{"uv":[5.375,5.125,6.0,5.75],"texture":"#o8"},"west":{"uv":[5.375,5.125,6.0,5.75],"texture":"#o8"},"up":{"uv":[5.375,5.125,6.0,5.75],"texture":"#o8"},"down":{"uv":[5.375,5.125,6.0,5.75],"texture":"#o8"}}},{"from":[21.72791,10.98053,7.92313],"to":[21.79791,11.09669,7.99929],"rotation":{"angle":0.0,"axis":"y","origin":[7.84791,8.57669,6.36952]},"faces":{"north":{"uv":[5.375,5.125,6.0,5.75],"texture":"#o8"},"south":{"uv":[5.375,5.125,6.0,5.75],"texture":"#o8"},"east":{"uv":[5.375,5.125,6.0,5.75],"texture":"#o8"},"west":{"uv":[5.375,5.125,6.0,5.75],"texture":"#o8"},"up":{"uv":[5.375,5.125,6.0,5.75],"texture":"#o8"},"down":{"uv":[5.375,5.125,6.0,5.75],"texture":"#o8"}}},{"from":[21.38791,10.38437,7.73313],"to":[21.53791,10.98053,8.18929],"rotation":{"angle":0.0,"axis":"y","origin":[7.37791,7.29053,6.19952]},"faces":{"north":{"uv":[5.375,5.125,6.0,5.75],"texture":"#o8"},"south":{"uv":[5.375,5.125,6.0,5.75],"texture":"#o8"},"up":{"uv":[5.375,5.125,6.0,5.75],"texture":"#o8"},"down":{"uv":[5.375,5.125,6.0,5.75],"texture":"#o8"}}},{"from":[20.99791,10.38437,7.73313],"to":[21.38791,10.58053,8.18929],"rotation":{"angle":0.0,"axis":"y","origin":[7.22791,7.29053,6.19952]},"faces":{"north":{"uv":[5.375,5.125,6.0,5.75],"texture":"#o8"},"south":{"uv":[5.375,5.125,6.0,5.75],"texture":"#o8"},"east":{"uv":[5.375,5.125,6.0,5.75],"texture":"#o8"},"west":{"uv":[5.375,5.125,6.0,5.75],"texture":"#o8"},"up":{"uv":[5.375,5.125,6.0,5.75],"texture":"#o8"},"down":{"uv":[5.375,5.125,6.0,5.75],"texture":"#o8"}}},{"from":[21.18791,10.58053,7.73313],"to":[21.38791,10.77669,8.18929],"rotation":{"angle":0.0,"axis":"y","origin":[7.22791,7.48669,6.19952]},"faces":{"north":{"uv":[5.375,5.125,6.0,5.75],"texture":"#o8"},"south":{"uv":[5.375,5.125,6.0,5.75],"texture":"#o8"}}},{"from":[21.15517,7.41864,7.73313],"to":[21.30517,11.0148,8.18929],"rotation":{"angle":-45.0,"axis":"z","origin":[21.23017,10.71672,7.96121]},"faces":{"north":{"uv":[5.375,5.125,6.0,5.75],"texture":"#o8"},"south":{"uv":[5.375,5.125,6.0,5.75],"texture":"#o8"},"east":{"uv":[5.375,5.125,6.0,5.75],"texture":"#o8"},"west":{"uv":[5.375,5.125,6.0,5.75],"texture":"#o8"},"up":{"uv":[5.375,5.125,6.0,5.75],"texture":"#o8"},"down":{"uv":[5.375,5.125,6.0,5.75],"texture":"#o8"}}},{"from":[21.92791,8.07437,7.73313],"to":[22.00791,10.98053,8.18929],"rotation":{"angle":0.0,"axis":"y","origin":[7.84791,7.29053,6.19952]},"faces":{"north":{"uv":[5.375,5.125,6.0,5.75],"texture":"#o8"},"south":{"uv":[5.375,5.125,6.0,5.75],"texture":"#o8"},"east":{"uv":[5.375,5.125,6.0,5.75],"texture":"#o8"},"west":{"uv":[5.375,5.125,6.0,5.75],"texture":"#o8"},"up":{"uv":[5.375,5.125,6.0,5.75],"texture":"#o8"},"down":{"uv":[5.375,5.125,6.0,5.75],"texture":"#o8"}}},{"from":[5.36791,7.51437,6.86313],"to":[6.30791,9.07053,9.05929],"rotation":{"angle":0.0,"axis":"y","origin":[0.70791,7.01053,6.19952]},"faces":{"north":{"uv":[5.125,5.125,5.75,5.76732],"texture":"#o8"},"south":{"uv":[5.125,5.125,5.75,5.76732],"texture":"#o8"},"east":{"uv":[5.125,5.125,5.75,5.76732],"texture":"#o8"},"west":{"uv":[5.125,5.125,5.75,5.76732],"texture":"#o8"},"up":{"uv":[5.125,5.125,5.75,5.76732],"texture":"#o8"},"down":{"uv":[5.125,5.125,5.75,5.76732],"texture":"#o8"}}},{"from":[1.12791,7.51437,6.86313],"to":[5.36791,9.07053,8.05929],"rotation":{"angle":0.0,"axis":"y","origin":[0.70791,7.01053,6.19952]},"faces":{"north":{"uv":[4.625,4.5,5.625,5.5],"texture":"#o8"},"south":{"uv":[6.875,3.25,7.5,3.875],"texture":"#o8"},"east":{"uv":[0.0,0.0,2.39232,3.11232],"texture":"#missing"},"west":{"uv":[0.0,0.0,2.39232,3.11232],"texture":"#missing"},"up":{"uv":[5.125,5.125,5.73,5.64232],"texture":"#o8"},"down":{"uv":[5.125,5.125,5.605,5.64232],"texture":"#o8"}}},{"from":[-5.03209,7.51437,6.86313],"to":[1.12791,9.07053,9.05929],"rotation":{"angle":0.0,"axis":"y","origin":[0.70791,7.01053,6.19952]},"faces":{"north":{"uv":[4.625,4.5,5.625,5.5],"texture":"#o8"},"south":{"uv":[5.125,5.0,5.695,5.61232],"texture":"#o8"},"east":{"uv":[5.125,5.0,5.695,5.61232],"texture":"#o8"},"west":{"uv":[5.0,5.125,5.76732,5.86232],"texture":"#o8"},"up":{"uv":[5.25,5.0,5.82,5.64232],"texture":"#o8"},"down":{"uv":[5.25,5.125,5.695,5.64232],"texture":"#o8"}}},{"from":[-5.03209,6.71437,7.02313],"to":[6.31791,7.52053,8.89929],"rotation":{"angle":0.0,"axis":"y","origin":[0.70791,7.01053,6.19952]},"faces":{"north":{"uv":[4.5,2.0,10.125,2.375],"texture":"#o8"},"south":{"uv":[10.125,2.0,4.5,2.375],"texture":"#o8"},"east":{"uv":[6.0,0.5,7.0,0.875],"texture":"#o8"},"west":{"uv":[1.0,6.0,2.0,6.375],"texture":"#o8"},"up":{"uv":[6.875,3.25,7.5,3.875],"texture":"#o8"},"down":{"uv":[5.5,5.25,5.0,5.75],"texture":"#o8"}}},{"from":[-3.51209,5.60437,7.02313],"to":[5.30791,6.72053,8.89929],"rotation":{"angle":0.0,"axis":"y","origin":[0.70791,7.01053,6.19952]},"faces":{"north":{"uv":[0.0,4.0,4.375,4.5],"texture":"#o8"},"south":{"uv":[4.375,4.0,0.0,4.5],"texture":"#o8"},"east":{"uv":[0.0,6.0,1.0,6.5],"texture":"#o8"},"west":{"uv":[4.625,4.5,5.625,5.5],"texture":"#o8"},"up":{"uv":[4.375,3.0,0.0,2.0],"texture":"#o8"},"down":{"uv":[4.375,3.0,0.0,4.0],"texture":"#o8"}}},{"from":[1.27791,3.88821,7.02313],"to":[5.30791,5.60437,8.89929],"rotation":{"angle":0.0,"axis":"y","origin":[0.72791,7.09437,6.19952]},"faces":{"north":{"uv":[0.0,5.0,2.0,5.875],"texture":"#o8"},"south":{"uv":[2.0,5.0,0.0,5.875],"texture":"#o8"},"east":{"uv":[4.0,5.0,5.0,5.875],"texture":"#o8"},"west":{"uv":[5.0,5.0,6.0,5.875],"texture":"#o8"},"down":{"uv":[6.5,4.0,4.5,5.0],"texture":"#o8"}}},{"from":[-2.60209,-0.27179,6.92313],"to":[-0.77209,4.79821,8.99929],"rotation":{"angle":-22.5,"axis":"z","origin":[0.82791,7.09437,6.19952]},"faces":{"north":{"uv":[12.125,0.0,13.125,1.0],"texture":"#o8"},"south":{"uv":[12.125,0.0,13.125,1.0],"texture":"#o8"},"east":{"uv":[12.125,0.0,13.125,1.0],"texture":"#o8"},"west":{"uv":[12.125,0.0,13.125,1.0],"texture":"#o8"},"up":{"uv":[12.125,0.0,13.125,1.0],"texture":"#o8"},"down":{"uv":[12.125,0.0,13.125,1.0],"texture":"#o8"}}},{"from":[-0.61209,5.18821,7.72313],"to":[-0.43209,5.68821,8.19929],"rotation":{"angle":-22.5,"axis":"z","origin":[-0.62209,5.58821,7.96121]},"faces":{"north":{"uv":[4.625,4.5,5.625,5.5],"texture":"#o8"},"south":{"uv":[4.625,4.5,5.625,5.5],"texture":"#o8"},"east":{"uv":[4.625,4.5,5.625,5.5],"texture":"#o8"},"west":{"uv":[4.625,4.5,5.625,5.5],"texture":"#o8"}}},{"from":[-0.76592,4.35483,7.72313],"to":[-0.58592,5.21483,8.19929],"rotation":{"angle":0.0,"axis":"z","origin":[-0.67592,5.25483,7.96121]},"faces":{"north":{"uv":[4.625,4.5,5.625,5.5],"texture":"#o8"},"south":{"uv":[4.625,4.5,5.625,5.5],"texture":"#o8"},"east":{"uv":[4.625,4.5,5.625,5.5],"texture":"#o8"},"west":{"uv":[4.625,4.5,5.625,5.5],"texture":"#o8"},"down":{"uv":[4.625,4.5,5.625,5.5],"texture":"#o8"}}},{"from":[-1.57209,3.88821,7.02313],"to":[1.27791,4.08821,8.89929],"rotation":{"angle":0.0,"axis":"y","origin":[0.82791,7.09437,6.19952]},"faces":{"north":{"uv":[4.625,4.5,5.625,5.5],"texture":"#o8"},"south":{"uv":[4.625,4.5,5.625,5.5],"texture":"#o8"},"up":{"uv":[4.625,4.5,5.625,5.5],"texture":"#o8"},"down":{"uv":[4.625,4.5,5.625,5.5],"texture":"#o8"}}},{"from":[-1.57209,4.08821,7.02313],"to":[-1.35209,5.60821,8.89929],"rotation":{"angle":0.0,"axis":"y","origin":[0.82791,7.09437,6.19952]},"faces":{"north":{"uv":[4.625,4.5,5.625,5.5],"texture":"#o8"},"south":{"uv":[4.625,4.5,5.625,5.5],"texture":"#o8"},"east":{"uv":[4.625,4.5,5.625,5.5],"texture":"#o8"}}},{"from":[-2.249,3.86529,6.92313],"to":[-1.529,5.58529,8.99929],"rotation":{"angle":0.0,"axis":"y","origin":[0.851,7.07145,6.19952]},"faces":{"north":{"uv":[12.125,0.0,13.125,1.0],"texture":"#o8"},"south":{"uv":[12.125,0.0,13.125,1.0],"texture":"#o8"},"east":{"uv":[12.125,0.0,13.125,1.0],"texture":"#o8"},"down":{"uv":[12.125,0.0,13.125,1.0],"texture":"#o8"}}},{"from":[-3.549,5.46529,6.92313],"to":[-3.2197,6.2856,8.99929],"rotation":{"angle":0.0,"axis":"y","origin":[0.851,7.07145,6.19952]},"faces":{"north":{"uv":[12.125,0.0,13.125,1.0],"texture":"#o8"},"south":{"uv":[12.125,0.0,13.125,1.0],"texture":"#o8"},"west":{"uv":[12.125,0.0,13.125,1.0],"texture":"#o8"},"up":{"uv":[12.125,0.0,13.125,1.0],"texture":"#o8"}}},{"from":[-15.51209,6.71437,7.02313],"to":[-5.03209,9.07053,8.89929],"rotation":{"angle":0.0,"axis":"y","origin":[0.84791,7.01053,6.19952]},"faces":{"north":{"uv":[4.625,4.5,5.625,5.5],"texture":"#o8"},"south":{"uv":[4.625,4.5,5.625,5.5],"texture":"#o8"},"west":{"uv":[4.625,4.5,5.625,5.5],"texture":"#o8"},"up":{"uv":[4.625,4.5,5.625,5.5],"texture":"#o8"}}},{"from":[-15.51209,2.52437,7.02313],"to":[-15.09209,6.71437,8.89929],"rotation":{"angle":0.0,"axis":"y","origin":[0.84791,7.01053,6.19952]},"faces":{"north":{"uv":[4.625,4.5,5.625,5.5],"texture":"#o8"},"south":{"uv":[4.625,4.5,5.625,5.5],"texture":"#o8"},"west":{"uv":[4.625,4.5,5.625,5.5],"texture":"#o8"},"down":{"uv":[4.625,4.5,5.625,5.5],"texture":"#o8"}}},{"from":[-15.96837,4.61193,7.02313],"to":[-5.0428,5.59193,8.88929],"rotation":{"angle":22.5,"axis":"z","origin":[-10.3278,5.79596,7.96121]},"faces":{"north":{"uv":[4.625,4.5,5.625,5.5],"texture":"#o8"},"south":{"uv":[4.625,4.5,5.625,5.5],"texture":"#o8"},"down":{"uv":[4.625,4.5,5.625,5.5],"texture":"#o8"}}},{"from":[-15.49591,5.61629,7.02313],"to":[-7.30034,6.56629,8.88929],"rotation":{"angle":22.5,"axis":"z","origin":[-10.20534,5.50032,7.96121]},"faces":{"north":{"uv":[4.625,4.5,5.625,5.5],"texture":"#o8"},"south":{"uv":[4.625,4.5,5.625,5.5],"texture":"#o8"}}},{"from":[-15.10591,6.56629,7.02313],"to":[-9.59034,7.50629,8.88929],"rotation":{"angle":22.5,"axis":"z","origin":[-10.20534,5.50032,7.96121]},"faces":{"north":{"uv":[4.625,4.5,5.625,5.5],"texture":"#o8"},"south":{"uv":[4.625,4.5,5.625,5.5],"texture":"#o8"}}},{"from":[-14.67591,7.50629,7.02313],"to":[-11.87034,8.51629,8.88929],"rotation":{"angle":22.5,"axis":"z","origin":[-10.20534,5.50032,7.96121]},"faces":{"north":{"uv":[4.625,4.5,5.625,5.5],"texture":"#o8"},"south":{"uv":[4.625,4.5,5.625,5.5],"texture":"#o8"}}},{"from":[-3.26209,9.07053,7.25313],"to":[-2.70209,9.45669,8.67929],"rotation":{"angle":0.0,"axis":"y","origin":[0.78791,6.67669,6.19952]},"faces":{"north":{"uv":[12.125,0.0,13.125,1.0],"texture":"#o8"},"south":{"uv":[12.125,0.0,13.125,1.0],"texture":"#o8"},"east":{"uv":[12.125,0.0,13.125,1.0],"texture":"#o8"},"west":{"uv":[12.125,0.0,13.125,1.0],"texture":"#o8"},"up":{"uv":[12.125,0.0,13.125,1.0],"texture":"#o8"},"down":{"uv":[12.125,0.0,13.125,1.0],"texture":"#o8"}}},{"from":[-2.66209,9.07053,7.25313],"to":[6.09791,9.45669,8.67929],"rotation":{"angle":0.0,"axis":"y","origin":[1.58791,6.67669,6.19952]},"faces":{"north":{"uv":[0.0,6.625,1.0,7.625],"texture":"#o8"},"south":{"uv":[0.0,6.625,1.0,7.625],"texture":"#o8"},"east":{"uv":[0.0,6.625,1.0,7.625],"texture":"#o8"},"west":{"uv":[0.0,6.625,1.0,7.625],"texture":"#o8"},"up":{"uv":[0.0,6.625,1.0,7.625],"texture":"#o8"},"down":{"uv":[0.0,6.625,1.0,7.625],"texture":"#o8"}}},{"from":[5.19791,9.45669,7.25313],"to":[6.09791,9.80669,8.67933],"rotation":{"angle":0.0,"axis":"y","origin":[2.61,7.06285,6.19952]},"faces":{"north":{"uv":[0.0,6.625,1.0,7.625],"texture":"#o8"},"south":{"uv":[0.0,6.625,1.0,7.625],"texture":"#o8"},"east":{"uv":[0.0,6.625,1.0,7.625],"texture":"#o8"},"west":{"uv":[0.0,6.625,1.0,7.625],"texture":"#o8"},"up":{"uv":[0.0,6.625,1.0,7.625],"texture":"#o8"},"down":{"uv":[0.0,6.625,1.0,7.625],"texture":"#o8"}}},{"from":[5.19791,9.10622,7.33825],"to":[6.09791,9.35371,7.58574],"rotation":{"angle":-45.0,"axis":"x","origin":[5.64791,9.17871,6.87264]},"faces":{"north":{"uv":[0.0,6.625,1.0,7.625],"texture":"#o8"},"south":{"uv":[0.0,6.625,1.0,7.625],"texture":"#o8"},"east":{"uv":[0.0,6.625,1.0,7.625],"texture":"#o8"},"west":{"uv":[0.0,6.625,1.0,7.625],"texture":"#o8"},"up":{"uv":[0.0,6.625,1.0,7.625],"texture":"#o8"},"down":{"uv":[0.0,6.625,1.0,7.625],"texture":"#o8"}}},{"from":[3.39791,9.10622,7.33825],"to":[4.29791,9.35371,7.58574],"rotation":{"angle":-45.0,"axis":"x","origin":[5.64791,9.17871,6.87264]},"faces":{"north":{"uv":[0.0,6.625,1.0,7.625],"texture":"#o8"},"south":{"uv":[0.0,6.625,1.0,7.625],"texture":"#o8"},"east":{"uv":[0.0,6.625,1.0,7.625],"texture":"#o8"},"west":{"uv":[0.0,6.625,1.0,7.625],"texture":"#o8"},"up":{"uv":[0.0,6.625,1.0,7.625],"texture":"#o8"},"down":{"uv":[0.0,6.625,1.0,7.625],"texture":"#o8"}}},{"from":[-0.20209,9.10622,7.33825],"to":[0.69791,9.35371,7.58574],"rotation":{"angle":-45.0,"axis":"x","origin":[5.64791,9.17871,6.87264]},"faces":{"north":{"uv":[0.0,6.625,1.0,7.625],"texture":"#o8"},"south":{"uv":[0.0,6.625,1.0,7.625],"texture":"#o8"},"east":{"uv":[0.0,6.625,1.0,7.625],"texture":"#o8"},"west":{"uv":[0.0,6.625,1.0,7.625],"texture":"#o8"},"up":{"uv":[0.0,6.625,1.0,7.625],"texture":"#o8"},"down":{"uv":[0.0,6.625,1.0,7.625],"texture":"#o8"}}},{"from":[-2.00209,9.10622,7.33825],"to":[-1.10209,9.35371,7.58574],"rotation":{"angle":-45.0,"axis":"x","origin":[5.64791,9.17871,6.87264]},"faces":{"north":{"uv":[0.0,6.625,1.0,7.625],"texture":"#o8"},"south":{"uv":[0.0,6.625,1.0,7.625],"texture":"#o8"},"east":{"uv":[0.0,6.625,1.0,7.625],"texture":"#o8"},"west":{"uv":[0.0,6.625,1.0,7.625],"texture":"#o8"},"up":{"uv":[0.0,6.625,1.0,7.625],"texture":"#o8"},"down":{"uv":[0.0,6.625,1.0,7.625],"texture":"#o8"}}},{"from":[1.59791,9.10622,7.33825],"to":[2.49791,9.35371,7.58574],"rotation":{"angle":-45.0,"axis":"x","origin":[5.64791,9.17871,6.87264]},"faces":{"north":{"uv":[0.0,6.625,1.0,7.625],"texture":"#o8"},"south":{"uv":[0.0,6.625,1.0,7.625],"texture":"#o8"},"east":{"uv":[0.0,6.625,1.0,7.625],"texture":"#o8"},"west":{"uv":[0.0,6.625,1.0,7.625],"texture":"#o8"},"up":{"uv":[0.0,6.625,1.0,7.625],"texture":"#o8"},"down":{"uv":[0.0,6.625,1.0,7.625],"texture":"#o8"}}},{"from":[-2.00209,9.10622,8.76445],"to":[-1.10209,9.35371,9.01194],"rotation":{"angle":-45.0,"axis":"x","origin":[5.64791,9.17871,8.29884]},"faces":{"north":{"uv":[0.0,6.625,1.0,7.625],"texture":"#o8"},"south":{"uv":[0.0,6.625,1.0,7.625],"texture":"#o8"},"east":{"uv":[0.0,6.625,1.0,7.625],"texture":"#o8"},"west":{"uv":[0.0,6.625,1.0,7.625],"texture":"#o8"},"up":{"uv":[0.0,6.625,1.0,7.625],"texture":"#o8"},"down":{"uv":[0.0,6.625,1.0,7.625],"texture":"#o8"}}},{"from":[-0.20209,9.10622,8.76445],"to":[0.69791,9.35371,9.01194],"rotation":{"angle":-45.0,"axis":"x","origin":[5.64791,9.17871,8.29884]},"faces":{"north":{"uv":[0.0,6.625,1.0,7.625],"texture":"#o8"},"south":{"uv":[0.0,6.625,1.0,7.625],"texture":"#o8"},"east":{"uv":[0.0,6.625,1.0,7.625],"texture":"#o8"},"west":{"uv":[0.0,6.625,1.0,7.625],"texture":"#o8"},"up":{"uv":[0.0,6.625,1.0,7.625],"texture":"#o8"},"down":{"uv":[0.0,6.625,1.0,7.625],"texture":"#o8"}}},{"from":[1.59791,9.10622,8.76445],"to":[2.49791,9.35371,9.01194],"rotation":{"angle":-45.0,"axis":"x","origin":[5.64791,9.17871,8.29884]},"faces":{"north":{"uv":[0.0,6.625,1.0,7.625],"texture":"#o8"},"south":{"uv":[0.0,6.625,1.0,7.625],"texture":"#o8"},"east":{"uv":[0.0,6.625,1.0,7.625],"texture":"#o8"},"west":{"uv":[0.0,6.625,1.0,7.625],"texture":"#o8"},"up":{"uv":[0.0,6.625,1.0,7.625],"texture":"#o8"},"down":{"uv":[0.0,6.625,1.0,7.625],"texture":"#o8"}}},{"from":[3.39791,9.10622,8.76445],"to":[4.29791,9.35371,9.01194],"rotation":{"angle":-45.0,"axis":"x","origin":[5.64791,9.17871,8.29884]},"faces":{"north":{"uv":[0.0,6.625,1.0,7.625],"texture":"#o8"},"south":{"uv":[0.0,6.625,1.0,7.625],"texture":"#o8"},"east":{"uv":[0.0,6.625,1.0,7.625],"texture":"#o8"},"west":{"uv":[0.0,6.625,1.0,7.625],"texture":"#o8"},"up":{"uv":[0.0,6.625,1.0,7.625],"texture":"#o8"},"down":{"uv":[0.0,6.625,1.0,7.625],"texture":"#o8"}}},{"from":[5.19791,9.10622,8.76445],"to":[6.09791,9.35371,9.01194],"rotation":{"angle":-45.0,"axis":"x","origin":[5.64791,9.17871,8.29884]},"faces":{"north":{"uv":[0.0,6.625,1.0,7.625],"texture":"#o8"},"south":{"uv":[0.0,6.625,1.0,7.625],"texture":"#o8"},"east":{"uv":[0.0,6.625,1.0,7.625],"texture":"#o8"},"west":{"uv":[0.0,6.625,1.0,7.625],"texture":"#o8"},"up":{"uv":[0.0,6.625,1.0,7.625],"texture":"#o8"},"down":{"uv":[0.0,6.625,1.0,7.625],"texture":"#o8"}}},{"from":[3.39791,9.45669,7.25313],"to":[4.29791,9.80669,8.67933],"rotation":{"angle":0.0,"axis":"y","origin":[0.81,7.06285,6.19952]},"faces":{"north":{"uv":[0.0,6.625,1.0,7.625],"texture":"#o8"},"south":{"uv":[0.0,6.625,1.0,7.625],"texture":"#o8"},"east":{"uv":[0.0,6.625,1.0,7.625],"texture":"#o8"},"west":{"uv":[0.0,6.625,1.0,7.625],"texture":"#o8"},"up":{"uv":[0.0,6.625,1.0,7.625],"texture":"#o8"},"down":{"uv":[0.0,6.625,1.0,7.625],"texture":"#o8"}}},{"from":[1.59791,9.45669,7.25313],"to":[2.49791,9.80669,8.67933],"rotation":{"angle":0.0,"axis":"y","origin":[-0.99,7.06285,6.19952]},"faces":{"north":{"uv":[0.0,6.625,1.0,7.625],"texture":"#o8"},"south":{"uv":[0.0,6.625,1.0,7.625],"texture":"#o8"},"east":{"uv":[0.0,6.625,1.0,7.625],"texture":"#o8"},"west":{"uv":[0.0,6.625,1.0,7.625],"texture":"#o8"},"up":{"uv":[0.0,6.625,1.0,7.625],"texture":"#o8"},"down":{"uv":[0.0,6.625,1.0,7.625],"texture":"#o8"}}},{"from":[-0.20209,9.45669,7.25313],"to":[0.69791,9.80669,8.67933],"rotation":{"angle":0.0,"axis":"y","origin":[-2.79,7.06285,6.19952]},"faces":{"north":{"uv":[0.0,6.625,1.0,7.625],"texture":"#o8"},"south":{"uv":[0.0,6.625,1.0,7.625],"texture":"#o8"},"east":{"uv":[0.0,6.625,1.0,7.625],"texture":"#o8"},"west":{"uv":[0.0,6.625,1.0,7.625],"texture":"#o8"},"up":{"uv":[0.0,6.625,1.0,7.625],"texture":"#o8"},"down":{"uv":[0.0,6.625,1.0,7.625],"texture":"#o8"}}},{"from":[-2.00209,9.45669,7.25313],"to":[-1.10209,9.80669,8.67933],"rotation":{"angle":0.0,"axis":"y","origin":[-4.59,7.06285,6.19952]},"faces":{"north":{"uv":[0.0,6.625,1.0,7.625],"texture":"#o8"},"south":{"uv":[0.0,6.625,1.0,7.625],"texture":"#o8"},"east":{"uv":[0.0,6.625,1.0,7.625],"texture":"#o8"},"west":{"uv":[0.0,6.625,1.0,7.625],"texture":"#o8"},"up":{"uv":[0.0,6.625,1.0,7.625],"texture":"#o8"},"down":{"uv":[0.0,6.625,1.0,7.625],"texture":"#o8"}}},{"from":[8.33791,6.34331,7.45313],"to":[17.09791,6.82947,8.67929],"rotation":{"angle":0.0,"axis":"y","origin":[1.58791,9.32331,6.19952]},"faces":{"north":{"uv":[0.0,7.625,1.0,6.625],"texture":"#o8"},"south":{"uv":[0.0,7.625,1.0,6.625],"texture":"#o8"},"east":{"uv":[0.0,7.625,1.0,6.625],"texture":"#o8"},"west":{"uv":[0.0,7.625,1.0,6.625],"texture":"#o8"},"up":{"uv":[0.0,7.625,1.0,6.625],"texture":"#o8"},"down":{"uv":[0.0,7.625,1.0,6.625],"texture":"#o8"}}},{"from":[16.19791,5.99331,7.45313],"to":[17.09791,6.34331,8.67933],"rotation":{"angle":0.0,"axis":"y","origin":[2.61,8.93715,6.19952]},"faces":{"north":{"uv":[0.0,7.625,1.0,6.625],"texture":"#o8"},"south":{"uv":[0.0,7.625,1.0,6.625],"texture":"#o8"},"east":{"uv":[0.0,7.625,1.0,6.625],"texture":"#o8"},"west":{"uv":[0.0,7.625,1.0,6.625],"texture":"#o8"},"up":{"uv":[0.0,7.625,1.0,6.625],"texture":"#o8"},"down":{"uv":[0.0,7.625,1.0,6.625],"texture":"#o8"}}},{"from":[14.39791,5.99331,7.45313],"to":[15.29791,6.34331,8.67933],"rotation":{"angle":0.0,"axis":"y","origin":[0.81,8.93715,6.19952]},"faces":{"north":{"uv":[0.0,7.625,1.0,6.625],"texture":"#o8"},"south":{"uv":[0.0,7.625,1.0,6.625],"texture":"#o8"},"east":{"uv":[0.0,7.625,1.0,6.625],"texture":"#o8"},"west":{"uv":[0.0,7.625,1.0,6.625],"texture":"#o8"},"up":{"uv":[0.0,7.625,1.0,6.625],"texture":"#o8"},"down":{"uv":[0.0,7.625,1.0,6.625],"texture":"#o8"}}},{"from":[12.59791,5.99331,7.45313],"to":[13.49791,6.34331,8.67933],"rotation":{"angle":0.0,"axis":"y","origin":[-0.99,8.93715,6.19952]},"faces":{"north":{"uv":[0.0,7.625,1.0,6.625],"texture":"#o8"},"south":{"uv":[0.0,7.625,1.0,6.625],"texture":"#o8"},"east":{"uv":[0.0,7.625,1.0,6.625],"texture":"#o8"},"west":{"uv":[0.0,7.625,1.0,6.625],"texture":"#o8"},"up":{"uv":[0.0,7.625,1.0,6.625],"texture":"#o8"},"down":{"uv":[0.0,7.625,1.0,6.625],"texture":"#o8"}}},{"from":[10.79791,5.99331,7.45313],"to":[11.69791,6.34331,8.67933],"rotation":{"angle":0.0,"axis":"y","origin":[-2.79,8.93715,6.19952]},"faces":{"north":{"uv":[0.0,7.625,1.0,6.625],"texture":"#o8"},"south":{"uv":[0.0,7.625,1.0,6.625],"texture":"#o8"},"east":{"uv":[0.0,7.625,1.0,6.625],"texture":"#o8"},"west":{"uv":[0.0,7.625,1.0,6.625],"texture":"#o8"},"up":{"uv":[0.0,7.625,1.0,6.625],"texture":"#o8"},"down":{"uv":[0.0,7.625,1.0,6.625],"texture":"#o8"}}},{"from":[8.99791,5.99331,7.45313],"to":[9.89791,6.34331,8.67933],"rotation":{"angle":0.0,"axis":"y","origin":[-4.59,8.93715,6.19952]},"faces":{"north":{"uv":[0.0,7.625,1.0,6.625],"texture":"#o8"},"south":{"uv":[0.0,7.625,1.0,6.625],"texture":"#o8"},"east":{"uv":[0.0,7.625,1.0,6.625],"texture":"#o8"},"west":{"uv":[0.0,7.625,1.0,6.625],"texture":"#o8"},"up":{"uv":[0.0,7.625,1.0,6.625],"texture":"#o8"},"down":{"uv":[0.0,7.625,1.0,6.625],"texture":"#o8"}}},{"from":[-4.02209,9.07053,6.75313],"to":[-3.26209,9.45669,9.16929],"rotation":{"angle":0.0,"axis":"y","origin":[0.70791,6.67669,6.19952]},"faces":{"north":{"uv":[12.125,0.0,13.125,1.0],"texture":"#o8"},"south":{"uv":[12.125,0.0,13.125,1.0],"texture":"#o8"},"east":{"uv":[12.125,0.0,13.125,1.0],"texture":"#o8"},"west":{"uv":[12.125,0.0,13.125,1.0],"texture":"#o8"},"up":{"uv":[12.125,0.0,13.125,1.0],"texture":"#o8"},"down":{"uv":[12.125,0.0,13.125,1.0],"texture":"#o8"}}},{"from":[1.12791,8.71437,8.06313],"to":[5.36791,9.07053,9.05929],"rotation":{"angle":0.0,"axis":"y","origin":[0.70791,7.01053,6.19952]},"faces":{"north":{"uv":[5.125,5.0,5.695,5.61232],"texture":"#o8"},"south":{"uv":[5.125,5.0,5.695,5.61232],"texture":"#o8"},"east":{"uv":[5.125,5.0,5.695,5.61232],"texture":"#o8"},"west":{"uv":[5.125,5.0,5.695,5.61232],"texture":"#o8"},"up":{"uv":[5.125,5.0,5.695,5.61232],"texture":"#o8"},"down":{"uv":[5.125,5.0,5.695,5.61232],"texture":"#o8"}}},{"from":[1.12791,7.51437,8.46313],"to":[5.36791,7.92053,9.05929],"rotation":{"angle":0.0,"axis":"y","origin":[0.70791,7.01053,6.19952]},"faces":{"north":{"uv":[6.875,3.25,7.5,3.875],"texture":"#o8"},"south":{"uv":[6.875,3.25,7.5,3.875],"texture":"#o8"},"east":{"uv":[6.875,3.25,7.5,3.875],"texture":"#o8"},"west":{"uv":[6.875,3.25,7.5,3.875],"texture":"#o8"},"up":{"uv":[6.875,3.25,7.5,3.875],"texture":"#o8"},"down":{"uv":[6.875,3.25,7.5,3.875],"texture":"#o8"}}},{"from":[13.0,7.42365,6.85],"to":[19.8,8.37635,9.15],"rotation":{"angle":45.0,"axis":"x","origin":[13.5,7.9,8.0]},"faces":{"north":{"uv":[6.875,3.375,7.375,3.875],"texture":"#o8"},"south":{"uv":[6.875,3.375,7.375,3.875],"texture":"#o8"},"east":{"uv":[6.875,3.375,7.375,3.875],"texture":"#o8"},"west":{"uv":[0.0,3.25,2.0,5.25],"texture":"#missing"}}},{"from":[13.0,7.42365,6.85],"to":[19.8,8.37635,9.15],"rotation":{"angle":0.0,"axis":"x","origin":[13.5,7.9,8.0]},"faces":{"north":{"uv":[6.875,3.375,7.375,3.875],"texture":"#o8"},"south":{"uv":[6.875,3.375,7.375,3.875],"texture":"#o8"},"east":{"uv":[6.875,3.375,7.375,3.875],"texture":"#o8"},"west":{"uv":[0.0,3.25,2.0,5.25],"texture":"#missing"}}},{"from":[13.0,6.75,7.52365],"to":[19.8,9.05,8.47635],"rotation":{"angle":45.0,"axis":"x","origin":[13.5,7.9,8.0]},"faces":{"east":{"uv":[6.875,3.375,7.375,3.875],"texture":"#o8"},"west":{"uv":[0.0,3.25,2.0,5.25],"texture":"#missing"},"up":{"uv":[6.875,3.375,7.375,3.875],"texture":"#o8"},"down":{"uv":[6.875,3.375,7.375,3.875],"texture":"#o8"}}},{"from":[13.0,6.75,7.52365],"to":[19.8,9.05,8.47635],"rotation":{"angle":0.0,"axis":"x","origin":[13.5,7.9,8.0]},"faces":{"east":{"uv":[6.875,3.375,7.375,3.875],"texture":"#o8"},"west":{"uv":[0.0,3.25,2.0,5.25],"texture":"#missing"},"up":{"uv":[6.875,3.375,7.375,3.875],"texture":"#o8"},"down":{"uv":[6.875,3.375,7.375,3.875],"texture":"#o8"}}},{"from":[6.3,7.38081,6.65],"to":[13.0,8.49919,9.35],"rotation":{"angle":45.0,"axis":"x","origin":[9.2,7.94,8.0]},"faces":{"north":{"uv":[6.875,3.375,7.375,3.875],"texture":"#o8"},"south":{"uv":[6.875,3.375,7.375,3.875],"texture":"#o8"},"east":{"uv":[6.875,3.375,7.375,3.875],"texture":"#o8"},"west":{"uv":[6.875,3.375,7.375,3.875],"texture":"#o8"}}},{"from":[6.3,7.38081,6.65],"to":[13.0,8.49919,9.35],"rotation":{"angle":0.0,"axis":"x","origin":[9.2,7.94,8.0]},"faces":{"north":{"uv":[6.875,3.375,7.375,3.875],"texture":"#o8"},"south":{"uv":[6.875,3.375,7.375,3.875],"texture":"#o8"},"east":{"uv":[6.875,3.375,7.375,3.875],"texture":"#o8"},"west":{"uv":[6.875,3.375,7.375,3.875],"texture":"#o8"}}},{"from":[6.3,6.59,7.44081],"to":[13.0,9.29,8.55919],"rotation":{"angle":45.0,"axis":"x","origin":[9.2,7.94,8.0]},"faces":{"east":{"uv":[6.875,3.375,7.375,3.875],"texture":"#o8"},"west":{"uv":[6.875,3.375,7.375,3.875],"texture":"#o8"},"up":{"uv":[6.875,3.375,7.375,3.875],"texture":"#o8"},"down":{"uv":[6.875,3.375,7.375,3.875],"texture":"#o8"}}},{"from":[6.3,6.59,7.44081],"to":[13.0,9.29,8.55919],"rotation":{"angle":0.0,"axis":"x","origin":[9.2,7.94,8.0]},"faces":{"east":{"uv":[6.875,3.375,7.375,3.875],"texture":"#o8"},"west":{"uv":[6.875,3.375,7.375,3.875],"texture":"#o8"},"up":{"uv":[6.875,3.375,7.375,3.875],"texture":"#o8"},"down":{"uv":[6.875,3.375,7.375,3.875],"texture":"#o8"}}},{"from":[1.50791,2.16821,7.12313],"to":[5.18791,3.88437,8.79929],"rotation":{"angle":0.0,"axis":"y","origin":[0.70791,5.37437,6.19952]},"faces":{"north":{"uv":[7.0,0.0,8.84,0.85808],"texture":"#o8"},"south":{"uv":[8.84,0.0,7.0,0.85808],"texture":"#o8"},"east":{"uv":[11.375,0.0,12.21308,0.85808],"texture":"#o8"},"west":{"uv":[11.25,0.0,12.08808,0.85808],"texture":"#o8"}}},{"from":[0.99861,-1.66752,7.13313],"to":[4.67861,1.74864,8.78929],"rotation":{"angle":22.5,"axis":"z","origin":[0.19861,3.23864,6.19952]},"faces":{"north":{"uv":[8.875,0.0,11.215,1.70808],"texture":"#o8"},"south":{"uv":[11.215,0.0,8.875,1.70808],"texture":"#o8"},"east":{"uv":[11.25,0.0,12.08808,1.70808],"texture":"#o8"},"west":{"uv":[11.25,0.0,12.08808,1.70808],"texture":"#o8"},"down":{"uv":[11.25,0.0,13.09,0.83808],"texture":"#o8"}}},{"from":[-16.0,-16.0,-15.99],"to":[32.0,32.0,-15.99],"faces":{"north":{"uv":[0.0,0.0,16.0,16.0],"texture":"#icon_background"}}},{"from":[-16.0,-16.0,-16.0],"to":[32.0,32.0,-16.0],"faces":{"north":{"uv":[0.0,0.0,16.0,16.0],"texture":"#icon"}}}],"display":{"firstperson_lefthand":{"rotation":[0.0,0.0,0.0],"translation":[0.0,0.0,0.0],"scale":[0.0,0.0,0.0]},"firstperson_righthand":{"rotation":[0.0,90.0,0.0],"translation":[-0.75,12.1,-2.25],"scale":[1.0,1.0,1.0]},"thirdperson_lefthand":{"rotation":[0.0,0.0,0.0],"translation":[0.0,0.0,0.0],"scale":[0.0,0.0,0.0]},"thirdperson_righthand":{"rotation":[0.0,0.0,0.0],"translation":[0.0,0.0,0.0],"scale":[0.0,0.0,0.0]},"ground":{"rotation":[-90.0,0.0,0.0],"scale":[0.8,0.8,0.8]},"gui":{"rotation":[0.0,-180.0,0.0],"translation":[0.0,0.0,0.0],"scale":[0.333,0.333,0.333]},"fixed":{"rotation":[0.0,0.0,45.0],"translation":[-0.25,0.5,-0.25],"scale":[0.8,0.8,0.8]},"head":{"rotation":[90.0,0.0,0.0],"translation":[3.25,-41.75,1.0],"scale":[1.2,1.2,1.2]}},"gui_light":"front"}