{"textures":{"o0":"generated/20","o1":"generated/25","o2":"generated/26","o3":"generated/28","o4":"gun/player_skin_slim","o5":"gun/player_skin","o6":"generated/12","o7":"generated/9","o8":"generated/20","icon":"generated/2e","icon_background":"generated/2a"},"elements":[{"from":[7.90054,4.8,16.1],"to":[8.09946,5.8,16.51],"rotation":{"angle":-45.0,"axis":"z","origin":[8.0,5.3,16.6]},"faces":{"north":{"uv":[5.0,1.0,6.0,2.0],"texture":"#o3"},"south":{"uv":[5.0,1.0,6.0,2.0],"texture":"#o3"},"up":{"uv":[5.0,1.0,6.0,2.0],"texture":"#o3"},"down":{"uv":[5.0,1.0,6.0,2.0],"texture":"#o3"}}},{"from":[7.90054,4.8,16.1],"to":[8.09946,5.8,16.51],"rotation":{"angle":-22.5,"axis":"z","origin":[8.0,5.3,16.6]},"faces":{"north":{"uv":[5.0,1.0,6.0,2.0],"texture":"#o3"},"south":{"uv":[5.0,1.0,6.0,2.0],"texture":"#o3"},"up":{"uv":[5.0,1.0,6.0,2.0],"texture":"#o3"}}},{"from":[7.90054,4.8,16.1],"to":[8.09946,5.8,16.51],"rotation":{"angle":0.0,"axis":"z","origin":[8.0,5.3,16.6]},"faces":{"north":{"uv":[5.0,1.0,6.0,2.0],"texture":"#o3"},"south":{"uv":[5.0,1.0,6.0,2.0],"texture":"#o3"},"up":{"uv":[5.0,1.0,6.0,2.0],"texture":"#o3"}}},{"from":[7.90054,4.8,16.1],"to":[8.09946,5.8,16.51],"rotation":{"angle":22.5,"axis":"z","origin":[8.0,5.3,16.6]},"faces":{"north":{"uv":[5.0,1.0,6.0,2.0],"texture":"#o3"},"south":{"uv":[5.0,1.0,6.0,2.0],"texture":"#o3"},"up":{"uv":[5.0,1.0,6.0,2.0],"texture":"#o3"}}},{"from":[7.90054,4.8,16.1],"to":[8.09946,5.8,16.51],"rotation":{"angle":45.0,"axis":"z","origin":[8.0,5.3,16.6]},"faces":{"north":{"uv":[5.0,1.0,6.0,2.0],"texture":"#o3"},"south":{"uv":[5.0,1.0,6.0,2.0],"texture":"#o3"},"up":{"uv":[5.0,1.0,6.0,2.0],"texture":"#o3"},"down":{"uv":[5.0,1.0,6.0,2.0],"texture":"#o3"}}},{"from":[7.90054,4.8,13.0],"to":[8.09946,4.9,16.1],"rotation":{"angle":45.0,"axis":"z","origin":[8.0,5.3,16.2]},"faces":{"east":{"uv":[5.0,1.0,6.0,2.0],"texture":"#o3"},"down":{"uv":[5.0,1.0,6.0,2.0],"texture":"#o3"}}},{"from":[7.5,5.20054,16.1],"to":[8.5,5.39946,16.51],"rotation":{"angle":-22.5,"axis":"z","origin":[8.0,5.3,16.6]},"faces":{"north":{"uv":[5.0,1.0,6.0,2.0],"texture":"#o3"},"south":{"uv":[5.0,1.0,6.0,2.0],"texture":"#o3"},"east":{"uv":[5.0,1.0,6.0,2.0],"texture":"#o3"},"west":{"uv":[5.0,1.0,6.0,2.0],"texture":"#o3"}}},{"from":[7.5,5.20054,16.1],"to":[8.5,5.39946,16.51],"rotation":{"angle":22.5,"axis":"z","origin":[8.0,5.3,16.6]},"faces":{"north":{"uv":[5.0,1.0,6.0,2.0],"texture":"#o3"},"south":{"uv":[5.0,1.0,6.0,2.0],"texture":"#o3"},"east":{"uv":[5.0,1.0,6.0,2.0],"texture":"#o3"},"west":{"uv":[5.0,1.0,6.0,2.0],"texture":"#o3"}}},{"from":[7.93436,5.07,16.51],"to":[8.36564,5.73,17.52],"rotation":{"angle":-45.0,"axis":"z","origin":[8.0,5.4,17.01]},"faces":{"south":{"uv":[5.0,1.0,6.0,2.0],"texture":"#o3"},"up":{"uv":[5.0,1.0,6.0,2.0],"texture":"#o3"}}},{"from":[7.93436,5.07,16.51],"to":[8.06564,5.73,17.52],"rotation":{"angle":-22.5,"axis":"z","origin":[8.0,5.4,17.01]},"faces":{"south":{"uv":[5.0,1.0,6.0,2.0],"texture":"#o3"},"up":{"uv":[5.0,1.0,6.0,2.0],"texture":"#o3"}}},{"from":[7.93436,5.07,16.51],"to":[8.06564,5.73,17.52],"rotation":{"angle":0.0,"axis":"z","origin":[8.0,5.4,17.01]},"faces":{"south":{"uv":[5.0,1.0,6.0,2.0],"texture":"#o3"},"up":{"uv":[5.0,1.0,6.0,2.0],"texture":"#o3"}}},{"from":[7.93436,5.07,16.51],"to":[8.06564,5.73,17.52],"rotation":{"angle":22.5,"axis":"z","origin":[8.0,5.4,17.01]},"faces":{"south":{"uv":[5.0,1.0,6.0,2.0],"texture":"#o3"},"up":{"uv":[5.0,1.0,6.0,2.0],"texture":"#o3"}}},{"from":[7.63436,5.07,16.51],"to":[8.06564,5.73,17.52],"rotation":{"angle":45.0,"axis":"z","origin":[8.0,5.4,17.01]},"faces":{"south":{"uv":[5.0,1.0,6.0,2.0],"texture":"#o3"},"up":{"uv":[5.0,1.0,6.0,2.0],"texture":"#o3"}}},{"from":[7.63436,5.07,17.52],"to":[7.96564,5.73,17.82],"rotation":{"angle":45.0,"axis":"z","origin":[8.0,5.4,17.31]},"faces":{"south":{"uv":[5.0,1.0,6.0,2.0],"texture":"#o3"},"east":{"uv":[5.0,1.0,6.0,2.0],"texture":"#o3"},"up":{"uv":[5.0,1.0,6.0,2.0],"texture":"#o3"}}},{"from":[7.90054,4.8,16.51],"to":[8.09946,5.5,17.82],"rotation":{"angle":0.0,"axis":"z","origin":[8.0,5.3,17.01]},"faces":{"north":{"uv":[5.0,1.0,6.0,2.0],"texture":"#o3"},"south":{"uv":[5.0,1.0,6.0,2.0],"texture":"#o3"},"east":{"uv":[5.0,1.0,6.0,2.0],"texture":"#o3"},"west":{"uv":[5.0,1.0,6.0,2.0],"texture":"#o3"},"up":{"uv":[5.0,1.0,6.0,2.0],"texture":"#o3"},"down":{"uv":[5.0,1.0,6.0,2.0],"texture":"#o3"}}},{"from":[7.5,4.90054,16.51],"to":[8.5,5.39946,17.82],"rotation":{"angle":0.0,"axis":"z","origin":[8.0,5.3,18.43]},"faces":{"north":{"uv":[5.0,1.0,6.0,2.0],"texture":"#o3"},"south":{"uv":[5.0,1.0,6.0,2.0],"texture":"#o3"},"east":{"uv":[5.0,1.0,6.0,2.0],"texture":"#o3"},"west":{"uv":[5.0,1.0,6.0,2.0],"texture":"#o3"},"up":{"uv":[5.0,1.0,6.0,2.0],"texture":"#o3"}}},{"from":[7.5,5.20054,16.1],"to":[8.5,5.39946,16.51],"rotation":{"angle":0.0,"axis":"z","origin":[8.0,5.3,18.43]},"faces":{"north":{"uv":[5.0,1.0,6.0,2.0],"texture":"#o3"},"east":{"uv":[5.0,1.0,6.0,2.0],"texture":"#o3"},"west":{"uv":[5.0,1.0,6.0,2.0],"texture":"#o3"}}},{"from":[7.91049,4.85,4.7],"to":[8.08951,5.75,11.53],"rotation":{"angle":-45.0,"axis":"z","origin":[8.0,5.3,5.2]},"faces":{"up":{"uv":[5.0,1.0,6.0,2.0],"texture":"#o3"}}},{"from":[7.91049,4.85,4.7],"to":[8.08951,5.75,11.53],"rotation":{"angle":-22.5,"axis":"z","origin":[8.0,5.3,5.2]},"faces":{"up":{"uv":[5.0,1.0,6.0,2.0],"texture":"#o3"}}},{"from":[7.91049,4.85,4.7],"to":[8.08951,5.75,11.53],"rotation":{"angle":0.0,"axis":"z","origin":[8.0,5.3,5.2]},"faces":{"up":{"uv":[5.0,1.0,6.0,2.0],"texture":"#o3"}}},{"from":[7.91049,4.85,4.7],"to":[8.08951,5.75,11.53],"rotation":{"angle":22.5,"axis":"z","origin":[8.0,5.3,5.2]},"faces":{"up":{"uv":[5.0,1.0,6.0,2.0],"texture":"#o3"}}},{"from":[7.91049,4.85,4.7],"to":[8.08951,5.75,11.53],"rotation":{"angle":45.0,"axis":"z","origin":[8.0,5.3,5.2]},"faces":{"up":{"uv":[5.0,1.0,6.0,2.0],"texture":"#o3"}}},{"from":[7.55,5.21049,4.7],"to":[8.45,5.38951,11.53],"rotation":{"angle":-22.5,"axis":"z","origin":[8.0,5.3,5.2]},"faces":{"east":{"uv":[5.0,1.0,6.0,2.0],"texture":"#o3"},"west":{"uv":[5.0,1.0,6.0,2.0],"texture":"#o3"}}},{"from":[7.55,5.21049,4.7],"to":[8.45,5.38951,11.53],"rotation":{"angle":0.0,"axis":"z","origin":[8.0,5.3,5.2]},"faces":{"east":{"uv":[5.0,1.0,6.0,2.0],"texture":"#o3"},"west":{"uv":[5.0,1.0,6.0,2.0],"texture":"#o3"}}},{"from":[7.55,5.21049,4.7],"to":[8.45,5.38951,11.53],"rotation":{"angle":22.5,"axis":"z","origin":[8.0,5.3,5.2]},"faces":{"east":{"uv":[5.0,1.0,6.0,2.0],"texture":"#o3"},"west":{"uv":[5.0,1.0,6.0,2.0],"texture":"#o3"}}},{"from":[7.88065,4.71,11.44],"to":[8.11935,5.91,13.13],"rotation":{"angle":-45.0,"axis":"z","origin":[8.0,5.31,11.94]},"faces":{"north":{"uv":[5.0,1.0,6.0,2.0],"texture":"#o3"},"south":{"uv":[5.0,1.0,6.0,2.0],"texture":"#o3"},"east":{"uv":[5.0,1.0,6.0,2.0],"texture":"#o3"},"west":{"uv":[5.0,1.0,6.0,2.0],"texture":"#o3"},"up":{"uv":[5.0,1.0,6.0,2.0],"texture":"#o3"},"down":{"uv":[5.0,1.0,6.0,2.0],"texture":"#o3"}}},{"from":[7.88065,4.71,11.44],"to":[8.11935,5.91,13.13],"rotation":{"angle":-22.5,"axis":"z","origin":[8.0,5.31,11.94]},"faces":{"north":{"uv":[5.0,1.0,6.0,2.0],"texture":"#o3"},"south":{"uv":[5.0,1.0,6.0,2.0],"texture":"#o3"},"east":{"uv":[5.0,1.0,6.0,2.0],"texture":"#o3"},"west":{"uv":[5.0,1.0,6.0,2.0],"texture":"#o3"},"up":{"uv":[5.0,1.0,6.0,2.0],"texture":"#o3"},"down":{"uv":[5.0,1.0,6.0,2.0],"texture":"#o3"}}},{"from":[7.88065,4.71,11.44],"to":[8.11935,5.91,13.13],"rotation":{"angle":0.0,"axis":"z","origin":[8.0,5.31,11.94]},"faces":{"north":{"uv":[5.0,1.0,6.0,2.0],"texture":"#o3"},"south":{"uv":[5.0,1.0,6.0,2.0],"texture":"#o3"},"east":{"uv":[5.0,1.0,6.0,2.0],"texture":"#o3"},"west":{"uv":[5.0,1.0,6.0,2.0],"texture":"#o3"},"up":{"uv":[5.0,1.0,6.0,2.0],"texture":"#o3"},"down":{"uv":[5.0,1.0,6.0,2.0],"texture":"#o3"}}},{"from":[7.88065,4.71,11.44],"to":[8.11935,5.91,13.13],"rotation":{"angle":22.5,"axis":"z","origin":[8.0,5.31,11.94]},"faces":{"north":{"uv":[5.0,1.0,6.0,2.0],"texture":"#o3"},"south":{"uv":[5.0,1.0,6.0,2.0],"texture":"#o3"},"east":{"uv":[5.0,1.0,6.0,2.0],"texture":"#o3"},"west":{"uv":[5.0,1.0,6.0,2.0],"texture":"#o3"},"up":{"uv":[5.0,1.0,6.0,2.0],"texture":"#o3"},"down":{"uv":[5.0,1.0,6.0,2.0],"texture":"#o3"}}},{"from":[7.88065,4.71,11.44],"to":[8.11935,5.91,13.13],"rotation":{"angle":45.0,"axis":"z","origin":[8.0,5.31,11.94]},"faces":{"north":{"uv":[5.0,1.0,6.0,2.0],"texture":"#o3"},"south":{"uv":[5.0,1.0,6.0,2.0],"texture":"#o3"},"east":{"uv":[5.0,1.0,6.0,2.0],"texture":"#o3"},"west":{"uv":[5.0,1.0,6.0,2.0],"texture":"#o3"},"up":{"uv":[5.0,1.0,6.0,2.0],"texture":"#o3"},"down":{"uv":[5.0,1.0,6.0,2.0],"texture":"#o3"}}},{"from":[7.4,5.19065,11.44],"to":[8.6,5.42935,13.13],"rotation":{"angle":-22.5,"axis":"z","origin":[8.0,5.31,11.94]},"faces":{"north":{"uv":[5.0,1.0,6.0,2.0],"texture":"#o3"},"south":{"uv":[5.0,1.0,6.0,2.0],"texture":"#o3"},"east":{"uv":[5.0,1.0,6.0,2.0],"texture":"#o3"},"west":{"uv":[5.0,1.0,6.0,2.0],"texture":"#o3"},"up":{"uv":[5.0,1.0,6.0,2.0],"texture":"#o3"},"down":{"uv":[5.0,1.0,6.0,2.0],"texture":"#o3"}}},{"from":[7.4,5.19065,11.44],"to":[8.6,5.42935,13.13],"rotation":{"angle":0.0,"axis":"z","origin":[8.0,5.31,11.94]},"faces":{"north":{"uv":[5.0,1.0,6.0,2.0],"texture":"#o3"},"south":{"uv":[5.0,1.0,6.0,2.0],"texture":"#o3"},"east":{"uv":[5.0,1.0,6.0,2.0],"texture":"#o3"},"west":{"uv":[5.0,1.0,6.0,2.0],"texture":"#o3"},"up":{"uv":[5.0,1.0,6.0,2.0],"texture":"#o3"},"down":{"uv":[5.0,1.0,6.0,2.0],"texture":"#o3"}}},{"from":[7.4,5.19065,11.44],"to":[8.6,5.42935,13.13],"rotation":{"angle":22.5,"axis":"z","origin":[8.0,5.31,11.94]},"faces":{"north":{"uv":[5.0,1.0,6.0,2.0],"texture":"#o3"},"south":{"uv":[5.0,1.0,6.0,2.0],"texture":"#o3"},"east":{"uv":[5.0,1.0,6.0,2.0],"texture":"#o3"},"west":{"uv":[5.0,1.0,6.0,2.0],"texture":"#o3"},"up":{"uv":[5.0,1.0,6.0,2.0],"texture":"#o3"},"down":{"uv":[5.0,1.0,6.0,2.0],"texture":"#o3"}}},{"from":[7.91049,4.86,13.1],"to":[8.08951,5.06,15.31],"rotation":{"angle":-45.0,"axis":"z","origin":[8.0,5.31,13.6]},"faces":{"south":{"uv":[5.0,1.0,6.0,2.0],"texture":"#o3"},"west":{"uv":[5.0,1.0,6.0,2.0],"texture":"#o3"},"up":{"uv":[5.0,1.0,6.0,2.0],"texture":"#o3"},"down":{"uv":[5.0,1.0,6.0,2.0],"texture":"#o3"}}},{"from":[7.91049,4.86,13.1],"to":[8.08951,5.06,16.11],"rotation":{"angle":-22.5,"axis":"z","origin":[8.0,5.31,13.6]},"faces":{"west":{"uv":[5.0,1.0,6.0,2.0],"texture":"#o3"},"up":{"uv":[5.0,1.0,6.0,2.0],"texture":"#o3"},"down":{"uv":[5.0,1.0,6.0,2.0],"texture":"#o3"}}},{"from":[7.91049,4.86,13.1],"to":[8.08951,5.06,16.11],"rotation":{"angle":0.0,"axis":"z","origin":[8.0,5.31,13.6]},"faces":{"up":{"uv":[5.0,1.0,6.0,2.0],"texture":"#o3"},"down":{"uv":[5.0,1.0,6.0,2.0],"texture":"#o3"}}},{"from":[7.91049,4.86,13.1],"to":[8.08951,5.06,16.11],"rotation":{"angle":22.5,"axis":"z","origin":[8.0,5.31,13.6]},"faces":{"up":{"uv":[5.0,1.0,6.0,2.0],"texture":"#o3"},"down":{"uv":[5.0,1.0,6.0,2.0],"texture":"#o3"}}},{"from":[7.91049,4.86,13.1],"to":[8.08951,5.06,16.11],"rotation":{"angle":45.0,"axis":"z","origin":[8.0,5.31,13.6]},"faces":{"up":{"uv":[5.0,1.0,6.0,2.0],"texture":"#o3"},"down":{"uv":[5.0,1.0,6.0,2.0],"texture":"#o3"}}},{"from":[7.55,5.22049,13.1],"to":[7.75,5.59951,14.91],"rotation":{"angle":0.0,"axis":"z","origin":[8.0,5.31,13.6]},"faces":{"south":{"uv":[5.0,1.0,6.0,2.0],"texture":"#o3"},"east":{"uv":[5.0,1.0,6.0,2.0],"texture":"#o3"},"west":{"uv":[5.0,1.0,6.0,2.0],"texture":"#o3"},"up":{"uv":[5.0,1.0,6.0,2.0],"texture":"#o3"}}},{"from":[7.55,5.22049,13.1],"to":[7.75,5.39951,15.12],"rotation":{"angle":22.5,"axis":"z","origin":[8.0,5.31,13.6]},"faces":{"south":{"uv":[5.0,1.0,6.0,2.0],"texture":"#o3"},"east":{"uv":[5.0,1.0,6.0,2.0],"texture":"#o3"},"west":{"uv":[5.0,1.0,6.0,2.0],"texture":"#o3"},"up":{"uv":[5.0,1.0,6.0,2.0],"texture":"#o3"}}},{"from":[8.25,5.22049,13.1],"to":[8.45,5.39951,16.11],"rotation":{"angle":-22.5,"axis":"z","origin":[8.0,5.31,13.6]},"faces":{"east":{"uv":[5.0,1.0,6.0,2.0],"texture":"#o3"},"west":{"uv":[5.0,1.0,6.0,2.0],"texture":"#o3"}}},{"from":[8.25,5.22049,13.1],"to":[8.45,5.29951,16.11],"rotation":{"angle":0.0,"axis":"z","origin":[8.0,5.31,13.6]},"faces":{"east":{"uv":[5.0,1.0,6.0,2.0],"texture":"#o3"},"west":{"uv":[5.0,1.0,6.0,2.0],"texture":"#o3"},"up":{"uv":[5.0,1.0,6.0,2.0],"texture":"#o3"}}},{"from":[7.95,4.50033,-9.66],"to":[8.05,4.62967,-7.05],"rotation":{"angle":0.0,"axis":"z","origin":[8.0,5.34,-8.35]},"faces":{"north":{"uv":[5.0,1.0,6.0,2.0],"texture":"#o3"},"east":{"uv":[5.0,1.0,6.0,2.0],"texture":"#o3"},"west":{"uv":[5.0,1.0,6.0,2.0],"texture":"#o3"},"up":{"uv":[5.0,1.0,6.0,2.0],"texture":"#o3"},"down":{"uv":[5.0,1.0,6.0,2.0],"texture":"#o3"}}},{"from":[7.9,4.48033,-7.05],"to":[8.1,5.35967,-5.5],"rotation":{"angle":0.0,"axis":"z","origin":[8.0,5.3,-6.8]},"faces":{"north":{"uv":[5.0,1.0,6.0,2.0],"texture":"#o3"},"east":{"uv":[5.0,1.0,6.0,2.0],"texture":"#o3"},"west":{"uv":[5.0,1.0,6.0,2.0],"texture":"#o3"},"down":{"uv":[5.0,1.0,6.0,2.0],"texture":"#o3"}}},{"from":[7.6,4.34033,-5.5],"to":[8.4,5.59967,-3.7],"rotation":{"angle":0.0,"axis":"z","origin":[8.0,5.3,-5.0]},"faces":{"north":{"uv":[5.0,1.0,6.0,2.0],"texture":"#o3"},"south":{"uv":[5.0,1.0,6.0,2.0],"texture":"#o3"},"east":{"uv":[5.0,1.0,6.0,2.0],"texture":"#o3"},"west":{"uv":[5.0,1.0,6.0,2.0],"texture":"#o3"},"up":{"uv":[5.0,1.0,6.0,2.0],"texture":"#o3"},"down":{"uv":[5.0,1.0,6.0,2.0],"texture":"#o3"}}},{"from":[7.625,4.0753,-0.1],"to":[8.375,5.6547,2.1],"rotation":{"angle":0.0,"axis":"z","origin":[8.0,5.3,0.4]},"faces":{"north":{"uv":[1.0,1.0,2.0,2.0],"texture":"#o3"},"south":{"uv":[1.0,1.0,2.0,2.0],"texture":"#o3"},"east":{"uv":[1.0,1.0,2.0,2.0],"texture":"#o3"},"west":{"uv":[1.0,1.0,2.0,2.0],"texture":"#o3"},"up":{"uv":[1.0,1.0,2.0,2.0],"texture":"#o3"},"down":{"uv":[1.0,1.0,2.0,2.0],"texture":"#o3"}}},{"from":[7.625,4.4453,-3.7],"to":[8.375,5.3547,-0.78],"rotation":{"angle":0.0,"axis":"z","origin":[8.0,5.3,-3.2]},"faces":{"north":{"uv":[1.0,1.0,2.0,2.0],"texture":"#o3"},"south":{"uv":[1.0,1.0,2.0,2.0],"texture":"#o3"},"east":{"uv":[1.0,1.0,2.0,2.0],"texture":"#o3"},"west":{"uv":[1.0,1.0,2.0,2.0],"texture":"#o3"},"up":{"uv":[1.0,1.0,2.0,2.0],"texture":"#o3"},"down":{"uv":[1.0,1.0,2.0,2.0],"texture":"#o3"}}},{"from":[7.6,4.04033,-0.8],"to":[8.4,5.76967,-0.1],"rotation":{"angle":0.0,"axis":"z","origin":[8.0,5.3,-0.3]},"faces":{"north":{"uv":[5.0,1.0,6.0,2.0],"texture":"#o3"},"south":{"uv":[5.0,1.0,6.0,2.0],"texture":"#o3"},"east":{"uv":[5.0,1.0,6.0,2.0],"texture":"#o3"},"west":{"uv":[5.0,1.0,6.0,2.0],"texture":"#o3"},"up":{"uv":[5.0,1.0,6.0,2.0],"texture":"#o3"},"down":{"uv":[5.0,1.0,6.0,2.0],"texture":"#o3"}}},{"from":[7.55,4.00049,2.1],"to":[8.45,5.74951,4.5],"rotation":{"angle":0.0,"axis":"z","origin":[8.0,5.36,2.6]},"faces":{"north":{"uv":[1.0,1.0,2.0,2.0],"texture":"#o3"},"south":{"uv":[1.0,1.0,2.0,2.0],"texture":"#o3"},"east":{"uv":[1.0,1.0,2.0,2.0],"texture":"#o3"},"west":{"uv":[1.0,1.0,2.0,2.0],"texture":"#o3"},"up":{"uv":[1.0,1.0,2.0,2.0],"texture":"#o3"},"down":{"uv":[1.0,1.0,2.0,2.0],"texture":"#o3"}}},{"from":[7.45,3.8406,5.94],"to":[8.55,5.1094,9.38],"rotation":{"angle":0.0,"axis":"z","origin":[8.0,5.35,5.0]},"faces":{"north":{"uv":[1.0,1.0,2.0,2.0],"texture":"#o3"},"south":{"uv":[1.0,1.0,2.0,2.0],"texture":"#o3"},"east":{"uv":[1.0,1.0,2.0,2.0],"texture":"#o3"},"west":{"uv":[1.0,1.0,2.0,2.0],"texture":"#o3"},"up":{"uv":[1.0,1.0,2.0,2.0],"texture":"#o3"},"down":{"uv":[1.0,1.0,2.0,2.0],"texture":"#o3"}}},{"from":[7.45,3.8406,4.5],"to":[8.55,5.8594,5.94],"rotation":{"angle":0.0,"axis":"z","origin":[8.0,5.35,5.0]},"faces":{"north":{"uv":[1.0,1.0,2.0,2.0],"texture":"#o3"},"south":{"uv":[1.0,1.0,2.0,2.0],"texture":"#o3"},"east":{"uv":[1.0,1.0,2.0,2.0],"texture":"#o3"},"west":{"uv":[1.0,1.0,2.0,2.0],"texture":"#o3"},"up":{"uv":[1.0,1.0,2.0,2.0],"texture":"#o3"},"down":{"uv":[1.0,1.0,2.0,2.0],"texture":"#o3"}}},{"from":[7.3,3.7406,9.38],"to":[8.7,5.1094,13.11],"rotation":{"angle":0.0,"axis":"z","origin":[8.0,5.35,5.0]},"faces":{"north":{"uv":[1.0,1.0,2.0,2.0],"texture":"#o3"},"south":{"uv":[1.0,1.0,2.0,2.0],"texture":"#o3"},"east":{"uv":[1.0,1.0,2.0,2.0],"texture":"#o3"},"west":{"uv":[1.0,1.0,2.0,2.0],"texture":"#o3"},"up":{"uv":[1.0,1.0,2.0,2.0],"texture":"#o3"},"down":{"uv":[1.0,1.0,2.0,2.0],"texture":"#o3"}}},{"from":[8.0,3.3006,16.1],"to":[8.7,5.0094,17.16],"rotation":{"angle":0.0,"axis":"z","origin":[8.0,5.35,5.0]},"faces":{"north":{"uv":[1.0,1.0,2.0,2.0],"texture":"#o3"},"south":{"uv":[1.0,1.0,2.0,2.0],"texture":"#o3"},"east":{"uv":[1.0,1.0,2.0,2.0],"texture":"#o3"},"west":{"uv":[1.0,1.0,2.0,2.0],"texture":"#o3"},"up":{"uv":[1.0,1.0,2.0,2.0],"texture":"#o3"},"down":{"uv":[1.0,1.0,2.0,2.0],"texture":"#o3"}}},{"from":[8.0,3.9606,17.16],"to":[8.7,5.0094,18.95],"rotation":{"angle":0.0,"axis":"z","origin":[8.0,5.35,5.0]},"faces":{"north":{"uv":[1.0,1.0,2.0,2.0],"texture":"#o3"},"south":{"uv":[1.0,1.0,2.0,2.0],"texture":"#o3"},"east":{"uv":[1.0,1.0,2.0,2.0],"texture":"#o3"},"west":{"uv":[1.0,1.0,2.0,2.0],"texture":"#o3"},"up":{"uv":[1.0,1.0,2.0,2.0],"texture":"#o3"},"down":{"uv":[1.0,1.0,2.0,2.0],"texture":"#o3"}}},{"from":[8.0,3.5606,15.11],"to":[8.7,4.9094,16.1],"rotation":{"angle":0.0,"axis":"z","origin":[8.0,5.35,5.0]},"faces":{"north":{"uv":[1.0,1.0,2.0,2.0],"texture":"#o3"},"south":{"uv":[1.0,1.0,2.0,2.0],"texture":"#o3"},"east":{"uv":[1.0,1.0,2.0,2.0],"texture":"#o3"},"west":{"uv":[1.0,1.0,2.0,2.0],"texture":"#o3"},"up":{"uv":[1.0,1.0,2.0,2.0],"texture":"#o3"},"down":{"uv":[1.0,1.0,2.0,2.0],"texture":"#o3"}}},{"from":[8.0,3.5606,13.11],"to":[8.7,4.9094,15.11],"rotation":{"angle":0.0,"axis":"z","origin":[8.0,5.35,5.0]},"faces":{"north":{"uv":[1.0,1.0,2.0,2.0],"texture":"#o3"},"south":{"uv":[1.0,1.0,2.0,2.0],"texture":"#o3"},"east":{"uv":[1.0,1.0,2.0,2.0],"texture":"#o3"},"west":{"uv":[1.0,1.0,2.0,2.0],"texture":"#o3"},"up":{"uv":[1.0,1.0,2.0,2.0],"texture":"#o3"},"down":{"uv":[1.0,1.0,2.0,2.0],"texture":"#o3"}}},{"from":[7.3,3.5606,13.11],"to":[7.8,5.1094,15.11],"rotation":{"angle":0.0,"axis":"z","origin":[8.0,5.35,5.0]},"faces":{"north":{"uv":[1.0,1.0,2.0,2.0],"texture":"#o3"},"south":{"uv":[1.0,1.0,2.0,2.0],"texture":"#o3"},"east":{"uv":[1.0,1.0,2.0,2.0],"texture":"#o3"},"west":{"uv":[1.0,1.0,2.0,2.0],"texture":"#o3"},"up":{"uv":[1.0,1.0,2.0,2.0],"texture":"#o3"},"down":{"uv":[1.0,1.0,2.0,2.0],"texture":"#o3"}}},{"from":[7.3,3.3006,17.81],"to":[8.0,5.0094,18.95],"rotation":{"angle":0.0,"axis":"z","origin":[8.0,5.35,5.0]},"faces":{"north":{"uv":[1.0,1.0,2.0,2.0],"texture":"#o3"},"south":{"uv":[1.0,1.0,2.0,2.0],"texture":"#o3"},"east":{"uv":[1.0,1.0,2.0,2.0],"texture":"#o3"},"west":{"uv":[1.0,1.0,2.0,2.0],"texture":"#o3"},"up":{"uv":[1.0,1.0,2.0,2.0],"texture":"#o3"},"down":{"uv":[1.0,1.0,2.0,2.0],"texture":"#o3"}}},{"from":[7.3,3.3006,16.21],"to":[8.0,4.9094,17.81],"rotation":{"angle":0.0,"axis":"z","origin":[8.0,5.35,5.0]},"faces":{"north":{"uv":[1.0,1.0,2.0,2.0],"texture":"#o3"},"south":{"uv":[1.0,1.0,2.0,2.0],"texture":"#o3"},"east":{"uv":[1.0,1.0,2.0,2.0],"texture":"#o3"},"west":{"uv":[1.0,1.0,2.0,2.0],"texture":"#o3"},"up":{"uv":[1.0,1.0,2.0,2.0],"texture":"#o3"},"down":{"uv":[1.0,1.0,2.0,2.0],"texture":"#o3"}}},{"from":[7.3,3.5606,15.11],"to":[8.0,4.9094,16.21],"rotation":{"angle":0.0,"axis":"z","origin":[8.0,5.35,5.0]},"faces":{"north":{"uv":[1.0,1.0,2.0,2.0],"texture":"#o3"},"south":{"uv":[1.0,1.0,2.0,2.0],"texture":"#o3"},"east":{"uv":[1.0,1.0,2.0,2.0],"texture":"#o3"},"west":{"uv":[1.0,1.0,2.0,2.0],"texture":"#o3"},"up":{"uv":[1.0,1.0,2.0,2.0],"texture":"#o3"},"down":{"uv":[1.0,1.0,2.0,2.0],"texture":"#o3"}}},{"from":[7.86076,3.3,17.16],"to":[8.33924,4.0,18.76],"rotation":{"angle":0.0,"axis":"z","origin":[8.0,4.0,16.71]},"faces":{"north":{"uv":[1.0,1.0,2.0,2.0],"texture":"#o3"},"south":{"uv":[1.0,1.0,2.0,2.0],"texture":"#o3"},"east":{"uv":[1.0,1.0,2.0,2.0],"texture":"#o3"},"west":{"uv":[1.0,1.0,2.0,2.0],"texture":"#o3"},"up":{"uv":[1.0,1.0,2.0,2.0],"texture":"#o3"},"down":{"uv":[1.0,1.0,2.0,2.0],"texture":"#o3"}}},{"from":[7.50076,3.13,18.71],"to":[8.49924,4.75,19.89],"rotation":{"angle":0.0,"axis":"z","origin":[8.0,3.83,19.21]},"faces":{"north":{"uv":[1.0,1.0,2.0,2.0],"texture":"#o3"},"south":{"uv":[1.0,1.0,2.0,2.0],"texture":"#o3"},"east":{"uv":[1.0,1.0,2.0,2.0],"texture":"#o3"},"west":{"uv":[1.0,1.0,2.0,2.0],"texture":"#o3"},"up":{"uv":[1.0,1.0,2.0,2.0],"texture":"#o3"},"down":{"uv":[1.0,1.0,2.0,2.0],"texture":"#o3"}}},{"from":[7.50076,3.29149,18.65],"to":[8.49924,4.81,21.15321],"rotation":{"angle":22.5,"axis":"x","origin":[8.0,4.16,19.22]},"faces":{"north":{"uv":[1.0,2.0,2.0,1.0],"texture":"#o3"},"south":{"uv":[1.0,2.0,2.0,1.0],"texture":"#o3"},"east":{"uv":[1.0,2.0,2.0,1.0],"texture":"#o3"},"west":{"uv":[1.0,2.0,2.0,1.0],"texture":"#o3"},"up":{"uv":[1.0,2.0,2.0,1.0],"texture":"#o3"},"down":{"uv":[1.0,2.0,2.0,1.0],"texture":"#o3"}}},{"from":[7.50076,3.54923,19.65115],"to":[8.49924,4.84923,22.08115],"rotation":{"angle":22.5,"axis":"x","origin":[8.0,4.19923,19.52115]},"faces":{"east":{"uv":[1.0,2.0,2.0,1.0],"texture":"#o3"},"west":{"uv":[1.0,2.0,2.0,1.0],"texture":"#o3"},"up":{"uv":[1.0,2.0,2.0,1.0],"texture":"#o3"}}},{"from":[7.50076,2.68998,21.25864],"to":[8.49924,3.38998,22.71864],"rotation":{"angle":45.0,"axis":"x","origin":[8.0,3.70998,20.94864]},"faces":{"east":{"uv":[1.0,2.0,2.0,1.0],"texture":"#o3"},"west":{"uv":[1.0,2.0,2.0,1.0],"texture":"#o3"},"down":{"uv":[1.0,2.0,2.0,1.0],"texture":"#o3"}}},{"from":[7.50076,1.73715,21.47897],"to":[8.49924,3.72214,30.58868],"rotation":{"angle":0.0,"axis":"x","origin":[8.0,2.74214,22.01868]},"faces":{"north":{"uv":[1.0,2.0,2.0,1.0],"texture":"#o3"},"south":{"uv":[1.0,2.0,2.0,1.0],"texture":"#o3"},"east":{"uv":[1.0,2.0,2.0,1.0],"texture":"#o3"},"west":{"uv":[1.0,2.0,2.0,1.0],"texture":"#o3"},"up":{"uv":[1.0,2.0,2.0,1.0],"texture":"#o3"},"down":{"uv":[1.0,2.0,2.0,1.0],"texture":"#o3"}}},{"from":[7.50076,3.36088,21.52445],"to":[8.49924,3.95088,22.30445],"rotation":{"angle":0.0,"axis":"x","origin":[8.0,4.35088,21.10445]},"faces":{"east":{"uv":[1.0,2.0,2.0,1.0],"texture":"#o3"},"west":{"uv":[1.0,2.0,2.0,1.0],"texture":"#o3"},"up":{"uv":[1.0,2.0,2.0,1.0],"texture":"#o3"}}},{"from":[7.50076,3.69482,22.99331],"to":[8.49924,4.28482,30.28331],"rotation":{"angle":0.0,"axis":"x","origin":[8.0,4.68482,22.68331]},"faces":{"east":{"uv":[1.0,2.0,2.0,1.0],"texture":"#o3"},"west":{"uv":[1.0,2.0,2.0,1.0],"texture":"#o3"},"up":{"uv":[1.0,2.0,2.0,1.0],"texture":"#o3"}}},{"from":[7.50076,0.18895,27.27402],"to":[8.49924,2.47895,30.26402],"rotation":{"angle":0.0,"axis":"x","origin":[8.0,2.87895,29.96402]},"faces":{"east":{"uv":[1.0,2.0,2.0,1.0],"texture":"#o3"},"west":{"uv":[1.0,2.0,2.0,1.0],"texture":"#o3"}}},{"from":[7.50076,3.16689,21.94919],"to":[8.49924,3.75689,22.93919],"rotation":{"angle":-22.5,"axis":"x","origin":[8.0,4.15689,21.63919]},"faces":{"east":{"uv":[1.0,2.0,2.0,1.0],"texture":"#o3"},"west":{"uv":[1.0,2.0,2.0,1.0],"texture":"#o3"},"up":{"uv":[1.0,2.0,2.0,1.0],"texture":"#o3"}}},{"from":[7.50076,1.84641,23.03473],"to":[8.49924,3.48325,30.74154],"rotation":{"angle":22.5,"axis":"x","origin":[8.0,2.83641,23.12473]},"faces":{"east":{"uv":[1.0,2.0,2.0,1.0],"texture":"#o3"},"west":{"uv":[1.0,2.0,2.0,1.0],"texture":"#o3"},"down":{"uv":[1.0,2.0,2.0,1.0],"texture":"#o3"}}},{"from":[7.40076,0.18895,30.25402],"to":[8.59924,4.37895,30.64402],"rotation":{"angle":0.0,"axis":"x","origin":[8.0,2.87895,30.34402]},"faces":{"north":{"uv":[5.0,2.0,6.0,1.0],"texture":"#o3"},"south":{"uv":[5.0,2.0,6.0,1.0],"texture":"#o3"},"east":{"uv":[5.0,2.0,6.0,1.0],"texture":"#o3"},"west":{"uv":[5.0,2.0,6.0,1.0],"texture":"#o3"},"up":{"uv":[5.0,2.0,6.0,1.0],"texture":"#o3"},"down":{"uv":[5.0,2.0,6.0,1.0],"texture":"#o3"}}},{"from":[7.40076,1.6086,30.73077],"to":[8.59924,3.13018,31.09109],"rotation":{"angle":22.5,"axis":"x","origin":[8.0,2.78334,23.47428]},"faces":{"north":{"uv":[5.0,2.0,6.0,1.0],"texture":"#o3"},"south":{"uv":[5.0,2.0,6.0,1.0],"texture":"#o3"},"east":{"uv":[5.0,2.0,6.0,1.0],"texture":"#o3"},"west":{"uv":[5.0,2.0,6.0,1.0],"texture":"#o3"},"down":{"uv":[5.0,2.0,6.0,1.0],"texture":"#o3"}}},{"from":[7.6,3.39,12.95],"to":[8.4,3.92,13.75],"rotation":{"angle":0.0,"axis":"x","origin":[7.5,3.42,12.75]},"faces":{"north":{"uv":[5.0,1.0,6.0,2.0],"texture":"#o3"},"east":{"uv":[5.0,1.0,6.0,2.0],"texture":"#o3"},"west":{"uv":[5.0,1.0,6.0,2.0],"texture":"#o3"},"down":{"uv":[5.0,1.0,6.0,2.0],"texture":"#o3"}}},{"from":[7.6,3.12,15.75],"to":[8.4,3.62,16.75],"rotation":{"angle":0.0,"axis":"x","origin":[7.5,3.12,15.75]},"faces":{"north":{"uv":[5.0,1.0,6.0,2.0],"texture":"#o3"},"south":{"uv":[5.0,1.0,6.0,2.0],"texture":"#o3"},"east":{"uv":[5.0,1.0,6.0,2.0],"texture":"#o3"},"west":{"uv":[5.0,1.0,6.0,2.0],"texture":"#o3"},"down":{"uv":[5.0,1.0,6.0,2.0],"texture":"#o3"}}},{"from":[7.86,2.5,17.06],"to":[8.14,3.92,17.19],"rotation":{"angle":0.0,"axis":"x","origin":[7.5,2.92,16.89]},"faces":{"north":{"uv":[5.0,1.0,6.0,2.0],"texture":"#o3"},"south":{"uv":[5.0,1.0,6.0,2.0],"texture":"#o3"},"east":{"uv":[5.0,1.0,6.0,2.0],"texture":"#o3"},"west":{"uv":[5.0,1.0,6.0,2.0],"texture":"#o3"},"up":{"uv":[5.0,1.0,6.0,2.0],"texture":"#o3"},"down":{"uv":[5.0,1.0,6.0,2.0],"texture":"#o3"}}},{"from":[7.86,1.81858,17.20142],"to":[8.14,2.55858,17.30142],"rotation":{"angle":-45.0,"axis":"x","origin":[7.5,2.35858,17.20142]},"faces":{"north":{"uv":[5.0,1.0,6.0,2.0],"texture":"#o3"},"south":{"uv":[5.0,1.0,6.0,2.0],"texture":"#o3"},"east":{"uv":[5.0,1.0,6.0,2.0],"texture":"#o3"},"west":{"uv":[5.0,1.0,6.0,2.0],"texture":"#o3"}}},{"from":[7.86,1.97674,17.58326],"to":[8.14,2.07674,18.66326],"rotation":{"angle":0.0,"axis":"x","origin":[7.5,1.97674,17.78326]},"faces":{"east":{"uv":[5.0,1.0,6.0,2.0],"texture":"#o3"},"west":{"uv":[5.0,1.0,6.0,2.0],"texture":"#o3"},"up":{"uv":[5.0,1.0,6.0,2.0],"texture":"#o3"},"down":{"uv":[5.0,1.0,6.0,2.0],"texture":"#o3"}}},{"from":[7.86,2.25958,18.5461],"to":[8.14,2.35958,19.1761],"rotation":{"angle":-45.0,"axis":"x","origin":[7.5,2.25958,18.9461]},"faces":{"east":{"uv":[5.0,1.0,6.0,2.0],"texture":"#o3"},"west":{"uv":[5.0,1.0,6.0,2.0],"texture":"#o3"},"up":{"uv":[5.0,1.0,6.0,2.0],"texture":"#o3"},"down":{"uv":[5.0,1.0,6.0,2.0],"texture":"#o3"}}},{"from":[7.86,2.42222,19.00874],"to":[8.14,3.10222,19.10874],"rotation":{"angle":0.0,"axis":"x","origin":[7.5,2.62222,19.10874]},"faces":{"north":{"uv":[5.0,1.0,6.0,2.0],"texture":"#o3"},"south":{"uv":[5.0,1.0,6.0,2.0],"texture":"#o3"},"east":{"uv":[5.0,1.0,6.0,2.0],"texture":"#o3"},"west":{"uv":[5.0,1.0,6.0,2.0],"texture":"#o3"}}},{"from":[7.86,2.3506,18.18996],"to":[8.14,3.0406,18.32996],"rotation":{"angle":0.0,"axis":"x","origin":[7.5,2.7606,18.32996]},"faces":{"north":{"uv":[5.0,1.0,6.0,2.0],"texture":"#o3"},"south":{"uv":[5.0,1.0,6.0,2.0],"texture":"#o3"},"east":{"uv":[5.0,1.0,6.0,2.0],"texture":"#o3"},"west":{"uv":[5.0,1.0,6.0,2.0],"texture":"#o3"},"up":{"uv":[5.0,1.0,6.0,2.0],"texture":"#o3"},"down":{"uv":[5.0,1.0,6.0,2.0],"texture":"#o3"}}},{"from":[7.86,3.09303,18.81682],"to":[8.14,3.34303,19.14682],"rotation":{"angle":0.0,"axis":"x","origin":[7.5,2.98303,19.01682]},"faces":{"north":{"uv":[5.0,1.0,6.0,2.0],"rotation":180,"texture":"#o3"},"south":{"uv":[5.0,1.0,6.0,2.0],"rotation":180,"texture":"#o3"},"east":{"uv":[5.0,1.0,6.0,2.0],"rotation":180,"texture":"#o3"},"west":{"uv":[5.0,1.0,6.0,2.0],"rotation":180,"texture":"#o3"},"up":{"uv":[5.0,1.0,6.0,2.0],"rotation":180,"texture":"#o3"},"down":{"uv":[5.0,1.0,6.0,2.0],"rotation":180,"texture":"#o3"}}},{"from":[7.86,2.97303,18.11682],"to":[8.14,3.50303,18.26682],"rotation":{"angle":-45.0,"axis":"x","origin":[7.5,3.08303,18.21682]},"faces":{"north":{"uv":[5.0,1.0,6.0,2.0],"texture":"#o3"},"south":{"uv":[5.0,1.0,6.0,2.0],"texture":"#o3"},"east":{"uv":[5.0,1.0,6.0,2.0],"texture":"#o3"},"west":{"uv":[5.0,1.0,6.0,2.0],"texture":"#o3"}}},{"from":[7.6,3.22,14.75],"to":[8.4,3.72,15.75],"rotation":{"angle":0.0,"axis":"x","origin":[7.5,3.22,14.75]},"faces":{"north":{"uv":[5.0,1.0,6.0,2.0],"texture":"#o3"},"east":{"uv":[5.0,1.0,6.0,2.0],"texture":"#o3"},"west":{"uv":[5.0,1.0,6.0,2.0],"texture":"#o3"},"down":{"uv":[5.0,1.0,6.0,2.0],"texture":"#o3"}}},{"from":[7.6,3.32,13.75],"to":[8.4,3.82,14.75],"rotation":{"angle":0.0,"axis":"x","origin":[7.5,3.32,13.75]},"faces":{"north":{"uv":[5.0,1.0,6.0,2.0],"texture":"#o3"},"east":{"uv":[5.0,1.0,6.0,2.0],"texture":"#o3"},"west":{"uv":[5.0,1.0,6.0,2.0],"texture":"#o3"},"down":{"uv":[5.0,1.0,6.0,2.0],"texture":"#o3"}}},{"from":[7.95027,6.27,-9.99],"to":[8.04973,6.33,-9.15],"rotation":{"angle":-45.0,"axis":"z","origin":[8.0,6.08,-9.65]},"faces":{"north":{"uv":[5.0,1.0,6.0,2.0],"texture":"#o3"},"south":{"uv":[5.0,1.0,6.0,2.0],"texture":"#o3"},"up":{"uv":[5.0,1.0,6.0,2.0],"texture":"#o3"},"down":{"uv":[5.0,1.0,6.0,2.0],"texture":"#o3"}}},{"from":[7.95027,6.27,-9.99],"to":[8.04973,6.33,-9.15],"rotation":{"angle":-22.5,"axis":"z","origin":[8.0,6.08,-9.65]},"faces":{"north":{"uv":[5.0,1.0,6.0,2.0],"texture":"#o3"},"south":{"uv":[5.0,1.0,6.0,2.0],"texture":"#o3"},"up":{"uv":[5.0,1.0,6.0,2.0],"texture":"#o3"},"down":{"uv":[5.0,1.0,6.0,2.0],"texture":"#o3"}}},{"from":[7.95027,6.27,-9.99],"to":[8.04973,6.33,-9.15],"rotation":{"angle":0.0,"axis":"z","origin":[8.0,6.08,-9.65]},"faces":{"north":{"uv":[5.0,1.0,6.0,2.0],"texture":"#o3"},"south":{"uv":[5.0,1.0,6.0,2.0],"texture":"#o3"},"up":{"uv":[5.0,1.0,6.0,2.0],"texture":"#o3"},"down":{"uv":[5.0,1.0,6.0,2.0],"texture":"#o3"}}},{"from":[7.95027,6.27,-9.99],"to":[8.04973,6.33,-9.15],"rotation":{"angle":22.5,"axis":"z","origin":[8.0,6.08,-9.65]},"faces":{"north":{"uv":[5.0,1.0,6.0,2.0],"texture":"#o3"},"south":{"uv":[5.0,1.0,6.0,2.0],"texture":"#o3"},"up":{"uv":[5.0,1.0,6.0,2.0],"texture":"#o3"},"down":{"uv":[5.0,1.0,6.0,2.0],"texture":"#o3"}}},{"from":[7.95027,6.27,-9.99],"to":[8.04973,6.33,-9.15],"rotation":{"angle":45.0,"axis":"z","origin":[8.0,6.08,-9.65]},"faces":{"north":{"uv":[5.0,1.0,6.0,2.0],"texture":"#o3"},"south":{"uv":[5.0,1.0,6.0,2.0],"texture":"#o3"},"up":{"uv":[5.0,1.0,6.0,2.0],"texture":"#o3"},"down":{"uv":[5.0,1.0,6.0,2.0],"texture":"#o3"}}},{"from":[7.75,6.03027,-9.99],"to":[7.81,6.12973,-9.15],"rotation":{"angle":-22.5,"axis":"z","origin":[8.0,6.08,-9.65]},"faces":{"north":{"uv":[5.0,1.0,6.0,2.0],"texture":"#o3"},"south":{"uv":[5.0,1.0,6.0,2.0],"texture":"#o3"},"east":{"uv":[5.0,1.0,6.0,2.0],"texture":"#o3"},"west":{"uv":[5.0,1.0,6.0,2.0],"texture":"#o3"}}},{"from":[7.75,5.83027,-9.99],"to":[7.81,6.12973,-9.15],"rotation":{"angle":0.0,"axis":"z","origin":[8.0,6.18,-9.65]},"faces":{"north":{"uv":[5.0,1.0,6.0,2.0],"texture":"#o3"},"south":{"uv":[5.0,1.0,6.0,2.0],"texture":"#o3"},"east":{"uv":[5.0,1.0,6.0,2.0],"texture":"#o3"},"west":{"uv":[5.0,1.0,6.0,2.0],"texture":"#o3"}}},{"from":[7.75,5.77027,-9.99],"to":[8.25,5.82973,-9.15],"rotation":{"angle":0.0,"axis":"z","origin":[8.0,6.18,-9.65]},"faces":{"north":{"uv":[5.0,1.0,6.0,2.0],"texture":"#o3"},"south":{"uv":[5.0,1.0,6.0,2.0],"texture":"#o3"},"east":{"uv":[5.0,1.0,6.0,2.0],"texture":"#o3"},"west":{"uv":[5.0,1.0,6.0,2.0],"texture":"#o3"},"up":{"uv":[5.0,1.0,6.0,2.0],"texture":"#o3"},"down":{"uv":[5.0,1.0,6.0,2.0],"texture":"#o3"}}},{"from":[7.9,5.51027,-9.89],"to":[8.1,5.86973,-9.15],"rotation":{"angle":0.0,"axis":"z","origin":[8.0,6.08,-9.65]},"faces":{"north":{"uv":[5.0,1.0,6.0,2.0],"texture":"#o3"},"south":{"uv":[5.0,1.0,6.0,2.0],"texture":"#o3"},"east":{"uv":[5.0,1.0,6.0,2.0],"texture":"#o3"},"west":{"uv":[5.0,1.0,6.0,2.0],"texture":"#o3"}}},{"from":[7.9,5.87027,-9.89],"to":[8.1,5.99984,-9.46412],"rotation":{"angle":0.0,"axis":"z","origin":[8.0,6.18,-9.65]},"faces":{"north":{"uv":[5.0,1.0,6.0,2.0],"texture":"#o3"},"east":{"uv":[5.0,1.0,6.0,2.0],"texture":"#o3"},"west":{"uv":[5.0,1.0,6.0,2.0],"texture":"#o3"},"up":{"uv":[5.0,1.0,6.0,2.0],"texture":"#o3"}}},{"from":[7.98,5.94027,-9.68],"to":[8.01,6.06984,-9.46412],"rotation":{"angle":-22.5,"axis":"z","origin":[8.08,6.07,-9.45]},"faces":{"north":{"uv":[5.0,1.0,6.0,2.0],"texture":"#o3"},"south":{"uv":[5.0,1.0,6.0,2.0],"texture":"#o3"},"west":{"uv":[5.0,1.0,6.0,2.0],"texture":"#o3"}}},{"from":[7.98755,5.99855,-9.68],"to":[8.01245,6.10812,-9.46412],"rotation":{"angle":0.0,"axis":"z","origin":[8.08755,6.10828,-9.45]},"faces":{"north":{"uv":[5.0,1.0,6.0,2.0],"texture":"#o3"},"south":{"uv":[5.0,1.0,6.0,2.0],"texture":"#o3"},"up":{"uv":[5.0,1.0,6.0,2.0],"texture":"#o3"}}},{"from":[7.96755,5.99855,-9.68],"to":[8.03245,6.05812,-9.46412],"rotation":{"angle":0.0,"axis":"z","origin":[8.08755,6.10828,-9.45]},"faces":{"north":{"uv":[5.0,1.0,6.0,2.0],"texture":"#o3"},"south":{"uv":[5.0,1.0,6.0,2.0],"texture":"#o3"}}},{"from":[7.99,5.94027,-9.68],"to":[8.02,6.06984,-9.46412],"rotation":{"angle":22.5,"axis":"z","origin":[7.92,6.07,-9.45]},"faces":{"north":{"uv":[6.0,1.0,5.0,2.0],"texture":"#o3"},"south":{"uv":[6.0,1.0,5.0,2.0],"texture":"#o3"},"east":{"uv":[6.0,1.0,5.0,2.0],"texture":"#o3"}}},{"from":[7.9,5.7371,-9.42488],"to":[8.1,5.89656,-9.08488],"rotation":{"angle":22.5,"axis":"x","origin":[8.0,6.04683,-9.18488]},"faces":{"east":{"uv":[5.0,1.0,6.0,2.0],"texture":"#o3"},"west":{"uv":[5.0,1.0,6.0,2.0],"texture":"#o3"},"up":{"uv":[5.0,1.0,6.0,2.0],"texture":"#o3"}}},{"from":[8.19,5.83027,-9.99],"to":[8.25,6.12973,-9.15],"rotation":{"angle":0.0,"axis":"z","origin":[8.0,6.18,-9.65]},"faces":{"north":{"uv":[5.0,1.0,6.0,2.0],"texture":"#o3"},"south":{"uv":[5.0,1.0,6.0,2.0],"texture":"#o3"},"east":{"uv":[5.0,1.0,6.0,2.0],"texture":"#o3"},"west":{"uv":[5.0,1.0,6.0,2.0],"texture":"#o3"}}},{"from":[8.19,6.03027,-9.99],"to":[8.25,6.12973,-9.15],"rotation":{"angle":22.5,"axis":"z","origin":[8.0,6.08,-9.65]},"faces":{"north":{"uv":[5.0,1.0,6.0,2.0],"texture":"#o3"},"south":{"uv":[5.0,1.0,6.0,2.0],"texture":"#o3"},"east":{"uv":[5.0,1.0,6.0,2.0],"texture":"#o3"},"west":{"uv":[5.0,1.0,6.0,2.0],"texture":"#o3"}}},{"from":[7.6,5.05,6.1],"to":[8.4,5.93,9.3],"rotation":{"angle":0.0,"axis":"y","origin":[7.5,5.05,6.1]},"faces":{"north":{"uv":[5.0,1.0,6.0,2.0],"texture":"#o3"},"south":{"uv":[5.0,1.0,6.0,2.0],"texture":"#o3"},"east":{"uv":[5.0,1.0,6.0,2.0],"texture":"#o3"},"west":{"uv":[5.0,1.0,6.0,2.0],"texture":"#o3"},"up":{"uv":[5.0,1.0,6.0,2.0],"texture":"#o3"}}},{"from":[7.89645,5.05,-10.5],"to":[8.10355,5.55,-0.8],"rotation":{"angle":45.0,"axis":"z","origin":[8.0,5.3,-10.0]},"faces":{"north":{"uv":[1.0,5.0,2.0,6.0],"texture":"#o3"},"south":{"uv":[1.0,5.0,2.0,6.0],"texture":"#o3"},"east":{"uv":[1.0,5.0,2.0,6.0],"texture":"#o3"},"west":{"uv":[1.0,5.0,2.0,6.0],"texture":"#o3"},"up":{"uv":[1.0,5.0,2.0,6.0],"texture":"#o3"},"down":{"uv":[1.0,5.0,2.0,6.0],"texture":"#o3"}}},{"from":[7.89645,5.05,-10.5],"to":[8.10355,5.55,-0.8],"rotation":{"angle":0.0,"axis":"z","origin":[8.0,5.3,-10.0]},"faces":{"north":{"uv":[1.0,5.0,2.0,6.0],"texture":"#o3"},"south":{"uv":[1.0,5.0,2.0,6.0],"texture":"#o3"},"east":{"uv":[1.0,5.0,2.0,6.0],"texture":"#o3"},"west":{"uv":[1.0,5.0,2.0,6.0],"texture":"#o3"},"up":{"uv":[1.0,5.0,2.0,6.0],"texture":"#o3"},"down":{"uv":[1.0,5.0,2.0,6.0],"texture":"#o3"}}},{"from":[7.75,5.19645,-10.5],"to":[8.25,5.40355,-0.8],"rotation":{"angle":45.0,"axis":"z","origin":[8.0,5.3,-10.0]},"faces":{"north":{"uv":[1.0,5.0,2.0,6.0],"texture":"#o3"},"south":{"uv":[1.0,5.0,2.0,6.0],"texture":"#o3"},"east":{"uv":[1.0,5.0,2.0,6.0],"texture":"#o3"},"west":{"uv":[1.0,5.0,2.0,6.0],"texture":"#o3"},"up":{"uv":[1.0,5.0,2.0,6.0],"texture":"#o3"},"down":{"uv":[1.0,5.0,2.0,6.0],"texture":"#o3"}}},{"from":[7.75,5.19645,-10.5],"to":[8.25,5.40355,-0.8],"rotation":{"angle":0.0,"axis":"z","origin":[8.0,5.3,-10.0]},"faces":{"north":{"uv":[1.0,5.0,2.0,6.0],"texture":"#o3"},"south":{"uv":[1.0,5.0,2.0,6.0],"texture":"#o3"},"east":{"uv":[1.0,5.0,2.0,6.0],"texture":"#o3"},"west":{"uv":[1.0,5.0,2.0,6.0],"texture":"#o3"},"up":{"uv":[1.0,5.0,2.0,6.0],"texture":"#o3"},"down":{"uv":[1.0,5.0,2.0,6.0],"texture":"#o3"}}},{"from":[7.90054,5.2,17.82],"to":[8.09946,5.8,17.93],"rotation":{"angle":-45.0,"axis":"z","origin":[8.0,5.3,18.32]},"faces":{"north":{"uv":[5.0,1.0,6.0,2.0],"texture":"#o3"},"south":{"uv":[5.0,1.0,6.0,2.0],"texture":"#o3"},"up":{"uv":[5.0,1.0,6.0,2.0],"texture":"#o3"}}},{"from":[7.90054,5.2,17.82],"to":[8.09946,5.8,17.93],"rotation":{"angle":-22.5,"axis":"z","origin":[8.0,5.3,18.32]},"faces":{"north":{"uv":[5.0,1.0,6.0,2.0],"texture":"#o3"},"south":{"uv":[5.0,1.0,6.0,2.0],"texture":"#o3"},"up":{"uv":[5.0,1.0,6.0,2.0],"texture":"#o3"}}},{"from":[7.90054,5.2,17.82],"to":[8.09946,5.8,17.93],"rotation":{"angle":0.0,"axis":"z","origin":[8.0,5.3,18.32]},"faces":{"north":{"uv":[5.0,1.0,6.0,2.0],"texture":"#o3"},"south":{"uv":[5.0,1.0,6.0,2.0],"texture":"#o3"},"up":{"uv":[5.0,1.0,6.0,2.0],"texture":"#o3"}}},{"from":[7.90054,5.2,17.82],"to":[8.09946,5.8,17.93],"rotation":{"angle":22.5,"axis":"z","origin":[8.0,5.3,18.32]},"faces":{"north":{"uv":[5.0,1.0,6.0,2.0],"texture":"#o3"},"south":{"uv":[5.0,1.0,6.0,2.0],"texture":"#o3"},"up":{"uv":[5.0,1.0,6.0,2.0],"texture":"#o3"}}},{"from":[7.90054,5.6,17.82],"to":[8.09946,5.8,17.93],"rotation":{"angle":45.0,"axis":"z","origin":[8.0,5.3,18.32]},"faces":{"north":{"uv":[5.0,1.0,6.0,2.0],"texture":"#o3"},"south":{"uv":[5.0,1.0,6.0,2.0],"texture":"#o3"},"up":{"uv":[5.0,1.0,6.0,2.0],"texture":"#o3"}}},{"from":[7.8,5.20054,17.82],"to":[8.5,5.39946,17.93],"rotation":{"angle":22.5,"axis":"z","origin":[8.0,5.3,18.32]},"faces":{"north":{"uv":[5.0,1.0,6.0,2.0],"texture":"#o3"},"south":{"uv":[5.0,1.0,6.0,2.0],"texture":"#o3"},"east":{"uv":[5.0,1.0,6.0,2.0],"texture":"#o3"}}},{"from":[7.95027,5.05,12.9],"to":[8.04973,5.55,19.14],"rotation":{"angle":-45.0,"axis":"z","origin":[8.0,5.3,13.6]},"faces":{"north":{"uv":[5.0,1.0,6.0,2.0],"texture":"#o3"},"south":{"uv":[5.0,1.0,6.0,2.0],"texture":"#o3"},"up":{"uv":[5.0,1.0,6.0,2.0],"texture":"#o3"},"down":{"uv":[5.0,1.0,6.0,2.0],"texture":"#o3"}}},{"from":[7.95027,5.05,12.9],"to":[8.04973,5.55,19.14],"rotation":{"angle":-22.5,"axis":"z","origin":[8.0,5.3,13.6]},"faces":{"north":{"uv":[5.0,1.0,6.0,2.0],"texture":"#o3"},"south":{"uv":[5.0,1.0,6.0,2.0],"texture":"#o3"},"up":{"uv":[5.0,1.0,6.0,2.0],"texture":"#o3"},"down":{"uv":[5.0,1.0,6.0,2.0],"texture":"#o3"}}},{"from":[7.95027,5.05,12.9],"to":[8.04973,5.55,19.14],"rotation":{"angle":0.0,"axis":"z","origin":[8.0,5.3,13.6]},"faces":{"north":{"uv":[5.0,1.0,6.0,2.0],"texture":"#o3"},"south":{"uv":[5.0,1.0,6.0,2.0],"texture":"#o3"},"up":{"uv":[5.0,1.0,6.0,2.0],"texture":"#o3"},"down":{"uv":[5.0,1.0,6.0,2.0],"texture":"#o3"}}},{"from":[7.95027,5.05,12.9],"to":[8.04973,5.55,19.14],"rotation":{"angle":22.5,"axis":"z","origin":[8.0,5.3,13.6]},"faces":{"north":{"uv":[5.0,1.0,6.0,2.0],"texture":"#o3"},"south":{"uv":[5.0,1.0,6.0,2.0],"texture":"#o3"},"up":{"uv":[5.0,1.0,6.0,2.0],"texture":"#o3"},"down":{"uv":[5.0,1.0,6.0,2.0],"texture":"#o3"}}},{"from":[7.95027,5.05,12.9],"to":[8.04973,5.55,19.14],"rotation":{"angle":45.0,"axis":"z","origin":[8.0,5.3,13.6]},"faces":{"north":{"uv":[5.0,1.0,6.0,2.0],"texture":"#o3"},"south":{"uv":[5.0,1.0,6.0,2.0],"texture":"#o3"},"up":{"uv":[5.0,1.0,6.0,2.0],"texture":"#o3"},"down":{"uv":[5.0,1.0,6.0,2.0],"texture":"#o3"}}},{"from":[7.75,5.25027,12.9],"to":[8.25,5.34973,19.14],"rotation":{"angle":-22.5,"axis":"z","origin":[8.0,5.3,13.6]},"faces":{"north":{"uv":[5.0,1.0,6.0,2.0],"texture":"#o3"},"south":{"uv":[5.0,1.0,6.0,2.0],"texture":"#o3"},"east":{"uv":[5.0,1.0,6.0,2.0],"texture":"#o3"},"west":{"uv":[5.0,1.0,6.0,2.0],"texture":"#o3"}}},{"from":[7.75,5.25027,12.9],"to":[8.25,5.34973,19.14],"rotation":{"angle":0.0,"axis":"z","origin":[8.0,5.3,13.6]},"faces":{"north":{"uv":[5.0,1.0,6.0,2.0],"texture":"#o3"},"south":{"uv":[5.0,1.0,6.0,2.0],"texture":"#o3"},"east":{"uv":[5.0,1.0,6.0,2.0],"texture":"#o3"},"west":{"uv":[5.0,1.0,6.0,2.0],"texture":"#o3"}}},{"from":[7.75,5.25027,12.9],"to":[8.25,5.34973,19.14],"rotation":{"angle":22.5,"axis":"z","origin":[8.0,5.3,13.6]},"faces":{"north":{"uv":[5.0,1.0,6.0,2.0],"texture":"#o3"},"south":{"uv":[5.0,1.0,6.0,2.0],"texture":"#o3"},"east":{"uv":[5.0,1.0,6.0,2.0],"texture":"#o3"},"west":{"uv":[5.0,1.0,6.0,2.0],"texture":"#o3"}}},{"from":[7.53436,5.56,18.45],"to":[8.10436,5.73,18.88],"rotation":{"angle":0.0,"axis":"y","origin":[7.74743,5.55976,28.18]},"faces":{"north":{"uv":[5.0,1.0,6.0,2.0],"texture":"#o3"},"south":{"uv":[5.0,1.0,6.0,2.0],"texture":"#o3"},"east":{"uv":[5.0,1.0,6.0,2.0],"texture":"#o3"},"west":{"uv":[5.0,1.0,6.0,2.0],"texture":"#o3"},"up":{"uv":[5.0,1.0,6.0,2.0],"texture":"#o3"},"down":{"uv":[5.0,1.0,6.0,2.0],"texture":"#o3"}}},{"from":[7.97215,5.51,17.9],"to":[8.02785,5.79,18.85],"rotation":{"angle":-45.0,"axis":"z","origin":[8.0,5.65,18.4]},"faces":{"up":{"uv":[5.0,1.0,6.0,2.0],"texture":"#o3"}}},{"from":[7.97215,5.51,17.9],"to":[8.02785,5.79,18.85],"rotation":{"angle":-22.5,"axis":"z","origin":[8.0,5.65,18.4]},"faces":{"up":{"uv":[5.0,1.0,6.0,2.0],"texture":"#o3"}}},{"from":[7.97215,5.51,17.9],"to":[8.02785,5.79,18.85],"rotation":{"angle":0.0,"axis":"z","origin":[8.0,5.65,18.4]},"faces":{"up":{"uv":[5.0,1.0,6.0,2.0],"texture":"#o3"}}},{"from":[7.97215,5.51,17.9],"to":[8.02785,5.79,18.85],"rotation":{"angle":22.5,"axis":"z","origin":[8.0,5.65,18.4]},"faces":{"up":{"uv":[5.0,1.0,6.0,2.0],"texture":"#o3"}}},{"from":[7.47215,5.51,17.9],"to":[8.02785,5.79,18.79],"rotation":{"angle":45.0,"axis":"z","origin":[8.0,5.65,18.4]},"faces":{"up":{"uv":[5.0,1.0,6.0,2.0],"texture":"#o3"},"down":{"uv":[5.0,1.0,6.0,2.0],"texture":"#o3"}}},{"from":[7.86,5.62215,17.9],"to":[8.14,5.67785,18.85],"rotation":{"angle":-22.5,"axis":"z","origin":[8.0,5.65,18.4]},"faces":{"east":{"uv":[5.0,1.0,6.0,2.0],"texture":"#o3"},"west":{"uv":[5.0,1.0,6.0,2.0],"texture":"#o3"}}},{"from":[8.18913,5.3119,17.9],"to":[8.30193,5.39245,18.93],"rotation":{"angle":-45.0,"axis":"z","origin":[8.30663,5.35218,18.375]},"faces":{"south":{"uv":[5.0,1.0,6.0,2.0],"texture":"#o3"},"up":{"uv":[5.0,1.0,6.0,2.0],"texture":"#o3"}}},{"from":[7.86,5.62215,17.9],"to":[8.14,5.67785,18.85],"rotation":{"angle":0.0,"axis":"z","origin":[8.0,5.65,18.4]},"faces":{"east":{"uv":[5.0,1.0,6.0,2.0],"texture":"#o3"}}},{"from":[8.11869,5.3707,17.9],"to":[8.25869,5.62639,18.35],"rotation":{"angle":-22.5,"axis":"z","origin":[8.25869,5.59854,18.4]},"faces":{"south":{"uv":[5.0,1.0,6.0,2.0],"texture":"#o3"},"up":{"uv":[5.0,1.0,6.0,2.0],"texture":"#o3"}}},{"from":[8.20865,5.27774,17.9],"to":[8.34865,5.53343,18.35],"rotation":{"angle":-45.0,"axis":"z","origin":[8.34865,5.50559,18.4]},"faces":{"south":{"uv":[5.0,1.0,6.0,2.0],"texture":"#o3"},"up":{"uv":[5.0,1.0,6.0,2.0],"texture":"#o3"}}},{"from":[8.16834,5.38528,17.9],"to":[8.42403,5.52528,18.35],"rotation":{"angle":22.5,"axis":"z","origin":[8.39619,5.38528,18.4]},"faces":{"south":{"uv":[5.0,1.0,6.0,2.0],"rotation":90,"texture":"#o3"},"east":{"uv":[5.0,1.0,6.0,2.0],"rotation":90,"texture":"#o3"}}},{"from":[7.86,5.62215,17.9],"to":[8.14,5.67785,18.85],"rotation":{"angle":22.5,"axis":"z","origin":[8.0,5.65,18.4]},"faces":{"east":{"uv":[5.0,1.0,6.0,2.0],"texture":"#o3"}}},{"from":[7.97016,5.5,18.62],"to":[8.02984,5.8,18.86],"rotation":{"angle":-45.0,"axis":"z","origin":[8.0,5.65,18.66]},"faces":{"north":{"uv":[5.0,1.0,6.0,2.0],"texture":"#o3"},"south":{"uv":[5.0,1.0,6.0,2.0],"texture":"#o3"},"up":{"uv":[5.0,1.0,6.0,2.0],"texture":"#o3"},"down":{"uv":[5.0,1.0,6.0,2.0],"texture":"#o3"}}},{"from":[7.97016,5.5,18.62],"to":[8.02984,5.8,18.86],"rotation":{"angle":-22.5,"axis":"z","origin":[8.0,5.65,18.66]},"faces":{"north":{"uv":[5.0,1.0,6.0,2.0],"texture":"#o3"},"south":{"uv":[5.0,1.0,6.0,2.0],"texture":"#o3"},"up":{"uv":[5.0,1.0,6.0,2.0],"texture":"#o3"},"down":{"uv":[5.0,1.0,6.0,2.0],"texture":"#o3"}}},{"from":[7.97016,5.5,18.62],"to":[8.02984,5.8,18.86],"rotation":{"angle":0.0,"axis":"z","origin":[8.0,5.65,18.66]},"faces":{"north":{"uv":[5.0,1.0,6.0,2.0],"texture":"#o3"},"south":{"uv":[5.0,1.0,6.0,2.0],"texture":"#o3"},"up":{"uv":[5.0,1.0,6.0,2.0],"texture":"#o3"},"down":{"uv":[5.0,1.0,6.0,2.0],"texture":"#o3"}}},{"from":[7.97016,5.5,18.62],"to":[8.02984,5.8,18.86],"rotation":{"angle":22.5,"axis":"z","origin":[8.0,5.65,18.66]},"faces":{"north":{"uv":[5.0,1.0,6.0,2.0],"texture":"#o3"},"south":{"uv":[5.0,1.0,6.0,2.0],"texture":"#o3"},"up":{"uv":[5.0,1.0,6.0,2.0],"texture":"#o3"},"down":{"uv":[5.0,1.0,6.0,2.0],"texture":"#o3"}}},{"from":[7.97016,5.5,18.62],"to":[8.02984,5.8,18.86],"rotation":{"angle":45.0,"axis":"z","origin":[8.0,5.65,18.66]},"faces":{"north":{"uv":[5.0,1.0,6.0,2.0],"texture":"#o3"},"south":{"uv":[5.0,1.0,6.0,2.0],"texture":"#o3"},"up":{"uv":[5.0,1.0,6.0,2.0],"texture":"#o3"},"down":{"uv":[5.0,1.0,6.0,2.0],"texture":"#o3"}}},{"from":[7.85,5.62016,18.62],"to":[8.15,5.67984,18.86],"rotation":{"angle":-22.5,"axis":"z","origin":[8.0,5.65,18.66]},"faces":{"north":{"uv":[5.0,1.0,6.0,2.0],"texture":"#o3"},"south":{"uv":[5.0,1.0,6.0,2.0],"texture":"#o3"},"east":{"uv":[5.0,1.0,6.0,2.0],"texture":"#o3"},"west":{"uv":[5.0,1.0,6.0,2.0],"texture":"#o3"}}},{"from":[7.85,5.62016,18.62],"to":[8.15,5.67984,18.86],"rotation":{"angle":0.0,"axis":"z","origin":[8.0,5.65,18.66]},"faces":{"north":{"uv":[5.0,1.0,6.0,2.0],"texture":"#o3"},"south":{"uv":[5.0,1.0,6.0,2.0],"texture":"#o3"},"east":{"uv":[5.0,1.0,6.0,2.0],"texture":"#o3"},"west":{"uv":[5.0,1.0,6.0,2.0],"texture":"#o3"}}},{"from":[7.85,5.62016,18.62],"to":[8.15,5.67984,18.86],"rotation":{"angle":22.5,"axis":"z","origin":[8.0,5.65,18.66]},"faces":{"north":{"uv":[5.0,1.0,6.0,2.0],"texture":"#o3"},"south":{"uv":[5.0,1.0,6.0,2.0],"texture":"#o3"},"east":{"uv":[5.0,1.0,6.0,2.0],"texture":"#o3"},"west":{"uv":[5.0,1.0,6.0,2.0],"texture":"#o3"}}},{"from":[7.5,5.00054,17.82],"to":[8.3,5.39946,18.93],"rotation":{"angle":0.0,"axis":"z","origin":[8.0,5.3,18.43]},"faces":{"south":{"uv":[5.0,1.0,6.0,2.0],"texture":"#o3"},"west":{"uv":[5.0,1.0,6.0,2.0],"texture":"#o3"},"up":{"uv":[5.0,1.0,6.0,2.0],"texture":"#o3"}}},{"from":[7.5,5.20054,17.82],"to":[8.2,5.39946,17.93],"rotation":{"angle":-22.5,"axis":"z","origin":[8.0,5.3,18.32]},"faces":{"north":{"uv":[5.0,1.0,6.0,2.0],"texture":"#o3"},"south":{"uv":[5.0,1.0,6.0,2.0],"texture":"#o3"},"west":{"uv":[5.0,1.0,6.0,2.0],"texture":"#o3"}}},{"from":[7.8,5.20054,17.93],"to":[8.1,5.39946,18.94],"rotation":{"angle":-22.5,"axis":"z","origin":[8.0,5.3,18.43]},"faces":{"north":{"uv":[5.0,1.0,6.0,2.0],"texture":"#o3"},"south":{"uv":[5.0,1.0,6.0,2.0],"texture":"#o3"},"east":{"uv":[5.0,1.0,6.0,2.0],"texture":"#o3"},"west":{"uv":[5.0,1.0,6.0,2.0],"texture":"#o3"},"up":{"uv":[5.0,1.0,6.0,2.0],"texture":"#o3"},"down":{"uv":[5.0,1.0,6.0,2.0],"texture":"#o3"}}},{"from":[8.0,5.00054,17.82],"to":[8.5,5.39946,17.93],"rotation":{"angle":0.0,"axis":"z","origin":[8.5,5.3,18.43]},"faces":{"south":{"uv":[5.0,1.0,6.0,2.0],"texture":"#o3"},"east":{"uv":[5.0,1.0,6.0,2.0],"texture":"#o3"}}},{"from":[8.16622,4.95593,17.9],"to":[8.42191,5.39593,18.35],"rotation":{"angle":0.0,"axis":"z","origin":[8.39407,5.25593,18.4]},"faces":{"south":{"uv":[5.0,1.0,6.0,2.0],"rotation":90,"texture":"#o3"},"east":{"uv":[5.0,1.0,6.0,2.0],"rotation":90,"texture":"#o3"}}},{"from":[8.08905,5.53341,17.9],"to":[8.28645,5.61395,18.93],"rotation":{"angle":-22.5,"axis":"z","origin":[7.89165,5.62538,18.4]},"faces":{"south":{"uv":[5.0,1.0,6.0,2.0],"texture":"#o3"},"up":{"uv":[5.0,1.0,6.0,2.0],"texture":"#o3"}}},{"from":[8.29926,5.26471,17.9],"to":[8.37981,5.37751,18.93],"rotation":{"angle":22.5,"axis":"z","origin":[8.33954,5.26001,18.375]},"faces":{"south":{"uv":[5.0,1.0,6.0,2.0],"rotation":90,"texture":"#o3"},"east":{"uv":[5.0,1.0,6.0,2.0],"rotation":90,"texture":"#o3"}}},{"from":[8.2944,4.97897,17.9],"to":[8.37495,5.27977,18.93],"rotation":{"angle":0.0,"axis":"z","origin":[8.33467,5.16227,18.375]},"faces":{"south":{"uv":[5.0,1.0,6.0,2.0],"rotation":90,"texture":"#o3"},"east":{"uv":[5.0,1.0,6.0,2.0],"rotation":90,"texture":"#o3"}}},{"from":[7.47215,5.51,18.79],"to":[7.89785,5.79,18.91],"rotation":{"angle":45.0,"axis":"z","origin":[8.0,5.65,19.29]},"faces":{"south":{"uv":[5.0,1.0,6.0,2.0],"texture":"#o3"},"east":{"uv":[5.0,1.0,6.0,2.0],"texture":"#o3"},"up":{"uv":[5.0,1.0,6.0,2.0],"texture":"#o3"}}},{"from":[8.03436,5.21,17.62],"to":[8.55564,5.48,17.81],"rotation":{"angle":0.0,"axis":"z","origin":[8.5,5.2,17.31]},"faces":{"north":{"uv":[5.0,1.0,6.0,2.0],"texture":"#o3"},"south":{"uv":[5.0,1.0,6.0,2.0],"texture":"#o3"},"up":{"uv":[5.0,1.0,6.0,2.0],"texture":"#o3"},"down":{"uv":[5.0,1.0,6.0,2.0],"texture":"#o3"}}},{"from":[8.20662,5.00811,17.62],"to":[8.80861,5.23882,17.81],"rotation":{"angle":-45.0,"axis":"z","origin":[8.67226,4.93811,17.31]},"faces":{"north":{"uv":[5.0,1.0,6.0,2.0],"texture":"#o3"},"south":{"uv":[5.0,1.0,6.0,2.0],"texture":"#o3"},"up":{"uv":[5.0,1.0,6.0,2.0],"texture":"#o3"},"down":{"uv":[5.0,1.0,6.0,2.0],"texture":"#o3"}}},{"from":[8.72131,3.82305,17.62],"to":[8.98131,5.05433,17.81],"rotation":{"angle":0.0,"axis":"z","origin":[8.65131,4.58869,17.31]},"faces":{"north":{"uv":[5.0,1.0,6.0,2.0],"rotation":90,"texture":"#o3"},"south":{"uv":[5.0,1.0,6.0,2.0],"rotation":90,"texture":"#o3"},"east":{"uv":[5.0,1.0,6.0,2.0],"rotation":90,"texture":"#o3"},"west":{"uv":[5.0,1.0,6.0,2.0],"rotation":90,"texture":"#o3"}}},{"from":[8.52131,3.25305,17.42],"to":[9.08131,3.82433,18.01],"rotation":{"angle":0.0,"axis":"z","origin":[8.65131,3.98869,17.31]},"faces":{"north":{"uv":[5.0,1.0,6.0,2.0],"rotation":90,"texture":"#o3"},"south":{"uv":[5.0,1.0,6.0,2.0],"rotation":90,"texture":"#o3"},"east":{"uv":[5.0,1.0,6.0,2.0],"rotation":90,"texture":"#o3"},"west":{"uv":[5.0,1.0,6.0,2.0],"rotation":90,"texture":"#o3"},"up":{"uv":[5.0,1.0,6.0,2.0],"rotation":90,"texture":"#o3"},"down":{"uv":[5.0,1.0,6.0,2.0],"rotation":90,"texture":"#o3"}}},{"from":[8.88879,7.50308,8.98967],"to":[9.53566,8.30308,9.78967],"rotation":{"angle":0.0,"axis":"y","origin":[8.0,8.0,9.45]},"faces":{"north":{"uv":[0.1,5.1,0.9,5.9],"texture":"#o2"},"south":{"uv":[0.1,5.1,0.9,5.9],"texture":"#o2"},"east":{"uv":[0.1,5.1,0.9,5.9],"texture":"#o2"},"west":{"uv":[0.1,5.1,0.9,5.9],"texture":"#o2"},"up":{"uv":[0.1,5.1,0.9,5.9],"texture":"#o2"},"down":{"uv":[0.1,5.1,0.9,5.9],"texture":"#o2"}}},{"from":[6.52879,7.50308,8.98967],"to":[7.13566,8.30308,9.78967],"rotation":{"angle":0.0,"axis":"y","origin":[8.0,8.0,9.45]},"faces":{"north":{"uv":[0.1,5.1,0.9,5.9],"texture":"#o2"},"south":{"uv":[0.1,5.1,0.9,5.9],"texture":"#o2"},"east":{"uv":[0.1,5.1,0.9,5.9],"texture":"#o2"},"west":{"uv":[0.1,5.1,0.9,5.9],"texture":"#o2"},"up":{"uv":[0.1,5.1,0.9,5.9],"texture":"#o2"},"down":{"uv":[0.1,5.1,0.9,5.9],"texture":"#o2"}}},{"from":[7.59191,8.82183,8.98967],"to":[8.39191,9.15308,9.78967],"rotation":{"angle":0.0,"axis":"y","origin":[8.0,8.0,9.45]},"faces":{"north":{"uv":[0.1,5.1,0.9,5.9],"texture":"#o2"},"south":{"uv":[0.1,5.1,0.9,5.9],"texture":"#o2"},"east":{"uv":[0.9,5.9,0.1,5.1],"rotation":90,"texture":"#o2"},"west":{"uv":[0.9,5.9,0.1,5.1],"rotation":90,"texture":"#o2"},"up":{"uv":[0.9,5.9,0.1,5.1],"rotation":90,"texture":"#o2"}}},{"from":[6.63998,7.7212,11.37717],"to":[7.03998,8.0912,11.83029],"rotation":{"angle":0.0,"axis":"y","origin":[8.0,8.0,9.45]},"faces":{"north":{"uv":[0.1,5.1,0.9,5.9],"texture":"#o2"},"south":{"uv":[0.1,5.1,0.9,5.9],"texture":"#o2"},"west":{"uv":[0.1,5.1,0.9,5.9],"texture":"#o2"},"up":{"uv":[0.9,5.9,0.1,5.1],"rotation":90,"texture":"#o2"},"down":{"uv":[0.9,5.9,0.1,5.1],"rotation":270,"texture":"#o2"}}},{"from":[8.9001,7.7212,11.37717],"to":[9.3001,8.0912,11.83029],"rotation":{"angle":0.0,"axis":"y","origin":[8.0,8.0,9.45]},"faces":{"north":{"uv":[0.1,5.1,0.9,5.9],"texture":"#o2"},"south":{"uv":[0.1,5.1,0.9,5.9],"texture":"#o2"},"east":{"uv":[0.1,5.1,0.9,5.9],"texture":"#o2"},"up":{"uv":[0.9,5.9,0.1,5.1],"rotation":90,"texture":"#o2"},"down":{"uv":[0.9,5.9,0.1,5.1],"rotation":270,"texture":"#o2"}}},{"from":[6.77549,8.74948,9.8178],"to":[9.07549,8.96948,10.62718],"rotation":{"angle":0.0,"axis":"y","origin":[8.0,8.0,9.45]},"faces":{"north":{"uv":[0.1,5.1,0.9,5.9],"texture":"#o2"},"south":{"uv":[0.1,5.1,0.9,5.9],"texture":"#o2"},"east":{"uv":[0.9,5.9,0.1,5.1],"rotation":90,"texture":"#o2"},"west":{"uv":[0.9,5.9,0.1,5.1],"rotation":90,"texture":"#o2"},"up":{"uv":[0.9,5.9,0.1,5.1],"rotation":90,"texture":"#o2"},"down":{"uv":[0.9,5.9,0.1,5.1],"rotation":90,"texture":"#o2"}}},{"from":[6.77549,6.87198,9.8178],"to":[9.07549,7.06198,10.62718],"rotation":{"angle":0.0,"axis":"y","origin":[8.0,8.0,9.45]},"faces":{"north":{"uv":[0.1,5.1,0.9,5.9],"texture":"#o2"},"south":{"uv":[0.1,5.1,0.9,5.9],"texture":"#o2"},"east":{"uv":[0.9,5.9,0.1,5.1],"rotation":270,"texture":"#o2"},"west":{"uv":[0.9,5.9,0.1,5.1],"rotation":270,"texture":"#o2"},"up":{"uv":[0.9,5.9,0.1,5.1],"rotation":270,"texture":"#o2"},"down":{"uv":[0.9,5.9,0.1,5.1],"rotation":270,"texture":"#o2"}}},{"from":[8.88368,6.89378,10.61467],"to":[9.03368,7.04488,10.71467],"rotation":{"angle":0.0,"axis":"y","origin":[8.0,8.0,9.45]},"faces":{"south":{"uv":[0.1,15.1,0.9,15.9],"texture":"#o2"},"east":{"uv":[0.1,15.1,0.9,15.9],"texture":"#o2"},"west":{"uv":[0.1,15.1,0.9,15.9],"texture":"#o2"},"up":{"uv":[0.9,15.9,0.1,15.1],"rotation":90,"texture":"#o2"},"down":{"uv":[0.9,15.9,0.1,15.1],"rotation":270,"texture":"#o2"}}},{"from":[6.84368,6.89378,10.61467],"to":[6.99368,7.04488,10.71467],"rotation":{"angle":0.0,"axis":"y","origin":[8.0,8.0,9.45]},"faces":{"south":{"uv":[0.1,15.1,0.9,15.9],"texture":"#o2"},"east":{"uv":[0.1,15.1,0.9,15.9],"texture":"#o2"},"west":{"uv":[0.1,15.1,0.9,15.9],"texture":"#o2"},"up":{"uv":[0.9,15.9,0.1,15.1],"rotation":90,"texture":"#o2"},"down":{"uv":[0.9,15.9,0.1,15.1],"rotation":270,"texture":"#o2"}}},{"from":[8.88368,8.78378,10.61467],"to":[9.03368,8.93488,10.71467],"rotation":{"angle":0.0,"axis":"y","origin":[8.0,8.0,9.45]},"faces":{"south":{"uv":[0.1,15.1,0.9,15.9],"texture":"#o2"},"east":{"uv":[0.1,15.1,0.9,15.9],"texture":"#o2"},"west":{"uv":[0.1,15.1,0.9,15.9],"texture":"#o2"},"up":{"uv":[0.9,15.9,0.1,15.1],"rotation":90,"texture":"#o2"},"down":{"uv":[0.9,15.9,0.1,15.1],"rotation":270,"texture":"#o2"}}},{"from":[6.84368,8.78378,10.61467],"to":[6.99368,8.93488,10.71467],"rotation":{"angle":0.0,"axis":"y","origin":[8.0,8.0,9.45]},"faces":{"south":{"uv":[0.1,15.1,0.9,15.9],"texture":"#o2"},"east":{"uv":[0.1,15.1,0.9,15.9],"texture":"#o2"},"west":{"uv":[0.1,15.1,0.9,15.9],"texture":"#o2"},"up":{"uv":[0.9,15.9,0.1,15.1],"rotation":90,"texture":"#o2"},"down":{"uv":[0.9,15.9,0.1,15.1],"rotation":270,"texture":"#o2"}}},{"from":[6.90866,7.74879,8.3803],"to":[7.07866,8.14879,12.06718],"rotation":{"angle":45.0,"axis":"z","origin":[8.0,8.0,9.45]},"faces":{"north":{"uv":[0.1,5.1,0.9,5.9],"texture":"#o2"},"south":{"uv":[0.1,5.1,0.9,5.9],"texture":"#o2"},"east":{"uv":[0.1,5.1,0.9,5.9],"texture":"#o2"},"west":{"uv":[0.1,5.1,0.9,5.9],"texture":"#o2"}}},{"from":[6.9348,7.71983,8.3803],"to":[7.1048,8.11983,12.06718],"rotation":{"angle":22.5,"axis":"z","origin":[8.0,8.0,9.45]},"faces":{"north":{"uv":[0.1,5.1,0.9,5.9],"texture":"#o2"},"south":{"uv":[0.1,5.1,0.9,5.9],"texture":"#o2"},"east":{"uv":[0.1,5.1,0.9,5.9],"texture":"#o2"},"west":{"uv":[0.1,5.1,0.9,5.9],"texture":"#o2"}}},{"from":[6.97002,7.70307,8.3803],"to":[7.14002,8.10307,12.06718],"rotation":{"angle":0.0,"axis":"y","origin":[8.0,8.0,9.45]},"faces":{"north":{"uv":[0.1,5.1,0.9,5.9],"texture":"#o2"},"south":{"uv":[0.1,5.1,0.9,5.9],"texture":"#o2"},"east":{"uv":[0.1,5.1,0.9,5.9],"texture":"#o2"},"west":{"uv":[0.1,5.1,0.9,5.9],"texture":"#o2"}}},{"from":[7.00898,7.70107,8.3803],"to":[7.17898,8.10107,12.06718],"rotation":{"angle":-22.5,"axis":"z","origin":[8.0,8.0,9.45]},"faces":{"north":{"uv":[0.1,5.1,0.9,5.9],"texture":"#o2"},"south":{"uv":[0.1,5.1,0.9,5.9],"texture":"#o2"},"east":{"uv":[0.1,5.1,0.1,5.1],"texture":"#o2"},"west":{"uv":[0.1,5.1,0.9,5.9],"texture":"#o2"}}},{"from":[7.04574,7.71413,8.3803],"to":[7.21574,8.11413,12.06718],"rotation":{"angle":-45.0,"axis":"z","origin":[8.0,8.0,9.45]},"faces":{"north":{"uv":[0.1,5.1,0.9,5.9],"texture":"#o2"},"south":{"uv":[0.1,5.1,0.9,5.9],"texture":"#o2"},"east":{"uv":[0.1,5.1,0.9,5.9],"texture":"#o2"},"west":{"uv":[0.1,5.1,0.9,5.9],"texture":"#o2"}}},{"from":[8.7496,7.74879,8.3803],"to":[8.9196,8.14879,12.06718],"rotation":{"angle":45.0,"axis":"z","origin":[8.0,8.0,9.45]},"faces":{"north":{"uv":[0.1,5.1,0.9,5.9],"texture":"#o2"},"south":{"uv":[0.1,5.1,0.9,5.9],"texture":"#o2"},"east":{"uv":[0.1,5.1,0.9,5.9],"texture":"#o2"},"west":{"uv":[0.1,5.1,0.9,5.9],"texture":"#o2"}}},{"from":[8.77573,7.71982,8.3803],"to":[8.94573,8.11982,12.06718],"rotation":{"angle":22.5,"axis":"z","origin":[8.0,8.0,9.45]},"faces":{"north":{"uv":[0.1,5.1,0.9,5.9],"texture":"#o2"},"south":{"uv":[0.1,5.1,0.9,5.9],"texture":"#o2"},"east":{"uv":[0.1,5.1,0.9,5.9],"texture":"#o2"},"west":{"uv":[0.1,5.1,0.9,5.9],"texture":"#o2"}}},{"from":[8.81096,7.70307,8.3803],"to":[8.98096,8.10307,12.06718],"rotation":{"angle":0.0,"axis":"y","origin":[8.0,8.0,9.45]},"faces":{"north":{"uv":[0.1,5.1,0.9,5.9],"texture":"#o2"},"south":{"uv":[0.1,5.1,0.9,5.9],"texture":"#o2"},"east":{"uv":[0.1,5.1,0.9,5.9],"texture":"#o2"},"west":{"uv":[0.1,5.1,0.9,5.9],"texture":"#o2"}}},{"from":[8.84992,7.70107,8.3803],"to":[9.01992,8.10107,12.06718],"rotation":{"angle":-22.5,"axis":"z","origin":[8.0,8.0,9.45]},"faces":{"north":{"uv":[0.1,5.1,0.9,5.9],"texture":"#o2"},"south":{"uv":[0.1,5.1,0.9,5.9],"texture":"#o2"},"east":{"uv":[0.1,5.1,0.9,5.9],"texture":"#o2"},"west":{"uv":[0.1,5.1,0.9,5.9],"texture":"#o2"}}},{"from":[8.88668,7.71413,8.3803],"to":[9.05668,8.11413,12.06718],"rotation":{"angle":-45.0,"axis":"z","origin":[8.0,8.0,9.45]},"faces":{"north":{"uv":[0.1,5.1,0.9,5.9],"texture":"#o2"},"south":{"uv":[0.1,5.1,0.9,5.9],"texture":"#o2"},"east":{"uv":[0.1,5.1,0.9,5.9],"texture":"#o2"},"west":{"uv":[0.1,5.1,0.9,5.9],"texture":"#o2"}}},{"from":[7.74026,6.91436,8.3803],"to":[8.14026,7.08436,12.06718],"rotation":{"angle":22.5,"axis":"z","origin":[8.0,8.0,9.45]},"faces":{"north":{"uv":[0.1,5.1,0.9,5.9],"texture":"#o2"},"south":{"uv":[0.1,5.1,0.9,5.9],"texture":"#o2"},"up":{"uv":[0.9,5.9,0.1,5.1],"rotation":90,"texture":"#o2"},"down":{"uv":[0.9,5.9,0.1,5.1],"rotation":270,"texture":"#o2"}}},{"from":[7.77549,6.89761,8.3803],"to":[8.17549,7.06761,12.06718],"rotation":{"angle":0.0,"axis":"y","origin":[8.0,8.0,9.45]},"faces":{"north":{"uv":[0.1,5.1,0.9,5.9],"texture":"#o2"},"south":{"uv":[0.1,5.1,0.9,5.9],"texture":"#o2"},"up":{"uv":[0.9,5.9,0.1,5.1],"rotation":90,"texture":"#o2"},"down":{"uv":[0.9,5.9,0.1,5.1],"rotation":270,"texture":"#o2"}}},{"from":[7.81445,6.89561,8.3803],"to":[8.21445,7.06561,12.06718],"rotation":{"angle":-22.5,"axis":"z","origin":[8.0,8.0,9.45]},"faces":{"north":{"uv":[0.1,5.1,0.9,5.9],"texture":"#o2"},"south":{"uv":[0.1,5.1,0.9,5.9],"texture":"#o2"},"up":{"uv":[0.9,5.9,0.1,5.1],"rotation":90,"texture":"#o2"},"down":{"uv":[0.9,5.9,0.1,5.1],"rotation":270,"texture":"#o2"}}},{"from":[7.74026,8.75529,8.3803],"to":[8.14026,8.92529,12.06718],"rotation":{"angle":22.5,"axis":"z","origin":[8.0,8.0,9.45]},"faces":{"north":{"uv":[0.1,5.1,0.9,5.9],"texture":"#o2"},"south":{"uv":[0.1,5.1,0.9,5.9],"texture":"#o2"},"up":{"uv":[0.9,5.9,0.1,5.1],"rotation":90,"texture":"#o2"},"down":{"uv":[0.9,5.9,0.1,5.1],"rotation":270,"texture":"#o2"}}},{"from":[7.77549,8.73854,8.3803],"to":[8.17549,8.90854,12.06718],"rotation":{"angle":0.0,"axis":"y","origin":[8.0,8.0,9.45]},"faces":{"north":{"uv":[0.1,5.1,0.9,5.9],"texture":"#o2"},"south":{"uv":[0.1,5.1,0.9,5.9],"texture":"#o2"},"up":{"uv":[0.9,5.9,0.1,5.1],"rotation":90,"texture":"#o2"},"down":{"uv":[0.9,5.9,0.1,5.1],"rotation":270,"texture":"#o2"}}},{"from":[7.81445,8.73654,8.3803],"to":[8.21445,8.90654,12.06718],"rotation":{"angle":-22.5,"axis":"z","origin":[8.0,8.0,9.45]},"faces":{"north":{"uv":[0.1,5.1,0.9,5.9],"texture":"#o2"},"south":{"uv":[0.1,5.1,0.9,5.9],"texture":"#o2"},"up":{"uv":[0.9,5.9,0.1,5.1],"rotation":90,"texture":"#o2"},"down":{"uv":[0.9,5.9,0.1,5.1],"rotation":270,"texture":"#o2"}}},{"from":[6.97002,7.7187,11.8178],"to":[7.13252,8.1187,12.06468],"rotation":{"angle":0.0,"axis":"y","origin":[8.0,8.0,9.45]},"faces":{"north":{"uv":[0.1,5.1,0.9,5.9],"texture":"#o2"},"south":{"uv":[0.1,5.1,0.9,5.9],"texture":"#o2"},"east":{"uv":[0.1,5.1,0.9,5.9],"texture":"#o2"},"west":{"uv":[0.1,5.1,0.9,5.9],"texture":"#o2"}}},{"from":[6.69002,7.72949,9.8178],"to":[6.91014,8.08574,10.62718],"rotation":{"angle":45.0,"axis":"z","origin":[8.0,8.0,9.45]},"faces":{"north":{"uv":[0.1,5.1,0.9,5.9],"texture":"#o2"},"south":{"uv":[0.1,5.1,0.9,5.9],"texture":"#o2"}}},{"from":[7.37844,6.77343,9.8178],"to":[8.18293,7.22343,10.62718],"rotation":{"angle":-45.0,"axis":"z","origin":[7.88347,8.28133,9.45]},"faces":{"north":{"uv":[0.1,5.1,0.9,5.9],"texture":"#o2"},"south":{"uv":[0.1,5.1,0.9,5.9],"texture":"#o2"},"down":{"uv":[0.9,5.9,0.1,5.1],"rotation":270,"texture":"#o2"}}},{"from":[6.46011,7.57219,9.8178],"to":[7.01011,8.22927,10.62718],"rotation":{"angle":0.0,"axis":"y","origin":[8.0,8.0,9.45]},"faces":{"north":{"uv":[0.1,5.1,0.9,5.9],"texture":"#o2"},"south":{"uv":[0.1,5.1,0.9,5.9],"texture":"#o2"},"west":{"uv":[0.1,5.1,0.9,5.9],"rotation":180,"texture":"#o2"}}},{"from":[7.23805,8.62619,9.8178],"to":[8.04254,9.08619,10.62718],"rotation":{"angle":45.0,"axis":"z","origin":[7.88347,7.71868,9.45]},"faces":{"north":{"uv":[0.1,5.1,0.9,5.9],"texture":"#o2"},"south":{"uv":[0.1,5.1,0.9,5.9],"texture":"#o2"},"up":{"uv":[0.9,5.9,0.1,5.1],"rotation":90,"texture":"#o2"}}},{"from":[6.8009,7.78139,9.8178],"to":[7.14539,8.13764,10.62718],"rotation":{"angle":-45.0,"axis":"z","origin":[8.0,8.0,9.45]},"faces":{"north":{"uv":[0.1,5.1,0.9,5.9],"texture":"#o2"},"south":{"uv":[0.1,5.1,0.9,5.9],"texture":"#o2"}}},{"from":[8.98449,7.62412,9.8178],"to":[9.20461,7.98037,10.62718],"rotation":{"angle":-45.0,"axis":"z","origin":[8.0,8.0,9.45]},"faces":{"north":{"uv":[0.9,5.1,0.1,5.9],"texture":"#o2"},"south":{"uv":[0.9,5.1,0.1,5.9],"texture":"#o2"}}},{"from":[7.7117,6.8788,9.8178],"to":[8.51619,7.25068,10.62718],"rotation":{"angle":45.0,"axis":"z","origin":[8.11653,8.28133,9.45]},"faces":{"north":{"uv":[0.1,5.1,0.9,5.9],"texture":"#o2"},"south":{"uv":[0.1,5.1,0.9,5.9],"texture":"#o2"},"down":{"uv":[0.9,5.9,0.1,5.1],"rotation":270,"texture":"#o2"}}},{"from":[8.88774,7.57219,9.8178],"to":[9.39087,8.22927,10.62718],"rotation":{"angle":0.0,"axis":"y","origin":[8.0,8.0,9.45]},"faces":{"north":{"uv":[0.1,5.1,0.9,5.9],"texture":"#o2"},"south":{"uv":[0.1,5.1,0.9,5.9],"texture":"#o2"},"east":{"uv":[0.1,5.1,0.9,5.9],"texture":"#o2"}}},{"from":[7.65209,8.60894,9.8178],"to":[8.65658,8.98082,10.62718],"rotation":{"angle":-45.0,"axis":"z","origin":[8.11653,7.71868,9.45]},"faces":{"north":{"uv":[0.1,4.1,0.9,4.9],"texture":"#o2"},"south":{"uv":[0.1,4.1,0.9,4.9],"texture":"#o2"},"up":{"uv":[0.9,4.9,0.1,4.1],"rotation":90,"texture":"#o2"}}},{"from":[6.7494,7.72412,7.44604],"to":[6.94116,8.18359,8.38204],"rotation":{"angle":45.0,"axis":"z","origin":[7.9976,7.99398,9.79]},"faces":{"south":{"uv":[0.1,5.1,0.9,5.9],"texture":"#o2"},"east":{"uv":[0.1,5.1,0.9,5.9],"texture":"#o2"},"west":{"uv":[0.1,5.1,0.9,5.9],"texture":"#o2"}}},{"from":[7.7303,6.74472,7.44604],"to":[8.18978,6.93648,8.38204],"rotation":{"angle":0.0,"axis":"y","origin":[7.9976,7.99398,9.79]},"faces":{"south":{"uv":[0.1,5.1,0.9,5.9],"texture":"#o2"},"up":{"uv":[0.9,5.9,0.1,5.1],"rotation":90,"texture":"#o2"},"down":{"uv":[0.9,5.9,0.1,5.1],"rotation":270,"texture":"#o2"}}},{"from":[7.76926,6.73753,7.44604],"to":[8.22873,6.92929,8.38204],"rotation":{"angle":-22.5,"axis":"z","origin":[7.9976,7.99398,9.79]},"faces":{"south":{"uv":[0.1,5.1,0.9,5.9],"texture":"#o2"},"up":{"uv":[0.9,5.9,0.1,5.1],"rotation":90,"texture":"#o2"},"down":{"uv":[0.9,5.9,0.1,5.1],"rotation":270,"texture":"#o2"}}},{"from":[6.77186,7.69149,7.44604],"to":[6.96362,8.15096,8.38204],"rotation":{"angle":22.5,"axis":"z","origin":[7.9976,7.99398,9.79]},"faces":{"south":{"uv":[0.1,5.1,0.9,5.9],"texture":"#o2"},"east":{"uv":[0.1,5.1,0.9,5.9],"texture":"#o2"},"west":{"uv":[0.1,5.1,0.9,5.9],"texture":"#o2"}}},{"from":[6.80509,7.66994,7.44604],"to":[6.99685,8.12942,8.38204],"rotation":{"angle":0.0,"axis":"y","origin":[7.9976,7.99398,9.79]},"faces":{"south":{"uv":[0.1,5.1,0.9,5.9],"texture":"#o2"},"east":{"uv":[0.1,5.1,0.9,5.9],"texture":"#o2"},"west":{"uv":[0.1,5.1,0.9,5.9],"texture":"#o2"}}},{"from":[6.84403,7.66274,7.44604],"to":[7.03579,8.12222,8.38204],"rotation":{"angle":-22.5,"axis":"z","origin":[7.9976,7.99398,9.79]},"faces":{"south":{"uv":[0.1,5.1,0.9,5.9],"texture":"#o2"},"east":{"uv":[0.1,5.1,0.9,5.9],"texture":"#o2"},"west":{"uv":[0.1,5.1,0.9,5.9],"texture":"#o2"}}},{"from":[6.88277,7.67101,7.44604],"to":[7.07453,8.13048,8.38204],"rotation":{"angle":-45.0,"axis":"z","origin":[7.9976,7.99398,9.79]},"faces":{"south":{"uv":[0.1,5.1,0.9,5.9],"texture":"#o2"},"east":{"uv":[0.1,5.1,0.9,5.9],"texture":"#o2"},"west":{"uv":[0.1,5.1,0.9,5.9],"texture":"#o2"}}},{"from":[7.69708,8.88442,7.44604],"to":[8.15655,9.07619,8.38204],"rotation":{"angle":22.5,"axis":"z","origin":[7.9976,7.99398,9.79]},"faces":{"south":{"uv":[0.1,5.1,0.9,5.9],"texture":"#o2"},"up":{"uv":[0.9,5.9,0.1,5.1],"rotation":90,"texture":"#o2"},"down":{"uv":[0.9,5.9,0.1,5.1],"rotation":270,"texture":"#o2"}}},{"from":[7.7303,8.86287,7.44604],"to":[8.18978,9.05464,8.38204],"rotation":{"angle":0.0,"axis":"y","origin":[7.9976,7.99398,9.79]},"faces":{"south":{"uv":[0.1,5.1,0.9,5.9],"texture":"#o2"},"up":{"uv":[0.9,5.9,0.1,5.1],"rotation":90,"texture":"#o2"},"down":{"uv":[0.9,5.9,0.1,5.1],"rotation":270,"texture":"#o2"}}},{"from":[7.76926,8.85568,7.44604],"to":[8.22873,9.04745,8.38204],"rotation":{"angle":-22.5,"axis":"z","origin":[7.9976,7.99398,9.79]},"faces":{"south":{"uv":[0.1,5.1,0.9,5.9],"texture":"#o2"},"up":{"uv":[0.9,5.9,0.1,5.1],"rotation":90,"texture":"#o2"},"down":{"uv":[0.9,5.9,0.1,5.1],"rotation":270,"texture":"#o2"}}},{"from":[8.86755,7.72412,7.44604],"to":[9.05931,8.18359,8.38204],"rotation":{"angle":45.0,"axis":"z","origin":[7.9976,7.99398,9.79]},"faces":{"south":{"uv":[0.1,5.1,0.9,5.9],"texture":"#o2"},"east":{"uv":[0.1,5.1,0.9,5.9],"texture":"#o2"},"west":{"uv":[0.1,5.1,0.9,5.9],"texture":"#o2"}}},{"from":[8.89001,7.69149,7.44604],"to":[9.08177,8.15096,8.38204],"rotation":{"angle":22.5,"axis":"z","origin":[7.9976,7.99398,9.79]},"faces":{"south":{"uv":[0.1,5.1,0.9,5.9],"texture":"#o2"},"east":{"uv":[0.1,5.1,0.9,5.9],"texture":"#o2"},"west":{"uv":[0.1,5.1,0.9,5.9],"texture":"#o2"}}},{"from":[8.92324,7.66994,7.44604],"to":[9.115,8.12942,8.38204],"rotation":{"angle":0.0,"axis":"y","origin":[7.9976,7.99398,9.79]},"faces":{"south":{"uv":[0.1,5.1,0.9,5.9],"texture":"#o2"},"east":{"uv":[0.1,5.1,0.9,5.9],"texture":"#o2"},"west":{"uv":[0.1,5.1,0.9,5.9],"texture":"#o2"}}},{"from":[8.96218,7.66274,7.44604],"to":[9.15394,8.12222,8.38204],"rotation":{"angle":-22.5,"axis":"z","origin":[7.9976,7.99398,9.79]},"faces":{"south":{"uv":[0.1,5.1,0.9,5.9],"texture":"#o2"},"east":{"uv":[0.1,5.1,0.9,5.9],"texture":"#o2"},"west":{"uv":[0.1,5.1,0.9,5.9],"texture":"#o2"}}},{"from":[9.00092,7.67101,7.44604],"to":[9.19268,8.13048,8.38204],"rotation":{"angle":-45.0,"axis":"z","origin":[7.9976,7.99398,9.79]},"faces":{"south":{"uv":[0.1,5.1,0.9,5.9],"texture":"#o2"},"east":{"uv":[0.1,5.1,0.9,5.9],"texture":"#o2"},"west":{"uv":[0.1,5.1,0.9,5.9],"texture":"#o2"}}},{"from":[7.69708,6.76627,7.44604],"to":[8.15655,6.95803,8.38204],"rotation":{"angle":22.5,"axis":"z","origin":[7.9976,7.99398,9.79]},"faces":{"south":{"uv":[0.1,5.1,0.9,5.9],"texture":"#o2"},"up":{"uv":[0.9,5.9,0.1,5.1],"rotation":90,"texture":"#o2"},"down":{"uv":[0.9,5.9,0.1,5.1],"rotation":270,"texture":"#o2"}}},{"from":[6.82067,7.6869,6.50717],"to":[9.02566,8.1255,6.50717],"rotation":{"angle":0.0,"axis":"y","origin":[7.98924,7.98687,8.4188]},"faces":{"north":{"uv":[5.1,5.1,5.9,5.9],"texture":"#o2"}}},{"from":[6.78298,7.75724,6.50717],"to":[8.98798,8.19584,6.50717],"rotation":{"angle":45.0,"axis":"z","origin":[7.98924,7.98687,8.4188]},"faces":{"north":{"uv":[5.1,5.1,5.9,5.9],"texture":"#o2"}}},{"from":[7.70387,6.80371,6.50717],"to":[8.14247,9.0087,6.50717],"rotation":{"angle":0.0,"axis":"y","origin":[7.98924,7.98687,8.4188]},"faces":{"north":{"uv":[5.1,5.1,5.9,5.9],"texture":"#o2"}}},{"from":[6.89706,7.6638,6.50717],"to":[9.10206,8.1024,6.50717],"rotation":{"angle":-45.0,"axis":"z","origin":[7.98924,7.98687,8.4188]},"faces":{"north":{"uv":[5.1,5.1,5.9,5.9],"texture":"#o2"}}},{"from":[7.67804,6.83513,6.50717],"to":[8.11664,9.04013,6.50717],"rotation":{"angle":22.5,"axis":"z","origin":[7.98924,7.98687,8.4188]},"faces":{"north":{"uv":[5.1,5.1,5.9,5.9],"texture":"#o2"}}},{"from":[6.85656,7.66776,6.50717],"to":[9.06156,8.10636,6.50717],"rotation":{"angle":-22.5,"axis":"z","origin":[7.98924,7.98687,8.4188]},"faces":{"north":{"uv":[5.1,5.1,5.9,5.9],"texture":"#o2"}}},{"from":[7.73977,6.78456,6.50717],"to":[8.17837,8.98956,6.50717],"rotation":{"angle":-22.5,"axis":"z","origin":[7.98924,7.98687,8.4188]},"faces":{"north":{"uv":[5.1,5.1,5.9,5.9],"texture":"#o2"}}},{"from":[6.79483,7.71832,6.50717],"to":[8.99983,8.15692,6.50717],"rotation":{"angle":22.5,"axis":"z","origin":[7.98924,7.98687,8.4188]},"faces":{"north":{"uv":[5.1,5.1,5.9,5.9],"texture":"#o2"}}},{"from":[8.02546,9.19644,6.45406],"to":[8.1883,9.37644,6.92406],"rotation":{"angle":0.0,"axis":"x","origin":[8.01414,8.007,9.08206]},"faces":{"north":{"uv":[5.0,0.0,6.0,1.0],"texture":"#o2"},"south":{"uv":[5.0,0.0,6.0,1.0],"texture":"#o2"},"east":{"uv":[5.0,0.0,6.0,1.0],"texture":"#o2"},"west":{"uv":[5.0,0.0,6.0,1.0],"texture":"#o2"},"up":{"uv":[5.0,0.0,6.0,1.0],"texture":"#o2"},"down":{"uv":[5.0,0.0,6.0,1.0],"texture":"#o2"}}},{"from":[8.15546,9.20644,6.98063],"to":[8.3183,9.37644,7.47063],"rotation":{"angle":0.0,"axis":"x","origin":[7.90414,8.197,8.87863]},"faces":{"north":{"uv":[5.0,0.0,6.0,1.0],"texture":"#o2"},"south":{"uv":[5.0,0.0,6.0,1.0],"texture":"#o2"},"east":{"uv":[5.0,0.0,6.0,1.0],"texture":"#o2"},"west":{"uv":[5.0,0.0,6.0,1.0],"texture":"#o2"},"up":{"uv":[5.0,0.0,6.0,1.0],"texture":"#o2"},"down":{"uv":[5.0,0.0,6.0,1.0],"texture":"#o2"}}},{"from":[8.15546,9.05213,7.40903],"to":[8.3183,9.21749,8.04439],"rotation":{"angle":22.5,"axis":"x","origin":[8.23688,9.14213,7.83939]},"faces":{"north":{"uv":[5.0,0.0,6.0,1.0],"texture":"#o2"},"south":{"uv":[5.0,0.0,6.0,1.0],"texture":"#o2"},"east":{"uv":[5.0,0.0,6.0,1.0],"texture":"#o2"},"west":{"uv":[5.0,0.0,6.0,1.0],"texture":"#o2"},"up":{"uv":[5.0,0.0,6.0,1.0],"texture":"#o2"},"down":{"uv":[5.0,0.0,6.0,1.0],"texture":"#o2"}}},{"from":[8.15546,8.98053,7.99434],"to":[8.3183,9.16053,8.13434],"rotation":{"angle":0.0,"axis":"x","origin":[8.23688,9.07053,8.18434]},"faces":{"north":{"uv":[5.0,0.0,6.0,1.0],"texture":"#o2"},"south":{"uv":[5.0,0.0,6.0,1.0],"texture":"#o2"},"east":{"uv":[5.0,0.0,6.0,1.0],"texture":"#o2"},"west":{"uv":[5.0,0.0,6.0,1.0],"texture":"#o2"},"up":{"uv":[5.0,0.0,6.0,1.0],"texture":"#o2"},"down":{"uv":[5.0,0.0,6.0,1.0],"texture":"#o2"}}},{"from":[8.24494,8.98053,8.08415],"to":[8.40778,9.16053,8.27415],"rotation":{"angle":22.5,"axis":"y","origin":[8.32636,9.07053,8.33415]},"faces":{"north":{"uv":[5.0,0.0,6.0,1.0],"texture":"#o2"},"south":{"uv":[5.0,0.0,6.0,1.0],"texture":"#o2"},"east":{"uv":[5.0,0.0,6.0,1.0],"texture":"#o2"},"west":{"uv":[5.0,0.0,6.0,1.0],"texture":"#o2"},"up":{"uv":[5.0,0.0,6.0,1.0],"texture":"#o2"},"down":{"uv":[5.0,0.0,6.0,1.0],"texture":"#o2"}}},{"from":[8.38285,8.84116,8.68082],"to":[8.54569,9.02116,9.00082],"rotation":{"angle":45.0,"axis":"y","origin":[8.46427,8.93116,8.95082]},"faces":{"north":{"uv":[5.0,0.0,6.0,1.0],"texture":"#o2"},"south":{"uv":[5.0,0.0,6.0,1.0],"texture":"#o2"},"east":{"uv":[5.0,0.0,6.0,1.0],"texture":"#o2"},"west":{"uv":[5.0,0.0,6.0,1.0],"texture":"#o2"},"up":{"uv":[5.0,0.0,6.0,1.0],"texture":"#o2"},"down":{"uv":[5.0,0.0,6.0,1.0],"texture":"#o2"}}},{"from":[8.39436,8.84116,8.9286],"to":[8.5572,9.02116,9.2486],"rotation":{"angle":0.0,"axis":"y","origin":[8.47578,8.93116,9.2586]},"faces":{"north":{"uv":[5.0,0.0,6.0,1.0],"texture":"#o2"},"south":{"uv":[5.0,0.0,6.0,1.0],"texture":"#o2"},"east":{"uv":[5.0,0.0,6.0,1.0],"texture":"#o2"},"west":{"uv":[5.0,0.0,6.0,1.0],"texture":"#o2"},"up":{"uv":[5.0,0.0,6.0,1.0],"texture":"#o2"},"down":{"uv":[5.0,0.0,6.0,1.0],"texture":"#o2"}}},{"from":[8.39436,8.79061,9.20274],"to":[8.5572,8.97061,9.51274],"rotation":{"angle":22.5,"axis":"x","origin":[8.47578,8.88061,9.35274]},"faces":{"north":{"uv":[5.0,0.0,6.0,1.0],"texture":"#o2"},"south":{"uv":[5.0,0.0,6.0,1.0],"texture":"#o2"},"east":{"uv":[5.0,0.0,6.0,1.0],"texture":"#o2"},"west":{"uv":[5.0,0.0,6.0,1.0],"texture":"#o2"},"up":{"uv":[5.0,0.0,6.0,1.0],"texture":"#o2"},"down":{"uv":[5.0,0.0,6.0,1.0],"texture":"#o2"}}},{"from":[8.21578,8.84116,8.68823],"to":[8.3748,9.02116,8.81747],"rotation":{"angle":0.0,"axis":"x","origin":[7.81064,8.02172,9.23623]},"faces":{"north":{"uv":[5.0,0.0,6.0,1.0],"texture":"#o2"},"south":{"uv":[5.0,0.0,6.0,1.0],"texture":"#o2"},"east":{"uv":[5.0,0.0,6.0,1.0],"texture":"#o2"},"west":{"uv":[5.0,0.0,6.0,1.0],"texture":"#o2"},"up":{"uv":[5.0,0.0,6.0,1.0],"texture":"#o2"},"down":{"uv":[5.0,0.0,6.0,1.0],"texture":"#o2"}}},{"from":[8.21578,8.98053,8.24756],"to":[8.37862,9.16053,8.38756],"rotation":{"angle":0.0,"axis":"x","origin":[7.81446,8.16109,9.07556]},"faces":{"north":{"uv":[5.0,0.0,6.0,1.0],"texture":"#o2"},"south":{"uv":[5.0,0.0,6.0,1.0],"texture":"#o2"},"east":{"uv":[5.0,0.0,6.0,1.0],"texture":"#o2"},"west":{"uv":[5.0,0.0,6.0,1.0],"texture":"#o2"},"up":{"uv":[5.0,0.0,6.0,1.0],"texture":"#o2"},"down":{"uv":[5.0,0.0,6.0,1.0],"texture":"#o2"}}},{"from":[8.21578,8.96059,8.34779],"to":[8.37862,9.14059,8.74779],"rotation":{"angle":22.5,"axis":"x","origin":[8.2972,9.05059,8.41779]},"faces":{"north":{"uv":[5.0,0.0,6.0,1.0],"texture":"#o2"},"south":{"uv":[5.0,0.0,6.0,1.0],"texture":"#o2"},"east":{"uv":[5.0,0.0,6.0,1.0],"texture":"#o2"},"west":{"uv":[5.0,0.0,6.0,1.0],"texture":"#o2"},"up":{"uv":[5.0,0.0,6.0,1.0],"texture":"#o2"},"down":{"uv":[5.0,0.0,6.0,1.0],"texture":"#o2"}}},{"from":[8.39436,8.73215,9.45525],"to":[8.5572,8.91215,9.82525],"rotation":{"angle":0.0,"axis":"x","origin":[7.99304,8.01271,9.31325]},"faces":{"north":{"uv":[5.0,0.0,6.0,1.0],"texture":"#o2"},"south":{"uv":[5.0,0.0,6.0,1.0],"texture":"#o2"},"east":{"uv":[5.0,0.0,6.0,1.0],"texture":"#o2"},"west":{"uv":[5.0,0.0,6.0,1.0],"texture":"#o2"},"up":{"uv":[5.0,0.0,6.0,1.0],"texture":"#o2"},"down":{"uv":[5.0,0.0,6.0,1.0],"texture":"#o2"}}},{"from":[7.88132,9.19644,5.71335],"to":[8.04416,9.37644,6.38335],"rotation":{"angle":0.0,"axis":"x","origin":[8.0,8.007,9.01135]},"faces":{"north":{"uv":[5.0,0.0,6.0,1.0],"texture":"#o2"},"south":{"uv":[5.0,0.0,6.0,1.0],"texture":"#o2"},"east":{"uv":[5.0,0.0,6.0,1.0],"texture":"#o2"},"west":{"uv":[5.0,0.0,6.0,1.0],"texture":"#o2"},"up":{"uv":[5.0,0.0,6.0,1.0],"texture":"#o2"},"down":{"uv":[5.0,0.0,6.0,1.0],"texture":"#o2"}}},{"from":[8.12971,9.19644,6.21301],"to":[8.29678,9.37644,6.48008],"rotation":{"angle":45.0,"axis":"y","origin":[8.21113,9.28644,6.59801]},"faces":{"north":{"uv":[5.0,0.0,6.0,1.0],"texture":"#o2"},"south":{"uv":[5.0,0.0,6.0,1.0],"texture":"#o2"},"east":{"uv":[5.0,0.0,6.0,1.0],"texture":"#o2"},"west":{"uv":[5.0,0.0,6.0,1.0],"texture":"#o2"},"up":{"uv":[5.0,0.0,6.0,1.0],"texture":"#o2"},"down":{"uv":[5.0,0.0,6.0,1.0],"texture":"#o2"}}},{"from":[8.27385,9.19644,6.75372],"to":[8.44092,9.37644,7.00079],"rotation":{"angle":45.0,"axis":"y","origin":[8.35527,9.28644,7.13872]},"faces":{"north":{"uv":[5.0,0.0,6.0,1.0],"texture":"#o2"},"south":{"uv":[5.0,0.0,6.0,1.0],"texture":"#o2"},"east":{"uv":[5.0,0.0,6.0,1.0],"texture":"#o2"},"west":{"uv":[5.0,0.0,6.0,1.0],"texture":"#o2"},"up":{"uv":[5.0,0.0,6.0,1.0],"texture":"#o2"},"down":{"uv":[5.0,0.0,6.0,1.0],"texture":"#o2"}}},{"from":[7.77549,6.58197,9.18434],"to":[8.17549,6.98197,9.58434],"rotation":{"angle":0.0,"axis":"y","origin":[7.77549,6.38197,9.30149]},"faces":{"north":{"uv":[1.0,5.25,1.4,5.65],"texture":"#o2"},"south":{"uv":[1.0,5.25,1.4,5.65],"texture":"#o2"},"east":{"uv":[1.0,5.25,1.4,5.65],"texture":"#o2"},"west":{"uv":[1.0,5.25,1.4,5.65],"texture":"#o2"},"up":{"uv":[1.0,5.25,1.4,5.65],"texture":"#o2"},"down":{"uv":[1.0,5.25,1.4,5.65],"texture":"#o2"}}},{"from":[7.77549,6.17198,6.17493],"to":[8.17549,6.57198,9.3875],"rotation":{"angle":0.0,"axis":"y","origin":[8.0,8.0,9.45]},"faces":{"north":{"uv":[0.1,0.1,0.9,0.9],"texture":"#o2"},"south":{"uv":[0.1,0.1,0.9,0.9],"texture":"#o2"},"east":{"uv":[0.1,0.1,0.9,0.9],"texture":"#o2"},"west":{"uv":[0.1,0.1,0.9,0.9],"texture":"#o2"},"up":{"uv":[0.9,0.9,0.1,0.1],"rotation":90,"texture":"#o2"}}},{"from":[7.93571,6.56489,7.41562],"to":[8.01527,6.87051,9.20312],"rotation":{"angle":0.0,"axis":"y","origin":[8.0,8.0,9.45]},"faces":{"north":{"uv":[0.1,0.1,0.9,0.9],"texture":"#o2"},"south":{"uv":[0.1,0.1,0.9,0.9],"texture":"#o2"},"east":{"uv":[0.1,0.1,0.9,0.9],"texture":"#o2"},"west":{"uv":[0.1,0.1,0.9,0.9],"texture":"#o2"},"up":{"uv":[0.9,0.9,0.1,0.1],"rotation":90,"texture":"#o2"}}},{"from":[8.40674,5.67198,6.07493],"to":[8.60674,5.87198,9.4875],"rotation":{"angle":0.0,"axis":"y","origin":[8.0,8.0,9.45]},"faces":{"north":{"uv":[0.1,0.1,0.9,0.9],"texture":"#o2"},"south":{"uv":[0.1,0.1,0.9,0.9],"texture":"#o2"},"east":{"uv":[0.1,0.1,0.9,0.9],"texture":"#o2"},"west":{"uv":[0.1,0.1,0.9,0.9],"texture":"#o2"},"down":{"uv":[0.9,0.9,0.1,0.1],"rotation":270,"texture":"#o2"}}},{"from":[7.54674,5.87198,6.07493],"to":[8.60674,6.17198,9.4875],"rotation":{"angle":0.0,"axis":"y","origin":[8.0,8.0,9.45]},"faces":{"north":{"uv":[0.1,0.1,0.9,0.9],"texture":"#o2"},"south":{"uv":[0.1,0.1,0.9,0.9],"texture":"#o2"},"east":{"uv":[0.1,0.1,0.9,0.9],"texture":"#o2"},"west":{"uv":[0.1,0.1,0.9,0.9],"texture":"#o2"},"up":{"uv":[0.9,0.9,0.1,0.1],"rotation":90,"texture":"#o2"},"down":{"uv":[0.9,0.9,0.1,0.1],"rotation":270,"texture":"#o2"}}},{"from":[7.41152,6.61,6.22792],"to":[8.48848,6.90924,7.55],"rotation":{"angle":0.0,"axis":"z","origin":[7.95,7.91,7.05]},"faces":{"north":{"uv":[0.875,5.25,1.875,6.25],"texture":"#o2"},"south":{"uv":[0.875,5.25,1.875,6.25],"texture":"#o2"},"east":{"uv":[0.875,5.25,1.875,6.25],"texture":"#o2"},"west":{"uv":[0.875,5.25,1.875,6.25],"texture":"#o2"},"up":{"uv":[0.875,5.25,1.875,6.25],"texture":"#o2"},"down":{"uv":[0.875,5.25,1.875,6.25],"texture":"#o2"}}},{"from":[7.41152,8.91,5.65],"to":[8.48848,9.21,7.55],"rotation":{"angle":45.0,"axis":"z","origin":[7.95,7.91,7.05]},"faces":{"north":{"uv":[0.875,5.25,1.875,6.25],"texture":"#o2"},"south":{"uv":[0.875,5.25,1.875,6.25],"texture":"#o2"},"east":{"uv":[0.875,5.25,1.875,6.25],"texture":"#o2"},"west":{"uv":[0.875,5.25,1.875,6.25],"texture":"#o2"},"up":{"uv":[0.875,5.25,1.875,6.25],"texture":"#o2"},"down":{"uv":[0.875,5.25,1.875,6.25],"texture":"#o2"}}},{"from":[7.41152,8.91,5.65],"to":[8.48848,9.21,7.55],"rotation":{"angle":0.0,"axis":"z","origin":[7.95,7.91,7.05]},"faces":{"north":{"uv":[0.875,5.25,1.875,6.25],"texture":"#o2"},"south":{"uv":[0.875,5.25,1.875,6.25],"texture":"#o2"},"east":{"uv":[0.875,5.25,1.875,6.25],"texture":"#o2"},"west":{"uv":[0.875,5.25,1.875,6.25],"texture":"#o2"},"up":{"uv":[0.875,5.25,1.875,6.25],"texture":"#o2"},"down":{"uv":[0.875,5.25,1.875,6.25],"texture":"#o2"}}},{"from":[6.64946,7.37152,6.22792],"to":[6.95,8.44794,7.55],"rotation":{"angle":45.0,"axis":"z","origin":[7.95,7.91,7.05]},"faces":{"north":{"uv":[0.875,5.25,1.875,6.25],"texture":"#o2"},"south":{"uv":[0.875,5.25,1.875,6.25],"texture":"#o2"},"east":{"uv":[0.875,5.25,1.875,6.25],"texture":"#o2"},"west":{"uv":[0.875,5.25,1.875,6.25],"texture":"#o2"},"up":{"uv":[0.875,5.25,1.875,6.25],"texture":"#o2"},"down":{"uv":[0.875,5.25,1.875,6.25],"texture":"#o2"}}},{"from":[6.65,8.13,6.32276],"to":[6.95,8.98266,6.58848],"rotation":{"angle":-45.0,"axis":"x","origin":[7.95,7.73,7.05]},"faces":{"north":{"uv":[0.875,5.25,1.875,6.25],"rotation":180,"texture":"#o2"},"south":{"uv":[0.875,5.25,1.875,6.25],"texture":"#o2"},"east":{"uv":[0.875,5.25,1.875,6.25],"rotation":270,"texture":"#o2"},"west":{"uv":[0.875,5.25,1.875,6.25],"rotation":90,"texture":"#o2"},"up":{"uv":[0.875,5.25,1.875,6.25],"rotation":180,"texture":"#o2"},"down":{"uv":[0.875,5.25,1.875,6.25],"texture":"#o2"}}},{"from":[6.65,8.19,6.3874],"to":[6.95,8.8273,6.69848],"rotation":{"angle":-45.0,"axis":"x","origin":[7.95,7.91,6.85]},"faces":{"north":{"uv":[0.875,5.25,1.875,6.25],"rotation":180,"texture":"#o2"},"south":{"uv":[0.875,5.25,1.875,6.25],"texture":"#o2"},"east":{"uv":[0.875,5.25,1.875,6.25],"rotation":270,"texture":"#o2"},"west":{"uv":[0.875,5.25,1.875,6.25],"rotation":90,"texture":"#o2"},"up":{"uv":[0.875,5.25,1.875,6.25],"rotation":180,"texture":"#o2"},"down":{"uv":[0.875,5.25,1.875,6.25],"texture":"#o2"}}},{"from":[6.65,8.10152,5.65],"to":[6.95,8.44848,7.55],"rotation":{"angle":0.0,"axis":"x","origin":[7.95,7.91,7.05]},"faces":{"north":{"uv":[0.875,5.25,1.875,6.25],"texture":"#o2"},"south":{"uv":[0.875,5.25,1.875,6.25],"texture":"#o2"},"east":{"uv":[0.875,5.25,1.875,6.25],"texture":"#o2"},"west":{"uv":[0.875,5.25,1.875,6.25],"texture":"#o2"},"up":{"uv":[0.875,5.25,1.875,6.25],"texture":"#o2"},"down":{"uv":[0.875,5.25,1.875,6.25],"texture":"#o2"}}},{"from":[6.65,7.37076,6.22792],"to":[6.95,8.23152,7.55],"rotation":{"angle":0.0,"axis":"x","origin":[7.95,7.75,7.05]},"faces":{"north":{"uv":[0.875,5.25,1.875,6.25],"texture":"#o2"},"south":{"uv":[0.875,5.25,1.875,6.25],"texture":"#o2"},"east":{"uv":[0.875,5.25,1.875,6.25],"texture":"#o2"},"west":{"uv":[0.875,5.25,1.875,6.25],"texture":"#o2"},"up":{"uv":[0.875,5.25,1.875,6.25],"texture":"#o2"},"down":{"uv":[0.875,5.25,1.875,6.25],"texture":"#o2"}}},{"from":[7.41152,8.91,5.65],"to":[8.48848,9.21,7.55],"rotation":{"angle":-45.0,"axis":"z","origin":[7.95,7.91,7.05]},"faces":{"north":{"uv":[1.875,5.25,0.875,6.25],"texture":"#o2"},"south":{"uv":[1.875,5.25,0.875,6.25],"texture":"#o2"},"east":{"uv":[1.875,5.25,0.875,6.25],"texture":"#o2"},"west":{"uv":[1.875,5.25,0.875,6.25],"texture":"#o2"},"up":{"uv":[1.875,5.25,0.875,6.25],"texture":"#o2"},"down":{"uv":[1.875,5.25,0.875,6.25],"texture":"#o2"}}},{"from":[8.95,8.10152,5.65],"to":[9.25,8.44848,7.55],"rotation":{"angle":0.0,"axis":"x","origin":[7.95,7.91,7.05]},"faces":{"north":{"uv":[1.875,5.25,0.875,6.25],"texture":"#o2"},"south":{"uv":[1.875,5.25,0.875,6.25],"texture":"#o2"},"east":{"uv":[1.875,5.25,0.875,6.25],"texture":"#o2"},"west":{"uv":[1.875,5.25,0.875,6.25],"texture":"#o2"},"up":{"uv":[1.875,5.25,0.875,6.25],"texture":"#o2"},"down":{"uv":[1.875,5.25,0.875,6.25],"texture":"#o2"}}},{"from":[8.95,8.13,6.32276],"to":[9.25,8.98266,6.58848],"rotation":{"angle":-45.0,"axis":"x","origin":[7.95,7.73,7.05]},"faces":{"north":{"uv":[1.875,5.25,0.875,6.25],"rotation":180,"texture":"#o2"},"south":{"uv":[1.875,5.25,0.875,6.25],"texture":"#o2"},"east":{"uv":[0.875,6.25,1.875,5.25],"rotation":90,"texture":"#o2"},"west":{"uv":[0.875,6.25,1.875,5.25],"rotation":270,"texture":"#o2"},"up":{"uv":[1.875,5.25,0.875,6.25],"rotation":180,"texture":"#o2"},"down":{"uv":[1.875,5.25,0.875,6.25],"texture":"#o2"}}},{"from":[8.95,8.19,6.3874],"to":[9.25,8.8273,6.69848],"rotation":{"angle":-45.0,"axis":"x","origin":[7.95,7.91,6.85]},"faces":{"north":{"uv":[1.875,5.25,0.875,6.25],"rotation":180,"texture":"#o2"},"south":{"uv":[1.875,5.25,0.875,6.25],"texture":"#o2"},"east":{"uv":[0.875,6.25,1.875,5.25],"rotation":90,"texture":"#o2"},"west":{"uv":[0.875,6.25,1.875,5.25],"rotation":270,"texture":"#o2"},"up":{"uv":[1.875,5.25,0.875,6.25],"rotation":180,"texture":"#o2"},"down":{"uv":[1.875,5.25,0.875,6.25],"texture":"#o2"}}},{"from":[8.95,7.37076,6.22792],"to":[9.25,8.23152,7.55],"rotation":{"angle":0.0,"axis":"x","origin":[7.95,7.75,7.05]},"faces":{"north":{"uv":[1.875,5.25,0.875,6.25],"texture":"#o2"},"south":{"uv":[1.875,5.25,0.875,6.25],"texture":"#o2"},"east":{"uv":[1.875,5.25,0.875,6.25],"texture":"#o2"},"west":{"uv":[1.875,5.25,0.875,6.25],"texture":"#o2"},"up":{"uv":[1.875,5.25,0.875,6.25],"texture":"#o2"},"down":{"uv":[1.875,5.25,0.875,6.25],"texture":"#o2"}}},{"from":[8.95,7.37152,6.22792],"to":[9.25054,8.44794,7.55],"rotation":{"angle":-45.0,"axis":"z","origin":[7.95,7.91,7.05]},"faces":{"north":{"uv":[1.875,5.25,0.875,6.25],"texture":"#o2"},"south":{"uv":[1.875,5.25,0.875,6.25],"texture":"#o2"},"east":{"uv":[1.875,5.25,0.875,6.25],"texture":"#o2"},"west":{"uv":[1.875,5.25,0.875,6.25],"texture":"#o2"},"up":{"uv":[1.875,5.25,0.875,6.25],"texture":"#o2"},"down":{"uv":[1.875,5.25,0.875,6.25],"texture":"#o2"}}},{"from":[2.07165,1.7,6.08051],"to":[4.07165,3.7,14.0805],"rotation":{"angle":-45.0,"axis":"y","origin":[3.57165,5.0,13.2305]},"faces":{"north":{"uv":[11.0,12.0,10.0,13.0],"texture":"#o5"},"south":{"uv":[10.0,13.0,9.0,12.0],"texture":"#o5"},"east":{"uv":[8.0,13.0,9.0,16.0],"rotation":270,"texture":"#o5"},"west":{"uv":[11.0,16.0,10.0,13.0],"rotation":270,"texture":"#o5"},"up":{"uv":[10.0,16.0,9.0,13.0],"texture":"#o5"},"down":{"uv":[12.0,16.0,11.0,13.0],"rotation":180,"texture":"#o5"}}},{"from":[1.61406,1.55,5.36864],"to":[3.83906,3.85,14.56862],"rotation":{"angle":-45.0,"axis":"y","origin":[3.26406,5.345,13.59112]},"faces":{"north":{"uv":[15.0,12.0,14.0,13.0],"texture":"#o5"},"south":{"uv":[14.0,13.0,13.0,12.0],"texture":"#o5"},"east":{"uv":[12.0,13.0,13.0,16.0],"rotation":270,"texture":"#o5"},"west":{"uv":[15.0,16.0,14.0,13.0],"rotation":270,"texture":"#o5"},"up":{"uv":[14.0,16.0,13.0,13.0],"texture":"#o5"},"down":{"uv":[16.0,16.0,15.0,13.0],"rotation":180,"texture":"#o5"}}},{"from":[7.79289,4.8,-15.9],"to":[8.20711,5.1,-10.0],"rotation":{"angle":45.0,"axis":"z","origin":[8.0,5.3,-10.4]},"faces":{"north":{"uv":[0.0,1.0,0.25,1.25],"texture":"#o7"},"south":{"uv":[0.0,1.0,0.25,1.25],"texture":"#o7"},"east":{"uv":[0.0,1.0,0.25,1.25],"texture":"#o7"},"west":{"uv":[0.0,1.0,0.25,1.25],"texture":"#o7"},"up":{"uv":[0.5,1.0,0.75,1.25],"texture":"#o7"},"down":{"uv":[0.0,1.0,0.25,1.25],"texture":"#o7"}}},{"from":[7.79289,4.8,-15.9],"to":[8.20711,5.1,-10.0],"rotation":{"angle":0.0,"axis":"z","origin":[8.0,5.3,-10.4]},"faces":{"north":{"uv":[0.0,1.0,0.25,1.25],"texture":"#o7"},"south":{"uv":[0.0,1.0,0.25,1.25],"texture":"#o7"},"east":{"uv":[0.0,1.0,0.25,1.25],"texture":"#o7"},"west":{"uv":[0.0,1.0,0.25,1.25],"texture":"#o7"},"up":{"uv":[0.5,1.0,0.75,1.25],"texture":"#o7"},"down":{"uv":[0.0,1.0,0.25,1.25],"texture":"#o7"}}},{"from":[7.79289,5.5,-15.9],"to":[8.20711,5.8,-10.0],"rotation":{"angle":45.0,"axis":"z","origin":[8.0,5.3,-10.4]},"faces":{"north":{"uv":[0.0,1.0,0.25,1.25],"texture":"#o7"},"south":{"uv":[0.0,1.0,0.25,1.25],"texture":"#o7"},"east":{"uv":[0.0,1.0,0.25,1.25],"texture":"#o7"},"west":{"uv":[0.0,1.0,0.25,1.25],"texture":"#o7"},"up":{"uv":[0.0,1.0,0.25,1.25],"texture":"#o7"},"down":{"uv":[0.5,1.0,0.75,1.25],"texture":"#o7"}}},{"from":[7.79289,5.5,-15.9],"to":[8.20711,5.8,-10.0],"rotation":{"angle":0.0,"axis":"z","origin":[8.0,5.3,-10.4]},"faces":{"north":{"uv":[0.0,1.0,0.25,1.25],"texture":"#o7"},"south":{"uv":[0.0,1.0,0.25,1.25],"texture":"#o7"},"east":{"uv":[0.0,1.0,0.25,1.25],"texture":"#o7"},"west":{"uv":[0.0,1.0,0.25,1.25],"texture":"#o7"},"up":{"uv":[0.0,1.0,0.25,1.25],"texture":"#o7"},"down":{"uv":[0.5,1.0,0.75,1.25],"texture":"#o7"}}},{"from":[7.5,5.09289,-15.9],"to":[7.8,5.50711,-10.0],"rotation":{"angle":45.0,"axis":"z","origin":[8.0,5.3,-10.4]},"faces":{"north":{"uv":[0.0,1.0,0.25,1.25],"texture":"#o7"},"south":{"uv":[0.0,1.0,0.25,1.25],"texture":"#o7"},"east":{"uv":[0.5,1.0,0.75,1.25],"texture":"#o7"},"west":{"uv":[0.0,1.0,0.25,1.25],"texture":"#o7"},"up":{"uv":[0.0,1.0,0.25,1.25],"texture":"#o7"},"down":{"uv":[0.0,1.0,0.25,1.25],"texture":"#o7"}}},{"from":[7.5,5.09289,-15.9],"to":[7.8,5.50711,-10.0],"rotation":{"angle":0.0,"axis":"z","origin":[8.0,5.3,-10.4]},"faces":{"north":{"uv":[0.0,1.0,0.25,1.25],"texture":"#o7"},"south":{"uv":[0.0,1.0,0.25,1.25],"texture":"#o7"},"east":{"uv":[0.5,1.0,0.75,1.25],"texture":"#o7"},"west":{"uv":[0.0,1.0,0.25,1.25],"texture":"#o7"},"up":{"uv":[0.0,1.0,0.25,1.25],"texture":"#o7"},"down":{"uv":[0.0,1.0,0.25,1.25],"texture":"#o7"}}},{"from":[8.2,5.09289,-15.9],"to":[8.5,5.50711,-10.0],"rotation":{"angle":45.0,"axis":"z","origin":[8.0,5.3,-10.4]},"faces":{"north":{"uv":[0.0,1.0,0.25,1.25],"texture":"#o7"},"south":{"uv":[0.0,1.0,0.25,1.25],"texture":"#o7"},"east":{"uv":[0.0,1.0,0.25,1.25],"texture":"#o7"},"west":{"uv":[0.5,1.0,0.75,1.25],"texture":"#o7"},"up":{"uv":[0.0,1.0,0.25,1.25],"texture":"#o7"},"down":{"uv":[0.0,1.0,0.25,1.25],"texture":"#o7"}}},{"from":[8.2,5.09289,-15.9],"to":[8.5,5.50711,-10.0],"rotation":{"angle":0.0,"axis":"z","origin":[8.0,5.3,-10.4]},"faces":{"north":{"uv":[0.0,1.0,0.25,1.25],"texture":"#o7"},"south":{"uv":[0.0,1.0,0.25,1.25],"texture":"#o7"},"east":{"uv":[0.0,1.0,0.25,1.25],"texture":"#o7"},"west":{"uv":[0.5,1.0,0.75,1.25],"texture":"#o7"},"up":{"uv":[0.0,1.0,0.25,1.25],"texture":"#o7"},"down":{"uv":[0.0,1.0,0.25,1.25],"texture":"#o7"}}},{"from":[-16.0,-16.0,-15.99],"to":[32.0,32.0,-15.99],"faces":{"north":{"uv":[0.0,0.0,16.0,16.0],"texture":"#icon_background"}}},{"from":[-16.0,-16.0,-16.0],"to":[32.0,32.0,-16.0],"faces":{"north":{"uv":[0.0,0.0,16.0,16.0],"texture":"#icon"}}}],"display":{"firstperson_lefthand":{"rotation":[0.0,0.0,0.0],"translation":[0.0,0.0,0.0],"scale":[0.0,0.0,0.0]},"firstperson_righthand":{"rotation":[0.0,0.0,0.0],"translation":[5.25,17.360000000000003,-20.0],"scale":[2.0,2.0,2.0]},"thirdperson_lefthand":{"rotation":[0.0,0.0,0.0],"translation":[0.0,0.0,0.0],"scale":[0.0,0.0,0.0]},"thirdperson_righthand":{"rotation":[0.0,0.0,0.0],"translation":[0.0,0.0,0.0],"scale":[0.0,0.0,0.0]},"gui":{"rotation":[0.0,-180.0,0.0],"translation":[0.0,0.0,0.0],"scale":[0.333,0.333,0.333]},"head":{"rotation":[0.0,-90.0,-90.0],"translation":[-1.25,-42.0,4.5],"scale":[1.8,1.8,1.8]}},"gui_light":"front"}