{"parent":"generated/fs8wft4","display":{"firstperson_lefthand":{"rotation":[0.0,0.0,0.0],"translation":[0.0,0.0,0.0],"scale":[0.0,0.0,0.0]},"firstperson_righthand":{"rotation":[-29.0,180.0,0.0],"translation":[-2.0,10.1,0.0],"scale":[1.0,1.0,1.0]},"thirdperson_lefthand":{"rotation":[0.0,0.0,0.0],"translation":[0.0,0.0,0.0],"scale":[0.0,0.0,0.0]},"thirdperson_righthand":{"rotation":[0.0,0.0,0.0],"translation":[0.0,0.0,0.0],"scale":[0.0,0.0,0.0]},"gui":{"rotation":[0.0,-180.0,0.0],"translation":[0.0,0.0,0.0],"scale":[0.333,0.333,0.333]}}}