{"textures":{"2":"gun/acog/acog"},"elements":[{"from":[7.77154,7.1571,7.57882],"to":[8.07154,8.0571,7.57882],"rotation":{"angle":0,"axis":"y","origin":[8,8,8]},"faces":{"south":{"uv":[9.75,0,15.95,15.975],"texture":"#2"}}},{"from":[7.70674,5.97198,4.62493],"to":[8.30674,6.17198,8.0375],"rotation":{"angle":0,"axis":"y","origin":[8,8,8]},"faces":{"north":{"uv":[0.1,0.1,0.9,0.9],"texture":"#2"},"east":{"uv":[0.1,0.1,0.9,0.9],"texture":"#2"},"south":{"uv":[0.1,0.1,0.9,0.9],"texture":"#2"},"west":{"uv":[0.1,0.1,0.9,0.9],"texture":"#2"},"up":{"uv":[0.9,0.9,0.1,0.1],"rotation":90,"texture":"#2"},"down":{"uv":[0.9,0.9,0.1,0.1],"rotation":270,"texture":"#2"}}},{"from":[8.20674,5.77198,4.62493],"to":[8.30674,5.97198,8.0375],"rotation":{"angle":0,"axis":"y","origin":[8,8,8]},"faces":{"north":{"uv":[0.1,0.1,0.9,0.9],"texture":"#2"},"east":{"uv":[0.1,0.1,0.9,0.9],"texture":"#2"},"south":{"uv":[0.1,0.1,0.9,0.9],"texture":"#2"},"west":{"uv":[0.1,0.1,0.9,0.9],"texture":"#2"},"down":{"uv":[0.9,0.9,0.1,0.1],"rotation":270,"texture":"#2"}}},{"from":[7.36236,6.16635,7.85523],"to":[7.50236,6.21948,8.00706],"rotation":{"angle":0,"axis":"y","origin":[8,8,8]},"faces":{"north":{"uv":[0.1,0.1,0.9,0.9],"texture":"#2"},"east":{"uv":[0.1,0.1,0.9,0.9],"texture":"#2"},"south":{"uv":[0.1,0.1,0.9,0.9],"texture":"#2"},"west":{"uv":[0.1,0.1,0.9,0.9],"texture":"#2"},"up":{"uv":[0.9,0.9,0.1,0.1],"rotation":90,"texture":"#2"}}},{"from":[7.35236,6.16635,4.65523],"to":[7.51236,6.21948,4.80706],"rotation":{"angle":0,"axis":"y","origin":[8,8,8]},"faces":{"north":{"uv":[0.1,0.1,0.9,0.9],"texture":"#2"},"east":{"uv":[0.1,0.1,0.9,0.9],"texture":"#2"},"south":{"uv":[0.1,0.1,0.9,0.9],"texture":"#2"},"west":{"uv":[0.1,0.1,0.9,0.9],"texture":"#2"},"up":{"uv":[0.9,0.9,0.1,0.1],"rotation":90,"texture":"#2"}}},{"from":[7.93571,6.56489,6.26562],"to":[8.01527,6.87051,7.75312],"rotation":{"angle":0,"axis":"y","origin":[8,8,8]},"faces":{"east":{"uv":[0.1,0.1,0.9,0.9],"texture":"#2"},"west":{"uv":[0.1,0.1,0.9,0.9],"texture":"#2"},"up":{"uv":[0.9,0.9,0.1,0.1],"rotation":90,"texture":"#2"}}},{"from":[7.33674,5.97198,7.8375],"to":[7.70674,6.17198,8.0375],"rotation":{"angle":0,"axis":"y","origin":[8,8,8]},"faces":{"north":{"uv":[0.1,0.1,0.9,0.9],"texture":"#2"},"south":{"uv":[0.1,0.1,0.9,0.9],"texture":"#2"},"west":{"uv":[0.1,0.1,0.9,0.9],"texture":"#2"},"up":{"uv":[0.9,0.9,0.1,0.1],"rotation":90,"texture":"#2"},"down":{"uv":[0.9,0.9,0.1,0.1],"rotation":270,"texture":"#2"}}},{"from":[7.33674,5.97198,4.62493],"to":[7.70674,6.17198,4.82493],"rotation":{"angle":0,"axis":"y","origin":[8,8,8]},"faces":{"north":{"uv":[0.1,0.1,0.9,0.9],"texture":"#2"},"south":{"uv":[0.1,0.1,0.9,0.9],"texture":"#2"},"west":{"uv":[0.1,0.1,0.9,0.9],"texture":"#2"},"up":{"uv":[0.9,0.9,0.1,0.1],"rotation":90,"texture":"#2"},"down":{"uv":[0.9,0.9,0.1,0.1],"rotation":270,"texture":"#2"}}},{"from":[7.40645,6.17198,4.79931],"to":[7.44424,6.21948,5.44239],"rotation":{"angle":0,"axis":"y","origin":[8,8,8]},"faces":{"east":{"uv":[0.1,0.1,0.9,0.9],"texture":"#2"},"south":{"uv":[0.1,0.1,0.9,0.9],"texture":"#2"},"west":{"uv":[0.1,0.1,0.9,0.9],"texture":"#2"},"up":{"uv":[0.9,0.9,0.1,0.1],"rotation":90,"texture":"#2"},"down":{"uv":[0.9,0.9,0.1,0.1],"rotation":270,"texture":"#2"}}},{"from":[7.40645,6.17198,7.22493],"to":[7.44424,6.21948,7.85802],"rotation":{"angle":0,"axis":"y","origin":[8,8,8]},"faces":{"north":{"uv":[0.1,0.1,0.9,0.9],"texture":"#2"},"east":{"uv":[0.1,0.1,0.9,0.9],"texture":"#2"},"west":{"uv":[0.1,0.1,0.9,0.9],"texture":"#2"},"up":{"uv":[0.9,0.9,0.1,0.1],"rotation":90,"texture":"#2"},"down":{"uv":[0.9,0.9,0.1,0.1],"rotation":270,"texture":"#2"}}},{"from":[7.77549,6.17198,4.72493],"to":[8.17549,6.27198,7.9375],"rotation":{"angle":0,"axis":"y","origin":[8,8,8]},"faces":{"north":{"uv":[0.1,0.1,0.9,0.9],"texture":"#2"},"east":{"uv":[0.1,0.1,0.9,0.9],"texture":"#2"},"south":{"uv":[0.1,0.1,0.9,0.9],"texture":"#2"},"west":{"uv":[0.1,0.1,0.9,0.9],"texture":"#2"},"up":{"uv":[0.9,0.9,0.1,0.1],"rotation":90,"texture":"#2"}}},{"from":[7.77549,6.27198,5.68125],"to":[7.88571,6.58051,7.9375],"rotation":{"angle":0,"axis":"y","origin":[8,8,8]},"faces":{"north":{"uv":[0.1,0.1,0.9,0.9],"texture":"#2"},"east":{"uv":[0.1,0.1,0.9,0.9],"texture":"#2"},"south":{"uv":[0.1,0.1,0.9,0.9],"texture":"#2"},"west":{"uv":[0.1,0.1,0.9,0.9],"texture":"#2"},"up":{"uv":[0.9,0.9,0.1,0.1],"rotation":90,"texture":"#2"}}},{"from":[8.06527,6.27198,5.68125],"to":[8.17549,6.58051,7.9375],"rotation":{"angle":0,"axis":"y","origin":[8,8,8]},"faces":{"north":{"uv":[0.1,0.1,0.9,0.9],"texture":"#2"},"east":{"uv":[0.1,0.1,0.9,0.9],"texture":"#2"},"south":{"uv":[0.1,0.1,0.9,0.9],"texture":"#2"},"west":{"uv":[0.1,0.1,0.9,0.9],"texture":"#2"},"up":{"uv":[0.9,0.9,0.1,0.1],"rotation":90,"texture":"#2"}}},{"from":[7.77549,6.46636,5.68125],"to":[8.17549,6.58051,7.9375],"rotation":{"angle":0,"axis":"y","origin":[8,8,8]},"faces":{"north":{"uv":[0.1,0.1,0.9,0.9],"texture":"#2"},"south":{"uv":[0.1,0.1,0.9,0.9],"texture":"#2"},"up":{"uv":[0.9,0.9,0.1,0.1],"rotation":90,"texture":"#2"},"down":{"uv":[0.9,0.9,0.1,0.1],"rotation":270,"texture":"#2"}}},{"from":[7.93571,6.87051,6.86562],"to":[8.01527,6.97614,7.75312],"rotation":{"angle":0,"axis":"y","origin":[8,8,8]},"faces":{"east":{"uv":[0.1,0.1,0.9,0.9],"texture":"#2"},"west":{"uv":[0.1,0.1,0.9,0.9],"texture":"#2"}}},{"from":[7.93571,6.56489,5.68125],"to":[8.01527,6.60801,6.26875],"rotation":{"angle":0,"axis":"y","origin":[8,8,8]},"faces":{"north":{"uv":[0.1,0.1,0.9,0.9],"texture":"#2"},"east":{"uv":[0.1,0.1,0.9,0.9],"texture":"#2"},"west":{"uv":[0.1,0.1,0.9,0.9],"texture":"#2"}}},{"from":[8.88879,7.57413,7.80924],"to":[9.53566,8.37413,7.96836],"rotation":{"angle":-45,"axis":"x","origin":[8,8,8]},"faces":{"east":{"uv":[0.1,5.1,0.9,5.9],"texture":"#2"},"up":{"uv":[0.9,5.9,0.1,5.1],"rotation":90,"texture":"#2"},"down":{"uv":[0.9,5.9,0.1,5.1],"rotation":270,"texture":"#2"}}},{"from":[8.88879,7.53354,7.82761],"to":[9.53566,8.33354,7.98673],"rotation":{"angle":-22.5,"axis":"x","origin":[8,8,8]},"faces":{"east":{"uv":[0.1,5.1,0.9,5.9],"texture":"#2"},"up":{"uv":[0.9,5.9,0.1,5.1],"rotation":90,"texture":"#2"},"down":{"uv":[0.9,5.9,0.1,5.1],"rotation":270,"texture":"#2"}}},{"from":[8.88879,7.50308,7.86011],"to":[9.53566,8.30308,8.01923],"rotation":{"angle":0,"axis":"y","origin":[8,8,8]},"faces":{"east":{"uv":[0.1,5.1,0.9,5.9],"texture":"#2"},"up":{"uv":[0.9,5.9,0.1,5.1],"rotation":90,"texture":"#2"},"down":{"uv":[0.9,5.9,0.1,5.1],"rotation":270,"texture":"#2"}}},{"from":[8.88879,7.48737,7.90179],"to":[9.53566,8.28737,8.06091],"rotation":{"angle":22.5,"axis":"x","origin":[8,8,8]},"faces":{"east":{"uv":[0.1,5.1,0.9,5.9],"texture":"#2"},"up":{"uv":[0.9,5.9,0.1,5.1],"rotation":90,"texture":"#2"},"down":{"uv":[0.9,5.9,0.1,5.1],"rotation":270,"texture":"#2"}}},{"from":[8.88879,7.4888,7.94631],"to":[9.53566,8.2888,8.10543],"rotation":{"angle":45,"axis":"x","origin":[8,8,8]},"faces":{"east":{"uv":[0.1,5.1,0.9,5.9],"texture":"#2"},"up":{"uv":[0.9,5.9,0.1,5.1],"rotation":90,"texture":"#2"},"down":{"uv":[0.9,5.9,0.1,5.1],"rotation":270,"texture":"#2"}}},{"from":[8.88879,7.85398,7.50717],"to":[9.53566,8.0131,8.30717],"rotation":{"angle":-22.5,"axis":"x","origin":[8,8,8]},"faces":{"north":{"uv":[0.1,5.1,0.9,5.9],"texture":"#2"},"east":{"uv":[0.1,5.1,0.9,5.9],"texture":"#2"},"south":{"uv":[0.1,5.1,0.9,5.9],"texture":"#2"}}},{"from":[8.88879,7.82352,7.53967],"to":[9.53566,7.98264,8.33967],"rotation":{"angle":0,"axis":"y","origin":[8,8,8]},"faces":{"north":{"uv":[0.1,5.1,0.9,5.9],"texture":"#2"},"east":{"uv":[0.1,5.1,0.9,5.9],"texture":"#2"},"south":{"uv":[0.1,5.1,0.9,5.9],"texture":"#2"}}},{"from":[8.88879,7.80781,7.58135],"to":[9.53566,7.96693,8.38135],"rotation":{"angle":22.5,"axis":"x","origin":[8,8,8]},"faces":{"north":{"uv":[0.1,5.1,0.9,5.9],"texture":"#2"},"east":{"uv":[0.1,5.1,0.9,5.9],"texture":"#2"},"south":{"uv":[0.1,5.1,0.9,5.9],"texture":"#2"}}},{"from":[7.63694,8.82183,7.87206],"to":[8.43694,9.15308,8.03118],"rotation":{"angle":45,"axis":"y","origin":[8,8,8]},"faces":{"east":{"uv":[0.1,5.1,0.9,5.9],"texture":"#2"},"west":{"uv":[0.1,5.1,0.9,5.9],"texture":"#2"},"up":{"uv":[0.9,5.9,0.1,5.1],"rotation":90,"texture":"#2"}}},{"from":[7.61562,8.82183,7.8616],"to":[8.41562,9.15308,8.02072],"rotation":{"angle":22.5,"axis":"y","origin":[8,8,8]},"faces":{"east":{"uv":[0.1,5.1,0.9,5.9],"texture":"#2"},"west":{"uv":[0.1,5.1,0.9,5.9],"texture":"#2"},"up":{"uv":[0.9,5.9,0.1,5.1],"rotation":90,"texture":"#2"}}},{"from":[7.59191,8.82183,7.86011],"to":[8.39191,9.15308,8.01923],"rotation":{"angle":0,"axis":"y","origin":[8,8,8]},"faces":{"east":{"uv":[0.1,5.1,0.9,5.9],"texture":"#2"},"west":{"uv":[0.1,5.1,0.9,5.9],"texture":"#2"},"up":{"uv":[0.9,5.9,0.1,5.1],"rotation":90,"texture":"#2"}}},{"from":[7.56944,8.82183,7.86779],"to":[8.36944,9.15308,8.02691],"rotation":{"angle":-22.5,"axis":"y","origin":[8,8,8]},"faces":{"east":{"uv":[0.1,5.1,0.9,5.9],"texture":"#2"},"west":{"uv":[0.1,5.1,0.9,5.9],"texture":"#2"},"up":{"uv":[0.9,5.9,0.1,5.1],"rotation":90,"texture":"#2"}}},{"from":[7.55162,8.82183,7.8835],"to":[8.35162,9.15308,8.04262],"rotation":{"angle":-45,"axis":"y","origin":[8,8,8]},"faces":{"east":{"uv":[0.1,5.1,0.9,5.9],"texture":"#2"},"west":{"uv":[0.1,5.1,0.9,5.9],"texture":"#2"},"up":{"uv":[0.9,5.9,0.1,5.1],"rotation":90,"texture":"#2"}}},{"from":[7.93606,8.82183,7.54116],"to":[8.09519,9.15308,8.34116],"rotation":{"angle":22.5,"axis":"y","origin":[8,8,8]},"faces":{"north":{"uv":[0.1,5.1,0.9,5.9],"texture":"#2"},"south":{"uv":[0.1,5.1,0.9,5.9],"texture":"#2"},"up":{"uv":[0.9,5.9,0.1,5.1],"rotation":90,"texture":"#2"}}},{"from":[7.91235,8.82183,7.53967],"to":[8.07148,9.15308,8.33967],"rotation":{"angle":0,"axis":"y","origin":[8,8,8]},"faces":{"north":{"uv":[0.1,5.1,0.9,5.9],"texture":"#2"},"south":{"uv":[0.1,5.1,0.9,5.9],"texture":"#2"},"up":{"uv":[0.9,5.9,0.1,5.1],"rotation":90,"texture":"#2"}}},{"from":[7.88988,8.82183,7.54735],"to":[8.04901,9.15308,8.34735],"rotation":{"angle":-22.5,"axis":"y","origin":[8,8,8]},"faces":{"north":{"uv":[0.1,5.1,0.9,5.9],"texture":"#2"},"south":{"uv":[0.1,5.1,0.9,5.9],"texture":"#2"},"up":{"uv":[0.9,5.9,0.1,5.1],"rotation":90,"texture":"#2"}}},{"from":[6.52004,7.71832,7.78494],"to":[7.02004,8.31832,7.90428],"rotation":{"angle":-45,"axis":"x","origin":[8,8,8]},"faces":{"west":{"uv":[0.1,5.1,0.9,5.9],"texture":"#2"},"up":{"uv":[0.9,5.9,0.1,5.1],"rotation":90,"texture":"#2"},"down":{"uv":[0.9,5.9,0.1,5.1],"rotation":270,"texture":"#2"}}},{"from":[6.52004,7.65746,7.78976],"to":[7.02004,8.25746,7.9091],"rotation":{"angle":-22.5,"axis":"x","origin":[8,8,8]},"faces":{"west":{"uv":[0.1,5.1,0.9,5.9],"texture":"#2"},"up":{"uv":[0.9,5.9,0.1,5.1],"rotation":90,"texture":"#2"},"down":{"uv":[0.9,5.9,0.1,5.1],"rotation":270,"texture":"#2"}}},{"from":[6.52004,7.60308,7.8175],"to":[7.02004,8.20308,7.93684],"rotation":{"angle":0,"axis":"y","origin":[8,8,8]},"faces":{"west":{"uv":[0.1,5.1,0.9,5.9],"texture":"#2"},"up":{"uv":[0.9,5.9,0.1,5.1],"rotation":90,"texture":"#2"},"down":{"uv":[0.9,5.9,0.1,5.1],"rotation":270,"texture":"#2"}}},{"from":[6.52004,7.56345,7.86394],"to":[7.02004,8.16345,7.98328],"rotation":{"angle":22.5,"axis":"x","origin":[8,8,8]},"faces":{"west":{"uv":[0.1,5.1,0.9,5.9],"texture":"#2"},"up":{"uv":[0.9,5.9,0.1,5.1],"rotation":90,"texture":"#2"},"down":{"uv":[0.9,5.9,0.1,5.1],"rotation":270,"texture":"#2"}}},{"from":[6.52004,7.54461,7.92201],"to":[7.02004,8.14461,8.04135],"rotation":{"angle":45,"axis":"x","origin":[8,8,8]},"faces":{"west":{"uv":[0.1,5.1,0.9,5.9],"texture":"#2"},"up":{"uv":[0.9,5.9,0.1,5.1],"rotation":90,"texture":"#2"},"down":{"uv":[0.9,5.9,0.1,5.1],"rotation":270,"texture":"#2"}}},{"from":[6.52004,7.89779,7.54943],"to":[7.02004,8.01713,8.14943],"rotation":{"angle":-22.5,"axis":"x","origin":[8,8,8]},"faces":{"north":{"uv":[0.1,5.1,0.9,5.9],"texture":"#2"},"south":{"uv":[0.1,5.1,0.9,5.9],"texture":"#2"},"west":{"uv":[0.1,5.1,0.9,5.9],"texture":"#2"}}},{"from":[6.52004,7.84341,7.57717],"to":[7.02004,7.96275,8.17717],"rotation":{"angle":0,"axis":"y","origin":[8,8,8]},"faces":{"north":{"uv":[0.1,5.1,0.9,5.9],"texture":"#2"},"south":{"uv":[0.1,5.1,0.9,5.9],"texture":"#2"},"west":{"uv":[0.1,5.1,0.9,5.9],"texture":"#2"}}},{"from":[6.52004,7.80378,7.62361],"to":[7.02004,7.92312,8.22361],"rotation":{"angle":22.5,"axis":"x","origin":[8,8,8]},"faces":{"north":{"uv":[0.1,5.1,0.9,5.9],"texture":"#2"},"south":{"uv":[0.1,5.1,0.9,5.9],"texture":"#2"},"west":{"uv":[0.1,5.1,0.9,5.9],"texture":"#2"}}},{"from":[6.63998,7.7212,9.92717],"to":[7.03998,8.0912,10.38029],"rotation":{"angle":0,"axis":"y","origin":[8,8,8]},"faces":{"north":{"uv":[0.1,5.1,0.9,5.9],"texture":"#2"},"south":{"uv":[0.1,5.1,0.9,5.9],"texture":"#2"},"west":{"uv":[0.1,5.1,0.9,5.9],"texture":"#2"},"up":{"uv":[0.9,5.9,0.1,5.1],"rotation":90,"texture":"#2"},"down":{"uv":[0.9,5.9,0.1,5.1],"rotation":270,"texture":"#2"}}},{"from":[8.9001,7.7212,9.92717],"to":[9.3001,8.0912,10.38029],"rotation":{"angle":0,"axis":"y","origin":[8,8,8]},"faces":{"north":{"uv":[0.1,5.1,0.9,5.9],"texture":"#2"},"east":{"uv":[0.1,5.1,0.9,5.9],"texture":"#2"},"south":{"uv":[0.1,5.1,0.9,5.9],"texture":"#2"},"up":{"uv":[0.9,5.9,0.1,5.1],"rotation":90,"texture":"#2"},"down":{"uv":[0.9,5.9,0.1,5.1],"rotation":270,"texture":"#2"}}},{"from":[6.97549,8.81948,8.3678],"to":[8.87549,8.91948,9.17718],"rotation":{"angle":0,"axis":"y","origin":[8,8,8]},"faces":{"north":{"uv":[0.1,5.1,0.9,5.9],"texture":"#2"},"south":{"uv":[0.1,5.1,0.9,5.9],"texture":"#2"},"up":{"uv":[0.9,5.9,0.1,5.1],"rotation":90,"texture":"#2"}}},{"from":[6.97549,6.88198,8.3678],"to":[8.87549,6.98198,9.17718],"rotation":{"angle":0,"axis":"y","origin":[8,8,8]},"faces":{"north":{"uv":[0.1,5.1,0.9,5.9],"texture":"#2"},"south":{"uv":[0.1,5.1,0.9,5.9],"texture":"#2"},"down":{"uv":[0.9,5.9,0.1,5.1],"rotation":270,"texture":"#2"}}},{"from":[6.67343,7.62703,4.43654],"to":[6.77343,8.14703,5.99717],"rotation":{"angle":-22.5,"axis":"z","origin":[8,8,7.5]},"faces":{"north":{"uv":[0.9,5.1,0.1,5.9],"texture":"#2"},"east":{"uv":[0.9,5.1,0.1,5.9],"texture":"#2"},"south":{"uv":[0.9,5.1,0.1,5.9],"texture":"#2"},"west":{"uv":[0.9,5.1,0.1,5.9],"texture":"#2"},"down":{"uv":[0.1,5.9,0.9,5.1],"rotation":270,"texture":"#2"}}},{"from":[6.63168,7.64308,4.65529],"to":[6.73168,8.16308,5.99717],"rotation":{"angle":0,"axis":"y","origin":[8,8,7.5]},"faces":{"north":{"uv":[0.9,5.1,0.1,5.9],"texture":"#2"},"east":{"uv":[0.9,5.1,0.1,5.9],"texture":"#2"},"south":{"uv":[0.9,5.1,0.1,5.9],"texture":"#2"},"west":{"uv":[0.9,5.1,0.1,5.9],"texture":"#2"},"down":{"uv":[0.1,5.9,0.9,5.1],"rotation":270,"texture":"#2"}}},{"from":[6.59925,7.67388,4.84279],"to":[6.69925,8.19388,5.99717],"rotation":{"angle":22.5,"axis":"z","origin":[8,8,7.5]},"faces":{"north":{"uv":[0.1,5.1,0.9,5.9],"texture":"#2"},"east":{"uv":[0.9,5.1,0.1,5.9],"texture":"#2"},"south":{"uv":[0.9,5.1,0.1,5.9],"texture":"#2"},"west":{"uv":[0.9,5.1,0.1,5.9],"texture":"#2"},"down":{"uv":[0.9,5.9,0.1,5.1],"rotation":270,"texture":"#2"}}},{"from":[6.58108,7.71475,4.99904],"to":[6.68108,8.23475,5.99717],"rotation":{"angle":45,"axis":"z","origin":[8,8,7.5]},"faces":{"north":{"uv":[0.9,5.1,0.1,5.9],"texture":"#2"},"east":{"uv":[0.9,5.1,0.1,5.9],"texture":"#2"},"south":{"uv":[0.9,5.1,0.1,5.9],"texture":"#2"},"west":{"uv":[0.9,5.1,0.1,5.9],"texture":"#2"},"down":{"uv":[0.1,5.9,0.9,5.1],"rotation":270,"texture":"#2"}}},{"from":[7.72054,6.57992,5.13717],"to":[8.24054,6.67992,5.99717],"rotation":{"angle":-22.5,"axis":"z","origin":[8,8,7.5]},"faces":{"north":{"uv":[0.1,4.9,0.9,4.1],"texture":"#2"},"east":{"uv":[0.1,4.9,0.9,4.1],"texture":"#2"},"south":{"uv":[0.1,4.9,0.9,4.1],"texture":"#2"},"up":{"uv":[0.9,4.1,0.1,4.9],"rotation":90,"texture":"#2"},"down":{"uv":[0.9,4.1,0.1,4.9],"rotation":270,"texture":"#2"}}},{"from":[6.71814,7.62819,4.29342],"to":[6.81814,8.14819,5.99717],"rotation":{"angle":-45,"axis":"z","origin":[8,8,7.5]},"faces":{"north":{"uv":[0.9,5.1,0.1,5.9],"texture":"#2"},"east":{"uv":[0.9,5.1,0.1,5.9],"texture":"#2"},"south":{"uv":[0.9,5.1,0.1,5.9],"texture":"#2"},"west":{"uv":[0.9,5.1,0.1,5.9],"texture":"#2"},"down":{"uv":[0.1,5.9,0.9,5.1],"rotation":270,"texture":"#2"}}},{"from":[7.64636,9.14099,4.17993],"to":[8.16636,9.24099,5.99717],"rotation":{"angle":22.5,"axis":"z","origin":[8,8,7.5]},"faces":{"north":{"uv":[0.1,4.9,0.9,4.1],"texture":"#2"},"south":{"uv":[0.1,4.9,0.9,4.1],"texture":"#2"},"west":{"uv":[0.1,4.9,0.9,4.1],"texture":"#2"},"up":{"uv":[0.9,4.1,0.1,4.9],"rotation":90,"texture":"#2"},"down":{"uv":[0.9,4.1,0.1,4.9],"rotation":270,"texture":"#2"}}},{"from":[7.67879,9.11019,4.09635],"to":[8.19879,9.21019,5.99717],"rotation":{"angle":0,"axis":"y","origin":[8,8,7.5]},"faces":{"north":{"uv":[0.1,5.1,0.9,5.9],"texture":"#2"},"east":{"uv":[0.1,5.1,0.9,5.9],"texture":"#2"},"south":{"uv":[0.1,5.1,0.9,5.9],"texture":"#2"},"west":{"uv":[0.1,5.1,0.9,5.9],"texture":"#2"},"up":{"uv":[0.9,5.9,0.1,5.1],"rotation":90,"texture":"#2"},"down":{"uv":[0.9,5.9,0.1,5.1],"rotation":270,"texture":"#2"}}},{"from":[7.72054,9.09414,4.17993],"to":[8.24054,9.19414,5.99717],"rotation":{"angle":-22.5,"axis":"z","origin":[8,8,7.5]},"faces":{"north":{"uv":[0.1,5.1,0.9,5.9],"texture":"#2"},"east":{"uv":[0.1,5.1,0.9,5.9],"texture":"#2"},"south":{"uv":[0.1,5.1,0.9,5.9],"texture":"#2"},"up":{"uv":[0.9,5.9,0.1,5.1],"rotation":90,"texture":"#2"},"down":{"uv":[0.9,5.9,0.1,5.1],"rotation":270,"texture":"#2"}}},{"from":[9.0953,7.71475,4.29342],"to":[9.1953,8.23475,5.99717],"rotation":{"angle":45,"axis":"z","origin":[8,8,7.5]},"faces":{"north":{"uv":[0.1,5.1,0.9,5.9],"texture":"#2"},"east":{"uv":[0.1,5.1,0.9,5.9],"texture":"#2"},"south":{"uv":[0.1,5.1,0.9,5.9],"texture":"#2"},"west":{"uv":[0.1,5.1,0.9,5.9],"texture":"#2"},"down":{"uv":[0.9,5.9,0.1,5.1],"rotation":270,"texture":"#2"}}},{"from":[9.11347,7.67388,4.43654],"to":[9.21347,8.19388,5.99717],"rotation":{"angle":22.5,"axis":"z","origin":[8,8,7.5]},"faces":{"north":{"uv":[0.1,5.1,0.9,5.9],"texture":"#2"},"east":{"uv":[0.1,5.1,0.9,5.9],"texture":"#2"},"south":{"uv":[0.1,5.1,0.9,5.9],"texture":"#2"},"west":{"uv":[0.1,5.1,0.9,5.9],"texture":"#2"},"down":{"uv":[0.9,5.9,0.1,5.1],"rotation":270,"texture":"#2"}}},{"from":[9.1459,7.64308,4.65529],"to":[9.2459,8.16308,5.99717],"rotation":{"angle":0,"axis":"y","origin":[8,8,7.5]},"faces":{"north":{"uv":[0.1,5.1,0.9,5.9],"texture":"#2"},"east":{"uv":[0.1,5.1,0.9,5.9],"texture":"#2"},"south":{"uv":[0.1,5.1,0.9,5.9],"texture":"#2"},"west":{"uv":[0.1,5.1,0.9,5.9],"texture":"#2"},"down":{"uv":[0.9,5.9,0.1,5.1],"rotation":270,"texture":"#2"}}},{"from":[9.18765,7.62703,4.84279],"to":[9.28765,8.14703,5.99717],"rotation":{"angle":-22.5,"axis":"z","origin":[8,8,7.5]},"faces":{"north":{"uv":[0.1,5.1,0.9,5.9],"texture":"#2"},"east":{"uv":[0.1,5.1,0.9,5.9],"texture":"#2"},"south":{"uv":[0.1,5.1,0.9,5.9],"texture":"#2"},"west":{"uv":[0.1,5.1,0.9,5.9],"texture":"#2"},"down":{"uv":[0.9,5.9,0.1,5.1],"rotation":270,"texture":"#2"}}},{"from":[9.23236,7.62819,4.99904],"to":[9.33236,8.14819,5.99717],"rotation":{"angle":-45,"axis":"z","origin":[8,8,7.5]},"faces":{"north":{"uv":[0.1,5.1,0.9,5.9],"texture":"#2"},"east":{"uv":[0.1,5.1,0.9,5.9],"texture":"#2"},"south":{"uv":[0.1,5.1,0.9,5.9],"texture":"#2"},"west":{"uv":[0.1,5.1,0.9,5.9],"texture":"#2"},"down":{"uv":[0.9,5.9,0.1,5.1],"rotation":270,"texture":"#2"}}},{"from":[7.64636,6.62677,5.13717],"to":[8.16636,6.72677,5.99717],"rotation":{"angle":22.5,"axis":"z","origin":[8,8,7.5]},"faces":{"north":{"uv":[0.1,5.1,0.9,5.9],"texture":"#2"},"south":{"uv":[0.1,5.1,0.9,5.9],"texture":"#2"},"west":{"uv":[0.1,5.1,0.9,5.9],"texture":"#2"},"up":{"uv":[0.9,5.9,0.1,5.1],"rotation":90,"texture":"#2"},"down":{"uv":[0.9,5.9,0.1,5.1],"rotation":270,"texture":"#2"}}},{"from":[7.67879,6.59597,5.17717],"to":[8.19879,6.69597,5.99717],"rotation":{"angle":0,"axis":"y","origin":[8,8,7.5]},"faces":{"north":{"uv":[0.1,5.1,0.9,5.9],"texture":"#2"},"south":{"uv":[0.1,5.1,0.9,5.9],"texture":"#2"},"up":{"uv":[0.9,5.9,0.1,5.1],"rotation":90,"texture":"#2"},"down":{"uv":[0.9,5.9,0.1,5.1],"rotation":270,"texture":"#2"}}},{"from":[7.82851,6.59037,8.3678],"to":[8.07988,6.64037,9.17718],"rotation":{"angle":45,"axis":"z","origin":[8,8,8]},"faces":{"north":{"uv":[0.1,5.1,0.9,5.9],"texture":"#2"},"east":{"uv":[0.1,5.1,0.9,5.9],"texture":"#2"},"south":{"uv":[0.1,5.1,0.9,5.9],"texture":"#2"}}},{"from":[8.36187,6.67824,8.3678],"to":[8.61324,6.72824,9.17718],"rotation":{"angle":22.5,"axis":"z","origin":[8,8,8]},"faces":{"north":{"uv":[0.1,5.1,0.9,5.9],"texture":"#2"},"east":{"uv":[0.1,5.1,0.9,5.9],"texture":"#2"},"south":{"uv":[0.1,5.1,0.9,5.9],"texture":"#2"}}},{"from":[8.821,6.96353,8.3678],"to":[9.07237,7.01353,9.17718],"rotation":{"angle":0,"axis":"y","origin":[8,8,8]},"faces":{"north":{"uv":[0.1,5.1,0.9,5.9],"texture":"#2"},"east":{"uv":[0.1,5.1,0.9,5.9],"texture":"#2"},"south":{"uv":[0.1,5.1,0.9,5.9],"texture":"#2"}}},{"from":[9.13601,7.4028,8.3678],"to":[9.38738,7.4528,9.17718],"rotation":{"angle":-22.5,"axis":"z","origin":[8,8,8]},"faces":{"north":{"uv":[0.1,5.1,0.9,5.9],"texture":"#2"},"east":{"uv":[0.1,5.1,0.9,5.9],"texture":"#2"},"south":{"uv":[0.1,5.1,0.9,5.9],"texture":"#2"}}},{"from":[9.25895,7.92919,8.3678],"to":[9.51032,7.97919,9.17718],"rotation":{"angle":-45,"axis":"z","origin":[8,8,8]},"faces":{"north":{"uv":[0.1,5.1,0.9,5.9],"texture":"#2"},"east":{"uv":[0.1,5.1,0.9,5.9],"texture":"#2"},"south":{"uv":[0.1,5.1,0.9,5.9],"texture":"#2"}}},{"from":[8.46255,6.57756,8.3678],"to":[8.51255,7.0758,9.17718],"rotation":{"angle":22.5,"axis":"z","origin":[8,8,8]},"faces":{"north":{"uv":[0.1,5.1,0.9,5.9],"texture":"#2"},"south":{"uv":[0.1,5.1,0.9,5.9],"texture":"#2"},"up":{"uv":[0.9,5.9,0.1,5.1],"rotation":90,"texture":"#2"},"down":{"uv":[0.9,5.9,0.1,5.1],"rotation":270,"texture":"#2"}}},{"from":[8.92168,6.86285,8.3678],"to":[8.97168,7.11421,9.17718],"rotation":{"angle":0,"axis":"y","origin":[8,8,8]},"faces":{"north":{"uv":[0.1,5.1,0.9,5.9],"texture":"#2"},"south":{"uv":[0.1,5.1,0.9,5.9],"texture":"#2"},"up":{"uv":[0.9,5.9,0.1,5.1],"rotation":90,"texture":"#2"},"down":{"uv":[0.9,5.9,0.1,5.1],"rotation":270,"texture":"#2"}}},{"from":[9.23669,7.30212,8.3678],"to":[9.28669,7.55348,9.17718],"rotation":{"angle":-22.5,"axis":"z","origin":[8,8,8]},"faces":{"north":{"uv":[0.1,5.1,0.9,5.9],"texture":"#2"},"south":{"uv":[0.1,5.1,0.9,5.9],"texture":"#2"},"up":{"uv":[0.9,5.9,0.1,5.1],"rotation":90,"texture":"#2"},"down":{"uv":[0.9,5.9,0.1,5.1],"rotation":270,"texture":"#2"}}},{"from":[9.11855,7.88042,8.3678],"to":[9.36992,7.93042,9.17718],"rotation":{"angle":45,"axis":"z","origin":[8,8,8]},"faces":{"north":{"uv":[0.1,5.1,0.9,5.9],"texture":"#2"},"east":{"uv":[0.1,5.1,0.9,5.9],"texture":"#2"},"south":{"uv":[0.1,5.1,0.9,5.9],"texture":"#2"}}},{"from":[9.06003,8.36377,8.3678],"to":[9.3114,8.41377,9.17718],"rotation":{"angle":22.5,"axis":"z","origin":[8,8,8]},"faces":{"north":{"uv":[0.1,5.1,0.9,5.9],"texture":"#2"},"east":{"uv":[0.1,5.1,0.9,5.9],"texture":"#2"},"south":{"uv":[0.1,5.1,0.9,5.9],"texture":"#2"}}},{"from":[8.821,8.78793,8.3678],"to":[9.07237,8.83793,9.17718],"rotation":{"angle":0,"axis":"y","origin":[8,8,8]},"faces":{"north":{"uv":[0.1,5.1,0.9,5.9],"texture":"#2"},"east":{"uv":[0.1,5.1,0.9,5.9],"texture":"#2"},"south":{"uv":[0.1,5.1,0.9,5.9],"texture":"#2"}}},{"from":[8.43785,9.08833,8.3678],"to":[8.68922,9.13833,9.17718],"rotation":{"angle":-22.5,"axis":"z","origin":[8,8,8]},"faces":{"north":{"uv":[0.1,5.1,0.9,5.9],"texture":"#2"},"east":{"uv":[0.1,5.1,0.9,5.9],"texture":"#2"},"south":{"uv":[0.1,5.1,0.9,5.9],"texture":"#2"}}},{"from":[7.9689,9.21923,8.3678],"to":[8.22027,9.26923,9.17718],"rotation":{"angle":-45,"axis":"z","origin":[8,8,8]},"faces":{"north":{"uv":[0.1,5.1,0.9,5.9],"texture":"#2"},"east":{"uv":[0.1,5.1,0.9,5.9],"texture":"#2"},"south":{"uv":[0.1,5.1,0.9,5.9],"texture":"#2"}}},{"from":[9.16071,8.26309,8.3678],"to":[9.21071,8.51445,9.17718],"rotation":{"angle":22.5,"axis":"z","origin":[8,8,8]},"faces":{"north":{"uv":[0.1,5.1,0.9,5.9],"texture":"#2"},"south":{"uv":[0.1,5.1,0.9,5.9],"texture":"#2"},"up":{"uv":[0.9,5.9,0.1,5.1],"rotation":90,"texture":"#2"}}},{"from":[8.92168,8.68725,8.3678],"to":[8.97168,8.93861,9.17718],"rotation":{"angle":0,"axis":"y","origin":[8,8,8]},"faces":{"north":{"uv":[0.1,5.1,0.9,5.9],"texture":"#2"},"south":{"uv":[0.1,5.1,0.9,5.9],"texture":"#2"},"up":{"uv":[0.9,5.9,0.1,5.1],"rotation":90,"texture":"#2"}}},{"from":[8.53853,8.98765,8.3678],"to":[8.58853,9.23901,9.17718],"rotation":{"angle":-22.5,"axis":"z","origin":[8,8,8]},"faces":{"north":{"uv":[0.1,5.1,0.9,5.9],"texture":"#2"},"south":{"uv":[0.1,5.1,0.9,5.9],"texture":"#2"},"up":{"uv":[0.9,5.9,0.1,5.1],"rotation":90,"texture":"#2"}}},{"from":[7.67436,9.3246,8.3678],"to":[7.92573,9.3746,9.17718],"rotation":{"angle":45,"axis":"z","origin":[8,8,8]},"faces":{"north":{"uv":[0.1,5.1,0.9,5.9],"texture":"#2"},"south":{"uv":[0.1,5.1,0.9,5.9],"texture":"#2"},"west":{"uv":[0.1,5.1,0.9,5.9],"texture":"#2"}}},{"from":[7.17311,9.14535,8.3678],"to":[7.42448,9.19535,9.17718],"rotation":{"angle":22.5,"axis":"z","origin":[8,8,8]},"faces":{"north":{"uv":[0.1,5.1,0.9,5.9],"texture":"#2"},"south":{"uv":[0.1,5.1,0.9,5.9],"texture":"#2"},"west":{"uv":[0.1,5.1,0.9,5.9],"texture":"#2"}}},{"from":[6.77861,8.78793,8.3678],"to":[7.02998,8.83793,9.17718],"rotation":{"angle":0,"axis":"y","origin":[8,8,8]},"faces":{"north":{"uv":[0.1,5.1,0.9,5.9],"texture":"#2"},"south":{"uv":[0.1,5.1,0.9,5.9],"texture":"#2"},"west":{"uv":[0.1,5.1,0.9,5.9],"texture":"#2"}}},{"from":[6.55092,8.30674,8.3678],"to":[6.80229,8.35674,9.17718],"rotation":{"angle":-22.5,"axis":"z","origin":[8,8,8]},"faces":{"north":{"uv":[0.1,5.1,0.9,5.9],"texture":"#2"},"south":{"uv":[0.1,5.1,0.9,5.9],"texture":"#2"},"west":{"uv":[0.1,5.1,0.9,5.9],"texture":"#2"}}},{"from":[6.52471,7.77505,8.3678],"to":[6.77608,7.82505,9.17718],"rotation":{"angle":-45,"axis":"z","origin":[8,8,8]},"faces":{"north":{"uv":[0.1,5.1,0.9,5.9],"texture":"#2"},"south":{"uv":[0.1,5.1,0.9,5.9],"texture":"#2"},"west":{"uv":[0.1,5.1,0.9,5.9],"texture":"#2"}}},{"from":[7.2738,8.64467,8.3678],"to":[7.3238,9.29603,9.17718],"rotation":{"angle":22.5,"axis":"z","origin":[8,8,8]},"faces":{"north":{"uv":[0.1,5.1,0.9,5.9],"texture":"#2"},"south":{"uv":[0.1,5.1,0.9,5.9],"texture":"#2"},"up":{"uv":[0.9,5.9,0.1,5.1],"rotation":90,"texture":"#2"}}},{"from":[6.8793,8.68725,8.3678],"to":[6.9293,8.93861,9.17718],"rotation":{"angle":0,"axis":"y","origin":[8,8,8]},"faces":{"north":{"uv":[0.1,5.1,0.9,5.9],"texture":"#2"},"south":{"uv":[0.1,5.1,0.9,5.9],"texture":"#2"},"up":{"uv":[0.9,5.9,0.1,5.1],"rotation":90,"texture":"#2"}}},{"from":[6.65161,8.20606,8.3678],"to":[6.70161,8.45742,9.17718],"rotation":{"angle":-22.5,"axis":"z","origin":[8,8,8]},"faces":{"north":{"uv":[0.1,5.1,0.9,5.9],"texture":"#2"},"south":{"uv":[0.1,5.1,0.9,5.9],"texture":"#2"},"up":{"uv":[0.9,5.9,0.1,5.1],"rotation":90,"texture":"#2"}}},{"from":[6.38432,8.03456,8.3678],"to":[6.63569,8.08456,9.17718],"rotation":{"angle":45,"axis":"z","origin":[8,8,8]},"faces":{"north":{"uv":[0.1,5.1,0.9,5.9],"texture":"#2"},"south":{"uv":[0.1,5.1,0.9,5.9],"texture":"#2"},"west":{"uv":[0.1,5.1,0.9,5.9],"texture":"#2"}}},{"from":[6.47494,7.45983,8.3678],"to":[6.72631,7.50983,9.17718],"rotation":{"angle":22.5,"axis":"z","origin":[8,8,8]},"faces":{"north":{"uv":[0.1,5.1,0.9,5.9],"texture":"#2"},"south":{"uv":[0.1,5.1,0.9,5.9],"texture":"#2"},"west":{"uv":[0.1,5.1,0.9,5.9],"texture":"#2"}}},{"from":[6.77861,6.96353,8.3678],"to":[7.02998,7.01353,9.17718],"rotation":{"angle":0,"axis":"y","origin":[8,8,8]},"faces":{"north":{"uv":[0.1,5.1,0.9,5.9],"texture":"#2"},"south":{"uv":[0.1,5.1,0.9,5.9],"texture":"#2"},"west":{"uv":[0.1,5.1,0.9,5.9],"texture":"#2"}}},{"from":[7.24909,6.62122,8.3678],"to":[7.50046,6.67122,9.17718],"rotation":{"angle":-22.5,"axis":"z","origin":[8,8,8]},"faces":{"north":{"uv":[0.1,5.1,0.9,5.9],"texture":"#2"},"south":{"uv":[0.1,5.1,0.9,5.9],"texture":"#2"},"west":{"uv":[0.1,5.1,0.9,5.9],"texture":"#2"}}},{"from":[7.81475,6.48501,8.3678],"to":[8.06612,6.53501,9.17718],"rotation":{"angle":-45,"axis":"z","origin":[8,8,8]},"faces":{"north":{"uv":[0.1,5.1,0.9,5.9],"texture":"#2"},"south":{"uv":[0.1,5.1,0.9,5.9],"texture":"#2"},"west":{"uv":[0.1,5.1,0.9,5.9],"texture":"#2"}}},{"from":[6.57563,7.35915,8.3678],"to":[6.62563,7.61051,9.17718],"rotation":{"angle":22.5,"axis":"z","origin":[8,8,8]},"faces":{"north":{"uv":[0.1,5.1,0.9,5.9],"texture":"#2"},"south":{"uv":[0.1,5.1,0.9,5.9],"texture":"#2"},"up":{"uv":[0.9,5.9,0.1,5.1],"rotation":90,"texture":"#2"},"down":{"uv":[0.9,5.9,0.1,5.1],"rotation":270,"texture":"#2"}}},{"from":[6.8793,6.86285,8.3678],"to":[6.9293,7.11421,9.17718],"rotation":{"angle":0,"axis":"y","origin":[8,8,8]},"faces":{"north":{"uv":[0.1,5.1,0.9,5.9],"texture":"#2"},"south":{"uv":[0.1,5.1,0.9,5.9],"texture":"#2"},"up":{"uv":[0.9,5.9,0.1,5.1],"rotation":90,"texture":"#2"},"down":{"uv":[0.9,5.9,0.1,5.1],"rotation":270,"texture":"#2"}}},{"from":[7.34978,6.52054,8.3678],"to":[7.39978,7.1719,9.17718],"rotation":{"angle":-22.5,"axis":"z","origin":[8,8,8]},"faces":{"north":{"uv":[0.1,5.1,0.9,5.9],"texture":"#2"},"south":{"uv":[0.1,5.1,0.9,5.9],"texture":"#2"},"up":{"uv":[0.9,5.9,0.1,5.1],"rotation":90,"texture":"#2"},"down":{"uv":[0.9,5.9,0.1,5.1],"rotation":270,"texture":"#2"}}},{"from":[7.84855,6.59453,9.16467],"to":[8.04964,6.63453,9.26467],"rotation":{"angle":45,"axis":"z","origin":[8,8,8]},"faces":{"east":{"uv":[0.1,15.1,0.9,15.9],"texture":"#2"},"south":{"uv":[0.1,15.1,0.9,15.9],"texture":"#2"},"west":{"uv":[0.1,15.1,0.9,15.9],"texture":"#2"}}},{"from":[8.38262,6.68051,9.16467],"to":[8.58371,6.72051,9.26467],"rotation":{"angle":22.5,"axis":"z","origin":[8,8,8]},"faces":{"east":{"uv":[0.1,15.1,0.9,15.9],"texture":"#2"},"south":{"uv":[0.1,15.1,0.9,15.9],"texture":"#2"},"west":{"uv":[0.1,15.1,0.9,15.9],"texture":"#2"}}},{"from":[8.84313,6.96433,9.16467],"to":[9.04422,7.00433,9.26467],"rotation":{"angle":0,"axis":"y","origin":[8,8,8]},"faces":{"east":{"uv":[0.1,15.1,0.9,15.9],"texture":"#2"},"south":{"uv":[0.1,15.1,0.9,15.9],"texture":"#2"},"west":{"uv":[0.1,15.1,0.9,15.9],"texture":"#2"}}},{"from":[9.15998,7.40277,9.16467],"to":[9.36107,7.44277,9.26467],"rotation":{"angle":-22.5,"axis":"z","origin":[8,8,8]},"faces":{"east":{"uv":[0.1,15.1,0.9,15.9],"texture":"#2"},"south":{"uv":[0.1,15.1,0.9,15.9],"texture":"#2"},"west":{"uv":[0.1,15.1,0.9,15.9],"texture":"#2"}}},{"from":[9.28492,7.9291,9.16467],"to":[9.48601,7.9691,9.26467],"rotation":{"angle":-45,"axis":"z","origin":[8,8,8]},"faces":{"east":{"uv":[0.1,15.1,0.9,15.9],"texture":"#2"},"south":{"uv":[0.1,15.1,0.9,15.9],"texture":"#2"},"west":{"uv":[0.1,15.1,0.9,15.9],"texture":"#2"}}},{"from":[8.46317,6.59996,9.16467],"to":[8.50317,6.80106,9.26467],"rotation":{"angle":22.5,"axis":"z","origin":[8,8,8]},"faces":{"south":{"uv":[0.1,15.1,0.9,15.9],"texture":"#2"},"up":{"uv":[0.9,15.9,0.1,15.1],"rotation":90,"texture":"#2"},"down":{"uv":[0.9,15.9,0.1,15.1],"rotation":270,"texture":"#2"}}},{"from":[8.92368,6.88378,9.16467],"to":[8.96368,7.08488,9.26467],"rotation":{"angle":0,"axis":"y","origin":[8,8,8]},"faces":{"south":{"uv":[0.1,15.1,0.9,15.9],"texture":"#2"},"up":{"uv":[0.9,15.9,0.1,15.1],"rotation":90,"texture":"#2"},"down":{"uv":[0.9,15.9,0.1,15.1],"rotation":270,"texture":"#2"}}},{"from":[9.24053,7.32222,9.16467],"to":[9.28053,7.52332,9.26467],"rotation":{"angle":-22.5,"axis":"z","origin":[8,8,8]},"faces":{"south":{"uv":[0.1,15.1,0.9,15.9],"texture":"#2"},"up":{"uv":[0.9,15.9,0.1,15.1],"rotation":90,"texture":"#2"},"down":{"uv":[0.9,15.9,0.1,15.1],"rotation":270,"texture":"#2"}}},{"from":[9.13859,7.88457,9.16467],"to":[9.33968,7.92457,9.26467],"rotation":{"angle":45,"axis":"z","origin":[8,8,8]},"faces":{"east":{"uv":[0.1,15.1,0.9,15.9],"texture":"#2"},"south":{"uv":[0.1,15.1,0.9,15.9],"texture":"#2"},"west":{"uv":[0.1,15.1,0.9,15.9],"texture":"#2"}}},{"from":[9.08079,8.36603,9.16467],"to":[9.28188,8.40603,9.26467],"rotation":{"angle":22.5,"axis":"z","origin":[8,8,8]},"faces":{"east":{"uv":[0.1,15.1,0.9,15.9],"texture":"#2"},"south":{"uv":[0.1,15.1,0.9,15.9],"texture":"#2"},"west":{"uv":[0.1,15.1,0.9,15.9],"texture":"#2"}}},{"from":[8.84313,8.78873,9.16467],"to":[9.04422,8.82873,9.26467],"rotation":{"angle":0,"axis":"y","origin":[8,8,8]},"faces":{"east":{"uv":[0.1,15.1,0.9,15.9],"texture":"#2"},"south":{"uv":[0.1,15.1,0.9,15.9],"texture":"#2"},"west":{"uv":[0.1,15.1,0.9,15.9],"texture":"#2"}}},{"from":[8.46181,9.0883,9.16467],"to":[8.6629,9.1283,9.26467],"rotation":{"angle":-22.5,"axis":"z","origin":[8,8,8]},"faces":{"east":{"uv":[0.1,15.1,0.9,15.9],"texture":"#2"},"south":{"uv":[0.1,15.1,0.9,15.9],"texture":"#2"},"west":{"uv":[0.1,15.1,0.9,15.9],"texture":"#2"}}},{"from":[7.99488,9.21914,9.16467],"to":[8.19597,9.25914,9.26467],"rotation":{"angle":-45,"axis":"z","origin":[8,8,8]},"faces":{"east":{"uv":[0.1,15.1,0.9,15.9],"texture":"#2"},"south":{"uv":[0.1,15.1,0.9,15.9],"texture":"#2"},"west":{"uv":[0.1,15.1,0.9,15.9],"texture":"#2"}}},{"from":[9.16134,8.28548,9.16467],"to":[9.20134,8.48658,9.26467],"rotation":{"angle":22.5,"axis":"z","origin":[8,8,8]},"faces":{"south":{"uv":[0.1,15.1,0.9,15.9],"texture":"#2"},"up":{"uv":[0.9,15.9,0.1,15.1],"rotation":90,"texture":"#2"},"down":{"uv":[0.9,15.9,0.1,15.1],"rotation":270,"texture":"#2"}}},{"from":[8.92368,8.70818,9.16467],"to":[8.96368,8.90928,9.26467],"rotation":{"angle":0,"axis":"y","origin":[8,8,8]},"faces":{"south":{"uv":[0.1,15.1,0.9,15.9],"texture":"#2"},"up":{"uv":[0.9,15.9,0.1,15.1],"rotation":90,"texture":"#2"},"down":{"uv":[0.9,15.9,0.1,15.1],"rotation":270,"texture":"#2"}}},{"from":[8.54236,9.00775,9.16467],"to":[8.58236,9.20885,9.26467],"rotation":{"angle":-22.5,"axis":"z","origin":[8,8,8]},"faces":{"south":{"uv":[0.1,15.1,0.9,15.9],"texture":"#2"},"up":{"uv":[0.9,15.9,0.1,15.1],"rotation":90,"texture":"#2"},"down":{"uv":[0.9,15.9,0.1,15.1],"rotation":270,"texture":"#2"}}},{"from":[7.6944,9.32876,9.16467],"to":[7.8955,9.36876,9.26467],"rotation":{"angle":45,"axis":"z","origin":[8,8,8]},"faces":{"east":{"uv":[0.1,15.1,0.9,15.9],"texture":"#2"},"south":{"uv":[0.1,15.1,0.9,15.9],"texture":"#2"},"west":{"uv":[0.1,15.1,0.9,15.9],"texture":"#2"}}},{"from":[7.19386,9.14762,9.16467],"to":[7.39496,9.18762,9.26467],"rotation":{"angle":22.5,"axis":"z","origin":[8,8,8]},"faces":{"east":{"uv":[0.1,15.1,0.9,15.9],"texture":"#2"},"south":{"uv":[0.1,15.1,0.9,15.9],"texture":"#2"},"west":{"uv":[0.1,15.1,0.9,15.9],"texture":"#2"}}},{"from":[6.80074,8.78873,9.16467],"to":[7.00184,8.82873,9.26467],"rotation":{"angle":0,"axis":"y","origin":[8,8,8]},"faces":{"east":{"uv":[0.1,15.1,0.9,15.9],"texture":"#2"},"south":{"uv":[0.1,15.1,0.9,15.9],"texture":"#2"},"west":{"uv":[0.1,15.1,0.9,15.9],"texture":"#2"}}},{"from":[6.57489,8.30671,9.16467],"to":[6.77599,8.34671,9.26467],"rotation":{"angle":-22.5,"axis":"z","origin":[8,8,8]},"faces":{"east":{"uv":[0.1,15.1,0.9,15.9],"texture":"#2"},"south":{"uv":[0.1,15.1,0.9,15.9],"texture":"#2"},"west":{"uv":[0.1,15.1,0.9,15.9],"texture":"#2"}}},{"from":[6.55069,7.77495,9.16467],"to":[6.75179,7.81495,9.26467],"rotation":{"angle":-45,"axis":"z","origin":[8,8,8]},"faces":{"east":{"uv":[0.1,15.1,0.9,15.9],"texture":"#2"},"south":{"uv":[0.1,15.1,0.9,15.9],"texture":"#2"},"west":{"uv":[0.1,15.1,0.9,15.9],"texture":"#2"}}},{"from":[7.27441,9.06707,9.16467],"to":[7.31441,9.26817,9.26467],"rotation":{"angle":22.5,"axis":"z","origin":[8,8,8]},"faces":{"south":{"uv":[0.1,15.1,0.9,15.9],"texture":"#2"},"up":{"uv":[0.9,15.9,0.1,15.1],"rotation":90,"texture":"#2"},"down":{"uv":[0.9,15.9,0.1,15.1],"rotation":270,"texture":"#2"}}},{"from":[6.88129,8.70818,9.16467],"to":[6.92129,8.90928,9.26467],"rotation":{"angle":0,"axis":"y","origin":[8,8,8]},"faces":{"south":{"uv":[0.1,15.1,0.9,15.9],"texture":"#2"},"up":{"uv":[0.9,15.9,0.1,15.1],"rotation":90,"texture":"#2"},"down":{"uv":[0.9,15.9,0.1,15.1],"rotation":270,"texture":"#2"}}},{"from":[6.65544,8.22616,9.16467],"to":[6.69544,8.42726,9.26467],"rotation":{"angle":-22.5,"axis":"z","origin":[8,8,8]},"faces":{"south":{"uv":[0.1,15.1,0.9,15.9],"texture":"#2"},"up":{"uv":[0.9,15.9,0.1,15.1],"rotation":90,"texture":"#2"},"down":{"uv":[0.9,15.9,0.1,15.1],"rotation":270,"texture":"#2"}}},{"from":[6.40436,8.03871,9.16467],"to":[6.60546,8.07871,9.26467],"rotation":{"angle":45,"axis":"z","origin":[8,8,8]},"faces":{"east":{"uv":[0.1,15.1,0.9,15.9],"texture":"#2"},"south":{"uv":[0.1,15.1,0.9,15.9],"texture":"#2"},"west":{"uv":[0.1,15.1,0.9,15.9],"texture":"#2"}}},{"from":[6.4957,7.4621,9.16467],"to":[6.6968,7.5021,9.26467],"rotation":{"angle":22.5,"axis":"z","origin":[8,8,8]},"faces":{"east":{"uv":[0.1,15.1,0.9,15.9],"texture":"#2"},"south":{"uv":[0.1,15.1,0.9,15.9],"texture":"#2"},"west":{"uv":[0.1,15.1,0.9,15.9],"texture":"#2"}}},{"from":[6.80074,6.96433,9.16467],"to":[7.00184,7.00433,9.26467],"rotation":{"angle":0,"axis":"y","origin":[8,8,8]},"faces":{"east":{"uv":[0.1,15.1,0.9,15.9],"texture":"#2"},"south":{"uv":[0.1,15.1,0.9,15.9],"texture":"#2"},"west":{"uv":[0.1,15.1,0.9,15.9],"texture":"#2"}}},{"from":[7.27306,6.62118,9.16467],"to":[7.47416,6.66118,9.26467],"rotation":{"angle":-22.5,"axis":"z","origin":[8,8,8]},"faces":{"east":{"uv":[0.1,15.1,0.9,15.9],"texture":"#2"},"south":{"uv":[0.1,15.1,0.9,15.9],"texture":"#2"},"west":{"uv":[0.1,15.1,0.9,15.9],"texture":"#2"}}},{"from":[7.84074,6.48491,9.16467],"to":[8.04184,6.52491,9.26467],"rotation":{"angle":-45,"axis":"z","origin":[8,8,8]},"faces":{"east":{"uv":[0.1,15.1,0.9,15.9],"texture":"#2"},"south":{"uv":[0.1,15.1,0.9,15.9],"texture":"#2"},"west":{"uv":[0.1,15.1,0.9,15.9],"texture":"#2"}}},{"from":[6.57625,7.38155,9.16467],"to":[6.61625,7.58265,9.26467],"rotation":{"angle":22.5,"axis":"z","origin":[8,8,8]},"faces":{"south":{"uv":[0.1,15.1,0.9,15.9],"texture":"#2"},"up":{"uv":[0.9,15.9,0.1,15.1],"rotation":90,"texture":"#2"},"down":{"uv":[0.9,15.9,0.1,15.1],"rotation":270,"texture":"#2"}}},{"from":[6.88129,6.88378,9.16467],"to":[6.92129,7.08488,9.26467],"rotation":{"angle":0,"axis":"y","origin":[8,8,8]},"faces":{"south":{"uv":[0.1,15.1,0.9,15.9],"texture":"#2"},"up":{"uv":[0.9,15.9,0.1,15.1],"rotation":90,"texture":"#2"},"down":{"uv":[0.9,15.9,0.1,15.1],"rotation":270,"texture":"#2"}}},{"from":[7.35361,6.54063,9.16467],"to":[7.39361,6.74173,9.26467],"rotation":{"angle":-22.5,"axis":"z","origin":[8,8,8]},"faces":{"south":{"uv":[0.1,15.1,0.9,15.9],"texture":"#2"},"up":{"uv":[0.9,15.9,0.1,15.1],"rotation":90,"texture":"#2"},"down":{"uv":[0.9,15.9,0.1,15.1],"rotation":270,"texture":"#2"}}},{"from":[6.90866,7.74879,6.9303],"to":[7.00866,8.14879,10.37718],"rotation":{"angle":45,"axis":"z","origin":[8,8,8]},"faces":{"north":{"uv":[0.1,5.1,0.9,5.9],"texture":"#2"},"east":{"uv":[0.1,5.1,0.9,5.9],"texture":"#2"},"south":{"uv":[0.1,5.1,0.9,5.9],"texture":"#2"},"west":{"uv":[0.1,5.1,0.9,5.9],"texture":"#2"}}},{"from":[6.9348,7.71983,6.9303],"to":[7.0348,8.11983,10.37718],"rotation":{"angle":22.5,"axis":"z","origin":[8,8,8]},"faces":{"north":{"uv":[0.1,5.1,0.9,5.9],"texture":"#2"},"east":{"uv":[0.1,5.1,0.9,5.9],"texture":"#2"},"south":{"uv":[0.1,5.1,0.9,5.9],"texture":"#2"},"west":{"uv":[0.1,5.1,0.9,5.9],"texture":"#2"}}},{"from":[6.97002,7.70307,6.9303],"to":[7.07002,8.10307,10.37718],"rotation":{"angle":0,"axis":"y","origin":[8,8,8]},"faces":{"north":{"uv":[0.1,5.1,0.9,5.9],"texture":"#2"},"east":{"uv":[0.1,5.1,0.9,5.9],"texture":"#2"},"south":{"uv":[0.1,5.1,0.9,5.9],"texture":"#2"},"west":{"uv":[0.1,5.1,0.9,5.9],"texture":"#2"}}},{"from":[7.00898,7.70107,6.9303],"to":[7.10898,8.10107,10.37718],"rotation":{"angle":-22.5,"axis":"z","origin":[8,8,8]},"faces":{"north":{"uv":[0.1,5.1,0.9,5.9],"texture":"#2"},"east":{"uv":[0.1,5.1,0.1,5.1],"texture":"#2"},"south":{"uv":[0.1,5.1,0.9,5.9],"texture":"#2"},"west":{"uv":[0.1,5.1,0.9,5.9],"texture":"#2"}}},{"from":[7.04574,7.71413,6.9303],"to":[7.14574,8.11413,10.37718],"rotation":{"angle":-45,"axis":"z","origin":[8,8,8]},"faces":{"north":{"uv":[0.1,5.1,0.9,5.9],"texture":"#2"},"east":{"uv":[0.1,5.1,0.9,5.9],"texture":"#2"},"south":{"uv":[0.1,5.1,0.9,5.9],"texture":"#2"},"west":{"uv":[0.1,5.1,0.9,5.9],"texture":"#2"}}},{"from":[8.8196,7.74879,6.9303],"to":[8.9196,8.14879,10.37718],"rotation":{"angle":45,"axis":"z","origin":[8,8,8]},"faces":{"north":{"uv":[0.1,5.1,0.9,5.9],"texture":"#2"},"east":{"uv":[0.1,5.1,0.9,5.9],"texture":"#2"},"south":{"uv":[0.1,5.1,0.9,5.9],"texture":"#2"},"west":{"uv":[0.1,5.1,0.9,5.9],"texture":"#2"}}},{"from":[8.84573,7.71982,6.9303],"to":[8.94573,8.11982,10.37718],"rotation":{"angle":22.5,"axis":"z","origin":[8,8,8]},"faces":{"north":{"uv":[0.1,5.1,0.9,5.9],"texture":"#2"},"east":{"uv":[0.1,5.1,0.9,5.9],"texture":"#2"},"south":{"uv":[0.1,5.1,0.9,5.9],"texture":"#2"},"west":{"uv":[0.1,5.1,0.9,5.9],"texture":"#2"}}},{"from":[8.88096,7.70307,6.9303],"to":[8.98096,8.10307,10.37718],"rotation":{"angle":0,"axis":"y","origin":[8,8,8]},"faces":{"north":{"uv":[0.1,5.1,0.9,5.9],"texture":"#2"},"east":{"uv":[0.1,5.1,0.9,5.9],"texture":"#2"},"south":{"uv":[0.1,5.1,0.9,5.9],"texture":"#2"},"west":{"uv":[0.1,5.1,0.9,5.9],"texture":"#2"}}},{"from":[8.91992,7.70107,6.9303],"to":[9.01992,8.10107,10.37718],"rotation":{"angle":-22.5,"axis":"z","origin":[8,8,8]},"faces":{"north":{"uv":[0.1,5.1,0.9,5.9],"texture":"#2"},"east":{"uv":[0.1,5.1,0.9,5.9],"texture":"#2"},"south":{"uv":[0.1,5.1,0.9,5.9],"texture":"#2"},"west":{"uv":[0.1,5.1,0.9,5.9],"texture":"#2"}}},{"from":[8.95668,7.71413,6.9303],"to":[9.05668,8.11413,10.37718],"rotation":{"angle":-45,"axis":"z","origin":[8,8,8]},"faces":{"north":{"uv":[0.1,5.1,0.9,5.9],"texture":"#2"},"east":{"uv":[0.1,5.1,0.9,5.9],"texture":"#2"},"south":{"uv":[0.1,5.1,0.9,5.9],"texture":"#2"},"west":{"uv":[0.1,5.1,0.9,5.9],"texture":"#2"}}},{"from":[7.74026,6.91436,6.9303],"to":[8.14026,7.01436,10.37718],"rotation":{"angle":22.5,"axis":"z","origin":[8,8,8]},"faces":{"north":{"uv":[0.1,5.1,0.9,5.9],"texture":"#2"},"south":{"uv":[0.1,5.1,0.9,5.9],"texture":"#2"},"up":{"uv":[0.9,5.9,0.1,5.1],"rotation":90,"texture":"#2"},"down":{"uv":[0.9,5.9,0.1,5.1],"rotation":270,"texture":"#2"}}},{"from":[7.77549,6.89761,6.9303],"to":[8.17549,6.99761,10.37718],"rotation":{"angle":0,"axis":"y","origin":[8,8,8]},"faces":{"north":{"uv":[0.1,5.1,0.9,5.9],"texture":"#2"},"south":{"uv":[0.1,5.1,0.9,5.9],"texture":"#2"},"up":{"uv":[0.9,5.9,0.1,5.1],"rotation":90,"texture":"#2"},"down":{"uv":[0.9,5.9,0.1,5.1],"rotation":270,"texture":"#2"}}},{"from":[7.81445,6.89561,6.9303],"to":[8.21445,6.99561,10.37718],"rotation":{"angle":-22.5,"axis":"z","origin":[8,8,8]},"faces":{"north":{"uv":[0.1,5.1,0.9,5.9],"texture":"#2"},"south":{"uv":[0.1,5.1,0.9,5.9],"texture":"#2"},"up":{"uv":[0.9,5.9,0.1,5.1],"rotation":90,"texture":"#2"},"down":{"uv":[0.9,5.9,0.1,5.1],"rotation":270,"texture":"#2"}}},{"from":[7.74026,8.82529,6.9303],"to":[8.14026,8.92529,10.37718],"rotation":{"angle":22.5,"axis":"z","origin":[8,8,8]},"faces":{"north":{"uv":[0.1,5.1,0.9,5.9],"texture":"#2"},"south":{"uv":[0.1,5.1,0.9,5.9],"texture":"#2"},"up":{"uv":[0.9,5.9,0.1,5.1],"rotation":90,"texture":"#2"},"down":{"uv":[0.9,5.9,0.1,5.1],"rotation":270,"texture":"#2"}}},{"from":[7.77549,8.80854,6.9303],"to":[8.17549,8.90854,10.37718],"rotation":{"angle":0,"axis":"y","origin":[8,8,8]},"faces":{"north":{"uv":[0.1,5.1,0.9,5.9],"texture":"#2"},"south":{"uv":[0.1,5.1,0.9,5.9],"texture":"#2"},"up":{"uv":[0.9,5.9,0.1,5.1],"rotation":90,"texture":"#2"},"down":{"uv":[0.9,5.9,0.1,5.1],"rotation":270,"texture":"#2"}}},{"from":[7.81445,8.80654,6.9303],"to":[8.21445,8.90654,10.37718],"rotation":{"angle":-22.5,"axis":"z","origin":[8,8,8]},"faces":{"north":{"uv":[0.1,5.1,0.9,5.9],"texture":"#2"},"south":{"uv":[0.1,5.1,0.9,5.9],"texture":"#2"},"up":{"uv":[0.9,5.9,0.1,5.1],"rotation":90,"texture":"#2"},"down":{"uv":[0.9,5.9,0.1,5.1],"rotation":270,"texture":"#2"}}},{"from":[6.91971,7.75984,10.3678],"to":[7.08221,8.15984,10.61468],"rotation":{"angle":45,"axis":"z","origin":[8,8,8]},"faces":{"north":{"uv":[0.1,5.1,0.9,5.9],"texture":"#2"},"east":{"uv":[0.1,5.1,0.9,5.9],"texture":"#2"},"south":{"uv":[0.1,5.1,0.9,5.9],"texture":"#2"},"west":{"uv":[0.1,5.1,0.9,5.9],"texture":"#2"}}},{"from":[6.94078,7.73426,10.3678],"to":[7.10328,8.13426,10.61468],"rotation":{"angle":22.5,"axis":"z","origin":[8,8,8]},"faces":{"north":{"uv":[0.1,5.1,0.9,5.9],"texture":"#2"},"east":{"uv":[0.1,5.1,0.9,5.9],"texture":"#2"},"south":{"uv":[0.1,5.1,0.9,5.9],"texture":"#2"},"west":{"uv":[0.1,5.1,0.9,5.9],"texture":"#2"}}},{"from":[6.97002,7.7187,10.3678],"to":[7.13252,8.1187,10.61468],"rotation":{"angle":0,"axis":"y","origin":[8,8,8]},"faces":{"north":{"uv":[0.1,5.1,0.9,5.9],"texture":"#2"},"east":{"uv":[0.1,5.1,0.9,5.9],"texture":"#2"},"south":{"uv":[0.1,5.1,0.9,5.9],"texture":"#2"},"west":{"uv":[0.1,5.1,0.9,5.9],"texture":"#2"}}},{"from":[7.003,7.71551,10.3678],"to":[7.18113,8.11551,10.61468],"rotation":{"angle":-22.5,"axis":"z","origin":[8,8,8]},"faces":{"north":{"uv":[0.1,5.1,0.9,5.9],"texture":"#2"},"east":{"uv":[0.1,5.1,0.9,5.9],"texture":"#2"},"south":{"uv":[0.1,5.1,0.9,5.9],"texture":"#2"},"west":{"uv":[0.1,5.1,0.9,5.9],"texture":"#2"}}},{"from":[7.03469,7.72518,10.3678],"to":[7.21282,8.12518,10.61468],"rotation":{"angle":-45,"axis":"z","origin":[8,8,8]},"faces":{"north":{"uv":[0.1,5.1,0.9,5.9],"texture":"#2"},"east":{"uv":[0.1,5.1,0.9,5.9],"texture":"#2"},"south":{"uv":[0.1,5.1,0.9,5.9],"texture":"#2"},"west":{"uv":[0.1,5.1,0.9,5.9],"texture":"#2"}}},{"from":[8.75252,7.75984,10.3678],"to":[8.93065,8.15984,10.61468],"rotation":{"angle":45,"axis":"z","origin":[8,8,8]},"faces":{"north":{"uv":[0.1,5.1,0.9,5.9],"texture":"#2"},"east":{"uv":[0.1,5.1,0.9,5.9],"texture":"#2"},"south":{"uv":[0.1,5.1,0.9,5.9],"texture":"#2"},"west":{"uv":[0.1,5.1,0.9,5.9],"texture":"#2"}}},{"from":[8.77359,7.73426,10.3678],"to":[8.95172,8.13426,10.61468],"rotation":{"angle":22.5,"axis":"z","origin":[8,8,8]},"faces":{"north":{"uv":[0.1,5.1,0.9,5.9],"texture":"#2"},"east":{"uv":[0.1,5.1,0.9,5.9],"texture":"#2"},"south":{"uv":[0.1,5.1,0.9,5.9],"texture":"#2"},"west":{"uv":[0.1,5.1,0.9,5.9],"texture":"#2"}}},{"from":[8.80283,7.7187,10.3678],"to":[8.98096,8.1187,10.61468],"rotation":{"angle":0,"axis":"y","origin":[8,8,8]},"faces":{"north":{"uv":[0.1,5.1,0.9,5.9],"texture":"#2"},"east":{"uv":[0.1,5.1,0.9,5.9],"texture":"#2"},"south":{"uv":[0.1,5.1,0.9,5.9],"texture":"#2"},"west":{"uv":[0.1,5.1,0.9,5.9],"texture":"#2"}}},{"from":[8.83581,7.71551,10.3678],"to":[9.01394,8.11551,10.61468],"rotation":{"angle":-22.5,"axis":"z","origin":[8,8,8]},"faces":{"north":{"uv":[0.1,5.1,0.9,5.9],"texture":"#2"},"east":{"uv":[0.1,5.1,0.9,5.9],"texture":"#2"},"south":{"uv":[0.1,5.1,0.9,5.9],"texture":"#2"},"west":{"uv":[0.1,5.1,0.9,5.9],"texture":"#2"}}},{"from":[8.8675,7.72518,10.3678],"to":[9.04563,8.12518,10.61468],"rotation":{"angle":-45,"axis":"z","origin":[8,8,8]},"faces":{"north":{"uv":[0.1,5.1,0.9,5.9],"texture":"#2"},"east":{"uv":[0.1,5.1,0.9,5.9],"texture":"#2"},"south":{"uv":[0.1,5.1,0.9,5.9],"texture":"#2"},"west":{"uv":[0.1,5.1,0.9,5.9],"texture":"#2"}}},{"from":[7.74625,6.92879,10.3678],"to":[8.14625,7.10692,10.61468],"rotation":{"angle":22.5,"axis":"z","origin":[8,8,8]},"faces":{"north":{"uv":[0.1,5.1,0.9,5.9],"texture":"#2"},"south":{"uv":[0.1,5.1,0.9,5.9],"texture":"#2"},"up":{"uv":[0.9,5.9,0.1,5.1],"rotation":90,"texture":"#2"},"down":{"uv":[0.9,5.9,0.1,5.1],"rotation":270,"texture":"#2"}}},{"from":[7.77549,6.91323,10.3678],"to":[8.17549,7.09136,10.61468],"rotation":{"angle":0,"axis":"y","origin":[8,8,8]},"faces":{"north":{"uv":[0.1,5.1,0.9,5.9],"texture":"#2"},"south":{"uv":[0.1,5.1,0.9,5.9],"texture":"#2"},"up":{"uv":[0.9,5.9,0.1,5.1],"rotation":90,"texture":"#2"},"down":{"uv":[0.9,5.9,0.1,5.1],"rotation":270,"texture":"#2"}}},{"from":[7.80847,6.91004,10.3678],"to":[8.20847,7.07254,10.61468],"rotation":{"angle":-22.5,"axis":"z","origin":[8,8,8]},"faces":{"north":{"uv":[0.1,5.1,0.9,5.9],"texture":"#2"},"south":{"uv":[0.1,5.1,0.9,5.9],"texture":"#2"},"up":{"uv":[0.9,5.9,0.1,5.1],"rotation":90,"texture":"#2"},"down":{"uv":[0.9,5.9,0.1,5.1],"rotation":270,"texture":"#2"}}},{"from":[7.74625,8.7616,10.3678],"to":[8.14625,8.93973,10.61468],"rotation":{"angle":22.5,"axis":"z","origin":[8,8,8]},"faces":{"north":{"uv":[0.1,5.1,0.9,5.9],"texture":"#2"},"south":{"uv":[0.1,5.1,0.9,5.9],"texture":"#2"},"up":{"uv":[0.9,5.9,0.1,5.1],"rotation":90,"texture":"#2"},"down":{"uv":[0.9,5.9,0.1,5.1],"rotation":270,"texture":"#2"}}},{"from":[7.77549,8.74604,10.3678],"to":[8.17549,8.92417,10.61468],"rotation":{"angle":0,"axis":"y","origin":[8,8,8]},"faces":{"north":{"uv":[0.1,5.1,0.9,5.9],"texture":"#2"},"south":{"uv":[0.1,5.1,0.9,5.9],"texture":"#2"},"up":{"uv":[0.9,5.9,0.1,5.1],"rotation":90,"texture":"#2"},"down":{"uv":[0.9,5.9,0.1,5.1],"rotation":270,"texture":"#2"}}},{"from":[7.80847,8.74285,10.3678],"to":[8.20847,8.92098,10.61468],"rotation":{"angle":-22.5,"axis":"z","origin":[8,8,8]},"faces":{"north":{"uv":[0.1,5.1,0.9,5.9],"texture":"#2"},"south":{"uv":[0.1,5.1,0.9,5.9],"texture":"#2"},"up":{"uv":[0.9,5.9,0.1,5.1],"rotation":90,"texture":"#2"},"down":{"uv":[0.9,5.9,0.1,5.1],"rotation":270,"texture":"#2"}}},{"from":[6.69002,7.72949,8.3678],"to":[6.91014,8.08574,9.17718],"rotation":{"angle":45,"axis":"z","origin":[8,8,8]},"faces":{"north":{"uv":[0.1,5.1,0.9,5.9],"texture":"#2"},"south":{"uv":[0.1,5.1,0.9,5.9],"texture":"#2"}}},{"from":[7.36436,6.9476,8.3678],"to":[7.58447,7.05073,9.17718],"rotation":{"angle":0,"axis":"y","origin":[8,8,8]},"faces":{"north":{"uv":[0.1,5.1,0.9,5.9],"texture":"#2"},"south":{"uv":[0.1,5.1,0.9,5.9],"texture":"#2"}}},{"from":[6.97549,6.98198,8.3678],"to":[7.17998,7.43198,9.17718],"rotation":{"angle":0,"axis":"y","origin":[8,8,8]},"faces":{"north":{"uv":[0.1,5.1,0.9,5.9],"texture":"#2"},"south":{"uv":[0.1,5.1,0.9,5.9],"texture":"#2"}}},{"from":[7.14529,6.7219,8.3678],"to":[7.34978,7.1719,9.17718],"rotation":{"angle":-22.5,"axis":"z","origin":[8,8,8]},"faces":{"north":{"uv":[0.1,5.1,0.9,5.9],"texture":"#2"},"south":{"uv":[0.1,5.1,0.9,5.9],"texture":"#2"},"down":{"uv":[0.9,5.9,0.1,5.1],"rotation":270,"texture":"#2"}}},{"from":[7.49497,6.4921,8.3678],"to":[7.69946,7.0421,9.17718],"rotation":{"angle":-45,"axis":"z","origin":[8,8,8]},"faces":{"north":{"uv":[0.1,5.1,0.9,5.9],"texture":"#2"},"south":{"uv":[0.1,5.1,0.9,5.9],"texture":"#2"},"down":{"uv":[0.9,5.9,0.1,5.1],"rotation":270,"texture":"#2"}}},{"from":[6.41361,7.88955,8.3678],"to":[6.96361,8.19404,9.17718],"rotation":{"angle":22.5,"axis":"z","origin":[8,8,8]},"faces":{"north":{"uv":[0.1,5.1,0.9,5.9],"texture":"#2"},"south":{"uv":[0.1,5.1,0.9,5.9],"texture":"#2"},"west":{"uv":[0.1,5.1,0.9,5.9],"rotation":180,"texture":"#2"}}},{"from":[6.46011,7.57219,8.3678],"to":[7.01011,8.22927,9.17718],"rotation":{"angle":0,"axis":"y","origin":[8,8,8]},"faces":{"north":{"uv":[0.1,5.1,0.9,5.9],"texture":"#2"},"south":{"uv":[0.1,5.1,0.9,5.9],"texture":"#2"},"west":{"uv":[0.1,5.1,0.9,5.9],"rotation":180,"texture":"#2"}}},{"from":[6.48959,7.62253,8.3678],"to":[7.03959,7.92702,9.17718],"rotation":{"angle":-22.5,"axis":"z","origin":[8,8,8]},"faces":{"north":{"uv":[0.1,5.1,0.9,5.9],"texture":"#2"},"south":{"uv":[0.1,5.1,0.9,5.9],"texture":"#2"},"west":{"uv":[0.1,5.1,0.9,5.9],"rotation":180,"texture":"#2"}}},{"from":[7.35458,8.81751,8.3678],"to":[7.55907,9.36751,9.17718],"rotation":{"angle":45,"axis":"z","origin":[8,8,8]},"faces":{"north":{"uv":[0.1,5.1,0.9,5.9],"texture":"#2"},"south":{"uv":[0.1,5.1,0.9,5.9],"texture":"#2"},"up":{"uv":[0.9,5.9,0.1,5.1],"rotation":90,"texture":"#2"}}},{"from":[7.06931,8.64467,8.3678],"to":[7.3738,9.09467,9.17718],"rotation":{"angle":22.5,"axis":"z","origin":[8,8,8]},"faces":{"north":{"uv":[0.1,5.1,0.9,5.9],"texture":"#2"},"south":{"uv":[0.1,5.1,0.9,5.9],"texture":"#2"},"up":{"uv":[0.9,5.9,0.1,5.1],"rotation":90,"texture":"#2"}}},{"from":[6.8409,7.78139,8.3678],"to":[7.04539,8.13764,9.17718],"rotation":{"angle":-45,"axis":"z","origin":[8,8,8]},"faces":{"north":{"uv":[0.1,5.1,0.9,5.9],"texture":"#2"},"south":{"uv":[0.1,5.1,0.9,5.9],"texture":"#2"}}},{"from":[7.36436,8.7476,8.3678],"to":[7.58447,8.81948,9.17718],"rotation":{"angle":0,"axis":"y","origin":[8,8,8]},"faces":{"north":{"uv":[0.1,5.1,0.9,5.9],"texture":"#2"},"south":{"uv":[0.1,5.1,0.9,5.9],"texture":"#2"}}},{"from":[6.97549,8.46948,8.3678],"to":[7.17998,8.81948,9.17718],"rotation":{"angle":0,"axis":"y","origin":[8,8,8]},"faces":{"north":{"uv":[0.1,5.1,0.9,5.9],"texture":"#2"},"south":{"uv":[0.1,5.1,0.9,5.9],"texture":"#2"}}},{"from":[7.02782,7.77219,9.46748],"to":[7.41657,8.02927,9.67686],"rotation":{"angle":-22.5,"axis":"y","origin":[8,8,8]},"faces":{"south":{"uv":[0.1,5.1,0.9,5.9],"texture":"#2"},"up":{"uv":[0.9,5.9,0.1,5.1],"rotation":90,"texture":"#2"},"down":{"uv":[0.9,5.9,0.1,5.1],"rotation":270,"texture":"#2"}}},{"from":[7.20509,8.63513,9.1678],"to":[7.37071,8.77222,9.33718],"rotation":{"angle":22.5,"axis":"z","origin":[8,8,8]},"faces":{"south":{"uv":[0.1,5.1,0.9,5.9],"texture":"#2"},"up":{"uv":[0.9,5.9,0.1,5.1],"rotation":90,"texture":"#2"}}},{"from":[6.98236,7.39549,9.1678],"to":[7.13945,7.56111,9.33718],"rotation":{"angle":-45,"axis":"z","origin":[8,8,8]},"faces":{"south":{"uv":[0.1,5.1,0.9,5.9],"texture":"#2"},"west":{"uv":[0.1,5.1,0.9,5.9],"texture":"#2"}}},{"from":[6.82849,7.66531,9.1678],"to":[6.98558,7.83094,9.33718],"rotation":{"angle":-22.5,"axis":"z","origin":[8,8,8]},"faces":{"south":{"uv":[0.1,5.1,0.9,5.9],"texture":"#2"},"west":{"uv":[0.1,5.1,0.9,5.9],"texture":"#2"}}},{"from":[6.78958,7.66704,9.1678],"to":[6.94667,8.13911,9.33718],"rotation":{"angle":0,"axis":"y","origin":[8,8,8]},"faces":{"south":{"uv":[0.1,5.1,0.9,5.9],"texture":"#2"},"west":{"uv":[0.1,5.1,0.9,5.9],"texture":"#2"}}},{"from":[7.27928,7.04868,9.1678],"to":[7.4449,7.18577,9.33718],"rotation":{"angle":-22.5,"axis":"z","origin":[8,8,8]},"faces":{"south":{"uv":[0.9,5.1,0.1,5.9],"texture":"#2"},"down":{"uv":[0.9,4.1,0.1,4.9],"rotation":90,"texture":"#2"}}},{"from":[6.7543,7.98996,9.1678],"to":[6.91139,8.15558,9.33718],"rotation":{"angle":22.5,"axis":"z","origin":[8,8,8]},"faces":{"south":{"uv":[0.1,5.1,0.9,5.9],"texture":"#2"},"west":{"uv":[0.1,4.1,0.9,4.9],"texture":"#2"}}},{"from":[6.84528,8.30181,9.1678],"to":[7.00237,8.46744,9.33718],"rotation":{"angle":45,"axis":"z","origin":[8,8,8]},"faces":{"south":{"uv":[0.1,5.1,0.9,5.9],"texture":"#2"},"west":{"uv":[0.1,4.1,0.9,4.9],"texture":"#2"}}},{"from":[8.98449,7.62412,8.3678],"to":[9.20461,7.98037,9.17718],"rotation":{"angle":-45,"axis":"z","origin":[8,8,8]},"faces":{"north":{"uv":[0.9,5.1,0.1,5.9],"texture":"#2"},"south":{"uv":[0.9,5.1,0.1,5.9],"texture":"#2"}}},{"from":[8.29776,6.9476,8.3678],"to":[8.48662,7.05073,9.17718],"rotation":{"angle":0,"axis":"y","origin":[8,8,8]},"faces":{"north":{"uv":[0.9,5.1,0.1,5.9],"texture":"#2"},"south":{"uv":[0.9,5.1,0.1,5.9],"texture":"#2"}}},{"from":[8.68662,6.98198,8.3678],"to":[8.87549,7.3226,9.17718],"rotation":{"angle":0,"axis":"y","origin":[8,8,8]},"faces":{"north":{"uv":[0.9,5.1,0.1,5.9],"texture":"#2"},"south":{"uv":[0.9,5.1,0.1,5.9],"texture":"#2"}}},{"from":[8.51255,6.77893,8.3678],"to":[8.71704,7.12893,9.17718],"rotation":{"angle":22.5,"axis":"z","origin":[8,8,8]},"faces":{"north":{"uv":[0.1,5.1,0.9,5.9],"texture":"#2"},"south":{"uv":[0.1,5.1,0.9,5.9],"texture":"#2"},"down":{"uv":[0.9,5.9,0.1,5.1],"rotation":270,"texture":"#2"}}},{"from":[8.19517,6.59747,8.3678],"to":[8.39966,7.06935,9.17718],"rotation":{"angle":45,"axis":"z","origin":[8,8,8]},"faces":{"north":{"uv":[0.1,5.1,0.9,5.9],"texture":"#2"},"south":{"uv":[0.1,5.1,0.9,5.9],"texture":"#2"},"down":{"uv":[0.9,5.9,0.1,5.1],"rotation":270,"texture":"#2"}}},{"from":[8.92997,7.83252,8.3678],"to":[9.44872,8.13701,9.17718],"rotation":{"angle":-22.5,"axis":"z","origin":[8,8,8]},"faces":{"north":{"uv":[0.1,5.1,0.9,5.9],"texture":"#2"},"east":{"uv":[0.1,5.1,0.9,5.9],"texture":"#2"},"south":{"uv":[0.1,5.1,0.9,5.9],"texture":"#2"}}},{"from":[8.88774,7.57219,8.3678],"to":[9.39087,8.22927,9.17718],"rotation":{"angle":0,"axis":"y","origin":[8,8,8]},"faces":{"north":{"uv":[0.1,5.1,0.9,5.9],"texture":"#2"},"east":{"uv":[0.1,5.1,0.9,5.9],"texture":"#2"},"south":{"uv":[0.1,5.1,0.9,5.9],"texture":"#2"}}},{"from":[8.86961,7.67956,8.3678],"to":[9.37274,7.98405,9.17718],"rotation":{"angle":22.5,"axis":"z","origin":[8,8,8]},"faces":{"north":{"uv":[0.1,5.1,0.9,5.9],"texture":"#2"},"east":{"uv":[0.1,5.1,0.9,5.9],"texture":"#2"},"south":{"uv":[0.1,5.1,0.9,5.9],"texture":"#2"}}},{"from":[8.33556,8.79026,8.3678],"to":[8.54005,9.26214,9.17718],"rotation":{"angle":-45,"axis":"z","origin":[8,8,8]},"faces":{"north":{"uv":[0.1,4.1,0.9,4.9],"texture":"#2"},"south":{"uv":[0.1,4.1,0.9,4.9],"texture":"#2"},"up":{"uv":[0.9,4.9,0.1,4.1],"rotation":90,"texture":"#2"}}},{"from":[8.51978,8.68139,8.3678],"to":[8.79302,9.03764,9.17718],"rotation":{"angle":-22.5,"axis":"z","origin":[8,8,8]},"faces":{"north":{"uv":[0.1,4.1,0.9,4.9],"texture":"#2"},"south":{"uv":[0.1,4.1,0.9,4.9],"texture":"#2"},"up":{"uv":[0.9,4.9,0.1,4.1],"rotation":90,"texture":"#2"}}},{"from":[8.84925,7.88676,8.3678],"to":[9.05374,8.24301,9.17718],"rotation":{"angle":45,"axis":"z","origin":[8,8,8]},"faces":{"north":{"uv":[0.9,5.1,0.1,5.9],"texture":"#2"},"south":{"uv":[0.9,5.1,0.1,5.9],"texture":"#2"}}},{"from":[8.32901,8.7476,8.3678],"to":[8.48662,8.81948,9.17718],"rotation":{"angle":0,"axis":"y","origin":[8,8,8]},"faces":{"north":{"uv":[0.9,5.1,0.1,5.9],"texture":"#2"},"south":{"uv":[0.9,5.1,0.1,5.9],"texture":"#2"}}},{"from":[8.671,8.50073,8.3678],"to":[8.87549,8.81948,9.17718],"rotation":{"angle":0,"axis":"y","origin":[8,8,8]},"faces":{"north":{"uv":[0.9,5.1,0.1,5.9],"texture":"#2"},"south":{"uv":[0.9,5.1,0.1,5.9],"texture":"#2"}}},{"from":[8.54504,8.68359,9.1678],"to":[8.63963,8.75547,9.37718],"rotation":{"angle":0,"axis":"y","origin":[8,8,8]},"faces":{"south":{"uv":[0.1,5.1,0.9,5.9],"texture":"#2"},"up":{"uv":[0.9,5.9,0.1,5.1],"rotation":90,"texture":"#2"}}},{"from":[8.30184,8.77086,9.1678],"to":[8.59018,8.94273,9.37718],"rotation":{"angle":-22.5,"axis":"z","origin":[8,8,8]},"faces":{"south":{"uv":[0.1,5.1,0.9,5.9],"texture":"#2"},"up":{"uv":[0.9,5.9,0.1,5.1],"rotation":90,"texture":"#2"}}},{"from":[8.18449,8.92495,9.1678],"to":[8.47283,9.09683,9.37718],"rotation":{"angle":-45,"axis":"z","origin":[8,8,8]},"faces":{"south":{"uv":[0.1,5.1,0.9,5.9],"texture":"#2"},"up":{"uv":[0.9,5.9,0.1,5.1],"rotation":90,"texture":"#2"}}},{"from":[9.0224,7.69457,9.1678],"to":[9.19428,7.98291,9.37718],"rotation":{"angle":22.5,"axis":"z","origin":[8,8,8]},"faces":{"east":{"uv":[0.1,5.1,0.9,5.9],"texture":"#2"},"south":{"uv":[0.1,5.1,0.9,5.9],"texture":"#2"}}},{"from":[9.09658,7.83799,9.1678],"to":[9.26846,8.12633,9.37718],"rotation":{"angle":-22.5,"axis":"z","origin":[8,8,8]},"faces":{"east":{"uv":[0.1,4.9,0.9,4.1],"texture":"#2"},"south":{"uv":[0.9,5.1,0.1,5.9],"texture":"#2"}}},{"from":[8.0474,6.7661,9.1678],"to":[8.33574,6.91797,9.37718],"rotation":{"angle":45,"axis":"z","origin":[8,8,8]},"faces":{"south":{"uv":[0.1,5.1,0.9,5.9],"texture":"#2"},"down":{"uv":[0.9,5.9,0.1,5.1],"rotation":270,"texture":"#2"}}},{"from":[8.22765,6.87816,9.1678],"to":[8.51599,7.04004,9.37718],"rotation":{"angle":22.5,"axis":"z","origin":[8,8,8]},"faces":{"south":{"uv":[0.1,5.1,0.9,5.9],"texture":"#2"},"down":{"uv":[0.9,5.9,0.1,5.1],"rotation":270,"texture":"#2"}}},{"from":[8.54504,7.05068,9.1678],"to":[8.63963,7.12255,9.37718],"rotation":{"angle":0,"axis":"y","origin":[8,8,8]},"faces":{"south":{"uv":[0.1,5.1,0.9,5.9],"texture":"#2"},"down":{"uv":[0.9,5.9,0.1,5.1],"rotation":270,"texture":"#2"}}},{"from":[9.04837,7.6313,9.1678],"to":[9.22025,8.17485,9.37718],"rotation":{"angle":0,"axis":"y","origin":[8,8,8]},"faces":{"east":{"uv":[0.1,4.9,0.9,4.1],"texture":"#2"},"south":{"uv":[0.9,5.1,0.1,5.9],"texture":"#2"}}},{"from":[6.8294,7.73765,6.3303],"to":[6.9294,8.16765,6.93029],"rotation":{"angle":45,"axis":"z","origin":[8,8,8]},"faces":{"east":{"uv":[0.1,5.1,0.9,5.9],"texture":"#2"},"south":{"uv":[0.1,5.1,0.9,5.9],"texture":"#2"},"west":{"uv":[0.1,5.1,0.9,5.9],"texture":"#2"}}},{"from":[6.85435,7.70692,6.3303],"to":[6.95435,8.13692,6.93029],"rotation":{"angle":22.5,"axis":"z","origin":[8,8,8]},"faces":{"east":{"uv":[0.1,5.1,0.9,5.9],"texture":"#2"},"south":{"uv":[0.1,5.1,0.9,5.9],"texture":"#2"},"west":{"uv":[0.1,5.1,0.9,5.9],"texture":"#2"}}},{"from":[6.88916,7.68808,6.3303],"to":[6.98916,8.11808,6.93029],"rotation":{"angle":0,"axis":"y","origin":[8,8,8]},"faces":{"east":{"uv":[0.1,5.1,0.9,5.9],"texture":"#2"},"south":{"uv":[0.1,5.1,0.9,5.9],"texture":"#2"},"west":{"uv":[0.1,5.1,0.9,5.9],"texture":"#2"}}},{"from":[6.92853,7.68399,6.3303],"to":[7.02853,8.11399,6.93029],"rotation":{"angle":-22.5,"axis":"z","origin":[8,8,8]},"faces":{"east":{"uv":[0.1,5.1,0.9,5.9],"texture":"#2"},"south":{"uv":[0.1,5.1,0.9,5.9],"texture":"#2"},"west":{"uv":[0.1,5.1,0.9,5.9],"texture":"#2"}}},{"from":[6.96647,7.69528,6.3303],"to":[7.06647,8.12528,6.93029],"rotation":{"angle":-45,"axis":"z","origin":[8,8,8]},"faces":{"east":{"uv":[0.1,5.1,0.9,5.9],"texture":"#2"},"south":{"uv":[0.1,5.1,0.9,5.9],"texture":"#2"},"west":{"uv":[0.1,5.1,0.9,5.9],"texture":"#2"}}},{"from":[8.89116,7.73765,6.3303],"to":[8.99116,8.16765,6.93029],"rotation":{"angle":45,"axis":"z","origin":[8,8,8]},"faces":{"east":{"uv":[0.1,5.1,0.9,5.9],"texture":"#2"},"south":{"uv":[0.1,5.1,0.9,5.9],"texture":"#2"},"west":{"uv":[0.1,5.1,0.9,5.9],"texture":"#2"}}},{"from":[8.91611,7.70692,6.3303],"to":[9.01611,8.13692,6.93029],"rotation":{"angle":22.5,"axis":"z","origin":[8,8,8]},"faces":{"east":{"uv":[0.1,5.1,0.9,5.9],"texture":"#2"},"south":{"uv":[0.1,5.1,0.9,5.9],"texture":"#2"},"west":{"uv":[0.1,5.1,0.9,5.9],"texture":"#2"}}},{"from":[8.95092,7.68808,6.3303],"to":[9.05092,8.11808,6.93029],"rotation":{"angle":0,"axis":"y","origin":[8,8,8]},"faces":{"east":{"uv":[0.1,5.1,0.9,5.9],"texture":"#2"},"south":{"uv":[0.1,5.1,0.9,5.9],"texture":"#2"},"west":{"uv":[0.1,5.1,0.9,5.9],"texture":"#2"}}},{"from":[8.99029,7.68399,6.3303],"to":[9.09029,8.11399,6.93029],"rotation":{"angle":-22.5,"axis":"z","origin":[8,8,8]},"faces":{"east":{"uv":[0.1,5.1,0.9,5.9],"texture":"#2"},"south":{"uv":[0.1,5.1,0.9,5.9],"texture":"#2"},"west":{"uv":[0.1,5.1,0.9,5.9],"texture":"#2"}}},{"from":[9.02823,7.69528,6.3303],"to":[9.12823,8.12528,6.93029],"rotation":{"angle":-45,"axis":"z","origin":[8,8,8]},"faces":{"east":{"uv":[0.1,5.1,0.9,5.9],"texture":"#2"},"south":{"uv":[0.1,5.1,0.9,5.9],"texture":"#2"},"west":{"uv":[0.1,5.1,0.9,5.9],"texture":"#2"}}},{"from":[7.72023,6.84104,6.3303],"to":[8.15023,6.94104,6.93029],"rotation":{"angle":22.5,"axis":"z","origin":[8,8,8]},"faces":{"south":{"uv":[0.1,5.1,0.9,5.9],"texture":"#2"},"up":{"uv":[0.9,5.9,0.1,5.1],"rotation":90,"texture":"#2"},"down":{"uv":[0.9,5.9,0.1,5.1],"rotation":270,"texture":"#2"}}},{"from":[7.75504,6.8222,6.3303],"to":[8.18504,6.9222,6.93029],"rotation":{"angle":0,"axis":"y","origin":[8,8,8]},"faces":{"south":{"uv":[0.1,5.1,0.9,5.9],"texture":"#2"},"up":{"uv":[0.9,5.9,0.1,5.1],"rotation":90,"texture":"#2"},"down":{"uv":[0.9,5.9,0.1,5.1],"rotation":270,"texture":"#2"}}},{"from":[7.79441,6.81811,6.3303],"to":[8.22441,6.91811,6.93029],"rotation":{"angle":-22.5,"axis":"z","origin":[8,8,8]},"faces":{"south":{"uv":[0.1,5.1,0.9,5.9],"texture":"#2"},"up":{"uv":[0.9,5.9,0.1,5.1],"rotation":90,"texture":"#2"},"down":{"uv":[0.9,5.9,0.1,5.1],"rotation":270,"texture":"#2"}}},{"from":[7.72023,8.9028,6.3303],"to":[8.15023,9.0028,6.93029],"rotation":{"angle":22.5,"axis":"z","origin":[8,8,8]},"faces":{"south":{"uv":[0.1,5.1,0.9,5.9],"texture":"#2"},"up":{"uv":[0.9,5.9,0.1,5.1],"rotation":90,"texture":"#2"},"down":{"uv":[0.9,5.9,0.1,5.1],"rotation":270,"texture":"#2"}}},{"from":[7.75504,8.88396,6.3303],"to":[8.18504,8.98396,6.93029],"rotation":{"angle":0,"axis":"y","origin":[8,8,8]},"faces":{"south":{"uv":[0.1,5.1,0.9,5.9],"texture":"#2"},"up":{"uv":[0.9,5.9,0.1,5.1],"rotation":90,"texture":"#2"},"down":{"uv":[0.9,5.9,0.1,5.1],"rotation":270,"texture":"#2"}}},{"from":[7.79441,8.87987,6.3303],"to":[8.22441,8.97987,6.93029],"rotation":{"angle":-22.5,"axis":"z","origin":[8,8,8]},"faces":{"south":{"uv":[0.1,5.1,0.9,5.9],"texture":"#2"},"up":{"uv":[0.9,5.9,0.1,5.1],"rotation":90,"texture":"#2"},"down":{"uv":[0.9,5.9,0.1,5.1],"rotation":270,"texture":"#2"}}},{"from":[6.67213,7.71291,5.92604],"to":[6.87613,8.20171,6.19204],"rotation":{"angle":45,"axis":"z","origin":[8,8,8.16]},"faces":{"east":{"uv":[0.1,5.1,0.9,5.9],"texture":"#2"},"south":{"uv":[0.1,5.1,0.9,5.9],"texture":"#2"},"west":{"uv":[0.1,5.1,0.9,5.9],"texture":"#2"}}},{"from":[7.71564,6.671,5.92604],"to":[8.20444,6.875,6.19204],"rotation":{"angle":0,"axis":"y","origin":[8,8,8.16]},"faces":{"south":{"uv":[0.1,5.1,0.9,5.9],"texture":"#2"},"up":{"uv":[0.9,5.9,0.1,5.1],"rotation":90,"texture":"#2"},"down":{"uv":[0.9,5.9,0.1,5.1],"rotation":270,"texture":"#2"}}},{"from":[7.75708,6.66335,5.92604],"to":[8.24588,6.86735,6.19204],"rotation":{"angle":-22.5,"axis":"z","origin":[8,8,8.16]},"faces":{"south":{"uv":[0.1,5.1,0.9,5.9],"texture":"#2"},"up":{"uv":[0.9,5.9,0.1,5.1],"rotation":90,"texture":"#2"},"down":{"uv":[0.9,5.9,0.1,5.1],"rotation":270,"texture":"#2"}}},{"from":[6.69602,7.6782,5.92604],"to":[6.90002,8.167,6.19204],"rotation":{"angle":22.5,"axis":"z","origin":[8,8,8.16]},"faces":{"east":{"uv":[0.1,5.1,0.9,5.9],"texture":"#2"},"south":{"uv":[0.1,5.1,0.9,5.9],"texture":"#2"},"west":{"uv":[0.1,5.1,0.9,5.9],"texture":"#2"}}},{"from":[6.73137,7.65528,5.92604],"to":[6.93537,8.14408,6.19204],"rotation":{"angle":0,"axis":"y","origin":[8,8,8.16]},"faces":{"east":{"uv":[0.1,5.1,0.9,5.9],"texture":"#2"},"south":{"uv":[0.1,5.1,0.9,5.9],"texture":"#2"},"west":{"uv":[0.1,5.1,0.9,5.9],"texture":"#2"}}},{"from":[6.7728,7.64762,5.92604],"to":[6.9768,8.13642,6.19204],"rotation":{"angle":-22.5,"axis":"z","origin":[8,8,8.16]},"faces":{"east":{"uv":[0.1,5.1,0.9,5.9],"texture":"#2"},"south":{"uv":[0.1,5.1,0.9,5.9],"texture":"#2"},"west":{"uv":[0.1,5.1,0.9,5.9],"texture":"#2"}}},{"from":[6.81401,7.65641,5.92604],"to":[7.01801,8.14521,6.19204],"rotation":{"angle":-45,"axis":"z","origin":[8,8,8.16]},"faces":{"east":{"uv":[0.1,5.1,0.9,5.9],"texture":"#2"},"south":{"uv":[0.1,5.1,0.9,5.9],"texture":"#2"},"west":{"uv":[0.1,5.1,0.9,5.9],"texture":"#2"}}},{"from":[7.68029,8.94728,5.92604],"to":[8.16909,9.15129,6.19204],"rotation":{"angle":22.5,"axis":"z","origin":[8,8,8.16]},"faces":{"south":{"uv":[0.1,5.1,0.9,5.9],"texture":"#2"},"up":{"uv":[0.9,5.9,0.1,5.1],"rotation":90,"texture":"#2"},"down":{"uv":[0.9,5.9,0.1,5.1],"rotation":270,"texture":"#2"}}},{"from":[7.71564,8.92435,5.92604],"to":[8.20444,9.12836,6.19204],"rotation":{"angle":0,"axis":"y","origin":[8,8,8.16]},"faces":{"south":{"uv":[0.1,5.1,0.9,5.9],"texture":"#2"},"up":{"uv":[0.9,5.9,0.1,5.1],"rotation":90,"texture":"#2"},"down":{"uv":[0.9,5.9,0.1,5.1],"rotation":270,"texture":"#2"}}},{"from":[7.75708,8.9167,5.92604],"to":[8.24588,9.12071,6.19204],"rotation":{"angle":-22.5,"axis":"z","origin":[8,8,8.16]},"faces":{"south":{"uv":[0.1,5.1,0.9,5.9],"texture":"#2"},"up":{"uv":[0.9,5.9,0.1,5.1],"rotation":90,"texture":"#2"},"down":{"uv":[0.9,5.9,0.1,5.1],"rotation":270,"texture":"#2"}}},{"from":[8.92548,7.71291,5.92604],"to":[9.12948,8.20171,6.19204],"rotation":{"angle":45,"axis":"z","origin":[8,8,8.16]},"faces":{"east":{"uv":[0.1,5.1,0.9,5.9],"texture":"#2"},"south":{"uv":[0.1,5.1,0.9,5.9],"texture":"#2"},"west":{"uv":[0.1,5.1,0.9,5.9],"texture":"#2"}}},{"from":[8.94937,7.6782,5.92604],"to":[9.15337,8.167,6.19204],"rotation":{"angle":22.5,"axis":"z","origin":[8,8,8.16]},"faces":{"east":{"uv":[0.1,5.1,0.9,5.9],"texture":"#2"},"south":{"uv":[0.1,5.1,0.9,5.9],"texture":"#2"},"west":{"uv":[0.1,5.1,0.9,5.9],"texture":"#2"}}},{"from":[8.98472,7.65528,5.92604],"to":[9.18872,8.14408,6.19204],"rotation":{"angle":0,"axis":"y","origin":[8,8,8.16]},"faces":{"east":{"uv":[0.1,5.1,0.9,5.9],"texture":"#2"},"south":{"uv":[0.1,5.1,0.9,5.9],"texture":"#2"},"west":{"uv":[0.1,5.1,0.9,5.9],"texture":"#2"}}},{"from":[9.02615,7.64762,5.92604],"to":[9.23015,8.13642,6.19204],"rotation":{"angle":-22.5,"axis":"z","origin":[8,8,8.16]},"faces":{"east":{"uv":[0.1,5.1,0.9,5.9],"texture":"#2"},"south":{"uv":[0.1,5.1,0.9,5.9],"texture":"#2"},"west":{"uv":[0.1,5.1,0.9,5.9],"texture":"#2"}}},{"from":[9.06736,7.65641,5.92604],"to":[9.27136,8.14521,6.19204],"rotation":{"angle":-45,"axis":"z","origin":[8,8,8.16]},"faces":{"east":{"uv":[0.1,5.1,0.9,5.9],"texture":"#2"},"south":{"uv":[0.1,5.1,0.9,5.9],"texture":"#2"},"west":{"uv":[0.1,5.1,0.9,5.9],"texture":"#2"}}},{"from":[7.68029,6.69393,5.92604],"to":[8.16909,6.89793,6.19204],"rotation":{"angle":22.5,"axis":"z","origin":[8,8,8.16]},"faces":{"south":{"uv":[0.1,5.1,0.9,5.9],"texture":"#2"},"up":{"uv":[0.9,5.9,0.1,5.1],"rotation":90,"texture":"#2"},"down":{"uv":[0.9,5.9,0.1,5.1],"rotation":270,"texture":"#2"}}},{"from":[6.7494,7.72412,6.06604],"to":[6.94116,8.18359,6.37204],"rotation":{"angle":45,"axis":"z","origin":[7.9976,7.99398,8.34]},"faces":{"east":{"uv":[0.1,5.1,0.9,5.9],"texture":"#2"},"south":{"uv":[0.1,5.1,0.9,5.9],"texture":"#2"},"west":{"uv":[0.1,5.1,0.9,5.9],"texture":"#2"}}},{"from":[7.7303,6.74472,6.06604],"to":[8.18978,6.93648,6.37204],"rotation":{"angle":0,"axis":"y","origin":[7.9976,7.99398,8.34]},"faces":{"south":{"uv":[0.1,5.1,0.9,5.9],"texture":"#2"},"up":{"uv":[0.9,5.9,0.1,5.1],"rotation":90,"texture":"#2"},"down":{"uv":[0.9,5.9,0.1,5.1],"rotation":270,"texture":"#2"}}},{"from":[7.76926,6.73753,6.06604],"to":[8.22873,6.92929,6.37204],"rotation":{"angle":-22.5,"axis":"z","origin":[7.9976,7.99398,8.34]},"faces":{"south":{"uv":[0.1,5.1,0.9,5.9],"texture":"#2"},"up":{"uv":[0.9,5.9,0.1,5.1],"rotation":90,"texture":"#2"},"down":{"uv":[0.9,5.9,0.1,5.1],"rotation":270,"texture":"#2"}}},{"from":[6.77186,7.69149,6.06604],"to":[6.96362,8.15096,6.37204],"rotation":{"angle":22.5,"axis":"z","origin":[7.9976,7.99398,8.34]},"faces":{"east":{"uv":[0.1,5.1,0.9,5.9],"texture":"#2"},"south":{"uv":[0.1,5.1,0.9,5.9],"texture":"#2"},"west":{"uv":[0.1,5.1,0.9,5.9],"texture":"#2"}}},{"from":[6.80509,7.66994,6.06604],"to":[6.99685,8.12942,6.37204],"rotation":{"angle":0,"axis":"y","origin":[7.9976,7.99398,8.34]},"faces":{"east":{"uv":[0.1,5.1,0.9,5.9],"texture":"#2"},"south":{"uv":[0.1,5.1,0.9,5.9],"texture":"#2"},"west":{"uv":[0.1,5.1,0.9,5.9],"texture":"#2"}}},{"from":[6.84403,7.66274,6.06604],"to":[7.03579,8.12222,6.37204],"rotation":{"angle":-22.5,"axis":"z","origin":[7.9976,7.99398,8.34]},"faces":{"east":{"uv":[0.1,5.1,0.9,5.9],"texture":"#2"},"south":{"uv":[0.1,5.1,0.9,5.9],"texture":"#2"},"west":{"uv":[0.1,5.1,0.9,5.9],"texture":"#2"}}},{"from":[6.88277,7.67101,6.06604],"to":[7.07453,8.13048,6.37204],"rotation":{"angle":-45,"axis":"z","origin":[7.9976,7.99398,8.34]},"faces":{"east":{"uv":[0.1,5.1,0.9,5.9],"texture":"#2"},"south":{"uv":[0.1,5.1,0.9,5.9],"texture":"#2"},"west":{"uv":[0.1,5.1,0.9,5.9],"texture":"#2"}}},{"from":[7.69708,8.88442,6.06604],"to":[8.15655,9.07619,6.37204],"rotation":{"angle":22.5,"axis":"z","origin":[7.9976,7.99398,8.34]},"faces":{"south":{"uv":[0.1,5.1,0.9,5.9],"texture":"#2"},"up":{"uv":[0.9,5.9,0.1,5.1],"rotation":90,"texture":"#2"},"down":{"uv":[0.9,5.9,0.1,5.1],"rotation":270,"texture":"#2"}}},{"from":[7.7303,8.86287,6.06604],"to":[8.18978,9.05464,6.37204],"rotation":{"angle":0,"axis":"y","origin":[7.9976,7.99398,8.34]},"faces":{"south":{"uv":[0.1,5.1,0.9,5.9],"texture":"#2"},"up":{"uv":[0.9,5.9,0.1,5.1],"rotation":90,"texture":"#2"},"down":{"uv":[0.9,5.9,0.1,5.1],"rotation":270,"texture":"#2"}}},{"from":[7.76926,8.85568,6.06604],"to":[8.22873,9.04745,6.37204],"rotation":{"angle":-22.5,"axis":"z","origin":[7.9976,7.99398,8.34]},"faces":{"south":{"uv":[0.1,5.1,0.9,5.9],"texture":"#2"},"up":{"uv":[0.9,5.9,0.1,5.1],"rotation":90,"texture":"#2"},"down":{"uv":[0.9,5.9,0.1,5.1],"rotation":270,"texture":"#2"}}},{"from":[8.86755,7.72412,6.06604],"to":[9.05931,8.18359,6.37204],"rotation":{"angle":45,"axis":"z","origin":[7.9976,7.99398,8.34]},"faces":{"east":{"uv":[0.1,5.1,0.9,5.9],"texture":"#2"},"south":{"uv":[0.1,5.1,0.9,5.9],"texture":"#2"},"west":{"uv":[0.1,5.1,0.9,5.9],"texture":"#2"}}},{"from":[8.89001,7.69149,6.06604],"to":[9.08177,8.15096,6.37204],"rotation":{"angle":22.5,"axis":"z","origin":[7.9976,7.99398,8.34]},"faces":{"east":{"uv":[0.1,5.1,0.9,5.9],"texture":"#2"},"south":{"uv":[0.1,5.1,0.9,5.9],"texture":"#2"},"west":{"uv":[0.1,5.1,0.9,5.9],"texture":"#2"}}},{"from":[8.92324,7.66994,6.06604],"to":[9.115,8.12942,6.37204],"rotation":{"angle":0,"axis":"y","origin":[7.9976,7.99398,8.34]},"faces":{"east":{"uv":[0.1,5.1,0.9,5.9],"texture":"#2"},"south":{"uv":[0.1,5.1,0.9,5.9],"texture":"#2"},"west":{"uv":[0.1,5.1,0.9,5.9],"texture":"#2"}}},{"from":[8.96218,7.66274,6.06604],"to":[9.15394,8.12222,6.37204],"rotation":{"angle":-22.5,"axis":"z","origin":[7.9976,7.99398,8.34]},"faces":{"east":{"uv":[0.1,5.1,0.9,5.9],"texture":"#2"},"south":{"uv":[0.1,5.1,0.9,5.9],"texture":"#2"},"west":{"uv":[0.1,5.1,0.9,5.9],"texture":"#2"}}},{"from":[9.00092,7.67101,6.06604],"to":[9.19268,8.13048,6.37204],"rotation":{"angle":-45,"axis":"z","origin":[7.9976,7.99398,8.34]},"faces":{"east":{"uv":[0.1,5.1,0.9,5.9],"texture":"#2"},"south":{"uv":[0.1,5.1,0.9,5.9],"texture":"#2"},"west":{"uv":[0.1,5.1,0.9,5.9],"texture":"#2"}}},{"from":[7.69708,6.76627,6.06604],"to":[8.15655,6.95803,6.37204],"rotation":{"angle":22.5,"axis":"z","origin":[7.9976,7.99398,8.34]},"faces":{"south":{"uv":[0.1,5.1,0.9,5.9],"texture":"#2"},"up":{"uv":[0.9,5.9,0.1,5.1],"rotation":90,"texture":"#2"},"down":{"uv":[0.9,5.9,0.1,5.1],"rotation":270,"texture":"#2"}}},{"from":[6.64119,7.6512,5.75717],"to":[9.20514,8.1612,5.75717],"rotation":{"angle":0,"axis":"y","origin":[8,8,7.98]},"faces":{"north":{"uv":[5.1,5.1,5.9,5.9],"texture":"#2"}}},{"from":[6.59737,7.73299,5.75717],"to":[9.16132,8.24299,5.75717],"rotation":{"angle":45,"axis":"z","origin":[8,8,7.98]},"faces":{"north":{"uv":[5.1,5.1,5.9,5.9],"texture":"#2"}}},{"from":[7.66817,6.62423,5.75717],"to":[8.17817,9.18818,5.75717],"rotation":{"angle":0,"axis":"y","origin":[8,8,7.98]},"faces":{"north":{"uv":[5.1,5.1,5.9,5.9],"texture":"#2"}}},{"from":[6.73002,7.62434,5.75717],"to":[9.29397,8.13434,5.75717],"rotation":{"angle":-45,"axis":"z","origin":[8,8,7.98]},"faces":{"north":{"uv":[5.1,5.1,5.9,5.9],"texture":"#2"}}},{"from":[7.63813,6.66077,5.75717],"to":[8.14813,9.22472,5.75717],"rotation":{"angle":22.5,"axis":"z","origin":[8,8,7.98]},"faces":{"north":{"uv":[5.1,5.1,5.9,5.9],"texture":"#2"}}},{"from":[6.68293,7.62894,5.75717],"to":[9.24688,8.13894,5.75717],"rotation":{"angle":-22.5,"axis":"z","origin":[8,8,7.98]},"faces":{"north":{"uv":[5.1,5.1,5.9,5.9],"texture":"#2"}}},{"from":[7.70991,6.60197,5.75717],"to":[8.21991,9.16592,5.75717],"rotation":{"angle":-22.5,"axis":"z","origin":[8,8,7.98]},"faces":{"north":{"uv":[5.1,5.1,5.9,5.9],"texture":"#2"}}},{"from":[6.61115,7.68774,5.75717],"to":[9.1751,8.19774,5.75717],"rotation":{"angle":22.5,"axis":"z","origin":[8,8,7.98]},"faces":{"north":{"uv":[5.1,5.1,5.9,5.9],"texture":"#2"}}},{"from":[8.02546,9.19644,5.00406],"to":[8.1883,9.37644,5.47406],"rotation":{"angle":0,"axis":"x","origin":[8.01414,8.007,7.63206]},"faces":{"north":{"uv":[5,0,6,1],"texture":"#2"},"east":{"uv":[5,0,6,1],"texture":"#2"},"south":{"uv":[5,0,6,1],"texture":"#2"},"west":{"uv":[5,0,6,1],"texture":"#2"},"up":{"uv":[5,0,6,1],"texture":"#2"},"down":{"uv":[5,0,6,1],"texture":"#2"}}},{"from":[8.15546,9.20644,5.53063],"to":[8.3183,9.37644,6.02063],"rotation":{"angle":0,"axis":"x","origin":[7.90414,8.197,7.42863]},"faces":{"north":{"uv":[5,0,6,1],"texture":"#2"},"east":{"uv":[5,0,6,1],"texture":"#2"},"south":{"uv":[5,0,6,1],"texture":"#2"},"west":{"uv":[5,0,6,1],"texture":"#2"},"up":{"uv":[5,0,6,1],"texture":"#2"},"down":{"uv":[5,0,6,1],"texture":"#2"}}},{"from":[8.15546,9.05213,5.95903],"to":[8.3183,9.21749,6.59439],"rotation":{"angle":22.5,"axis":"x","origin":[8.23688,9.14213,6.38939]},"faces":{"north":{"uv":[5,0,6,1],"texture":"#2"},"east":{"uv":[5,0,6,1],"texture":"#2"},"south":{"uv":[5,0,6,1],"texture":"#2"},"west":{"uv":[5,0,6,1],"texture":"#2"},"up":{"uv":[5,0,6,1],"texture":"#2"},"down":{"uv":[5,0,6,1],"texture":"#2"}}},{"from":[8.15546,8.98053,6.54434],"to":[8.3183,9.16053,6.68434],"rotation":{"angle":0,"axis":"x","origin":[8.23688,9.07053,6.73434]},"faces":{"north":{"uv":[5,0,6,1],"texture":"#2"},"east":{"uv":[5,0,6,1],"texture":"#2"},"south":{"uv":[5,0,6,1],"texture":"#2"},"west":{"uv":[5,0,6,1],"texture":"#2"},"up":{"uv":[5,0,6,1],"texture":"#2"},"down":{"uv":[5,0,6,1],"texture":"#2"}}},{"from":[8.24494,8.98053,6.63415],"to":[8.40778,9.16053,6.82415],"rotation":{"angle":22.5,"axis":"y","origin":[8.32636,9.07053,6.88415]},"faces":{"north":{"uv":[5,0,6,1],"texture":"#2"},"east":{"uv":[5,0,6,1],"texture":"#2"},"south":{"uv":[5,0,6,1],"texture":"#2"},"west":{"uv":[5,0,6,1],"texture":"#2"},"up":{"uv":[5,0,6,1],"texture":"#2"},"down":{"uv":[5,0,6,1],"texture":"#2"}}},{"from":[8.38667,8.84116,7.41082],"to":[8.54951,9.02116,7.73082],"rotation":{"angle":45,"axis":"y","origin":[8.46809,8.93116,7.68082]},"faces":{"north":{"uv":[5,0,6,1],"texture":"#2"},"east":{"uv":[5,0,6,1],"texture":"#2"},"south":{"uv":[5,0,6,1],"texture":"#2"},"west":{"uv":[5,0,6,1],"texture":"#2"},"up":{"uv":[5,0,6,1],"texture":"#2"},"down":{"uv":[5,0,6,1],"texture":"#2"}}},{"from":[8.39818,8.84116,7.6586],"to":[8.56102,9.02116,7.7986],"rotation":{"angle":0,"axis":"y","origin":[8.4796,8.93116,7.8086]},"faces":{"north":{"uv":[5,0,6,1],"texture":"#2"},"east":{"uv":[5,0,6,1],"texture":"#2"},"south":{"uv":[5,0,6,1],"texture":"#2"},"west":{"uv":[5,0,6,1],"texture":"#2"},"up":{"uv":[5,0,6,1],"texture":"#2"},"down":{"uv":[5,0,6,1],"texture":"#2"}}},{"from":[8.39818,8.79061,7.75274],"to":[8.56102,8.97061,8.06274],"rotation":{"angle":22.5,"axis":"x","origin":[8.4796,8.88061,7.90274]},"faces":{"north":{"uv":[5,0,6,1],"texture":"#2"},"east":{"uv":[5,0,6,1],"texture":"#2"},"south":{"uv":[5,0,6,1],"texture":"#2"},"west":{"uv":[5,0,6,1],"texture":"#2"},"up":{"uv":[5,0,6,1],"texture":"#2"},"down":{"uv":[5,0,6,1],"texture":"#2"}}},{"from":[8.21578,8.84116,7.23823],"to":[8.37862,9.02116,7.54823],"rotation":{"angle":0,"axis":"x","origin":[7.81446,8.02172,7.78623]},"faces":{"north":{"uv":[5,0,6,1],"texture":"#2"},"east":{"uv":[5,0,6,1],"texture":"#2"},"south":{"uv":[5,0,6,1],"texture":"#2"},"west":{"uv":[5,0,6,1],"texture":"#2"},"up":{"uv":[5,0,6,1],"texture":"#2"},"down":{"uv":[5,0,6,1],"texture":"#2"}}},{"from":[8.21578,8.98053,6.79756],"to":[8.37862,9.16053,6.93756],"rotation":{"angle":0,"axis":"x","origin":[7.81446,8.16109,7.62556]},"faces":{"north":{"uv":[5,0,6,1],"texture":"#2"},"east":{"uv":[5,0,6,1],"texture":"#2"},"south":{"uv":[5,0,6,1],"texture":"#2"},"west":{"uv":[5,0,6,1],"texture":"#2"},"up":{"uv":[5,0,6,1],"texture":"#2"},"down":{"uv":[5,0,6,1],"texture":"#2"}}},{"from":[8.21578,8.96059,6.89779],"to":[8.37862,9.14059,7.29779],"rotation":{"angle":22.5,"axis":"x","origin":[8.2972,9.05059,6.96779]},"faces":{"north":{"uv":[5,0,6,1],"texture":"#2"},"east":{"uv":[5,0,6,1],"texture":"#2"},"south":{"uv":[5,0,6,1],"texture":"#2"},"west":{"uv":[5,0,6,1],"texture":"#2"},"up":{"uv":[5,0,6,1],"texture":"#2"},"down":{"uv":[5,0,6,1],"texture":"#2"}}},{"from":[8.39818,8.73215,8.00525],"to":[8.56102,8.91215,8.37525],"rotation":{"angle":0,"axis":"x","origin":[7.99686,8.01271,7.86325]},"faces":{"north":{"uv":[5,0,6,1],"texture":"#2"},"east":{"uv":[5,0,6,1],"texture":"#2"},"south":{"uv":[5,0,6,1],"texture":"#2"},"west":{"uv":[5,0,6,1],"texture":"#2"},"up":{"uv":[5,0,6,1],"texture":"#2"},"down":{"uv":[5,0,6,1],"texture":"#2"}}},{"from":[7.88132,9.19644,4.16335],"to":[8.04416,9.37644,4.93335],"rotation":{"angle":0,"axis":"x","origin":[8,8.007,7.56135]},"faces":{"north":{"uv":[5,0,6,1],"texture":"#2"},"east":{"uv":[5,0,6,1],"texture":"#2"},"south":{"uv":[5,0,6,1],"texture":"#2"},"west":{"uv":[5,0,6,1],"texture":"#2"},"up":{"uv":[5,0,6,1],"texture":"#2"},"down":{"uv":[5,0,6,1],"texture":"#2"}}},{"from":[8.12971,9.19644,4.76301],"to":[8.29678,9.37644,5.03008],"rotation":{"angle":45,"axis":"y","origin":[8.21113,9.28644,5.14801]},"faces":{"north":{"uv":[5,0,6,1],"texture":"#2"},"east":{"uv":[5,0,6,1],"texture":"#2"},"south":{"uv":[5,0,6,1],"texture":"#2"},"west":{"uv":[5,0,6,1],"texture":"#2"},"up":{"uv":[5,0,6,1],"texture":"#2"},"down":{"uv":[5,0,6,1],"texture":"#2"}}},{"from":[8.27385,9.19644,5.30372],"to":[8.44092,9.37644,5.55079],"rotation":{"angle":45,"axis":"y","origin":[8.35527,9.28644,5.68872]},"faces":{"north":{"uv":[5,0,6,1],"texture":"#2"},"east":{"uv":[5,0,6,1],"texture":"#2"},"south":{"uv":[5,0,6,1],"texture":"#2"},"west":{"uv":[5,0,6,1],"texture":"#2"},"up":{"uv":[5,0,6,1],"texture":"#2"},"down":{"uv":[5,0,6,1],"texture":"#2"}}},{"from":[7.89265,6.58197,7.73434],"to":[8.05833,6.98197,8.13434],"rotation":{"angle":45,"axis":"y","origin":[7.97549,7.08197,7.93434]},"faces":{"north":{"uv":[0.625,4.875,1.625,5.875],"texture":"#2"},"south":{"uv":[0.625,4.875,1.625,5.875],"texture":"#2"},"down":{"uv":[0.625,4.875,1.625,5.875],"texture":"#2"}}},{"from":[7.89265,6.58197,7.73434],"to":[8.05833,6.98197,8.13434],"rotation":{"angle":0,"axis":"y","origin":[7.97549,7.08197,7.93434]},"faces":{"north":{"uv":[0.625,4.875,1.625,5.875],"texture":"#2"},"south":{"uv":[0.625,4.875,1.625,5.875],"texture":"#2"},"down":{"uv":[0.625,4.875,1.625,5.875],"texture":"#2"}}},{"from":[7.77549,6.58197,7.85149],"to":[8.17549,6.98197,8.01718],"rotation":{"angle":45,"axis":"y","origin":[7.97549,7.08197,7.93434]},"faces":{"east":{"uv":[0.625,4.875,1.625,5.875],"texture":"#2"},"west":{"uv":[0.625,4.875,1.625,5.875],"texture":"#2"},"down":{"uv":[0.625,4.875,1.625,5.875],"texture":"#2"}}},{"from":[7.77549,6.58197,7.85149],"to":[8.17549,6.98197,8.01718],"rotation":{"angle":0,"axis":"y","origin":[7.97549,7.08197,7.93434]},"faces":{"east":{"uv":[0.625,4.875,1.625,5.875],"texture":"#2"},"west":{"uv":[0.625,4.875,1.625,5.875],"texture":"#2"},"down":{"uv":[0.625,4.875,1.625,5.875],"texture":"#2"}}}],"gui_light":"front","display":{"firstperson_righthand":{"translation":[-8.939,8.46,9.5],"scale":[1,1,0.28]},"gui":{"rotation":[25,135,0],"translation":[0.5,1.75,0],"scale":[2.5,2.5,2.5]}}}