{"textures":{"o0":"generated/f","o1":"generated/26","o2":"generated/25","o3":"gun/player_skin_slim","o4":"gun/player_skin","o5":"generated/20","o6":"generated/12","o7":"generated/e","o8":"generated/27","o9":"generated/9","o11":"generated/d","o10":"generated/f","icon":"generated/32","icon_background":"generated/2a"},"elements":[{"from":[4.0833,1.3375,1.93899],"to":[20.0833,5.3375,4.93899],"rotation":{"angle":-45.0,"axis":"y","origin":[10.0833,6.0375,0.93899]},"faces":{"north":{"uv":[9.75,13.0,10.75,16.0],"rotation":90,"texture":"#o3"},"south":{"uv":[8.0,13.0,9.0,16.0],"rotation":270,"texture":"#o3"},"east":{"uv":[9.75,12.0,10.5,13.0],"rotation":270,"texture":"#o3"},"west":{"uv":[9.75,13.0,9.0,12.0],"texture":"#o3"},"up":{"uv":[9.0,13.0,9.75,16.0],"rotation":270,"texture":"#o3"},"down":{"uv":[10.75,13.0,11.5,16.0],"rotation":270,"texture":"#o3"}}},{"from":[3.23633,1.2375,1.61169],"to":[21.63633,5.8375,5.06169],"rotation":{"angle":-45.0,"axis":"y","origin":[10.13633,6.6425,0.46169]},"faces":{"north":{"uv":[13.75,13.0,14.75,16.0],"rotation":90,"texture":"#o3"},"south":{"uv":[12.0,13.0,13.0,16.0],"rotation":270,"texture":"#o3"},"east":{"uv":[13.75,12.0,14.5,13.0],"rotation":270,"texture":"#o3"},"west":{"uv":[13.75,13.0,13.0,12.0],"texture":"#o3"},"up":{"uv":[13.0,13.0,13.75,16.0],"rotation":270,"texture":"#o3"},"down":{"uv":[14.75,13.0,15.5,16.0],"rotation":270,"texture":"#o3"}}},{"from":[10.06874,6.0246,7.47129],"to":[16.51874,6.5406,8.69145],"rotation":{"angle":0.0,"axis":"y","origin":[12.69174,6.0246,8.08137]},"faces":{"north":{"uv":[1.0,1.0,2.0,2.0],"texture":"#o0"},"south":{"uv":[1.0,1.0,2.0,2.0],"texture":"#o0"},"east":{"uv":[1.0,1.0,2.0,2.0],"texture":"#o0"},"west":{"uv":[1.0,1.0,2.0,2.0],"texture":"#o0"},"up":{"uv":[1.0,1.0,2.0,2.0],"rotation":90,"texture":"#o0"},"down":{"uv":[0.0,0.0,0.0,0.0],"texture":"#o0"}}},{"from":[13.33674,5.3366,7.72929],"to":[13.93874,5.7666,8.43345],"rotation":{"angle":0.0,"axis":"y","origin":[12.69174,6.0246,8.08137]},"faces":{"north":{"uv":[1.0,1.0,2.0,2.0],"texture":"#o0"},"south":{"uv":[1.0,1.0,2.0,2.0],"texture":"#o0"},"east":{"uv":[1.0,1.0,2.0,2.0],"texture":"#o0"},"west":{"uv":[0.0,0.0,0.0,0.0],"texture":"#o0"},"up":{"uv":[0.0,0.0,0.0,0.0],"texture":"#o0"},"down":{"uv":[1.0,1.0,2.0,2.0],"rotation":270,"texture":"#o0"}}},{"from":[16.51874,5.5086,7.47129],"to":[16.69074,6.5406,8.69145],"rotation":{"angle":0.0,"axis":"y","origin":[12.69174,6.0246,8.08137]},"faces":{"north":{"uv":[1.0,1.0,2.0,2.0],"texture":"#o0"},"south":{"uv":[1.0,1.0,2.0,2.0],"texture":"#o0"},"east":{"uv":[1.0,1.0,2.0,2.0],"texture":"#o0"},"west":{"uv":[1.0,1.0,2.0,2.0],"texture":"#o0"},"up":{"uv":[1.0,1.0,2.0,2.0],"rotation":90,"texture":"#o0"},"down":{"uv":[1.0,1.0,2.0,2.0],"rotation":270,"texture":"#o0"}}},{"from":[10.06874,5.67825,7.81763],"to":[16.51874,6.02225,8.34511],"rotation":{"angle":0.0,"axis":"y","origin":[12.69174,6.96825,7.73502]},"faces":{"north":{"uv":[0.0,0.0,0.0,0.0],"texture":"#o0"},"south":{"uv":[0.0,0.0,0.0,0.0],"texture":"#o0"},"east":{"uv":[0.0,0.0,0.0,0.0],"texture":"#o0"},"west":{"uv":[1.0,1.0,2.0,2.0],"texture":"#o0"},"up":{"uv":[0.0,0.0,0.0,0.0],"texture":"#o0"},"down":{"uv":[1.0,1.0,2.0,2.0],"rotation":270,"texture":"#o0"}}},{"from":[10.06874,6.12535,7.62231],"to":[16.51874,6.29735,8.06848],"rotation":{"angle":-22.5,"axis":"x","origin":[12.69174,5.78135,8.23239]},"faces":{"north":{"uv":[1.0,1.0,2.0,2.0],"texture":"#o0"},"south":{"uv":[0.0,0.0,0.0,0.0],"texture":"#o0"},"east":{"uv":[0.0,0.0,0.0,0.0],"texture":"#o0"},"west":{"uv":[1.0,1.0,2.0,2.0],"texture":"#o0"},"up":{"uv":[0.0,0.0,0.0,0.0],"texture":"#o0"},"down":{"uv":[0.0,0.0,0.0,0.0],"texture":"#o0"}}},{"from":[10.06874,6.27622,7.72328],"to":[16.51874,6.44822,8.16945],"rotation":{"angle":-45.0,"axis":"x","origin":[12.69174,5.93222,8.33337]},"faces":{"north":{"uv":[1.0,1.0,2.0,2.0],"texture":"#o0"},"south":{"uv":[0.0,0.0,0.0,0.0],"texture":"#o0"},"east":{"uv":[0.0,0.0,0.0,0.0],"texture":"#o0"},"west":{"uv":[1.0,1.0,2.0,2.0],"texture":"#o0"},"up":{"uv":[0.0,0.0,0.0,0.0],"texture":"#o0"},"down":{"uv":[0.0,0.0,0.0,0.0],"texture":"#o0"}}},{"from":[10.06874,5.50016,7.85292],"to":[16.51874,5.94633,8.02492],"rotation":{"angle":22.5,"axis":"x","origin":[12.69174,6.11025,8.36892]},"faces":{"north":{"uv":[0.0,0.0,0.0,0.0],"texture":"#o0"},"south":{"uv":[0.0,0.0,0.0,0.0],"texture":"#o0"},"east":{"uv":[0.0,0.0,0.0,0.0],"texture":"#o0"},"west":{"uv":[1.0,1.0,2.0,2.0],"rotation":270,"texture":"#o0"},"up":{"uv":[0.0,0.0,0.0,0.0],"texture":"#o0"},"down":{"uv":[1.0,1.0,2.0,2.0],"rotation":180,"texture":"#o0"}}},{"from":[10.06874,6.27622,7.99329],"to":[16.51874,6.44822,8.43946],"rotation":{"angle":45.0,"axis":"x","origin":[12.69174,5.93222,7.82937]},"faces":{"north":{"uv":[0.0,0.0,0.0,0.0],"texture":"#o0"},"south":{"uv":[2.0,1.0,1.0,2.0],"texture":"#o0"},"east":{"uv":[0.0,0.0,0.0,0.0],"texture":"#o0"},"west":{"uv":[2.0,1.0,1.0,2.0],"texture":"#o0"},"up":{"uv":[0.0,0.0,0.0,0.0],"texture":"#o0"},"down":{"uv":[0.0,0.0,0.0,0.0],"texture":"#o0"}}},{"from":[10.06874,6.12535,8.09426],"to":[16.51874,6.29735,8.54043],"rotation":{"angle":22.5,"axis":"x","origin":[12.69174,5.78135,7.93035]},"faces":{"north":{"uv":[0.0,0.0,0.0,0.0],"texture":"#o0"},"south":{"uv":[2.0,1.0,1.0,2.0],"texture":"#o0"},"east":{"uv":[0.0,0.0,0.0,0.0],"texture":"#o0"},"west":{"uv":[2.0,1.0,1.0,2.0],"texture":"#o0"},"up":{"uv":[0.0,0.0,0.0,0.0],"texture":"#o0"},"down":{"uv":[0.0,0.0,0.0,0.0],"texture":"#o0"}}},{"from":[10.06874,5.50016,8.13782],"to":[16.51874,5.94633,8.30982],"rotation":{"angle":-22.5,"axis":"x","origin":[12.69174,6.11025,7.79382]},"faces":{"north":{"uv":[0.0,0.0,0.0,0.0],"texture":"#o0"},"south":{"uv":[0.0,0.0,0.0,0.0],"texture":"#o0"},"east":{"uv":[0.0,0.0,0.0,0.0],"texture":"#o0"},"west":{"uv":[1.0,2.0,2.0,1.0],"rotation":270,"texture":"#o0"},"up":{"uv":[0.0,0.0,0.0,0.0],"texture":"#o0"},"down":{"uv":[1.0,2.0,2.0,1.0],"rotation":180,"texture":"#o0"}}},{"from":[9.49205,4.12427,7.47129],"to":[9.75005,6.18827,8.69145],"rotation":{"angle":22.5,"axis":"z","origin":[9.75005,7.69327,8.08137]},"faces":{"north":{"uv":[1.0,1.0,2.0,2.0],"rotation":90,"texture":"#o0"},"south":{"uv":[1.0,1.0,2.0,2.0],"rotation":270,"texture":"#o0"},"east":{"uv":[1.0,1.0,2.0,2.0],"rotation":180,"texture":"#o0"},"west":{"uv":[1.0,1.0,2.0,2.0],"texture":"#o0"},"up":{"uv":[0.0,0.0,0.0,0.0],"texture":"#o0"},"down":{"uv":[1.0,1.0,2.0,2.0],"rotation":270,"texture":"#o0"}}},{"from":[9.49205,4.03827,7.55729],"to":[9.75005,4.12427,8.60545],"rotation":{"angle":22.5,"axis":"z","origin":[9.75005,7.69327,8.08137]},"faces":{"north":{"uv":[1.0,1.0,2.0,2.0],"rotation":90,"texture":"#o0"},"south":{"uv":[1.0,1.0,2.0,2.0],"rotation":270,"texture":"#o0"},"east":{"uv":[1.0,1.0,2.0,2.0],"rotation":180,"texture":"#o0"},"west":{"uv":[1.0,1.0,2.0,2.0],"texture":"#o0"},"up":{"uv":[0.0,0.0,0.0,0.0],"texture":"#o0"},"down":{"uv":[1.0,1.0,2.0,2.0],"rotation":270,"texture":"#o0"}}},{"from":[9.49205,3.95227,7.72929],"to":[9.75005,4.03827,8.43345],"rotation":{"angle":22.5,"axis":"z","origin":[9.75005,7.69327,8.08137]},"faces":{"north":{"uv":[1.0,1.0,2.0,2.0],"rotation":90,"texture":"#o0"},"south":{"uv":[1.0,1.0,2.0,2.0],"rotation":270,"texture":"#o0"},"east":{"uv":[1.0,1.0,2.0,2.0],"rotation":180,"texture":"#o0"},"west":{"uv":[1.0,1.0,2.0,2.0],"texture":"#o0"},"up":{"uv":[0.0,0.0,0.0,0.0],"texture":"#o0"},"down":{"uv":[1.0,1.0,2.0,2.0],"rotation":270,"texture":"#o0"}}},{"from":[10.92874,4.9926,7.47129],"to":[15.05674,5.3366,8.69145],"rotation":{"angle":22.5,"axis":"z","origin":[12.08974,5.0786,8.08137]},"faces":{"north":{"uv":[1.0,1.0,2.0,2.0],"texture":"#o0"},"south":{"uv":[1.0,1.0,2.0,2.0],"texture":"#o0"},"east":{"uv":[0.0,0.0,0.0,0.0],"texture":"#o0"},"west":{"uv":[0.0,0.0,0.0,0.0],"texture":"#o0"},"up":{"uv":[1.0,1.0,2.0,2.0],"rotation":90,"texture":"#o0"},"down":{"uv":[1.0,1.0,2.0,2.0],"rotation":270,"texture":"#o0"}}},{"from":[10.92874,4.9066,7.55729],"to":[15.05674,4.9926,8.60545],"rotation":{"angle":22.5,"axis":"z","origin":[12.08974,5.0786,8.08137]},"faces":{"north":{"uv":[1.0,1.0,2.0,2.0],"texture":"#o0"},"south":{"uv":[1.0,1.0,2.0,2.0],"texture":"#o0"},"east":{"uv":[0.0,0.0,0.0,0.0],"texture":"#o0"},"west":{"uv":[0.0,0.0,0.0,0.0],"texture":"#o0"},"up":{"uv":[0.0,0.0,0.0,0.0],"texture":"#o0"},"down":{"uv":[1.0,1.0,2.0,2.0],"rotation":270,"texture":"#o0"}}},{"from":[10.92874,4.8206,7.64329],"to":[15.05674,4.9066,8.51945],"rotation":{"angle":22.5,"axis":"z","origin":[12.08974,5.0786,8.08137]},"faces":{"north":{"uv":[1.0,1.0,2.0,2.0],"texture":"#o0"},"south":{"uv":[1.0,1.0,2.0,2.0],"texture":"#o0"},"east":{"uv":[0.0,0.0,0.0,0.0],"texture":"#o0"},"west":{"uv":[0.0,0.0,0.0,0.0],"texture":"#o0"},"up":{"uv":[0.0,0.0,0.0,0.0],"texture":"#o0"},"down":{"uv":[1.0,1.0,2.0,2.0],"rotation":270,"texture":"#o0"}}},{"from":[10.92874,4.7346,7.81529],"to":[15.05674,4.8206,8.34745],"rotation":{"angle":22.5,"axis":"z","origin":[12.08974,5.0786,8.08137]},"faces":{"north":{"uv":[1.0,1.0,2.0,2.0],"texture":"#o0"},"south":{"uv":[1.0,1.0,2.0,2.0],"texture":"#o0"},"east":{"uv":[0.0,0.0,0.0,0.0],"texture":"#o0"},"west":{"uv":[0.0,0.0,0.0,0.0],"texture":"#o0"},"up":{"uv":[0.0,0.0,0.0,0.0],"texture":"#o0"},"down":{"uv":[1.0,1.0,2.0,2.0],"rotation":270,"texture":"#o0"}}},{"from":[1.13809,9.79168,7.08135],"to":[3.142,10.79485,9.02231],"rotation":{"angle":0.0,"axis":"y","origin":[2.1539,10.36194,7.70594]},"faces":{"north":{"uv":[0.00156,0.00156,0.49844,0.49844],"texture":"#o6"},"south":{"uv":[0.00156,0.00156,0.49844,0.49844],"texture":"#o6"},"east":{"uv":[0.0,0.0,0.0,0.0],"texture":"#o6"},"west":{"uv":[0.00156,0.00156,0.49844,0.49844],"texture":"#o6"},"up":{"uv":[0.49844,0.49844,0.00156,0.00156],"texture":"#o6"},"down":{"uv":[0.49844,0.49844,0.00156,0.00156],"texture":"#o6"}}},{"from":[1.13809,9.53613,8.39986],"to":[1.72273,9.79418,8.86504],"rotation":{"angle":0.0,"axis":"y","origin":[2.1539,10.26194,7.70594]},"faces":{"north":{"uv":[0.00156,0.00156,0.99844,0.99844],"texture":"#o6"},"south":{"uv":[0.0,0.0,0.0,0.0],"texture":"#o6"},"east":{"uv":[0.0,0.0,1.0,1.0],"texture":"#o6"},"west":{"uv":[0.00156,0.00156,0.99844,0.99844],"texture":"#o6"},"up":{"uv":[0.0,0.0,0.0,0.0],"texture":"#o6"},"down":{"uv":[0.99844,0.99844,0.00156,0.00156],"texture":"#o6"}}},{"from":[1.13809,9.53613,7.23864],"to":[1.72273,9.79418,7.70383],"rotation":{"angle":0.0,"axis":"y","origin":[2.1539,10.26194,7.70594]},"faces":{"north":{"uv":[0.0,0.0,0.0,0.0],"texture":"#o6"},"south":{"uv":[0.00156,0.00156,0.99844,0.99844],"texture":"#o6"},"east":{"uv":[0.0,0.0,1.0,1.0],"texture":"#o6"},"west":{"uv":[0.00156,0.00156,0.99844,0.99844],"texture":"#o6"},"up":{"uv":[0.0,0.0,0.0,0.0],"texture":"#o6"},"down":{"uv":[0.99844,0.99844,0.00156,0.00156],"texture":"#o6"}}},{"from":[1.13809,9.46719,7.19815],"to":[1.72273,9.72524,7.27625],"rotation":{"angle":22.5,"axis":"x","origin":[2.04529,9.59622,7.43074]},"faces":{"north":{"uv":[0.0,0.0,0.0,0.0],"texture":"#o6"},"south":{"uv":[0.0,0.0,0.0,0.0],"texture":"#o6"},"east":{"uv":[0.00156,0.00156,0.99844,0.99844],"texture":"#o6"},"west":{"uv":[0.00156,0.00156,0.99844,0.99844],"texture":"#o6"},"up":{"uv":[0.0,0.0,0.0,0.0],"texture":"#o6"},"down":{"uv":[0.99844,0.99844,0.00156,0.00156],"texture":"#o6"}}},{"from":[1.13809,9.419,7.13436],"to":[1.72273,9.67704,7.21247],"rotation":{"angle":45.0,"axis":"x","origin":[2.04529,9.54802,7.36695]},"faces":{"north":{"uv":[0.0,0.0,0.0,0.0],"texture":"#o6"},"south":{"uv":[0.0,0.0,0.0,0.0],"texture":"#o6"},"east":{"uv":[0.00156,0.00156,0.99844,0.99844],"texture":"#o6"},"west":{"uv":[0.00156,0.00156,0.99844,0.99844],"texture":"#o6"},"up":{"uv":[0.0,0.0,0.0,0.0],"texture":"#o6"},"down":{"uv":[0.99844,0.99844,0.00156,0.00156],"texture":"#o6"}}},{"from":[1.13809,9.68239,7.16054],"to":[1.72273,9.7605,7.41859],"rotation":{"angle":-22.5,"axis":"x","origin":[2.04529,9.52791,7.28957]},"faces":{"north":{"uv":[0.00156,0.00156,0.99844,0.99844],"texture":"#o6"},"south":{"uv":[0.0,0.0,0.0,0.0],"texture":"#o6"},"east":{"uv":[0.00156,0.00156,0.99844,0.99844],"texture":"#o6"},"west":{"uv":[0.00156,0.00156,0.99844,0.99844],"texture":"#o6"},"up":{"uv":[0.0,0.0,0.0,0.0],"texture":"#o6"},"down":{"uv":[0.0,0.0,0.0,0.0],"texture":"#o6"}}},{"from":[1.13809,9.46719,8.82741],"to":[1.72273,9.72524,8.90552],"rotation":{"angle":-22.5,"axis":"x","origin":[2.04529,9.59622,8.67293]},"faces":{"north":{"uv":[0.0,0.0,0.0,0.0],"texture":"#o6"},"south":{"uv":[0.0,0.0,0.0,0.0],"texture":"#o6"},"east":{"uv":[0.99844,0.00156,0.00156,0.99844],"texture":"#o6"},"west":{"uv":[0.99844,0.00156,0.00156,0.99844],"texture":"#o6"},"up":{"uv":[0.0,0.0,0.0,0.0],"texture":"#o6"},"down":{"uv":[0.00156,0.99844,0.99844,0.00156],"texture":"#o6"}}},{"from":[1.13809,9.419,8.8912],"to":[1.72273,9.67704,8.96931],"rotation":{"angle":-45.0,"axis":"x","origin":[2.04529,9.54802,8.73672]},"faces":{"north":{"uv":[0.0,0.0,0.0,0.0],"texture":"#o6"},"south":{"uv":[0.0,0.0,0.0,0.0],"texture":"#o6"},"east":{"uv":[0.99844,0.00156,0.00156,0.99844],"texture":"#o6"},"west":{"uv":[0.99844,0.00156,0.00156,0.99844],"texture":"#o6"},"up":{"uv":[0.0,0.0,0.0,0.0],"texture":"#o6"},"down":{"uv":[0.00156,0.99844,0.99844,0.00156],"texture":"#o6"}}},{"from":[1.13809,9.68239,8.68507],"to":[1.72273,9.7605,8.94312],"rotation":{"angle":22.5,"axis":"x","origin":[2.04529,9.52791,8.81409]},"faces":{"north":{"uv":[0.0,0.0,0.0,0.0],"texture":"#o6"},"south":{"uv":[0.00156,0.99844,0.99844,0.00156],"texture":"#o6"},"east":{"uv":[0.00156,0.99844,0.99844,0.00156],"texture":"#o6"},"west":{"uv":[0.00156,0.99844,0.99844,0.00156],"texture":"#o6"},"up":{"uv":[0.0,0.0,0.0,0.0],"texture":"#o6"},"down":{"uv":[0.0,0.0,0.0,0.0],"texture":"#o6"}}},{"from":[1.13809,9.69342,7.08135],"to":[1.72273,9.79168,7.3394],"rotation":{"angle":0.0,"axis":"y","origin":[2.1539,10.26194,7.83497]},"faces":{"north":{"uv":[0.00156,0.00156,0.99844,0.99844],"texture":"#o6"},"south":{"uv":[0.0,0.0,0.0,0.0],"texture":"#o6"},"east":{"uv":[0.00156,0.00156,0.99844,0.99844],"texture":"#o6"},"west":{"uv":[0.00156,0.00156,0.99844,0.99844],"texture":"#o6"},"up":{"uv":[0.0,0.0,0.0,0.0],"texture":"#o6"},"down":{"uv":[0.0,0.0,0.0,0.0],"texture":"#o6"}}},{"from":[1.13809,9.69342,8.76427],"to":[1.72273,9.79168,9.02231],"rotation":{"angle":0.0,"axis":"y","origin":[2.1539,10.26194,7.57692]},"faces":{"north":{"uv":[0.0,0.0,0.0,0.0],"texture":"#o6"},"south":{"uv":[0.00156,0.00156,0.99844,0.99844],"texture":"#o6"},"east":{"uv":[0.00156,0.00156,0.99844,0.99844],"texture":"#o6"},"west":{"uv":[0.00156,0.00156,0.99844,0.99844],"texture":"#o6"},"up":{"uv":[0.0,0.0,0.0,0.0],"texture":"#o6"},"down":{"uv":[0.0,0.0,0.0,0.0],"texture":"#o6"}}},{"from":[1.75095,9.53862,7.08862],"to":[3.13796,9.79418,9.01665],"rotation":{"angle":0.0,"axis":"y","origin":[2.1539,10.36194,7.70594]},"faces":{"north":{"uv":[0.00156,0.00156,0.99844,0.99844],"texture":"#o6"},"south":{"uv":[0.00156,0.00156,0.99844,0.99844],"texture":"#o6"},"east":{"uv":[0.00156,0.00156,0.99844,0.99844],"texture":"#o6"},"west":{"uv":[0.00156,0.00156,0.99844,0.99844],"texture":"#o6"},"up":{"uv":[0.0,0.0,0.0,0.0],"texture":"#o6"},"down":{"uv":[0.99844,0.99844,0.00156,0.00156],"rotation":180,"texture":"#o6"}}},{"from":[2.474,9.64586,6.9041],"to":[2.59354,9.90144,7.28916],"rotation":{"angle":45.0,"axis":"y","origin":[2.53247,9.77366,6.96945]},"faces":{"north":{"uv":[0.0,0.0,0.0,0.0],"texture":"#o6"},"south":{"uv":[0.0,0.0,0.0,0.0],"texture":"#o6"},"east":{"uv":[0.00156,0.00156,0.99844,0.99844],"texture":"#o6"},"west":{"uv":[0.0,0.0,1.0,1.0],"texture":"#o6"},"up":{"uv":[0.99844,0.99844,0.00156,0.00156],"texture":"#o6"},"down":{"uv":[0.99844,0.99844,0.00156,0.00156],"texture":"#o6"}}},{"from":[1.06519,9.64586,6.88006],"to":[2.52944,9.90144,6.97248],"rotation":{"angle":0.0,"axis":"y","origin":[2.1539,10.34904,7.83497]},"faces":{"north":{"uv":[0.00156,0.00156,0.99844,0.99844],"texture":"#o6"},"south":{"uv":[0.00156,0.00156,0.99844,0.99844],"texture":"#o6"},"east":{"uv":[0.0,0.0,0.0,0.0],"texture":"#o6"},"west":{"uv":[0.0,0.0,1.0,1.0],"texture":"#o6"},"up":{"uv":[0.99844,0.99844,0.00156,0.00156],"texture":"#o6"},"down":{"uv":[0.99844,0.99844,0.00156,0.00156],"texture":"#o6"}}},{"from":[1.06923,9.93297,6.88006],"to":[2.8704,10.45427,6.97248],"rotation":{"angle":0.0,"axis":"y","origin":[2.1539,10.36194,7.83497]},"faces":{"north":{"uv":[0.00156,0.00156,0.99844,0.99844],"texture":"#o6"},"south":{"uv":[0.00156,0.00156,0.99844,0.99844],"texture":"#o6"},"east":{"uv":[0.00156,0.00156,0.99844,0.99844],"texture":"#o6"},"west":{"uv":[0.0,0.0,1.0,1.0],"texture":"#o6"},"up":{"uv":[0.0,0.0,0.0,0.0],"texture":"#o6"},"down":{"uv":[0.99844,0.99844,0.00156,0.00156],"texture":"#o6"}}},{"from":[2.32727,9.77667,6.88006],"to":[2.84857,10.29935,6.97248],"rotation":{"angle":22.5,"axis":"z","origin":[1.15622,10.17033,7.97957]},"faces":{"north":{"uv":[0.00156,0.99844,0.99844,0.00156],"texture":"#o6"},"south":{"uv":[0.00156,0.99844,0.99844,0.00156],"texture":"#o6"},"east":{"uv":[0.00156,0.99844,0.99844,0.00156],"texture":"#o6"},"west":{"uv":[0.00156,0.99844,0.99844,0.00156],"texture":"#o6"},"up":{"uv":[0.0,0.0,0.0,0.0],"texture":"#o6"},"down":{"uv":[0.0,0.0,0.0,0.0],"texture":"#o6"}}},{"from":[1.06923,10.45427,6.88006],"to":[2.67037,11.06619,6.97248],"rotation":{"angle":0.0,"axis":"y","origin":[2.1539,10.36194,7.83497]},"faces":{"north":{"uv":[0.00156,0.99844,0.99844,0.00156],"texture":"#o6"},"south":{"uv":[0.00156,0.99844,0.99844,0.00156],"texture":"#o6"},"east":{"uv":[0.00156,0.99844,0.99844,0.00156],"texture":"#o6"},"west":{"uv":[0.00156,0.99844,0.99844,0.00156],"texture":"#o6"},"up":{"uv":[0.0,0.0,0.0,0.0],"texture":"#o6"},"down":{"uv":[0.0,0.0,0.0,0.0],"texture":"#o6"}}},{"from":[1.06923,11.03013,6.96895],"to":[2.67037,11.25496,7.06137],"rotation":{"angle":22.5,"axis":"x","origin":[1.93431,11.27157,7.01516]},"faces":{"north":{"uv":[0.00156,0.00156,0.99844,0.99844],"texture":"#o6"},"south":{"uv":[0.00156,0.00156,0.99844,0.99844],"texture":"#o6"},"east":{"uv":[0.00156,0.00156,0.99844,0.99844],"texture":"#o6"},"west":{"uv":[0.00156,0.00156,0.99844,0.99844],"texture":"#o6"},"up":{"uv":[0.0,0.0,0.0,0.0],"texture":"#o6"},"down":{"uv":[0.0,0.0,0.0,0.0],"texture":"#o6"}}},{"from":[1.06923,12.26049,8.70157],"to":[2.67037,12.3529,8.86689],"rotation":{"angle":22.5,"axis":"x","origin":[1.90788,12.3067,8.92697]},"faces":{"north":{"uv":[0.0,0.0,0.0,0.0],"texture":"#o6"},"south":{"uv":[0.0,0.0,0.0,0.0],"texture":"#o6"},"east":{"uv":[0.00156,0.99844,0.99844,0.00156],"rotation":270,"texture":"#o6"},"west":{"uv":[0.00156,0.99844,0.99844,0.00156],"rotation":90,"texture":"#o6"},"up":{"uv":[0.00156,0.99844,0.99844,0.00156],"rotation":180,"texture":"#o6"},"down":{"uv":[0.00156,0.99844,0.99844,0.00156],"texture":"#o6"}}},{"from":[1.06923,12.2404,8.96963],"to":[2.67037,12.40572,9.06205],"rotation":{"angle":-45.0,"axis":"x","origin":[1.90788,12.18033,9.01585]},"faces":{"north":{"uv":[0.99844,0.00156,0.00156,0.99844],"texture":"#o6"},"south":{"uv":[0.99844,0.00156,0.00156,0.99844],"texture":"#o6"},"east":{"uv":[0.99844,0.00156,0.00156,0.99844],"texture":"#o6"},"west":{"uv":[0.99844,0.00156,0.00156,0.99844],"texture":"#o6"},"up":{"uv":[0.0,0.0,0.0,0.0],"texture":"#o6"},"down":{"uv":[0.0,0.0,0.0,0.0],"texture":"#o6"}}},{"from":[1.06923,12.08963,9.00339],"to":[2.67037,12.25495,9.09581],"rotation":{"angle":-22.5,"axis":"x","origin":[1.90788,12.02956,9.0496]},"faces":{"north":{"uv":[0.99844,0.00156,0.00156,0.99844],"texture":"#o6"},"south":{"uv":[0.99844,0.00156,0.00156,0.99844],"texture":"#o6"},"east":{"uv":[0.99844,0.00156,0.00156,0.99844],"texture":"#o6"},"west":{"uv":[0.99844,0.00156,0.00156,0.99844],"texture":"#o6"},"up":{"uv":[0.0,0.0,0.0,0.0],"texture":"#o6"},"down":{"uv":[0.0,0.0,0.0,0.0],"texture":"#o6"}}},{"from":[1.06923,11.71019,8.97688],"to":[2.67037,12.10275,9.0693],"rotation":{"angle":0.0,"axis":"z","origin":[2.1539,11.09162,8.19341]},"faces":{"north":{"uv":[0.99844,0.00156,0.00156,0.99844],"texture":"#o6"},"south":{"uv":[0.99844,0.00156,0.00156,0.99844],"texture":"#o6"},"east":{"uv":[0.99844,0.00156,0.00156,0.99844],"texture":"#o6"},"west":{"uv":[0.99844,0.00156,0.00156,0.99844],"texture":"#o6"},"up":{"uv":[0.0,0.0,0.0,0.0],"texture":"#o6"},"down":{"uv":[0.0,0.0,0.0,0.0],"texture":"#o6"}}},{"from":[1.06923,11.23363,9.47284],"to":[2.67037,11.49715,9.56526],"rotation":{"angle":-22.5,"axis":"x","origin":[2.1539,10.35701,8.68937]},"faces":{"north":{"uv":[0.99844,0.00156,0.00156,0.99844],"texture":"#o6"},"south":{"uv":[0.99844,0.00156,0.00156,0.99844],"texture":"#o6"},"east":{"uv":[0.99844,0.00156,0.00156,0.99844],"texture":"#o6"},"west":{"uv":[0.99844,0.00156,0.00156,0.99844],"texture":"#o6"},"up":{"uv":[0.0,0.0,0.0,0.0],"texture":"#o6"},"down":{"uv":[0.0,0.0,0.0,0.0],"texture":"#o6"}}},{"from":[1.06923,10.45151,9.0707],"to":[2.67037,11.50208,9.16312],"rotation":{"angle":0.0,"axis":"y","origin":[2.1539,10.09099,8.28722]},"faces":{"north":{"uv":[0.99844,0.00156,0.00156,0.99844],"texture":"#o6"},"south":{"uv":[0.99844,0.00156,0.00156,0.99844],"texture":"#o6"},"east":{"uv":[0.99844,0.00156,0.00156,0.99844],"texture":"#o6"},"west":{"uv":[0.99844,0.00156,0.00156,0.99844],"texture":"#o6"},"up":{"uv":[0.0,0.0,0.0,0.0],"texture":"#o6"},"down":{"uv":[0.0,0.0,0.0,0.0],"texture":"#o6"}}},{"from":[1.39613,10.79485,8.92721],"to":[2.6259,11.44885,9.01963],"rotation":{"angle":0.0,"axis":"y","origin":[2.1539,10.36194,8.26601]},"faces":{"north":{"uv":[0.00156,0.00156,0.99844,0.99844],"texture":"#o6"},"south":{"uv":[0.00156,0.00156,0.99844,0.99844],"texture":"#o6"},"east":{"uv":[0.00156,0.00156,0.99844,0.99844],"texture":"#o6"},"west":{"uv":[0.00156,0.00156,0.99844,0.99844],"texture":"#o6"},"up":{"uv":[0.0,0.0,0.0,0.0],"texture":"#o6"},"down":{"uv":[0.0,0.0,0.0,0.0],"texture":"#o6"}}},{"from":[1.39613,11.19341,9.15024],"to":[2.6259,11.46033,9.24266],"rotation":{"angle":-22.5,"axis":"x","origin":[2.1539,10.7605,8.48905]},"faces":{"north":{"uv":[0.00156,0.00156,0.99844,0.99844],"texture":"#o6"},"south":{"uv":[0.00156,0.00156,0.99844,0.99844],"texture":"#o6"},"east":{"uv":[0.00156,0.00156,0.99844,0.99844],"texture":"#o6"},"west":{"uv":[0.00156,0.00156,0.99844,0.99844],"texture":"#o6"},"up":{"uv":[0.0,0.0,0.0,0.0],"texture":"#o6"},"down":{"uv":[0.0,0.0,0.0,0.0],"texture":"#o6"}}},{"from":[1.39613,11.66009,8.8321],"to":[2.6259,12.05603,8.92451],"rotation":{"angle":0.0,"axis":"z","origin":[2.1539,11.48522,8.1709]},"faces":{"north":{"uv":[0.00156,0.00156,0.99844,0.99844],"texture":"#o6"},"south":{"uv":[0.00156,0.00156,0.99844,0.99844],"texture":"#o6"},"east":{"uv":[0.00156,0.00156,0.99844,0.99844],"texture":"#o6"},"west":{"uv":[0.00156,0.00156,0.99844,0.99844],"texture":"#o6"},"up":{"uv":[0.0,0.0,0.0,0.0],"texture":"#o6"},"down":{"uv":[0.0,0.0,0.0,0.0],"texture":"#o6"}}},{"from":[1.39613,12.04292,8.8586],"to":[2.6259,12.17759,8.95103],"rotation":{"angle":-22.5,"axis":"x","origin":[1.91627,11.98283,8.9048]},"faces":{"north":{"uv":[0.99844,0.00156,0.00156,0.99844],"texture":"#o6"},"south":{"uv":[0.99844,0.00156,0.00156,0.99844],"texture":"#o6"},"east":{"uv":[0.99844,0.00156,0.00156,0.99844],"texture":"#o6"},"west":{"uv":[0.99844,0.00156,0.00156,0.99844],"texture":"#o6"},"up":{"uv":[0.0,0.0,0.0,0.0],"texture":"#o6"},"down":{"uv":[0.0,0.0,0.0,0.0],"texture":"#o6"}}},{"from":[1.39613,12.16537,8.83657],"to":[2.6259,12.30005,8.929],"rotation":{"angle":-45.0,"axis":"x","origin":[1.91627,12.10529,8.88278]},"faces":{"north":{"uv":[0.99844,0.00156,0.00156,0.99844],"texture":"#o6"},"south":{"uv":[0.99844,0.00156,0.00156,0.99844],"texture":"#o6"},"east":{"uv":[0.99844,0.00156,0.00156,0.99844],"texture":"#o6"},"west":{"uv":[0.99844,0.00156,0.00156,0.99844],"texture":"#o6"},"up":{"uv":[0.0,0.0,0.0,0.0],"texture":"#o6"},"down":{"uv":[0.0,0.0,0.0,0.0],"texture":"#o6"}}},{"from":[1.39613,12.16379,8.6208],"to":[2.6259,12.25621,8.75548],"rotation":{"angle":22.5,"axis":"x","origin":[1.91627,12.20999,8.81556]},"faces":{"north":{"uv":[0.0,0.0,0.0,0.0],"texture":"#o6"},"south":{"uv":[0.0,0.0,0.0,0.0],"texture":"#o6"},"east":{"uv":[0.00156,0.99844,0.99844,0.00156],"rotation":270,"texture":"#o6"},"west":{"uv":[0.00156,0.99844,0.99844,0.00156],"rotation":90,"texture":"#o6"},"up":{"uv":[0.00156,0.99844,0.99844,0.00156],"rotation":180,"texture":"#o6"},"down":{"uv":[0.00156,0.99844,0.99844,0.00156],"texture":"#o6"}}},{"from":[1.06923,11.71019,7.05289],"to":[2.67037,12.10275,7.14531],"rotation":{"angle":0.0,"axis":"z","origin":[2.1539,11.09162,7.92878]},"faces":{"north":{"uv":[0.00156,0.00156,0.99844,0.99844],"texture":"#o6"},"south":{"uv":[0.00156,0.00156,0.99844,0.99844],"texture":"#o6"},"east":{"uv":[0.00156,0.00156,0.99844,0.99844],"texture":"#o6"},"west":{"uv":[0.00156,0.00156,0.99844,0.99844],"texture":"#o6"},"up":{"uv":[0.0,0.0,0.0,0.0],"texture":"#o6"},"down":{"uv":[0.0,0.0,0.0,0.0],"texture":"#o6"}}},{"from":[1.06923,11.23363,6.55693],"to":[2.67037,11.49715,6.64936],"rotation":{"angle":22.5,"axis":"x","origin":[2.1539,10.35701,7.43283]},"faces":{"north":{"uv":[0.00156,0.00156,0.99844,0.99844],"texture":"#o6"},"south":{"uv":[0.00156,0.00156,0.99844,0.99844],"texture":"#o6"},"east":{"uv":[0.00156,0.00156,0.99844,0.99844],"texture":"#o6"},"west":{"uv":[0.00156,0.00156,0.99844,0.99844],"texture":"#o6"},"up":{"uv":[0.0,0.0,0.0,0.0],"texture":"#o6"},"down":{"uv":[0.0,0.0,0.0,0.0],"texture":"#o6"}}},{"from":[1.06923,11.23855,6.95908],"to":[2.67037,11.50208,7.0515],"rotation":{"angle":0.0,"axis":"y","origin":[2.1539,10.36194,7.83497]},"faces":{"north":{"uv":[0.00156,0.00156,0.99844,0.99844],"texture":"#o6"},"south":{"uv":[0.00156,0.00156,0.99844,0.99844],"texture":"#o6"},"east":{"uv":[0.00156,0.00156,0.99844,0.99844],"texture":"#o6"},"west":{"uv":[0.00156,0.00156,0.99844,0.99844],"texture":"#o6"},"up":{"uv":[0.0,0.0,0.0,0.0],"texture":"#o6"},"down":{"uv":[0.0,0.0,0.0,0.0],"texture":"#o6"}}},{"from":[1.57358,9.93297,9.0707],"to":[2.8704,10.45427,9.16312],"rotation":{"angle":0.0,"axis":"y","origin":[2.1539,10.36194,7.57692]},"faces":{"north":{"uv":[0.00156,0.00156,0.99844,0.99844],"texture":"#o6"},"south":{"uv":[0.00156,0.00156,0.99844,0.99844],"texture":"#o6"},"east":{"uv":[0.00156,0.00156,0.99844,0.99844],"texture":"#o6"},"west":{"uv":[0.0,0.0,0.0,0.0],"texture":"#o6"},"up":{"uv":[0.0,0.0,0.0,0.0],"texture":"#o6"},"down":{"uv":[0.99844,0.99844,0.00156,0.00156],"texture":"#o6"}}},{"from":[1.48259,9.87329,9.0707],"to":[1.88983,9.99983,9.16312],"rotation":{"angle":22.5,"axis":"z","origin":[1.71273,10.07102,9.21305]},"faces":{"north":{"uv":[0.00156,0.00156,0.99844,0.99844],"texture":"#o6"},"south":{"uv":[0.00156,0.00156,0.99844,0.99844],"texture":"#o6"},"east":{"uv":[0.0,0.0,0.0,0.0],"texture":"#o6"},"west":{"uv":[0.0,0.0,0.0,0.0],"texture":"#o6"},"up":{"uv":[0.0,0.0,0.0,0.0],"texture":"#o6"},"down":{"uv":[0.99844,0.99844,0.00156,0.00156],"texture":"#o6"}}},{"from":[1.06923,9.80027,9.0707],"to":[1.57358,10.45427,9.16312],"rotation":{"angle":0.0,"axis":"y","origin":[2.1539,10.36194,7.57692]},"faces":{"north":{"uv":[0.00156,0.00156,0.99844,0.99844],"texture":"#o6"},"south":{"uv":[0.00156,0.00156,0.99844,0.99844],"texture":"#o6"},"east":{"uv":[0.0,0.0,0.0,0.0],"texture":"#o6"},"west":{"uv":[0.00156,0.00156,0.99844,0.99844],"texture":"#o6"},"up":{"uv":[0.0,0.0,0.0,0.0],"texture":"#o6"},"down":{"uv":[0.99844,0.99844,0.00156,0.00156],"texture":"#o6"}}},{"from":[1.39613,11.66009,7.17647],"to":[2.6259,12.05603,7.26889],"rotation":{"angle":0.0,"axis":"z","origin":[2.1539,11.48522,7.93008]},"faces":{"north":{"uv":[0.99844,0.00156,0.00156,0.99844],"texture":"#o6"},"south":{"uv":[0.99844,0.00156,0.00156,0.99844],"texture":"#o6"},"east":{"uv":[0.99844,0.00156,0.00156,0.99844],"texture":"#o6"},"west":{"uv":[0.99844,0.00156,0.00156,0.99844],"texture":"#o6"},"up":{"uv":[0.0,0.0,0.0,0.0],"texture":"#o6"},"down":{"uv":[0.0,0.0,0.0,0.0],"texture":"#o6"}}},{"from":[1.39613,11.19341,6.85832],"to":[2.6259,11.46033,6.95074],"rotation":{"angle":22.5,"axis":"x","origin":[2.1539,10.7605,7.61194]},"faces":{"north":{"uv":[0.99844,0.00156,0.00156,0.99844],"texture":"#o6"},"south":{"uv":[0.99844,0.00156,0.00156,0.99844],"texture":"#o6"},"east":{"uv":[0.99844,0.00156,0.00156,0.99844],"texture":"#o6"},"west":{"uv":[0.99844,0.00156,0.00156,0.99844],"texture":"#o6"},"up":{"uv":[0.0,0.0,0.0,0.0],"texture":"#o6"},"down":{"uv":[0.0,0.0,0.0,0.0],"texture":"#o6"}}},{"from":[1.39613,10.79485,7.08135],"to":[2.6259,11.44885,7.17377],"rotation":{"angle":0.0,"axis":"y","origin":[2.1539,10.36194,7.83497]},"faces":{"north":{"uv":[0.99844,0.00156,0.00156,0.99844],"texture":"#o6"},"south":{"uv":[0.99844,0.00156,0.00156,0.99844],"texture":"#o6"},"east":{"uv":[0.99844,0.00156,0.00156,0.99844],"texture":"#o6"},"west":{"uv":[0.99844,0.00156,0.00156,0.99844],"texture":"#o6"},"up":{"uv":[0.0,0.0,0.0,0.0],"texture":"#o6"},"down":{"uv":[0.0,0.0,0.0,0.0],"texture":"#o6"}}},{"from":[2.32727,9.77667,9.0707],"to":[2.84857,10.29935,9.16312],"rotation":{"angle":22.5,"axis":"z","origin":[1.15622,10.17033,8.06361]},"faces":{"north":{"uv":[0.00156,0.00156,0.99844,0.99844],"texture":"#o6"},"south":{"uv":[0.00156,0.00156,0.99844,0.99844],"texture":"#o6"},"east":{"uv":[0.00156,0.00156,0.99844,0.99844],"texture":"#o6"},"west":{"uv":[0.00156,0.00156,0.99844,0.99844],"texture":"#o6"},"up":{"uv":[0.0,0.0,0.0,0.0],"texture":"#o6"},"down":{"uv":[0.0,0.0,0.0,0.0],"texture":"#o6"}}},{"from":[1.39613,12.23481,7.44766],"to":[2.6259,12.32723,8.65332],"rotation":{"angle":0.0,"axis":"y","origin":[2.1539,10.3175,7.79457]},"faces":{"north":{"uv":[0.0,0.0,0.0,0.0],"texture":"#o6"},"south":{"uv":[0.0,0.0,0.0,0.0],"texture":"#o6"},"east":{"uv":[0.00156,0.00156,0.99844,0.99844],"texture":"#o6"},"west":{"uv":[0.00156,0.00156,0.99844,0.99844],"texture":"#o6"},"up":{"uv":[0.99844,0.99844,0.00156,0.00156],"texture":"#o6"},"down":{"uv":[0.99844,0.99844,0.00156,0.00156],"texture":"#o6"}}},{"from":[1.39613,12.16379,7.34551],"to":[2.6259,12.25621,7.48018],"rotation":{"angle":-22.5,"axis":"x","origin":[1.91627,12.20999,7.28542]},"faces":{"north":{"uv":[0.0,0.0,0.0,0.0],"texture":"#o6"},"south":{"uv":[0.0,0.0,0.0,0.0],"texture":"#o6"},"east":{"uv":[0.00156,0.00156,0.99844,0.99844],"rotation":270,"texture":"#o6"},"west":{"uv":[0.00156,0.00156,0.99844,0.99844],"rotation":90,"texture":"#o6"},"up":{"uv":[0.00156,0.00156,0.99844,0.99844],"rotation":180,"texture":"#o6"},"down":{"uv":[0.00156,0.00156,0.99844,0.99844],"texture":"#o6"}}},{"from":[1.39613,12.16537,7.17198],"to":[2.6259,12.30005,7.26441],"rotation":{"angle":45.0,"axis":"x","origin":[1.91627,12.10529,7.21821]},"faces":{"north":{"uv":[0.00156,0.00156,0.99844,0.99844],"texture":"#o6"},"south":{"uv":[0.00156,0.00156,0.99844,0.99844],"texture":"#o6"},"east":{"uv":[0.00156,0.00156,0.99844,0.99844],"texture":"#o6"},"west":{"uv":[0.00156,0.00156,0.99844,0.99844],"texture":"#o6"},"up":{"uv":[0.0,0.0,0.0,0.0],"texture":"#o6"},"down":{"uv":[0.0,0.0,0.0,0.0],"texture":"#o6"}}},{"from":[1.39613,12.04292,7.14995],"to":[2.6259,12.17759,7.24239],"rotation":{"angle":22.5,"axis":"x","origin":[1.91627,11.98283,7.19618]},"faces":{"north":{"uv":[0.00156,0.00156,0.99844,0.99844],"texture":"#o6"},"south":{"uv":[0.00156,0.00156,0.99844,0.99844],"texture":"#o6"},"east":{"uv":[0.00156,0.00156,0.99844,0.99844],"texture":"#o6"},"west":{"uv":[0.00156,0.00156,0.99844,0.99844],"texture":"#o6"},"up":{"uv":[0.0,0.0,0.0,0.0],"texture":"#o6"},"down":{"uv":[0.0,0.0,0.0,0.0],"texture":"#o6"}}},{"from":[1.39613,10.72249,8.8419],"to":[2.6259,10.93781,8.95447],"rotation":{"angle":45.0,"axis":"x","origin":[1.91627,10.83015,8.8881]},"faces":{"north":{"uv":[0.00156,0.00156,0.99844,0.99844],"texture":"#o6"},"south":{"uv":[0.0,0.0,0.0,0.0],"texture":"#o6"},"east":{"uv":[0.00156,0.00156,0.99844,0.99844],"texture":"#o6"},"west":{"uv":[0.00156,0.00156,0.99844,0.99844],"texture":"#o6"},"up":{"uv":[0.0,0.0,0.0,0.0],"texture":"#o6"},"down":{"uv":[0.0,0.0,0.0,0.0],"texture":"#o6"}}},{"from":[1.39613,10.72249,7.14919],"to":[2.6259,10.95071,7.26176],"rotation":{"angle":-45.0,"axis":"x","origin":[1.91627,10.83015,7.21556]},"faces":{"north":{"uv":[0.0,0.0,0.0,0.0],"texture":"#o6"},"south":{"uv":[0.00156,0.00156,0.99844,0.99844],"texture":"#o6"},"east":{"uv":[0.00156,0.00156,0.99844,0.99844],"texture":"#o6"},"west":{"uv":[0.00156,0.00156,0.99844,0.99844],"texture":"#o6"},"up":{"uv":[0.0,0.0,0.0,0.0],"texture":"#o6"},"down":{"uv":[0.0,0.0,0.0,0.0],"texture":"#o6"}}},{"from":[1.06923,12.08963,7.02639],"to":[2.67037,12.25495,7.11881],"rotation":{"angle":22.5,"axis":"x","origin":[1.90788,12.02956,7.07259]},"faces":{"north":{"uv":[0.00156,0.00156,0.99844,0.99844],"texture":"#o6"},"south":{"uv":[0.00156,0.00156,0.99844,0.99844],"texture":"#o6"},"east":{"uv":[0.00156,0.00156,0.99844,0.99844],"texture":"#o6"},"west":{"uv":[0.00156,0.00156,0.99844,0.99844],"texture":"#o6"},"up":{"uv":[0.0,0.0,0.0,0.0],"texture":"#o6"},"down":{"uv":[0.0,0.0,0.0,0.0],"texture":"#o6"}}},{"from":[1.06923,12.26049,7.2553],"to":[2.67037,12.3529,7.42062],"rotation":{"angle":-22.5,"axis":"x","origin":[1.90788,12.3067,7.19523]},"faces":{"north":{"uv":[0.0,0.0,0.0,0.0],"texture":"#o6"},"south":{"uv":[0.0,0.0,0.0,0.0],"texture":"#o6"},"east":{"uv":[0.00156,0.00156,0.99844,0.99844],"rotation":270,"texture":"#o6"},"west":{"uv":[0.00156,0.00156,0.99844,0.99844],"rotation":90,"texture":"#o6"},"up":{"uv":[0.00156,0.00156,0.99844,0.99844],"rotation":180,"texture":"#o6"},"down":{"uv":[0.00156,0.00156,0.99844,0.99844],"texture":"#o6"}}},{"from":[1.06923,12.2404,7.06014],"to":[2.67037,12.40572,7.15256],"rotation":{"angle":45.0,"axis":"x","origin":[1.90788,12.18033,7.10634]},"faces":{"north":{"uv":[0.00156,0.00156,0.99844,0.99844],"texture":"#o6"},"south":{"uv":[0.00156,0.00156,0.99844,0.99844],"texture":"#o6"},"east":{"uv":[0.00156,0.00156,0.99844,0.99844],"texture":"#o6"},"west":{"uv":[0.00156,0.00156,0.99844,0.99844],"texture":"#o6"},"up":{"uv":[0.0,0.0,0.0,0.0],"texture":"#o6"},"down":{"uv":[0.0,0.0,0.0,0.0],"texture":"#o6"}}},{"from":[1.06923,12.34995,7.38578],"to":[2.67037,12.43565,8.73641],"rotation":{"angle":0.0,"axis":"y","origin":[2.1539,10.31829,7.78767]},"faces":{"north":{"uv":[0.0,0.0,0.0,0.0],"texture":"#o6"},"south":{"uv":[0.0,0.0,0.0,0.0],"texture":"#o6"},"east":{"uv":[0.00156,0.00156,0.99844,0.99844],"texture":"#o6"},"west":{"uv":[0.00156,0.00156,0.99844,0.99844],"texture":"#o6"},"up":{"uv":[0.99844,0.99844,0.00156,0.00156],"texture":"#o6"},"down":{"uv":[0.99844,0.99844,0.00156,0.00156],"texture":"#o6"}}},{"from":[1.17841,9.89219,6.97248],"to":[1.70289,10.89514,7.16199],"rotation":{"angle":0.0,"axis":"y","origin":[2.1539,10.36194,7.83497]},"faces":{"north":{"uv":[0.0,0.0,0.0,0.0],"texture":"#o6"},"south":{"uv":[0.00156,0.00156,0.99844,0.99844],"texture":"#o6"},"east":{"uv":[0.00156,0.00156,0.99844,0.99844],"texture":"#o6"},"west":{"uv":[0.00156,0.00156,0.99844,0.99844],"texture":"#o6"},"up":{"uv":[0.99844,0.99844,0.00156,0.00156],"texture":"#o6"},"down":{"uv":[0.99844,0.99844,0.00156,0.00156],"texture":"#o6"}}},{"from":[1.17841,10.02121,8.89575],"to":[2.60606,10.25002,9.07316],"rotation":{"angle":0.0,"axis":"y","origin":[2.1539,10.36194,7.57692]},"faces":{"north":{"uv":[0.0,0.0,0.0,0.0],"texture":"#o6"},"south":{"uv":[0.0,0.0,0.0,0.0],"texture":"#o6"},"east":{"uv":[0.00156,0.00156,0.99844,0.99844],"texture":"#o6"},"west":{"uv":[0.00156,0.00156,0.99844,0.99844],"texture":"#o6"},"up":{"uv":[0.99844,0.99844,0.00156,0.00156],"texture":"#o6"},"down":{"uv":[0.99844,0.99844,0.00156,0.00156],"texture":"#o6"}}},{"from":[2.96234,9.89168,7.08135],"to":[3.14198,10.30699,9.02231],"rotation":{"angle":45.0,"axis":"z","origin":[3.05217,10.34327,8.50622]},"faces":{"north":{"uv":[0.00156,0.00156,0.99844,0.99844],"texture":"#o6"},"south":{"uv":[0.00156,0.00156,0.99844,0.99844],"texture":"#o6"},"east":{"uv":[0.0,0.0,0.0,0.0],"texture":"#o6"},"west":{"uv":[0.0,0.0,0.0,0.0],"texture":"#o6"},"up":{"uv":[0.0,0.0,0.0,0.0],"texture":"#o6"},"down":{"uv":[0.99844,0.99844,0.00156,0.00156],"texture":"#o6"}}},{"from":[2.96234,9.89168,7.08135],"to":[3.14198,10.30699,9.02231],"rotation":{"angle":22.5,"axis":"z","origin":[3.05217,10.34327,8.50622]},"faces":{"north":{"uv":[0.00156,0.00156,0.99844,0.99844],"texture":"#o6"},"south":{"uv":[0.00156,0.00156,0.99844,0.99844],"texture":"#o6"},"east":{"uv":[0.0,0.0,0.0,0.0],"texture":"#o6"},"west":{"uv":[0.0,0.0,0.0,0.0],"texture":"#o6"},"up":{"uv":[0.0,0.0,0.0,0.0],"texture":"#o6"},"down":{"uv":[0.99844,0.99844,0.00156,0.00156],"texture":"#o6"}}},{"from":[2.96234,10.38763,7.08135],"to":[3.14198,10.79485,9.02231],"rotation":{"angle":-22.5,"axis":"z","origin":[3.05217,10.34327,8.50622]},"faces":{"north":{"uv":[0.00156,0.00156,0.99844,0.99844],"texture":"#o6"},"south":{"uv":[0.00156,0.00156,0.99844,0.99844],"texture":"#o6"},"east":{"uv":[0.0,0.0,0.0,0.0],"texture":"#o6"},"west":{"uv":[0.0,0.0,0.0,0.0],"texture":"#o6"},"up":{"uv":[0.99844,0.99844,0.00156,0.00156],"texture":"#o6"},"down":{"uv":[0.0,0.0,0.0,0.0],"texture":"#o6"}}},{"from":[2.96234,10.36746,7.08135],"to":[3.14198,10.79485,9.02231],"rotation":{"angle":-45.0,"axis":"z","origin":[3.05217,10.34327,8.50622]},"faces":{"north":{"uv":[0.00156,0.00156,0.99844,0.99844],"texture":"#o6"},"south":{"uv":[0.00156,0.00156,0.99844,0.99844],"texture":"#o6"},"east":{"uv":[0.0,0.0,0.0,0.0],"texture":"#o6"},"west":{"uv":[0.0,0.0,0.0,0.0],"texture":"#o6"},"up":{"uv":[0.99844,0.99844,0.00156,0.00156],"texture":"#o6"},"down":{"uv":[0.0,0.0,0.0,0.0],"texture":"#o6"}}},{"from":[3.06829,10.25344,7.08135],"to":[3.50375,10.43309,9.02231],"rotation":{"angle":22.5,"axis":"z","origin":[3.05217,10.34327,8.50622]},"faces":{"north":{"uv":[0.00156,0.00156,0.99844,0.99844],"texture":"#o6"},"south":{"uv":[0.00156,0.00156,0.99844,0.99844],"texture":"#o6"},"east":{"uv":[0.00156,0.00156,0.99844,0.99844],"texture":"#o6"},"west":{"uv":[0.0,0.0,0.0,0.0],"texture":"#o6"},"up":{"uv":[0.0,0.0,0.0,0.0],"texture":"#o6"},"down":{"uv":[0.0,0.0,0.0,0.0],"texture":"#o6"}}},{"from":[2.98765,10.25344,7.08135],"to":[3.50375,10.43309,9.02231],"rotation":{"angle":0.0,"axis":"y","origin":[2.02488,10.36194,7.70594]},"faces":{"north":{"uv":[0.00156,0.00156,0.99844,0.99844],"texture":"#o6"},"south":{"uv":[0.00156,0.00156,0.99844,0.99844],"texture":"#o6"},"east":{"uv":[0.00156,0.00156,0.99844,0.99844],"texture":"#o6"},"west":{"uv":[0.0,0.0,0.0,0.0],"texture":"#o6"},"up":{"uv":[0.0,0.0,0.0,0.0],"texture":"#o6"},"down":{"uv":[0.0,0.0,0.0,0.0],"texture":"#o6"}}},{"from":[3.06829,10.25344,7.08135],"to":[3.50375,10.43309,9.02231],"rotation":{"angle":-22.5,"axis":"z","origin":[3.05217,10.34327,8.50622]},"faces":{"north":{"uv":[0.00156,0.00156,0.99844,0.99844],"texture":"#o6"},"south":{"uv":[0.00156,0.00156,0.99844,0.99844],"texture":"#o6"},"east":{"uv":[0.00156,0.00156,0.99844,0.99844],"texture":"#o6"},"west":{"uv":[0.0,0.0,0.0,0.0],"texture":"#o6"},"up":{"uv":[0.0,0.0,0.0,0.0],"texture":"#o6"},"down":{"uv":[0.0,0.0,0.0,0.0],"texture":"#o6"}}},{"from":[2.45864,10.90372,7.3816],"to":[2.45864,12.19396,8.67184],"rotation":{"angle":0.0,"axis":"y","origin":[2.02488,10.36194,7.70594]},"faces":{"north":{"uv":[0.0,0.0,0.0,0.0],"texture":"#o6"},"south":{"uv":[0.0,0.0,0.0,0.0],"texture":"#o6"},"west":{"uv":[2.00156,2.00156,13.99844,13.99844],"texture":"#o6"},"up":{"uv":[0.0,0.0,0.0,0.0],"texture":"#o6"},"down":{"uv":[0.0,0.0,0.0,0.0],"texture":"#o6"}}},{"from":[24.50791,7.39437,8.29313],"to":[24.80791,8.15053,8.43929],"rotation":{"angle":0.0,"axis":"y","origin":[7.40791,7.01053,6.29952]},"faces":{"north":{"uv":[0.0,6.75,0.625,7.375],"texture":"#o8"},"south":{"uv":[0.0,6.75,0.625,7.375],"texture":"#o8"},"east":{"uv":[0.0,6.75,0.625,7.375],"texture":"#o8"},"west":{"uv":[0.0,6.75,0.625,7.375],"texture":"#o8"},"up":{"uv":[0.0,6.75,0.625,7.375],"texture":"#o8"},"down":{"uv":[0.0,6.75,0.625,7.375],"texture":"#o8"}}},{"from":[24.50791,7.39437,7.69313],"to":[24.80791,8.15053,7.83929],"rotation":{"angle":0.0,"axis":"y","origin":[7.40791,7.01053,6.29952]},"faces":{"north":{"uv":[0.0,6.75,0.625,7.375],"texture":"#o8"},"south":{"uv":[0.0,6.75,0.625,7.375],"texture":"#o8"},"east":{"uv":[0.0,6.75,0.625,7.375],"texture":"#o8"},"west":{"uv":[0.0,6.75,0.625,7.375],"texture":"#o8"},"up":{"uv":[0.0,6.75,0.625,7.375],"texture":"#o8"},"down":{"uv":[0.0,6.75,0.625,7.375],"texture":"#o8"}}},{"from":[24.80791,7.69437,7.69313],"to":[25.70791,7.85053,7.83929],"rotation":{"angle":0.0,"axis":"y","origin":[7.40791,7.01053,6.29952]},"faces":{"north":{"uv":[0.0,6.75,0.625,7.375],"texture":"#o8"},"south":{"uv":[0.0,6.75,0.625,7.375],"texture":"#o8"},"east":{"uv":[0.0,6.75,0.625,7.375],"texture":"#o8"},"west":{"uv":[0.0,6.75,0.625,7.375],"texture":"#o8"},"up":{"uv":[0.0,6.75,0.625,7.375],"texture":"#o8"},"down":{"uv":[0.0,6.75,0.625,7.375],"texture":"#o8"}}},{"from":[24.80791,7.69437,8.29313],"to":[25.70791,7.85053,8.43929],"rotation":{"angle":0.0,"axis":"y","origin":[7.40791,7.01053,6.29952]},"faces":{"north":{"uv":[0.0,6.75,0.625,7.375],"texture":"#o8"},"south":{"uv":[0.0,6.75,0.625,7.375],"texture":"#o8"},"east":{"uv":[0.0,6.75,0.625,7.375],"texture":"#o8"},"west":{"uv":[0.0,6.75,0.625,7.375],"texture":"#o8"},"up":{"uv":[0.0,6.75,0.625,7.375],"texture":"#o8"},"down":{"uv":[0.0,6.75,0.625,7.375],"texture":"#o8"}}},{"from":[24.80791,7.39437,7.69313],"to":[25.70791,7.55053,7.83929],"rotation":{"angle":0.0,"axis":"y","origin":[7.40791,7.01053,6.29952]},"faces":{"north":{"uv":[0.0,6.75,0.625,7.375],"texture":"#o8"},"south":{"uv":[0.0,6.75,0.625,7.375],"texture":"#o8"},"east":{"uv":[0.0,6.75,0.625,7.375],"texture":"#o8"},"west":{"uv":[0.0,6.75,0.625,7.375],"texture":"#o8"},"up":{"uv":[0.0,6.75,0.625,7.375],"texture":"#o8"},"down":{"uv":[0.0,6.75,0.625,7.375],"texture":"#o8"}}},{"from":[24.80791,7.39437,8.29313],"to":[25.70791,7.55053,8.43929],"rotation":{"angle":0.0,"axis":"y","origin":[7.40791,7.01053,6.29952]},"faces":{"north":{"uv":[0.0,6.75,0.625,7.375],"texture":"#o8"},"south":{"uv":[0.0,6.75,0.625,7.375],"texture":"#o8"},"east":{"uv":[0.0,6.75,0.625,7.375],"texture":"#o8"},"west":{"uv":[0.0,6.75,0.625,7.375],"texture":"#o8"},"up":{"uv":[0.0,6.75,0.625,7.375],"texture":"#o8"},"down":{"uv":[0.0,6.75,0.625,7.375],"texture":"#o8"}}},{"from":[24.80791,7.99437,7.69313],"to":[25.10791,8.15053,7.83929],"rotation":{"angle":0.0,"axis":"y","origin":[7.40791,7.01053,6.29952]},"faces":{"north":{"uv":[0.0,6.75,0.625,7.375],"texture":"#o8"},"south":{"uv":[0.0,6.75,0.625,7.375],"texture":"#o8"},"east":{"uv":[0.0,6.75,0.625,7.375],"texture":"#o8"},"west":{"uv":[0.0,6.75,0.625,7.375],"texture":"#o8"},"up":{"uv":[0.0,6.75,0.625,7.375],"texture":"#o8"},"down":{"uv":[0.0,6.75,0.625,7.375],"texture":"#o8"}}},{"from":[24.80791,7.99437,8.29313],"to":[25.70791,8.15053,8.43929],"rotation":{"angle":0.0,"axis":"y","origin":[7.40791,7.01053,6.29952]},"faces":{"north":{"uv":[0.0,6.75,0.625,7.375],"texture":"#o8"},"south":{"uv":[0.0,6.75,0.625,7.375],"texture":"#o8"},"east":{"uv":[0.0,6.75,0.625,7.375],"texture":"#o8"},"west":{"uv":[0.0,6.75,0.625,7.375],"texture":"#o8"},"up":{"uv":[0.0,6.75,0.625,7.375],"texture":"#o8"},"down":{"uv":[0.0,6.75,0.625,7.375],"texture":"#o8"}}},{"from":[24.50791,7.39437,7.83929],"to":[24.80791,7.55053,8.29313],"rotation":{"angle":0.0,"axis":"y","origin":[7.40791,7.01053,6.14568]},"faces":{"north":{"uv":[0.0,6.75,0.625,7.375],"texture":"#o8"},"south":{"uv":[0.0,6.75,0.625,7.375],"texture":"#o8"},"east":{"uv":[0.0,6.75,0.625,7.375],"texture":"#o8"},"west":{"uv":[0.0,6.75,0.625,7.375],"texture":"#o8"},"up":{"uv":[0.0,6.75,0.625,7.375],"texture":"#o8"},"down":{"uv":[0.0,6.75,0.625,7.375],"texture":"#o8"}}},{"from":[24.50791,7.99437,7.83929],"to":[24.80791,8.15053,8.29313],"rotation":{"angle":0.0,"axis":"y","origin":[7.40791,7.11053,6.14568]},"faces":{"north":{"uv":[0.0,6.75,0.625,7.375],"texture":"#o8"},"south":{"uv":[0.0,6.75,0.625,7.375],"texture":"#o8"},"east":{"uv":[0.0,6.75,0.625,7.375],"texture":"#o8"},"west":{"uv":[0.0,6.75,0.625,7.375],"texture":"#o8"},"up":{"uv":[0.0,6.75,0.625,7.375],"texture":"#o8"},"down":{"uv":[0.0,6.75,0.625,7.375],"texture":"#o8"}}},{"from":[25.10791,7.39437,7.69313],"to":[25.40791,8.15053,7.83929],"rotation":{"angle":0.0,"axis":"y","origin":[7.40791,7.01053,6.29952]},"faces":{"north":{"uv":[0.0,6.75,0.625,7.375],"texture":"#o8"},"south":{"uv":[0.0,6.75,0.625,7.375],"texture":"#o8"},"east":{"uv":[0.0,6.75,0.625,7.375],"texture":"#o8"},"west":{"uv":[0.0,6.75,0.625,7.375],"texture":"#o8"},"up":{"uv":[0.0,6.75,0.625,7.375],"texture":"#o8"},"down":{"uv":[0.0,6.75,0.625,7.375],"texture":"#o8"}}},{"from":[25.10791,7.99437,7.83929],"to":[25.40791,8.15053,8.29313],"rotation":{"angle":0.0,"axis":"y","origin":[7.40791,7.11053,6.14568]},"faces":{"north":{"uv":[0.0,6.75,0.625,7.375],"texture":"#o8"},"south":{"uv":[0.0,6.75,0.625,7.375],"texture":"#o8"},"east":{"uv":[0.0,6.75,0.625,7.375],"texture":"#o8"},"west":{"uv":[0.0,6.75,0.625,7.375],"texture":"#o8"},"up":{"uv":[0.0,6.75,0.625,7.375],"texture":"#o8"},"down":{"uv":[0.0,6.75,0.625,7.375],"texture":"#o8"}}},{"from":[25.10791,7.39437,8.29313],"to":[25.40791,8.15053,8.43929],"rotation":{"angle":0.0,"axis":"y","origin":[7.40791,7.01053,6.29952]},"faces":{"north":{"uv":[0.0,6.75,0.625,7.375],"texture":"#o8"},"south":{"uv":[0.0,6.75,0.625,7.375],"texture":"#o8"},"east":{"uv":[0.0,6.75,0.625,7.375],"texture":"#o8"},"west":{"uv":[0.0,6.75,0.625,7.375],"texture":"#o8"},"up":{"uv":[0.0,6.75,0.625,7.375],"texture":"#o8"},"down":{"uv":[0.0,6.75,0.625,7.375],"texture":"#o8"}}},{"from":[25.10791,7.39437,7.83929],"to":[25.40791,7.55053,8.29313],"rotation":{"angle":0.0,"axis":"y","origin":[7.40791,7.01053,6.14568]},"faces":{"north":{"uv":[0.0,6.75,0.625,7.375],"texture":"#o8"},"south":{"uv":[0.0,6.75,0.625,7.375],"texture":"#o8"},"east":{"uv":[0.0,6.75,0.625,7.375],"texture":"#o8"},"west":{"uv":[0.0,6.75,0.625,7.375],"texture":"#o8"},"up":{"uv":[0.0,6.75,0.625,7.375],"texture":"#o8"},"down":{"uv":[0.0,6.75,0.625,7.375],"texture":"#o8"}}},{"from":[24.80791,7.99437,7.97929],"to":[25.70791,8.15053,8.13313],"rotation":{"angle":0.0,"axis":"y","origin":[7.40791,7.11053,6.14568]},"faces":{"north":{"uv":[0.0,6.75,0.625,7.375],"texture":"#o8"},"south":{"uv":[0.0,6.75,0.625,7.375],"texture":"#o8"},"east":{"uv":[0.0,6.75,0.625,7.375],"texture":"#o8"},"west":{"uv":[0.0,6.75,0.625,7.375],"texture":"#o8"},"up":{"uv":[0.0,6.75,0.625,7.375],"texture":"#o8"},"down":{"uv":[0.0,6.75,0.625,7.375],"texture":"#o8"}}},{"from":[24.80791,7.39437,7.97929],"to":[25.70791,7.55053,8.13313],"rotation":{"angle":0.0,"axis":"y","origin":[7.40791,7.11053,6.14568]},"faces":{"north":{"uv":[0.0,6.75,0.625,7.375],"texture":"#o8"},"south":{"uv":[0.0,6.75,0.625,7.375],"texture":"#o8"},"east":{"uv":[0.0,6.75,0.625,7.375],"texture":"#o8"},"west":{"uv":[0.0,6.75,0.625,7.375],"texture":"#o8"},"up":{"uv":[0.0,6.75,0.625,7.375],"texture":"#o8"},"down":{"uv":[0.0,6.75,0.625,7.375],"texture":"#o8"}}},{"from":[25.40791,7.99437,7.69313],"to":[25.70791,8.15053,7.83929],"rotation":{"angle":0.0,"axis":"y","origin":[7.40791,7.01053,6.29952]},"faces":{"north":{"uv":[0.0,6.75,0.625,7.375],"texture":"#o8"},"south":{"uv":[0.0,6.75,0.625,7.375],"texture":"#o8"},"east":{"uv":[0.0,6.75,0.625,7.375],"texture":"#o8"},"west":{"uv":[0.0,6.75,0.625,7.375],"texture":"#o8"},"up":{"uv":[0.0,6.75,0.625,7.375],"texture":"#o8"},"down":{"uv":[0.0,6.75,0.625,7.375],"texture":"#o8"}}},{"from":[1.12791,7.11437,9.16313],"to":[5.36791,7.92053,9.35929],"rotation":{"angle":0.0,"axis":"y","origin":[0.70791,7.01053,6.29952]},"faces":{"north":{"uv":[6.875,3.25,7.5,3.875],"texture":"#o8"},"south":{"uv":[6.875,3.25,7.5,3.875],"texture":"#o8"},"east":{"uv":[6.875,3.25,7.5,3.875],"texture":"#o8"},"west":{"uv":[6.875,3.25,7.5,3.875],"texture":"#o8"},"up":{"uv":[6.875,3.25,7.5,3.875],"texture":"#o8"},"down":{"uv":[6.875,3.25,7.5,3.875],"texture":"#o8"}}},{"from":[19.80791,7.39437,7.69313],"to":[24.50791,8.15053,8.43929],"rotation":{"angle":0.0,"axis":"y","origin":[7.40791,7.01053,6.29952]},"faces":{"north":{"uv":[12.375,0.125,13.0,0.75],"texture":"#o8"},"south":{"uv":[12.375,0.125,13.0,0.75],"texture":"#o8"},"east":{"uv":[12.375,0.125,13.0,0.75],"texture":"#o8"},"west":{"uv":[12.375,0.125,13.0,0.75],"texture":"#o8"},"up":{"uv":[12.375,0.125,13.0,0.75],"texture":"#o8"},"down":{"uv":[12.375,0.125,13.0,0.75],"texture":"#o8"}}},{"from":[19.80791,8.37437,7.88313],"to":[21.92791,8.73053,8.23929],"rotation":{"angle":0.0,"axis":"y","origin":[7.40791,7.59053,6.29952]},"faces":{"north":{"uv":[12.375,0.125,13.0,0.75],"texture":"#o8"},"south":{"uv":[12.375,0.125,13.0,0.75],"texture":"#o8"},"east":{"uv":[12.375,0.125,13.0,0.75],"texture":"#o8"},"west":{"uv":[12.375,0.125,13.0,0.75],"texture":"#o8"},"up":{"uv":[12.375,0.125,13.0,0.75],"texture":"#o8"},"down":{"uv":[12.375,0.125,13.0,0.75],"texture":"#o8"}}},{"from":[21.53791,9.69437,7.83313],"to":[21.92791,10.98053,8.28929],"rotation":{"angle":0.0,"axis":"y","origin":[7.76791,7.29053,6.29952]},"faces":{"north":{"uv":[5.375,5.125,6.0,5.75],"texture":"#o8"},"south":{"uv":[5.375,5.125,6.0,5.75],"texture":"#o8"},"east":{"uv":[5.375,5.125,6.0,5.75],"texture":"#o8"},"west":{"uv":[5.375,5.125,6.0,5.75],"texture":"#o8"},"up":{"uv":[5.375,5.125,6.0,5.75],"texture":"#o8"},"down":{"uv":[5.375,5.125,6.0,5.75],"texture":"#o8"}}},{"from":[21.38791,10.98053,7.83313],"to":[22.00791,11.20669,7.91929],"rotation":{"angle":0.0,"axis":"y","origin":[7.84791,8.57669,6.29952]},"faces":{"north":{"uv":[5.375,5.125,6.0,5.75],"texture":"#o8"},"south":{"uv":[5.375,5.125,6.0,5.75],"texture":"#o8"},"east":{"uv":[5.375,5.125,6.0,5.75],"texture":"#o8"},"west":{"uv":[5.375,5.125,6.0,5.75],"texture":"#o8"},"up":{"uv":[5.375,5.125,6.0,5.75],"texture":"#o8"},"down":{"uv":[5.375,5.125,6.0,5.75],"texture":"#o8"}}},{"from":[21.38791,10.98053,8.20313],"to":[22.00791,11.20669,8.28929],"rotation":{"angle":0.0,"axis":"y","origin":[7.84791,8.57669,6.66952]},"faces":{"north":{"uv":[5.375,5.125,6.0,5.75],"texture":"#o8"},"south":{"uv":[5.375,5.125,6.0,5.75],"texture":"#o8"},"east":{"uv":[5.375,5.125,6.0,5.75],"texture":"#o8"},"west":{"uv":[5.375,5.125,6.0,5.75],"texture":"#o8"},"up":{"uv":[5.375,5.125,6.0,5.75],"texture":"#o8"},"down":{"uv":[5.375,5.125,6.0,5.75],"texture":"#o8"}}},{"from":[21.72791,10.98053,8.02313],"to":[21.79791,11.09669,8.09929],"rotation":{"angle":0.0,"axis":"y","origin":[7.84791,8.57669,6.46952]},"faces":{"north":{"uv":[5.375,5.125,6.0,5.75],"texture":"#o8"},"south":{"uv":[5.375,5.125,6.0,5.75],"texture":"#o8"},"east":{"uv":[5.375,5.125,6.0,5.75],"texture":"#o8"},"west":{"uv":[5.375,5.125,6.0,5.75],"texture":"#o8"},"up":{"uv":[5.375,5.125,6.0,5.75],"texture":"#o8"},"down":{"uv":[5.375,5.125,6.0,5.75],"texture":"#o8"}}},{"from":[21.38791,10.38437,7.83313],"to":[21.53791,10.98053,8.28929],"rotation":{"angle":0.0,"axis":"y","origin":[7.37791,7.29053,6.29952]},"faces":{"north":{"uv":[5.375,5.125,6.0,5.75],"texture":"#o8"},"south":{"uv":[5.375,5.125,6.0,5.75],"texture":"#o8"},"up":{"uv":[5.375,5.125,6.0,5.75],"texture":"#o8"},"down":{"uv":[5.375,5.125,6.0,5.75],"texture":"#o8"}}},{"from":[20.99791,10.38437,7.83313],"to":[21.38791,10.58053,8.28929],"rotation":{"angle":0.0,"axis":"y","origin":[7.22791,7.29053,6.29952]},"faces":{"north":{"uv":[5.375,5.125,6.0,5.75],"texture":"#o8"},"south":{"uv":[5.375,5.125,6.0,5.75],"texture":"#o8"},"east":{"uv":[5.375,5.125,6.0,5.75],"texture":"#o8"},"west":{"uv":[5.375,5.125,6.0,5.75],"texture":"#o8"},"up":{"uv":[5.375,5.125,6.0,5.75],"texture":"#o8"},"down":{"uv":[5.375,5.125,6.0,5.75],"texture":"#o8"}}},{"from":[21.18791,10.58053,7.83313],"to":[21.38791,10.77669,8.28929],"rotation":{"angle":0.0,"axis":"y","origin":[7.22791,7.48669,6.29952]},"faces":{"north":{"uv":[5.375,5.125,6.0,5.75],"texture":"#o8"},"south":{"uv":[5.375,5.125,6.0,5.75],"texture":"#o8"}}},{"from":[21.15517,7.41864,7.83313],"to":[21.30517,11.0148,8.28929],"rotation":{"angle":-45.0,"axis":"z","origin":[21.23017,10.71672,8.06121]},"faces":{"north":{"uv":[5.375,5.125,6.0,5.75],"texture":"#o8"},"south":{"uv":[5.375,5.125,6.0,5.75],"texture":"#o8"},"east":{"uv":[5.375,5.125,6.0,5.75],"texture":"#o8"},"west":{"uv":[5.375,5.125,6.0,5.75],"texture":"#o8"},"up":{"uv":[5.375,5.125,6.0,5.75],"texture":"#o8"},"down":{"uv":[5.375,5.125,6.0,5.75],"texture":"#o8"}}},{"from":[21.92791,8.07437,7.83313],"to":[22.00791,10.98053,8.28929],"rotation":{"angle":0.0,"axis":"y","origin":[7.84791,7.29053,6.29952]},"faces":{"north":{"uv":[5.375,5.125,6.0,5.75],"texture":"#o8"},"south":{"uv":[5.375,5.125,6.0,5.75],"texture":"#o8"},"east":{"uv":[5.375,5.125,6.0,5.75],"texture":"#o8"},"west":{"uv":[5.375,5.125,6.0,5.75],"texture":"#o8"},"up":{"uv":[5.375,5.125,6.0,5.75],"texture":"#o8"},"down":{"uv":[5.375,5.125,6.0,5.75],"texture":"#o8"}}},{"from":[5.36791,7.51437,6.96313],"to":[6.30791,9.07053,9.15929],"rotation":{"angle":0.0,"axis":"y","origin":[0.70791,7.01053,6.29952]},"faces":{"north":{"uv":[5.125,5.125,5.75,5.76732],"texture":"#o8"},"south":{"uv":[5.125,5.125,5.75,5.76732],"texture":"#o8"},"east":{"uv":[5.125,5.125,5.75,5.76732],"texture":"#o8"},"west":{"uv":[5.125,5.125,5.75,5.76732],"texture":"#o8"},"up":{"uv":[5.125,5.125,5.75,5.76732],"texture":"#o8"},"down":{"uv":[5.125,5.125,5.75,5.76732],"texture":"#o8"}}},{"from":[1.12791,7.51437,6.96313],"to":[5.36791,9.07053,8.15929],"rotation":{"angle":0.0,"axis":"y","origin":[0.70791,7.01053,6.29952]},"faces":{"north":{"uv":[4.625,4.5,5.625,5.5],"texture":"#o8"},"south":{"uv":[6.875,3.25,7.5,3.875],"texture":"#o8"},"up":{"uv":[5.125,5.125,5.73,5.64232],"texture":"#o8"},"down":{"uv":[5.125,5.125,5.605,5.64232],"texture":"#o8"}}},{"from":[-5.03209,7.51437,6.96313],"to":[1.12791,9.07053,9.15929],"rotation":{"angle":0.0,"axis":"y","origin":[0.70791,7.01053,6.29952]},"faces":{"north":{"uv":[4.625,4.5,5.625,5.5],"texture":"#o8"},"south":{"uv":[5.125,5.0,5.695,5.61232],"texture":"#o8"},"east":{"uv":[5.125,5.0,5.695,5.61232],"texture":"#o8"},"west":{"uv":[5.0,5.125,5.76732,5.86232],"texture":"#o8"},"up":{"uv":[5.25,5.0,5.82,5.64232],"texture":"#o8"},"down":{"uv":[5.25,5.125,5.695,5.64232],"texture":"#o8"}}},{"from":[-5.03209,6.71437,7.12313],"to":[6.31791,7.52053,8.99929],"rotation":{"angle":0.0,"axis":"y","origin":[0.70791,7.01053,6.29952]},"faces":{"north":{"uv":[4.5,2.0,10.125,2.375],"texture":"#o8"},"south":{"uv":[10.125,2.0,4.5,2.375],"texture":"#o8"},"east":{"uv":[6.0,0.5,7.0,0.875],"texture":"#o8"},"west":{"uv":[1.0,6.0,2.0,6.375],"texture":"#o8"},"up":{"uv":[6.875,3.25,7.5,3.875],"texture":"#o8"},"down":{"uv":[5.5,5.25,5.0,5.75],"texture":"#o8"}}},{"from":[-3.51209,5.60437,7.12313],"to":[5.30791,6.72053,8.99929],"rotation":{"angle":0.0,"axis":"y","origin":[0.70791,7.01053,6.29952]},"faces":{"north":{"uv":[0.0,4.0,4.375,4.5],"texture":"#o8"},"south":{"uv":[4.375,4.0,0.0,4.5],"texture":"#o8"},"east":{"uv":[0.0,6.0,1.0,6.5],"texture":"#o8"},"west":{"uv":[4.625,4.5,5.625,5.5],"texture":"#o8"},"up":{"uv":[4.375,3.0,0.0,2.0],"texture":"#o8"},"down":{"uv":[4.375,3.0,0.0,4.0],"texture":"#o8"}}},{"from":[1.27791,3.88821,7.12313],"to":[5.30791,5.60437,8.99929],"rotation":{"angle":0.0,"axis":"y","origin":[0.72791,7.09437,6.29952]},"faces":{"north":{"uv":[0.0,5.0,2.0,5.875],"texture":"#o8"},"south":{"uv":[2.0,5.0,0.0,5.875],"texture":"#o8"},"east":{"uv":[4.0,5.0,5.0,5.875],"texture":"#o8"},"west":{"uv":[5.0,5.0,6.0,5.875],"texture":"#o8"},"down":{"uv":[6.5,4.0,4.5,5.0],"texture":"#o8"}}},{"from":[-2.60209,-0.27179,7.02313],"to":[-0.77209,4.79821,9.09929],"rotation":{"angle":-22.5,"axis":"z","origin":[0.82791,7.09437,6.29952]},"faces":{"north":{"uv":[12.125,0.0,13.125,1.0],"texture":"#o8"},"south":{"uv":[12.125,0.0,13.125,1.0],"texture":"#o8"},"east":{"uv":[12.125,0.0,13.125,1.0],"texture":"#o8"},"west":{"uv":[12.125,0.0,13.125,1.0],"texture":"#o8"},"up":{"uv":[12.125,0.0,13.125,1.0],"texture":"#o8"},"down":{"uv":[12.125,0.0,13.125,1.0],"texture":"#o8"}}},{"from":[-0.61209,5.18821,7.82313],"to":[-0.43209,5.68821,8.29929],"rotation":{"angle":-22.5,"axis":"z","origin":[-0.62209,5.58821,8.06121]},"faces":{"north":{"uv":[4.625,4.5,5.625,5.5],"texture":"#o8"},"south":{"uv":[4.625,4.5,5.625,5.5],"texture":"#o8"},"east":{"uv":[4.625,4.5,5.625,5.5],"texture":"#o8"},"west":{"uv":[4.625,4.5,5.625,5.5],"texture":"#o8"}}},{"from":[-0.76592,4.35483,7.82313],"to":[-0.58592,5.21483,8.29929],"rotation":{"angle":0.0,"axis":"z","origin":[-0.67592,5.25483,8.06121]},"faces":{"north":{"uv":[4.625,4.5,5.625,5.5],"texture":"#o8"},"south":{"uv":[4.625,4.5,5.625,5.5],"texture":"#o8"},"east":{"uv":[4.625,4.5,5.625,5.5],"texture":"#o8"},"west":{"uv":[4.625,4.5,5.625,5.5],"texture":"#o8"},"down":{"uv":[4.625,4.5,5.625,5.5],"texture":"#o8"}}},{"from":[-1.57209,3.88821,7.12313],"to":[1.27791,4.08821,8.99929],"rotation":{"angle":0.0,"axis":"y","origin":[0.82791,7.09437,6.29952]},"faces":{"north":{"uv":[4.625,4.5,5.625,5.5],"texture":"#o8"},"south":{"uv":[4.625,4.5,5.625,5.5],"texture":"#o8"},"up":{"uv":[4.625,4.5,5.625,5.5],"texture":"#o8"},"down":{"uv":[4.625,4.5,5.625,5.5],"texture":"#o8"}}},{"from":[-1.57209,4.08821,7.12313],"to":[-1.35209,5.60821,8.99929],"rotation":{"angle":0.0,"axis":"y","origin":[0.82791,7.09437,6.29952]},"faces":{"north":{"uv":[4.625,4.5,5.625,5.5],"texture":"#o8"},"south":{"uv":[4.625,4.5,5.625,5.5],"texture":"#o8"},"east":{"uv":[4.625,4.5,5.625,5.5],"texture":"#o8"}}},{"from":[-2.249,3.86529,7.02313],"to":[-1.529,5.58529,9.09929],"rotation":{"angle":0.0,"axis":"y","origin":[0.851,7.07145,6.29952]},"faces":{"north":{"uv":[12.125,0.0,13.125,1.0],"texture":"#o8"},"south":{"uv":[12.125,0.0,13.125,1.0],"texture":"#o8"},"east":{"uv":[12.125,0.0,13.125,1.0],"texture":"#o8"},"down":{"uv":[12.125,0.0,13.125,1.0],"texture":"#o8"}}},{"from":[-3.549,5.46529,7.02313],"to":[-3.2197,6.2856,9.09929],"rotation":{"angle":0.0,"axis":"y","origin":[0.851,7.07145,6.29952]},"faces":{"north":{"uv":[12.125,0.0,13.125,1.0],"texture":"#o8"},"south":{"uv":[12.125,0.0,13.125,1.0],"texture":"#o8"},"west":{"uv":[12.125,0.0,13.125,1.0],"texture":"#o8"},"up":{"uv":[12.125,0.0,13.125,1.0],"texture":"#o8"}}},{"from":[-15.51209,6.71437,7.12313],"to":[-5.03209,9.07053,8.99929],"rotation":{"angle":0.0,"axis":"y","origin":[0.84791,7.01053,6.29952]},"faces":{"north":{"uv":[4.625,4.5,5.625,5.5],"texture":"#o8"},"south":{"uv":[4.625,4.5,5.625,5.5],"texture":"#o8"},"west":{"uv":[4.625,4.5,5.625,5.5],"texture":"#o8"},"up":{"uv":[4.625,4.5,5.625,5.5],"texture":"#o8"}}},{"from":[-15.51209,2.52437,7.12313],"to":[-15.09209,6.71437,8.99929],"rotation":{"angle":0.0,"axis":"y","origin":[0.84791,7.01053,6.29952]},"faces":{"north":{"uv":[4.625,4.5,5.625,5.5],"texture":"#o8"},"south":{"uv":[4.625,4.5,5.625,5.5],"texture":"#o8"},"west":{"uv":[4.625,4.5,5.625,5.5],"texture":"#o8"},"down":{"uv":[4.625,4.5,5.625,5.5],"texture":"#o8"}}},{"from":[-15.96837,4.61193,7.12313],"to":[-5.0428,5.59193,8.98929],"rotation":{"angle":22.5,"axis":"z","origin":[-10.3278,5.79596,8.06121]},"faces":{"north":{"uv":[4.625,4.5,5.625,5.5],"texture":"#o8"},"south":{"uv":[4.625,4.5,5.625,5.5],"texture":"#o8"},"down":{"uv":[4.625,4.5,5.625,5.5],"texture":"#o8"}}},{"from":[-15.49591,5.61629,7.12313],"to":[-7.30034,6.56629,8.98929],"rotation":{"angle":22.5,"axis":"z","origin":[-10.20534,5.50032,8.06121]},"faces":{"north":{"uv":[4.625,4.5,5.625,5.5],"texture":"#o8"},"south":{"uv":[4.625,4.5,5.625,5.5],"texture":"#o8"}}},{"from":[-15.10591,6.56629,7.12313],"to":[-9.59034,7.50629,8.98929],"rotation":{"angle":22.5,"axis":"z","origin":[-10.20534,5.50032,8.06121]},"faces":{"north":{"uv":[4.625,4.5,5.625,5.5],"texture":"#o8"},"south":{"uv":[4.625,4.5,5.625,5.5],"texture":"#o8"}}},{"from":[-14.67591,7.50629,7.12313],"to":[-11.87034,8.51629,8.98929],"rotation":{"angle":22.5,"axis":"z","origin":[-10.20534,5.50032,8.06121]},"faces":{"north":{"uv":[4.625,4.5,5.625,5.5],"texture":"#o8"},"south":{"uv":[4.625,4.5,5.625,5.5],"texture":"#o8"}}},{"from":[-3.26209,9.07053,7.35313],"to":[-2.70209,9.45669,8.77929],"rotation":{"angle":0.0,"axis":"y","origin":[0.78791,6.67669,6.29952]},"faces":{"north":{"uv":[12.125,0.0,13.125,1.0],"texture":"#o8"},"south":{"uv":[12.125,0.0,13.125,1.0],"texture":"#o8"},"east":{"uv":[12.125,0.0,13.125,1.0],"texture":"#o8"},"west":{"uv":[12.125,0.0,13.125,1.0],"texture":"#o8"},"up":{"uv":[12.125,0.0,13.125,1.0],"texture":"#o8"},"down":{"uv":[12.125,0.0,13.125,1.0],"texture":"#o8"}}},{"from":[-2.66209,9.07053,7.35313],"to":[6.09791,9.45669,8.77929],"rotation":{"angle":0.0,"axis":"y","origin":[1.58791,6.67669,6.29952]},"faces":{"north":{"uv":[0.0,6.625,1.0,7.625],"texture":"#o8"},"south":{"uv":[0.0,6.625,1.0,7.625],"texture":"#o8"},"east":{"uv":[0.0,6.625,1.0,7.625],"texture":"#o8"},"west":{"uv":[0.0,6.625,1.0,7.625],"texture":"#o8"},"up":{"uv":[0.0,6.625,1.0,7.625],"texture":"#o8"},"down":{"uv":[0.0,6.625,1.0,7.625],"texture":"#o8"}}},{"from":[5.19791,9.45669,7.35313],"to":[6.09791,9.80669,8.77933],"rotation":{"angle":0.0,"axis":"y","origin":[2.61,7.06285,6.29952]},"faces":{"north":{"uv":[0.0,6.625,1.0,7.625],"texture":"#o8"},"south":{"uv":[0.0,6.625,1.0,7.625],"texture":"#o8"},"east":{"uv":[0.0,6.625,1.0,7.625],"texture":"#o8"},"west":{"uv":[0.0,6.625,1.0,7.625],"texture":"#o8"},"up":{"uv":[0.0,6.625,1.0,7.625],"texture":"#o8"},"down":{"uv":[0.0,6.625,1.0,7.625],"texture":"#o8"}}},{"from":[5.19791,9.10622,7.43825],"to":[6.09791,9.35371,7.68574],"rotation":{"angle":-45.0,"axis":"x","origin":[5.64791,9.17871,6.97264]},"faces":{"north":{"uv":[0.0,6.625,1.0,7.625],"texture":"#o8"},"south":{"uv":[0.0,6.625,1.0,7.625],"texture":"#o8"},"east":{"uv":[0.0,6.625,1.0,7.625],"texture":"#o8"},"west":{"uv":[0.0,6.625,1.0,7.625],"texture":"#o8"},"up":{"uv":[0.0,6.625,1.0,7.625],"texture":"#o8"},"down":{"uv":[0.0,6.625,1.0,7.625],"texture":"#o8"}}},{"from":[3.39791,9.10622,7.43825],"to":[4.29791,9.35371,7.68574],"rotation":{"angle":-45.0,"axis":"x","origin":[5.64791,9.17871,6.97264]},"faces":{"north":{"uv":[0.0,6.625,1.0,7.625],"texture":"#o8"},"south":{"uv":[0.0,6.625,1.0,7.625],"texture":"#o8"},"east":{"uv":[0.0,6.625,1.0,7.625],"texture":"#o8"},"west":{"uv":[0.0,6.625,1.0,7.625],"texture":"#o8"},"up":{"uv":[0.0,6.625,1.0,7.625],"texture":"#o8"},"down":{"uv":[0.0,6.625,1.0,7.625],"texture":"#o8"}}},{"from":[-0.20209,9.10622,7.43825],"to":[0.69791,9.35371,7.68574],"rotation":{"angle":-45.0,"axis":"x","origin":[5.64791,9.17871,6.97264]},"faces":{"north":{"uv":[0.0,6.625,1.0,7.625],"texture":"#o8"},"south":{"uv":[0.0,6.625,1.0,7.625],"texture":"#o8"},"east":{"uv":[0.0,6.625,1.0,7.625],"texture":"#o8"},"west":{"uv":[0.0,6.625,1.0,7.625],"texture":"#o8"},"up":{"uv":[0.0,6.625,1.0,7.625],"texture":"#o8"},"down":{"uv":[0.0,6.625,1.0,7.625],"texture":"#o8"}}},{"from":[-2.00209,9.10622,7.43825],"to":[-1.10209,9.35371,7.68574],"rotation":{"angle":-45.0,"axis":"x","origin":[5.64791,9.17871,6.97264]},"faces":{"north":{"uv":[0.0,6.625,1.0,7.625],"texture":"#o8"},"south":{"uv":[0.0,6.625,1.0,7.625],"texture":"#o8"},"east":{"uv":[0.0,6.625,1.0,7.625],"texture":"#o8"},"west":{"uv":[0.0,6.625,1.0,7.625],"texture":"#o8"},"up":{"uv":[0.0,6.625,1.0,7.625],"texture":"#o8"},"down":{"uv":[0.0,6.625,1.0,7.625],"texture":"#o8"}}},{"from":[1.59791,9.10622,7.43825],"to":[2.49791,9.35371,7.68574],"rotation":{"angle":-45.0,"axis":"x","origin":[5.64791,9.17871,6.97264]},"faces":{"north":{"uv":[0.0,6.625,1.0,7.625],"texture":"#o8"},"south":{"uv":[0.0,6.625,1.0,7.625],"texture":"#o8"},"east":{"uv":[0.0,6.625,1.0,7.625],"texture":"#o8"},"west":{"uv":[0.0,6.625,1.0,7.625],"texture":"#o8"},"up":{"uv":[0.0,6.625,1.0,7.625],"texture":"#o8"},"down":{"uv":[0.0,6.625,1.0,7.625],"texture":"#o8"}}},{"from":[-2.00209,9.10622,8.86445],"to":[-1.10209,9.35371,9.11194],"rotation":{"angle":-45.0,"axis":"x","origin":[5.64791,9.17871,8.39884]},"faces":{"north":{"uv":[0.0,6.625,1.0,7.625],"texture":"#o8"},"south":{"uv":[0.0,6.625,1.0,7.625],"texture":"#o8"},"east":{"uv":[0.0,6.625,1.0,7.625],"texture":"#o8"},"west":{"uv":[0.0,6.625,1.0,7.625],"texture":"#o8"},"up":{"uv":[0.0,6.625,1.0,7.625],"texture":"#o8"},"down":{"uv":[0.0,6.625,1.0,7.625],"texture":"#o8"}}},{"from":[-0.20209,9.10622,8.86445],"to":[0.69791,9.35371,9.11194],"rotation":{"angle":-45.0,"axis":"x","origin":[5.64791,9.17871,8.39884]},"faces":{"north":{"uv":[0.0,6.625,1.0,7.625],"texture":"#o8"},"south":{"uv":[0.0,6.625,1.0,7.625],"texture":"#o8"},"east":{"uv":[0.0,6.625,1.0,7.625],"texture":"#o8"},"west":{"uv":[0.0,6.625,1.0,7.625],"texture":"#o8"},"up":{"uv":[0.0,6.625,1.0,7.625],"texture":"#o8"},"down":{"uv":[0.0,6.625,1.0,7.625],"texture":"#o8"}}},{"from":[1.59791,9.10622,8.86445],"to":[2.49791,9.35371,9.11194],"rotation":{"angle":-45.0,"axis":"x","origin":[5.64791,9.17871,8.39884]},"faces":{"north":{"uv":[0.0,6.625,1.0,7.625],"texture":"#o8"},"south":{"uv":[0.0,6.625,1.0,7.625],"texture":"#o8"},"east":{"uv":[0.0,6.625,1.0,7.625],"texture":"#o8"},"west":{"uv":[0.0,6.625,1.0,7.625],"texture":"#o8"},"up":{"uv":[0.0,6.625,1.0,7.625],"texture":"#o8"},"down":{"uv":[0.0,6.625,1.0,7.625],"texture":"#o8"}}},{"from":[3.39791,9.10622,8.86445],"to":[4.29791,9.35371,9.11194],"rotation":{"angle":-45.0,"axis":"x","origin":[5.64791,9.17871,8.39884]},"faces":{"north":{"uv":[0.0,6.625,1.0,7.625],"texture":"#o8"},"south":{"uv":[0.0,6.625,1.0,7.625],"texture":"#o8"},"east":{"uv":[0.0,6.625,1.0,7.625],"texture":"#o8"},"west":{"uv":[0.0,6.625,1.0,7.625],"texture":"#o8"},"up":{"uv":[0.0,6.625,1.0,7.625],"texture":"#o8"},"down":{"uv":[0.0,6.625,1.0,7.625],"texture":"#o8"}}},{"from":[5.19791,9.10622,8.86445],"to":[6.09791,9.35371,9.11194],"rotation":{"angle":-45.0,"axis":"x","origin":[5.64791,9.17871,8.39884]},"faces":{"north":{"uv":[0.0,6.625,1.0,7.625],"texture":"#o8"},"south":{"uv":[0.0,6.625,1.0,7.625],"texture":"#o8"},"east":{"uv":[0.0,6.625,1.0,7.625],"texture":"#o8"},"west":{"uv":[0.0,6.625,1.0,7.625],"texture":"#o8"},"up":{"uv":[0.0,6.625,1.0,7.625],"texture":"#o8"},"down":{"uv":[0.0,6.625,1.0,7.625],"texture":"#o8"}}},{"from":[3.39791,9.45669,7.35313],"to":[4.29791,9.80669,8.77933],"rotation":{"angle":0.0,"axis":"y","origin":[0.81,7.06285,6.29952]},"faces":{"north":{"uv":[0.0,6.625,1.0,7.625],"texture":"#o8"},"south":{"uv":[0.0,6.625,1.0,7.625],"texture":"#o8"},"east":{"uv":[0.0,6.625,1.0,7.625],"texture":"#o8"},"west":{"uv":[0.0,6.625,1.0,7.625],"texture":"#o8"},"up":{"uv":[0.0,6.625,1.0,7.625],"texture":"#o8"},"down":{"uv":[0.0,6.625,1.0,7.625],"texture":"#o8"}}},{"from":[1.59791,9.45669,7.35313],"to":[2.49791,9.80669,8.77933],"rotation":{"angle":0.0,"axis":"y","origin":[-0.99,7.06285,6.29952]},"faces":{"north":{"uv":[0.0,6.625,1.0,7.625],"texture":"#o8"},"south":{"uv":[0.0,6.625,1.0,7.625],"texture":"#o8"},"east":{"uv":[0.0,6.625,1.0,7.625],"texture":"#o8"},"west":{"uv":[0.0,6.625,1.0,7.625],"texture":"#o8"},"up":{"uv":[0.0,6.625,1.0,7.625],"texture":"#o8"},"down":{"uv":[0.0,6.625,1.0,7.625],"texture":"#o8"}}},{"from":[-0.20209,9.45669,7.35313],"to":[0.69791,9.80669,8.77933],"rotation":{"angle":0.0,"axis":"y","origin":[-2.79,7.06285,6.29952]},"faces":{"north":{"uv":[0.0,6.625,1.0,7.625],"texture":"#o8"},"south":{"uv":[0.0,6.625,1.0,7.625],"texture":"#o8"},"east":{"uv":[0.0,6.625,1.0,7.625],"texture":"#o8"},"west":{"uv":[0.0,6.625,1.0,7.625],"texture":"#o8"},"up":{"uv":[0.0,6.625,1.0,7.625],"texture":"#o8"},"down":{"uv":[0.0,6.625,1.0,7.625],"texture":"#o8"}}},{"from":[-2.00209,9.45669,7.35313],"to":[-1.10209,9.80669,8.77933],"rotation":{"angle":0.0,"axis":"y","origin":[-4.59,7.06285,6.29952]},"faces":{"north":{"uv":[0.0,6.625,1.0,7.625],"texture":"#o8"},"south":{"uv":[0.0,6.625,1.0,7.625],"texture":"#o8"},"east":{"uv":[0.0,6.625,1.0,7.625],"texture":"#o8"},"west":{"uv":[0.0,6.625,1.0,7.625],"texture":"#o8"},"up":{"uv":[0.0,6.625,1.0,7.625],"texture":"#o8"},"down":{"uv":[0.0,6.625,1.0,7.625],"texture":"#o8"}}},{"from":[8.33791,6.34331,7.55313],"to":[17.09791,6.82947,8.77929],"rotation":{"angle":0.0,"axis":"y","origin":[1.58791,9.32331,6.29952]},"faces":{"north":{"uv":[0.0,7.625,1.0,6.625],"texture":"#o8"},"south":{"uv":[0.0,7.625,1.0,6.625],"texture":"#o8"},"east":{"uv":[0.0,7.625,1.0,6.625],"texture":"#o8"},"west":{"uv":[0.0,7.625,1.0,6.625],"texture":"#o8"},"up":{"uv":[0.0,7.625,1.0,6.625],"texture":"#o8"},"down":{"uv":[0.0,7.625,1.0,6.625],"texture":"#o8"}}},{"from":[16.19791,5.99331,7.55313],"to":[17.09791,6.34331,8.77933],"rotation":{"angle":0.0,"axis":"y","origin":[2.61,8.93715,6.29952]},"faces":{"north":{"uv":[0.0,7.625,1.0,6.625],"texture":"#o8"},"south":{"uv":[0.0,7.625,1.0,6.625],"texture":"#o8"},"east":{"uv":[0.0,7.625,1.0,6.625],"texture":"#o8"},"west":{"uv":[0.0,7.625,1.0,6.625],"texture":"#o8"},"up":{"uv":[0.0,7.625,1.0,6.625],"texture":"#o8"},"down":{"uv":[0.0,7.625,1.0,6.625],"texture":"#o8"}}},{"from":[14.39791,5.99331,7.55313],"to":[15.29791,6.34331,8.77933],"rotation":{"angle":0.0,"axis":"y","origin":[0.81,8.93715,6.29952]},"faces":{"north":{"uv":[0.0,7.625,1.0,6.625],"texture":"#o8"},"south":{"uv":[0.0,7.625,1.0,6.625],"texture":"#o8"},"east":{"uv":[0.0,7.625,1.0,6.625],"texture":"#o8"},"west":{"uv":[0.0,7.625,1.0,6.625],"texture":"#o8"},"up":{"uv":[0.0,7.625,1.0,6.625],"texture":"#o8"},"down":{"uv":[0.0,7.625,1.0,6.625],"texture":"#o8"}}},{"from":[12.59791,5.99331,7.55313],"to":[13.49791,6.34331,8.77933],"rotation":{"angle":0.0,"axis":"y","origin":[-0.99,8.93715,6.29952]},"faces":{"north":{"uv":[0.0,7.625,1.0,6.625],"texture":"#o8"},"south":{"uv":[0.0,7.625,1.0,6.625],"texture":"#o8"},"east":{"uv":[0.0,7.625,1.0,6.625],"texture":"#o8"},"west":{"uv":[0.0,7.625,1.0,6.625],"texture":"#o8"},"up":{"uv":[0.0,7.625,1.0,6.625],"texture":"#o8"},"down":{"uv":[0.0,7.625,1.0,6.625],"texture":"#o8"}}},{"from":[10.79791,5.99331,7.55313],"to":[11.69791,6.34331,8.77933],"rotation":{"angle":0.0,"axis":"y","origin":[-2.79,8.93715,6.29952]},"faces":{"north":{"uv":[0.0,7.625,1.0,6.625],"texture":"#o8"},"south":{"uv":[0.0,7.625,1.0,6.625],"texture":"#o8"},"east":{"uv":[0.0,7.625,1.0,6.625],"texture":"#o8"},"west":{"uv":[0.0,7.625,1.0,6.625],"texture":"#o8"},"up":{"uv":[0.0,7.625,1.0,6.625],"texture":"#o8"},"down":{"uv":[0.0,7.625,1.0,6.625],"texture":"#o8"}}},{"from":[8.99791,5.99331,7.55313],"to":[9.89791,6.34331,8.77933],"rotation":{"angle":0.0,"axis":"y","origin":[-4.59,8.93715,6.29952]},"faces":{"north":{"uv":[0.0,7.625,1.0,6.625],"texture":"#o8"},"south":{"uv":[0.0,7.625,1.0,6.625],"texture":"#o8"},"east":{"uv":[0.0,7.625,1.0,6.625],"texture":"#o8"},"west":{"uv":[0.0,7.625,1.0,6.625],"texture":"#o8"},"up":{"uv":[0.0,7.625,1.0,6.625],"texture":"#o8"},"down":{"uv":[0.0,7.625,1.0,6.625],"texture":"#o8"}}},{"from":[-4.02209,9.07053,6.85313],"to":[-3.26209,9.45669,9.26929],"rotation":{"angle":0.0,"axis":"y","origin":[0.70791,6.67669,6.29952]},"faces":{"north":{"uv":[12.125,0.0,13.125,1.0],"texture":"#o8"},"south":{"uv":[12.125,0.0,13.125,1.0],"texture":"#o8"},"east":{"uv":[12.125,0.0,13.125,1.0],"texture":"#o8"},"west":{"uv":[12.125,0.0,13.125,1.0],"texture":"#o8"},"up":{"uv":[12.125,0.0,13.125,1.0],"texture":"#o8"},"down":{"uv":[12.125,0.0,13.125,1.0],"texture":"#o8"}}},{"from":[1.12791,8.71437,8.16313],"to":[5.36791,9.07053,9.15929],"rotation":{"angle":0.0,"axis":"y","origin":[0.70791,7.01053,6.29952]},"faces":{"north":{"uv":[5.125,5.0,5.695,5.61232],"texture":"#o8"},"south":{"uv":[5.125,5.0,5.695,5.61232],"texture":"#o8"},"east":{"uv":[5.125,5.0,5.695,5.61232],"texture":"#o8"},"west":{"uv":[5.125,5.0,5.695,5.61232],"texture":"#o8"},"up":{"uv":[5.125,5.0,5.695,5.61232],"texture":"#o8"},"down":{"uv":[5.125,5.0,5.695,5.61232],"texture":"#o8"}}},{"from":[1.12791,7.51437,8.56313],"to":[5.36791,7.92053,9.15929],"rotation":{"angle":0.0,"axis":"y","origin":[0.70791,7.01053,6.29952]},"faces":{"north":{"uv":[6.875,3.25,7.5,3.875],"texture":"#o8"},"south":{"uv":[6.875,3.25,7.5,3.875],"texture":"#o8"},"east":{"uv":[6.875,3.25,7.5,3.875],"texture":"#o8"},"west":{"uv":[6.875,3.25,7.5,3.875],"texture":"#o8"},"up":{"uv":[6.875,3.25,7.5,3.875],"texture":"#o8"},"down":{"uv":[6.875,3.25,7.5,3.875],"texture":"#o8"}}},{"from":[13.0,7.42365,6.95],"to":[19.8,8.37635,9.25],"rotation":{"angle":45.0,"axis":"x","origin":[13.5,7.9,8.1]},"faces":{"north":{"uv":[6.875,3.375,7.375,3.875],"texture":"#o8"},"south":{"uv":[6.875,3.375,7.375,3.875],"texture":"#o8"},"east":{"uv":[6.875,3.375,7.375,3.875],"texture":"#o8"}}},{"from":[13.0,7.42365,6.95],"to":[19.8,8.37635,9.25],"rotation":{"angle":0.0,"axis":"x","origin":[13.5,7.9,8.1]},"faces":{"north":{"uv":[6.875,3.375,7.375,3.875],"texture":"#o8"},"south":{"uv":[6.875,3.375,7.375,3.875],"texture":"#o8"},"east":{"uv":[6.875,3.375,7.375,3.875],"texture":"#o8"}}},{"from":[13.0,6.75,7.62365],"to":[19.8,9.05,8.57635],"rotation":{"angle":45.0,"axis":"x","origin":[13.5,7.9,8.1]},"faces":{"east":{"uv":[6.875,3.375,7.375,3.875],"texture":"#o8"},"up":{"uv":[6.875,3.375,7.375,3.875],"texture":"#o8"},"down":{"uv":[6.875,3.375,7.375,3.875],"texture":"#o8"}}},{"from":[13.0,6.75,7.62365],"to":[19.8,9.05,8.57635],"rotation":{"angle":0.0,"axis":"x","origin":[13.5,7.9,8.1]},"faces":{"east":{"uv":[6.875,3.375,7.375,3.875],"texture":"#o8"},"up":{"uv":[6.875,3.375,7.375,3.875],"texture":"#o8"},"down":{"uv":[6.875,3.375,7.375,3.875],"texture":"#o8"}}},{"from":[6.3,7.38081,6.75],"to":[13.0,8.49919,9.45],"rotation":{"angle":45.0,"axis":"x","origin":[9.2,7.94,8.1]},"faces":{"north":{"uv":[6.875,3.375,7.375,3.875],"texture":"#o8"},"south":{"uv":[6.875,3.375,7.375,3.875],"texture":"#o8"},"east":{"uv":[6.875,3.375,7.375,3.875],"texture":"#o8"},"west":{"uv":[6.875,3.375,7.375,3.875],"texture":"#o8"}}},{"from":[6.3,7.38081,6.75],"to":[13.0,8.49919,9.45],"rotation":{"angle":0.0,"axis":"x","origin":[9.2,7.94,8.1]},"faces":{"north":{"uv":[6.875,3.375,7.375,3.875],"texture":"#o8"},"south":{"uv":[6.875,3.375,7.375,3.875],"texture":"#o8"},"east":{"uv":[6.875,3.375,7.375,3.875],"texture":"#o8"},"west":{"uv":[6.875,3.375,7.375,3.875],"texture":"#o8"}}},{"from":[6.3,6.59,7.54081],"to":[13.0,9.29,8.65919],"rotation":{"angle":45.0,"axis":"x","origin":[9.2,7.94,8.1]},"faces":{"east":{"uv":[6.875,3.375,7.375,3.875],"texture":"#o8"},"west":{"uv":[6.875,3.375,7.375,3.875],"texture":"#o8"},"up":{"uv":[6.875,3.375,7.375,3.875],"texture":"#o8"},"down":{"uv":[6.875,3.375,7.375,3.875],"texture":"#o8"}}},{"from":[6.3,6.59,7.54081],"to":[13.0,9.29,8.65919],"rotation":{"angle":0.0,"axis":"x","origin":[9.2,7.94,8.1]},"faces":{"east":{"uv":[6.875,3.375,7.375,3.875],"texture":"#o8"},"west":{"uv":[6.875,3.375,7.375,3.875],"texture":"#o8"},"up":{"uv":[6.875,3.375,7.375,3.875],"texture":"#o8"},"down":{"uv":[6.875,3.375,7.375,3.875],"texture":"#o8"}}},{"from":[1.50791,2.16821,7.22313],"to":[5.18791,3.88437,8.89929],"rotation":{"angle":0.0,"axis":"y","origin":[0.70791,5.37437,6.29952]},"faces":{"north":{"uv":[7.0,0.0,8.84,0.85808],"texture":"#o8"},"south":{"uv":[8.84,0.0,7.0,0.85808],"texture":"#o8"},"east":{"uv":[11.375,0.0,12.21308,0.85808],"texture":"#o8"},"west":{"uv":[11.25,0.0,12.08808,0.85808],"texture":"#o8"}}},{"from":[0.99861,-1.66752,7.23313],"to":[4.67861,1.74864,8.88929],"rotation":{"angle":22.5,"axis":"z","origin":[0.19861,3.23864,6.29952]},"faces":{"north":{"uv":[8.875,0.0,11.215,1.70808],"texture":"#o8"},"south":{"uv":[11.215,0.0,8.875,1.70808],"texture":"#o8"},"east":{"uv":[11.25,0.0,12.08808,1.70808],"texture":"#o8"},"west":{"uv":[11.25,0.0,12.08808,1.70808],"texture":"#o8"},"down":{"uv":[11.25,0.0,13.09,0.83808],"texture":"#o8"}}},{"from":[-16.0,-16.0,-15.99],"to":[32.0,32.0,-15.99],"faces":{"north":{"uv":[0.0,0.0,16.0,16.0],"texture":"#icon_background"}}},{"from":[-16.0,-16.0,-16.0],"to":[32.0,32.0,-16.0],"faces":{"north":{"uv":[0.0,0.0,16.0,16.0],"texture":"#icon"}}}],"display":{"firstperson_lefthand":{"rotation":[0.0,0.0,0.0],"translation":[0.0,0.0,0.0],"scale":[0.0,0.0,0.0]},"firstperson_righthand":{"rotation":[0.0,90.0,0.0],"translation":[-0.75,12.1,-2.25],"scale":[1.0,1.0,1.0]},"thirdperson_lefthand":{"rotation":[0.0,0.0,0.0],"translation":[0.0,0.0,0.0],"scale":[0.0,0.0,0.0]},"thirdperson_righthand":{"rotation":[0.0,0.0,0.0],"translation":[0.0,0.0,0.0],"scale":[0.0,0.0,0.0]},"ground":{"rotation":[-90.0,0.0,0.0],"scale":[0.8,0.8,0.8]},"gui":{"rotation":[0.0,-180.0,0.0],"translation":[0.0,0.0,0.0],"scale":[0.333,0.333,0.333]},"fixed":{"rotation":[0.0,0.0,45.0],"translation":[-0.25,0.5,-0.25],"scale":[0.8,0.8,0.8]},"head":{"rotation":[90.0,0.0,0.0],"translation":[3.25,-41.75,1.0],"scale":[1.2,1.2,1.2]}},"gui_light":"front"}