{"textures":{"o0":"generated/f","o1":"generated/26","o2":"generated/25","o3":"gun/player_skin_slim","o4":"gun/player_skin","o5":"generated/20","o6":"generated/12","o7":"generated/e","o8":"generated/27","o9":"generated/9","o11":"generated/d","o10":"generated/f","icon":"generated/32","icon_background":"generated/2a"},"elements":[{"from":[11.95,5.88,7.3906],"to":[13.85,6.48,8.8094],"rotation":{"angle":0.0,"axis":"y","origin":[12.9,5.78,8.1]},"faces":{"north":{"uv":[7.0,1.0,8.0,2.0],"texture":"#o11"},"south":{"uv":[7.0,1.0,8.0,2.0],"texture":"#o11"},"east":{"uv":[7.0,1.0,8.0,2.0],"texture":"#o11"},"west":{"uv":[7.0,1.0,8.0,2.0],"texture":"#o11"},"up":{"uv":[7.0,1.0,8.0,2.0],"texture":"#o11"},"down":{"uv":[7.0,1.0,8.0,2.0],"texture":"#o11"}}},{"from":[12.3,0.88,7.85147],"to":[13.5,5.88,8.34853],"rotation":{"angle":45.0,"axis":"y","origin":[12.9,5.28,8.1]},"faces":{"north":{"uv":[0.0,0.0,0.0,0.0],"texture":"#o11"},"south":{"uv":[0.0,0.0,0.0,0.0],"texture":"#o11"},"east":{"uv":[7.0,0.0,8.0,16.0],"texture":"#o11"},"west":{"uv":[7.0,0.0,8.0,16.0],"texture":"#o11"},"up":{"uv":[0.0,0.0,0.0,0.0],"texture":"#o11"},"down":{"uv":[7.0,1.0,8.0,2.0],"rotation":270,"texture":"#o11"}}},{"from":[12.3,0.88,7.85147],"to":[13.5,5.88,8.34853],"rotation":{"angle":0.0,"axis":"y","origin":[12.9,5.28,8.1]},"faces":{"north":{"uv":[0.0,0.0,0.0,0.0],"texture":"#o11"},"south":{"uv":[0.0,0.0,0.0,0.0],"texture":"#o11"},"east":{"uv":[7.0,0.0,8.0,16.0],"texture":"#o11"},"west":{"uv":[7.0,0.0,8.0,16.0],"texture":"#o11"},"up":{"uv":[0.0,0.0,0.0,0.0],"texture":"#o11"},"down":{"uv":[7.0,1.0,8.0,2.0],"rotation":270,"texture":"#o11"}}},{"from":[12.65147,0.88,7.5],"to":[13.14853,5.88,8.7],"rotation":{"angle":45.0,"axis":"y","origin":[12.9,5.28,8.1]},"faces":{"north":{"uv":[7.0,0.0,8.0,16.0],"texture":"#o11"},"south":{"uv":[7.0,0.0,8.0,16.0],"texture":"#o11"},"east":{"uv":[0.0,0.0,0.0,0.0],"texture":"#o11"},"west":{"uv":[0.0,0.0,0.0,0.0],"texture":"#o11"},"up":{"uv":[0.0,0.0,0.0,0.0],"texture":"#o11"},"down":{"uv":[7.0,1.0,8.0,2.0],"rotation":270,"texture":"#o11"}}},{"from":[12.65147,0.88,7.5],"to":[13.14853,5.88,8.7],"rotation":{"angle":0.0,"axis":"y","origin":[12.9,5.28,8.1]},"faces":{"north":{"uv":[7.0,0.0,8.0,16.0],"texture":"#o11"},"south":{"uv":[7.0,0.0,8.0,16.0],"texture":"#o11"},"east":{"uv":[0.0,0.0,0.0,0.0],"texture":"#o11"},"west":{"uv":[0.0,0.0,0.0,0.0],"texture":"#o11"},"up":{"uv":[0.0,0.0,0.0,0.0],"texture":"#o11"},"down":{"uv":[7.0,1.0,8.0,2.0],"rotation":270,"texture":"#o11"}}},{"from":[-0.2163,9.80991,7.88987],"to":[0.81513,10.0967,8.09502],"rotation":{"angle":-45.0,"axis":"y","origin":[0.29941,9.45205,7.99244]},"faces":{"north":{"uv":[0.0,0.0,0.0,0.0],"texture":"#o7"},"south":{"uv":[0.0,0.0,0.0,0.0],"texture":"#o7"},"east":{"uv":[1.0,1.0,2.0,2.0],"texture":"#o7"},"west":{"uv":[1.0,1.0,2.0,2.0],"texture":"#o7"},"up":{"uv":[0.0,0.0,0.0,0.0],"texture":"#o7"},"down":{"uv":[1.0,1.0,2.0,2.0],"rotation":270,"texture":"#o7"}}},{"from":[-0.2163,9.80991,7.88987],"to":[0.81513,10.0967,8.09502],"rotation":{"angle":-22.5,"axis":"y","origin":[0.29941,9.45205,7.99244]},"faces":{"north":{"uv":[0.0,0.0,0.0,0.0],"texture":"#o7"},"south":{"uv":[0.0,0.0,0.0,0.0],"texture":"#o7"},"east":{"uv":[1.0,1.0,2.0,2.0],"texture":"#o7"},"west":{"uv":[1.0,1.0,2.0,2.0],"texture":"#o7"},"up":{"uv":[0.0,0.0,0.0,0.0],"texture":"#o7"},"down":{"uv":[1.0,1.0,2.0,2.0],"rotation":270,"texture":"#o7"}}},{"from":[-0.2163,9.80991,7.88987],"to":[0.81513,10.0967,8.09502],"rotation":{"angle":0.0,"axis":"y","origin":[0.29941,9.45205,7.99244]},"faces":{"north":{"uv":[0.0,0.0,0.0,0.0],"texture":"#o7"},"south":{"uv":[0.0,0.0,0.0,0.0],"texture":"#o7"},"east":{"uv":[1.0,1.0,2.0,2.0],"texture":"#o7"},"west":{"uv":[1.0,1.0,2.0,2.0],"texture":"#o7"},"up":{"uv":[0.0,0.0,0.0,0.0],"texture":"#o7"},"down":{"uv":[1.0,1.0,2.0,2.0],"rotation":270,"texture":"#o7"}}},{"from":[-0.2163,9.80991,7.88987],"to":[0.81513,10.0967,8.09502],"rotation":{"angle":22.5,"axis":"y","origin":[0.29941,9.45205,7.99244]},"faces":{"north":{"uv":[0.0,0.0,0.0,0.0],"texture":"#o7"},"south":{"uv":[0.0,0.0,0.0,0.0],"texture":"#o7"},"east":{"uv":[1.0,1.0,2.0,2.0],"texture":"#o7"},"west":{"uv":[1.0,1.0,2.0,2.0],"texture":"#o7"},"up":{"uv":[0.0,0.0,0.0,0.0],"texture":"#o7"},"down":{"uv":[1.0,1.0,2.0,2.0],"rotation":270,"texture":"#o7"}}},{"from":[-0.2163,9.80991,7.88987],"to":[0.81513,10.0967,8.09502],"rotation":{"angle":45.0,"axis":"y","origin":[0.29941,9.45205,7.99244]},"faces":{"north":{"uv":[0.0,0.0,0.0,0.0],"texture":"#o7"},"south":{"uv":[0.0,0.0,0.0,0.0],"texture":"#o7"},"east":{"uv":[1.0,1.0,2.0,2.0],"texture":"#o7"},"west":{"uv":[1.0,1.0,2.0,2.0],"texture":"#o7"},"up":{"uv":[0.0,0.0,0.0,0.0],"texture":"#o7"},"down":{"uv":[1.0,1.0,2.0,2.0],"rotation":270,"texture":"#o7"}}},{"from":[0.19683,9.80991,7.47673],"to":[0.40199,10.0967,8.50816],"rotation":{"angle":-22.5,"axis":"y","origin":[0.29941,9.45205,7.99244]},"faces":{"north":{"uv":[1.0,1.0,2.0,2.0],"texture":"#o7"},"south":{"uv":[1.0,1.0,2.0,2.0],"texture":"#o7"},"east":{"uv":[0.0,0.0,0.0,0.0],"texture":"#o7"},"west":{"uv":[0.0,0.0,0.0,0.0],"texture":"#o7"},"up":{"uv":[0.0,0.0,0.0,0.0],"texture":"#o7"},"down":{"uv":[1.0,1.0,2.0,2.0],"rotation":270,"texture":"#o7"}}},{"from":[0.19683,9.80991,7.47673],"to":[0.40199,10.0967,8.50816],"rotation":{"angle":0.0,"axis":"y","origin":[0.29941,9.45205,7.99244]},"faces":{"north":{"uv":[1.0,1.0,2.0,2.0],"texture":"#o7"},"south":{"uv":[1.0,1.0,2.0,2.0],"texture":"#o7"},"east":{"uv":[0.0,0.0,0.0,0.0],"texture":"#o7"},"west":{"uv":[0.0,0.0,0.0,0.0],"texture":"#o7"},"up":{"uv":[0.0,0.0,0.0,0.0],"texture":"#o7"},"down":{"uv":[1.0,1.0,2.0,2.0],"rotation":270,"texture":"#o7"}}},{"from":[0.19683,9.80991,7.47673],"to":[0.40199,10.0967,8.50816],"rotation":{"angle":22.5,"axis":"y","origin":[0.29941,9.45205,7.99244]},"faces":{"north":{"uv":[1.0,1.0,2.0,2.0],"texture":"#o7"},"south":{"uv":[1.0,1.0,2.0,2.0],"texture":"#o7"},"east":{"uv":[0.0,0.0,0.0,0.0],"texture":"#o7"},"west":{"uv":[0.0,0.0,0.0,0.0],"texture":"#o7"},"up":{"uv":[0.0,0.0,0.0,0.0],"texture":"#o7"},"down":{"uv":[1.0,1.0,2.0,2.0],"rotation":270,"texture":"#o7"}}},{"from":[3.67692,10.47087,7.62906],"to":[4.19263,10.5998,8.05733],"rotation":{"angle":45.0,"axis":"x","origin":[3.54799,11.54743,7.84319]},"faces":{"north":{"uv":[0.0,0.0,0.0,0.0],"texture":"#o7"},"south":{"uv":[0.0,0.0,0.0,0.0],"texture":"#o7"},"east":{"uv":[1.0,1.0,2.0,2.0],"texture":"#o7"},"west":{"uv":[1.0,1.0,2.0,2.0],"texture":"#o7"},"up":{"uv":[1.0,1.0,2.0,2.0],"rotation":90,"texture":"#o7"},"down":{"uv":[1.0,1.0,2.0,2.0],"rotation":270,"texture":"#o7"}}},{"from":[3.67692,10.63477,7.23337],"to":[4.19263,10.76369,8.82202],"rotation":{"angle":0.0,"axis":"z","origin":[3.54799,11.71132,7.96323]},"faces":{"north":{"uv":[0.0,0.0,0.0,0.0],"texture":"#o7"},"south":{"uv":[0.0,0.0,0.0,0.0],"texture":"#o7"},"east":{"uv":[1.0,1.0,2.0,2.0],"texture":"#o7"},"west":{"uv":[1.0,1.0,2.0,2.0],"texture":"#o7"},"up":{"uv":[1.0,1.0,2.0,2.0],"rotation":90,"texture":"#o7"},"down":{"uv":[1.0,1.0,2.0,2.0],"rotation":270,"texture":"#o7"}}},{"from":[3.67692,10.47087,7.99805],"to":[4.19263,10.5998,8.42634],"rotation":{"angle":-45.0,"axis":"x","origin":[3.54799,11.54743,8.2122]},"faces":{"north":{"uv":[0.0,0.0,0.0,0.0],"texture":"#o7"},"south":{"uv":[0.0,0.0,0.0,0.0],"texture":"#o7"},"east":{"uv":[1.0,1.0,2.0,2.0],"texture":"#o7"},"west":{"uv":[1.0,1.0,2.0,2.0],"texture":"#o7"},"up":{"uv":[1.0,1.0,2.0,2.0],"rotation":90,"texture":"#o7"},"down":{"uv":[1.0,1.0,2.0,2.0],"rotation":270,"texture":"#o7"}}},{"from":[3.67692,12.49505,7.99805],"to":[4.19263,12.62398,8.42634],"rotation":{"angle":45.0,"axis":"x","origin":[3.54799,11.54743,8.2122]},"faces":{"north":{"uv":[0.0,0.0,0.0,0.0],"texture":"#o7"},"south":{"uv":[0.0,0.0,0.0,0.0],"texture":"#o7"},"east":{"uv":[1.0,1.0,2.0,2.0],"texture":"#o7"},"west":{"uv":[1.0,1.0,2.0,2.0],"texture":"#o7"},"up":{"uv":[1.0,1.0,2.0,2.0],"rotation":90,"texture":"#o7"},"down":{"uv":[1.0,1.0,2.0,2.0],"rotation":270,"texture":"#o7"}}},{"from":[3.67692,12.33116,7.23337],"to":[4.19263,12.46009,8.82202],"rotation":{"angle":0.0,"axis":"z","origin":[3.54799,11.38353,7.96323]},"faces":{"north":{"uv":[0.0,0.0,0.0,0.0],"texture":"#o7"},"south":{"uv":[0.0,0.0,0.0,0.0],"texture":"#o7"},"east":{"uv":[1.0,1.0,2.0,2.0],"texture":"#o7"},"west":{"uv":[1.0,1.0,2.0,2.0],"texture":"#o7"},"up":{"uv":[1.0,1.0,2.0,2.0],"rotation":90,"texture":"#o7"},"down":{"uv":[1.0,1.0,2.0,2.0],"rotation":270,"texture":"#o7"}}},{"from":[3.67692,12.49505,7.62906],"to":[4.19263,12.62398,8.05733],"rotation":{"angle":-45.0,"axis":"x","origin":[3.54799,11.54743,7.84319]},"faces":{"north":{"uv":[0.0,0.0,0.0,0.0],"texture":"#o7"},"south":{"uv":[0.0,0.0,0.0,0.0],"texture":"#o7"},"east":{"uv":[1.0,1.0,2.0,2.0],"texture":"#o7"},"west":{"uv":[1.0,1.0,2.0,2.0],"texture":"#o7"},"up":{"uv":[1.0,1.0,2.0,2.0],"rotation":90,"texture":"#o7"},"down":{"uv":[1.0,1.0,2.0,2.0],"rotation":270,"texture":"#o7"}}},{"from":[3.67692,11.33329,6.76664],"to":[4.19263,11.76156,6.89557],"rotation":{"angle":22.5,"axis":"x","origin":[3.54799,11.54743,7.84319]},"faces":{"north":{"uv":[1.0,1.0,2.0,2.0],"texture":"#o7"},"south":{"uv":[1.0,1.0,2.0,2.0],"texture":"#o7"},"east":{"uv":[1.0,1.0,2.0,2.0],"texture":"#o7"},"west":{"uv":[1.0,1.0,2.0,2.0],"texture":"#o7"},"up":{"uv":[0.0,0.0,0.0,0.0],"texture":"#o7"},"down":{"uv":[0.0,0.0,0.0,0.0],"texture":"#o7"}}},{"from":[3.67692,9.89544,7.10585],"to":[4.19263,10.05173,7.23568],"rotation":{"angle":22.5,"axis":"x","origin":[3.54578,9.83759,8.18331]},"faces":{"north":{"uv":[1.0,1.0,2.0,2.0],"texture":"#o7"},"south":{"uv":[0.0,0.0,0.0,0.0],"texture":"#o7"},"east":{"uv":[1.0,1.0,2.0,2.0],"texture":"#o7"},"west":{"uv":[1.0,1.0,2.0,2.0],"texture":"#o7"},"up":{"uv":[0.0,0.0,0.0,0.0],"texture":"#o7"},"down":{"uv":[0.0,0.0,0.0,0.0],"texture":"#o7"}}},{"from":[3.67692,11.33329,6.76664],"to":[4.19263,11.76156,6.89557],"rotation":{"angle":0.0,"axis":"z","origin":[3.54799,11.54743,7.84319]},"faces":{"north":{"uv":[1.0,1.0,2.0,2.0],"texture":"#o7"},"south":{"uv":[1.0,1.0,2.0,2.0],"texture":"#o7"},"east":{"uv":[1.0,1.0,2.0,2.0],"texture":"#o7"},"west":{"uv":[1.0,1.0,2.0,2.0],"texture":"#o7"},"up":{"uv":[0.0,0.0,0.0,0.0],"texture":"#o7"},"down":{"uv":[0.0,0.0,0.0,0.0],"texture":"#o7"}}},{"from":[3.67692,11.33329,6.76664],"to":[4.19263,11.76156,6.89557],"rotation":{"angle":-22.5,"axis":"x","origin":[3.54799,11.54743,7.84319]},"faces":{"north":{"uv":[1.0,1.0,2.0,2.0],"texture":"#o7"},"south":{"uv":[1.0,1.0,2.0,2.0],"texture":"#o7"},"east":{"uv":[1.0,1.0,2.0,2.0],"texture":"#o7"},"west":{"uv":[1.0,1.0,2.0,2.0],"texture":"#o7"},"up":{"uv":[0.0,0.0,0.0,0.0],"texture":"#o7"},"down":{"uv":[0.0,0.0,0.0,0.0],"texture":"#o7"}}},{"from":[3.67692,10.87557,6.90939],"to":[4.19263,11.046,7.03832],"rotation":{"angle":-22.5,"axis":"x","origin":[3.54799,11.60543,7.98594]},"faces":{"north":{"uv":[1.0,1.0,2.0,2.0],"texture":"#o7"},"south":{"uv":[0.0,0.0,0.0,0.0],"texture":"#o7"},"east":{"uv":[1.0,1.0,2.0,2.0],"texture":"#o7"},"west":{"uv":[1.0,1.0,2.0,2.0],"texture":"#o7"},"up":{"uv":[0.0,0.0,0.0,0.0],"texture":"#o7"},"down":{"uv":[0.0,0.0,0.0,0.0],"texture":"#o7"}}},{"from":[3.67692,10.29733,7.26084],"to":[4.19263,10.63395,8.79456],"rotation":{"angle":0.0,"axis":"z","origin":[3.54799,11.12792,8.33739]},"faces":{"north":{"uv":[1.0,1.0,2.0,2.0],"texture":"#o7"},"south":{"uv":[1.0,1.0,2.0,2.0],"texture":"#o7"},"east":{"uv":[1.0,1.0,2.0,2.0],"texture":"#o7"},"west":{"uv":[1.0,1.0,2.0,2.0],"texture":"#o7"},"up":{"uv":[0.0,0.0,0.0,0.0],"texture":"#o7"},"down":{"uv":[0.0,0.0,0.0,0.0],"texture":"#o7"}}},{"from":[3.67692,10.87557,9.01706],"to":[4.19263,11.046,9.14599],"rotation":{"angle":22.5,"axis":"x","origin":[3.54799,11.60543,8.06944]},"faces":{"north":{"uv":[0.0,0.0,0.0,0.0],"texture":"#o7"},"south":{"uv":[1.0,1.0,2.0,2.0],"texture":"#o7"},"east":{"uv":[1.0,1.0,2.0,2.0],"texture":"#o7"},"west":{"uv":[1.0,1.0,2.0,2.0],"texture":"#o7"},"up":{"uv":[0.0,0.0,0.0,0.0],"texture":"#o7"},"down":{"uv":[0.0,0.0,0.0,0.0],"texture":"#o7"}}},{"from":[3.67692,9.89544,8.81971],"to":[4.19263,10.05173,8.94954],"rotation":{"angle":-22.5,"axis":"x","origin":[3.54578,9.83759,7.87209]},"faces":{"north":{"uv":[0.0,0.0,0.0,0.0],"texture":"#o7"},"south":{"uv":[1.0,1.0,2.0,2.0],"texture":"#o7"},"east":{"uv":[1.0,1.0,2.0,2.0],"texture":"#o7"},"west":{"uv":[1.0,1.0,2.0,2.0],"texture":"#o7"},"up":{"uv":[0.0,0.0,0.0,0.0],"texture":"#o7"},"down":{"uv":[0.0,0.0,0.0,0.0],"texture":"#o7"}}},{"from":[3.67692,11.33329,9.15982],"to":[4.19263,11.76156,9.28875],"rotation":{"angle":22.5,"axis":"x","origin":[3.54799,11.54743,8.2122]},"faces":{"north":{"uv":[1.0,1.0,2.0,2.0],"texture":"#o7"},"south":{"uv":[1.0,1.0,2.0,2.0],"texture":"#o7"},"east":{"uv":[1.0,1.0,2.0,2.0],"texture":"#o7"},"west":{"uv":[1.0,1.0,2.0,2.0],"texture":"#o7"},"up":{"uv":[0.0,0.0,0.0,0.0],"texture":"#o7"},"down":{"uv":[0.0,0.0,0.0,0.0],"texture":"#o7"}}},{"from":[3.67692,11.33329,9.15982],"to":[4.19263,11.76156,9.28875],"rotation":{"angle":0.0,"axis":"z","origin":[3.54799,11.54743,8.2122]},"faces":{"north":{"uv":[1.0,1.0,2.0,2.0],"texture":"#o7"},"south":{"uv":[1.0,1.0,2.0,2.0],"texture":"#o7"},"east":{"uv":[1.0,1.0,2.0,2.0],"texture":"#o7"},"west":{"uv":[1.0,1.0,2.0,2.0],"texture":"#o7"},"up":{"uv":[0.0,0.0,0.0,0.0],"texture":"#o7"},"down":{"uv":[0.0,0.0,0.0,0.0],"texture":"#o7"}}},{"from":[3.67692,11.33329,9.15982],"to":[4.19263,11.76156,9.28875],"rotation":{"angle":-22.5,"axis":"x","origin":[3.54799,11.54743,8.2122]},"faces":{"north":{"uv":[1.0,1.0,2.0,2.0],"texture":"#o7"},"south":{"uv":[1.0,1.0,2.0,2.0],"texture":"#o7"},"east":{"uv":[1.0,1.0,2.0,2.0],"texture":"#o7"},"west":{"uv":[1.0,1.0,2.0,2.0],"texture":"#o7"},"up":{"uv":[0.0,0.0,0.0,0.0],"texture":"#o7"},"down":{"uv":[0.0,0.0,0.0,0.0],"texture":"#o7"}}},{"from":[2.15678,10.24678,7.88664],"to":[3.575,10.63357,8.16875],"rotation":{"angle":-45.0,"axis":"y","origin":[2.86589,10.89142,8.02769]},"faces":{"north":{"uv":[0.0,0.0,0.0,0.0],"texture":"#o7"},"south":{"uv":[0.0,0.0,0.0,0.0],"texture":"#o7"},"east":{"uv":[1.0,1.0,2.0,2.0],"texture":"#o7"},"west":{"uv":[1.0,1.0,2.0,2.0],"texture":"#o7"},"up":{"uv":[1.0,1.0,2.0,2.0],"rotation":90,"texture":"#o7"},"down":{"uv":[0.0,0.0,0.0,0.0],"texture":"#o7"}}},{"from":[2.15678,10.24678,7.88664],"to":[3.575,10.63357,8.16875],"rotation":{"angle":-22.5,"axis":"y","origin":[2.86589,10.89142,8.02769]},"faces":{"north":{"uv":[0.0,0.0,0.0,0.0],"texture":"#o7"},"south":{"uv":[0.0,0.0,0.0,0.0],"texture":"#o7"},"east":{"uv":[1.0,1.0,2.0,2.0],"texture":"#o7"},"west":{"uv":[1.0,1.0,2.0,2.0],"texture":"#o7"},"up":{"uv":[1.0,1.0,2.0,2.0],"rotation":90,"texture":"#o7"},"down":{"uv":[0.0,0.0,0.0,0.0],"texture":"#o7"}}},{"from":[2.15678,10.24678,7.88664],"to":[3.575,10.63357,8.16875],"rotation":{"angle":0.0,"axis":"y","origin":[2.86589,10.89142,8.02769]},"faces":{"north":{"uv":[0.0,0.0,0.0,0.0],"texture":"#o7"},"south":{"uv":[0.0,0.0,0.0,0.0],"texture":"#o7"},"east":{"uv":[1.0,1.0,2.0,2.0],"texture":"#o7"},"west":{"uv":[1.0,1.0,2.0,2.0],"texture":"#o7"},"up":{"uv":[1.0,1.0,2.0,2.0],"rotation":90,"texture":"#o7"},"down":{"uv":[0.0,0.0,0.0,0.0],"texture":"#o7"}}},{"from":[2.15678,10.24678,7.88664],"to":[3.575,10.63357,8.16875],"rotation":{"angle":22.5,"axis":"y","origin":[2.86589,10.89142,8.02769]},"faces":{"north":{"uv":[0.0,0.0,0.0,0.0],"texture":"#o7"},"south":{"uv":[0.0,0.0,0.0,0.0],"texture":"#o7"},"east":{"uv":[1.0,1.0,2.0,2.0],"texture":"#o7"},"west":{"uv":[1.0,1.0,2.0,2.0],"texture":"#o7"},"up":{"uv":[1.0,1.0,2.0,2.0],"rotation":90,"texture":"#o7"},"down":{"uv":[0.0,0.0,0.0,0.0],"texture":"#o7"}}},{"from":[2.15678,10.24678,7.88664],"to":[3.575,10.63357,8.16875],"rotation":{"angle":45.0,"axis":"y","origin":[2.86589,10.89142,8.02769]},"faces":{"north":{"uv":[0.0,0.0,0.0,0.0],"texture":"#o7"},"south":{"uv":[0.0,0.0,0.0,0.0],"texture":"#o7"},"east":{"uv":[1.0,1.0,2.0,2.0],"texture":"#o7"},"west":{"uv":[1.0,1.0,2.0,2.0],"texture":"#o7"},"up":{"uv":[1.0,1.0,2.0,2.0],"rotation":90,"texture":"#o7"},"down":{"uv":[0.0,0.0,0.0,0.0],"texture":"#o7"}}},{"from":[2.72484,10.24678,7.31858],"to":[3.00694,10.63357,8.7368],"rotation":{"angle":-22.5,"axis":"y","origin":[2.86589,10.89142,8.02769]},"faces":{"north":{"uv":[1.0,1.0,2.0,2.0],"texture":"#o7"},"south":{"uv":[1.0,1.0,2.0,2.0],"texture":"#o7"},"east":{"uv":[0.0,0.0,0.0,0.0],"texture":"#o7"},"west":{"uv":[0.0,0.0,0.0,0.0],"texture":"#o7"},"up":{"uv":[1.0,1.0,2.0,2.0],"rotation":90,"texture":"#o7"},"down":{"uv":[0.0,0.0,0.0,0.0],"texture":"#o7"}}},{"from":[2.72484,10.24678,7.31858],"to":[3.00694,10.63357,8.7368],"rotation":{"angle":0.0,"axis":"y","origin":[2.86589,10.89142,8.02769]},"faces":{"north":{"uv":[1.0,1.0,2.0,2.0],"texture":"#o7"},"south":{"uv":[1.0,1.0,2.0,2.0],"texture":"#o7"},"east":{"uv":[0.0,0.0,0.0,0.0],"texture":"#o7"},"west":{"uv":[0.0,0.0,0.0,0.0],"texture":"#o7"},"up":{"uv":[1.0,1.0,2.0,2.0],"rotation":90,"texture":"#o7"},"down":{"uv":[0.0,0.0,0.0,0.0],"texture":"#o7"}}},{"from":[2.72484,10.24678,7.31858],"to":[3.00694,10.63357,8.7368],"rotation":{"angle":22.5,"axis":"y","origin":[2.86589,10.89142,8.02769]},"faces":{"north":{"uv":[1.0,1.0,2.0,2.0],"texture":"#o7"},"south":{"uv":[1.0,1.0,2.0,2.0],"texture":"#o7"},"east":{"uv":[0.0,0.0,0.0,0.0],"texture":"#o7"},"west":{"uv":[0.0,0.0,0.0,0.0],"texture":"#o7"},"up":{"uv":[1.0,1.0,2.0,2.0],"rotation":90,"texture":"#o7"},"down":{"uv":[0.0,0.0,0.0,0.0],"texture":"#o7"}}},{"from":[1.09835,9.78765,7.33893],"to":[4.14428,10.17444,8.71645],"rotation":{"angle":0.0,"axis":"y","origin":[5.48192,9.40087,7.54591]},"faces":{"north":{"uv":[13.0,1.0,14.0,2.0],"texture":"#o7"},"south":{"uv":[13.0,1.0,14.0,2.0],"texture":"#o7"},"east":{"uv":[13.0,1.0,14.0,2.0],"texture":"#o7"},"west":{"uv":[13.0,1.0,14.0,2.0],"texture":"#o7"},"up":{"uv":[0.0,0.0,0.0,0.0],"texture":"#o7"},"down":{"uv":[0.0,0.0,0.0,0.0],"texture":"#o7"}}},{"from":[0.96942,9.38576,7.01],"to":[4.19263,9.91658,9.04538],"rotation":{"angle":0.0,"axis":"y","origin":[5.48192,9.40087,7.54591]},"faces":{"north":{"uv":[1.0,1.0,2.0,2.0],"texture":"#o7"},"south":{"uv":[1.0,1.0,2.0,2.0],"texture":"#o7"},"east":{"uv":[1.0,1.0,2.0,2.0],"texture":"#o7"},"west":{"uv":[1.0,1.0,2.0,2.0],"texture":"#o7"},"up":{"uv":[1.0,1.0,2.0,2.0],"rotation":90,"texture":"#o7"},"down":{"uv":[1.0,1.0,2.0,2.0],"rotation":270,"texture":"#o7"}}},{"from":[1.87192,10.04551,7.21],"to":[4.19263,10.30337,8.84538],"rotation":{"angle":0.0,"axis":"y","origin":[5.48192,9.40087,7.54591]},"faces":{"north":{"uv":[1.0,1.0,2.0,2.0],"texture":"#o7"},"south":{"uv":[1.0,1.0,2.0,2.0],"texture":"#o7"},"east":{"uv":[1.0,1.0,2.0,2.0],"texture":"#o7"},"west":{"uv":[0.0,0.0,0.0,0.0],"texture":"#o7"},"up":{"uv":[1.0,1.0,2.0,2.0],"rotation":90,"texture":"#o7"},"down":{"uv":[1.0,1.0,2.0,2.0],"rotation":270,"texture":"#o7"}}},{"from":[0.4537,10.04551,7.21],"to":[1.87192,10.4323,8.84538],"rotation":{"angle":0.0,"axis":"y","origin":[5.48192,9.40087,7.54591]},"faces":{"north":{"uv":[1.0,1.0,2.0,2.0],"texture":"#o7"},"south":{"uv":[1.0,1.0,2.0,2.0],"texture":"#o7"},"east":{"uv":[1.0,1.0,2.0,2.0],"texture":"#o7"},"west":{"uv":[0.0,0.0,0.0,0.0],"texture":"#o7"},"up":{"uv":[1.0,1.0,2.0,2.0],"rotation":90,"texture":"#o7"},"down":{"uv":[1.0,1.0,2.0,2.0],"rotation":270,"texture":"#o7"}}},{"from":[-0.4184,10.04551,6.69105],"to":[0.4841,10.4323,7.57804],"rotation":{"angle":22.5,"axis":"y","origin":[1.77339,9.40087,7.02696]},"faces":{"north":{"uv":[1.0,1.0,2.0,2.0],"texture":"#o7"},"south":{"uv":[0.0,0.0,0.0,0.0],"texture":"#o7"},"east":{"uv":[0.0,0.0,0.0,0.0],"texture":"#o7"},"west":{"uv":[0.0,0.0,0.0,0.0],"texture":"#o7"},"up":{"uv":[1.0,1.0,2.0,2.0],"rotation":90,"texture":"#o7"},"down":{"uv":[1.0,1.0,2.0,2.0],"rotation":270,"texture":"#o7"}}},{"from":[-0.38009,10.04551,7.55537],"to":[0.52241,10.4323,8.50002],"rotation":{"angle":0.0,"axis":"y","origin":[1.81169,9.40087,7.89128]},"faces":{"north":{"uv":[0.0,0.0,0.0,0.0],"texture":"#o7"},"south":{"uv":[0.0,0.0,0.0,0.0],"texture":"#o7"},"east":{"uv":[0.0,0.0,0.0,0.0],"texture":"#o7"},"west":{"uv":[1.0,1.0,2.0,2.0],"texture":"#o7"},"up":{"uv":[0.0,0.0,0.0,0.0],"texture":"#o7"},"down":{"uv":[1.0,1.0,2.0,2.0],"rotation":270,"texture":"#o7"}}},{"from":[-0.39502,10.04551,8.482],"to":[0.50748,10.4323,9.36899],"rotation":{"angle":-22.5,"axis":"y","origin":[1.79676,9.40087,8.97201]},"faces":{"north":{"uv":[0.0,0.0,0.0,0.0],"texture":"#o7"},"south":{"uv":[1.0,1.0,2.0,2.0],"texture":"#o7"},"east":{"uv":[0.0,0.0,0.0,0.0],"texture":"#o7"},"west":{"uv":[0.0,0.0,0.0,0.0],"texture":"#o7"},"up":{"uv":[1.0,1.0,2.0,2.0],"rotation":90,"texture":"#o7"},"down":{"uv":[1.0,1.0,2.0,2.0],"rotation":270,"texture":"#o7"}}},{"from":[-0.4184,10.4323,6.69105],"to":[0.4841,10.74857,7.44911],"rotation":{"angle":22.5,"axis":"y","origin":[1.77339,9.78765,7.02696]},"faces":{"north":{"uv":[1.0,1.0,2.0,2.0],"texture":"#o7"},"south":{"uv":[0.0,0.0,0.0,0.0],"texture":"#o7"},"east":{"uv":[0.0,0.0,0.0,0.0],"texture":"#o7"},"west":{"uv":[0.0,0.0,0.0,0.0],"texture":"#o7"},"up":{"uv":[1.0,1.0,2.0,2.0],"rotation":90,"texture":"#o7"},"down":{"uv":[0.0,0.0,0.0,0.0],"texture":"#o7"}}},{"from":[-0.39502,10.4323,8.61092],"to":[0.50748,10.74857,9.36899],"rotation":{"angle":-22.5,"axis":"y","origin":[1.79676,9.78765,8.97201]},"faces":{"north":{"uv":[0.0,0.0,0.0,0.0],"texture":"#o7"},"south":{"uv":[1.0,1.0,2.0,2.0],"texture":"#o7"},"east":{"uv":[0.0,0.0,0.0,0.0],"texture":"#o7"},"west":{"uv":[0.0,0.0,0.0,0.0],"texture":"#o7"},"up":{"uv":[1.0,1.0,2.0,2.0],"rotation":90,"texture":"#o7"},"down":{"uv":[0.0,0.0,0.0,0.0],"texture":"#o7"}}},{"from":[-0.38009,10.4323,7.55537],"to":[0.52241,10.74857,8.50002],"rotation":{"angle":0.0,"axis":"y","origin":[1.81169,9.78765,7.89128]},"faces":{"north":{"uv":[0.0,0.0,0.0,0.0],"texture":"#o7"},"south":{"uv":[0.0,0.0,0.0,0.0],"texture":"#o7"},"east":{"uv":[0.0,0.0,0.0,0.0],"texture":"#o7"},"west":{"uv":[1.0,1.0,2.0,2.0],"texture":"#o7"},"up":{"uv":[1.0,1.0,2.0,2.0],"rotation":90,"texture":"#o7"},"down":{"uv":[0.0,0.0,0.0,0.0],"texture":"#o7"}}},{"from":[0.4537,10.4323,7.21],"to":[0.90919,10.74857,8.84538],"rotation":{"angle":0.0,"axis":"y","origin":[2.19848,9.78765,7.89128]},"faces":{"north":{"uv":[1.0,1.0,2.0,2.0],"texture":"#o7"},"south":{"uv":[1.0,1.0,2.0,2.0],"texture":"#o7"},"east":{"uv":[1.0,1.0,2.0,2.0],"texture":"#o7"},"west":{"uv":[0.0,0.0,0.0,0.0],"texture":"#o7"},"up":{"uv":[1.0,1.0,2.0,2.0],"rotation":90,"texture":"#o7"},"down":{"uv":[0.0,0.0,0.0,0.0],"texture":"#o7"}}},{"from":[0.73067,10.31758,7.21],"to":[1.18615,10.63385,7.74042],"rotation":{"angle":-45.0,"axis":"z","origin":[0.95841,10.47571,7.34629]},"faces":{"north":{"uv":[1.0,1.0,2.0,2.0],"texture":"#o7"},"south":{"uv":[1.0,1.0,2.0,2.0],"texture":"#o7"},"east":{"uv":[0.0,0.0,0.0,0.0],"texture":"#o7"},"west":{"uv":[0.0,0.0,0.0,0.0],"texture":"#o7"},"up":{"uv":[1.0,1.0,2.0,2.0],"rotation":90,"texture":"#o7"},"down":{"uv":[0.0,0.0,0.0,0.0],"texture":"#o7"}}},{"from":[0.73067,10.31758,8.31497],"to":[1.18615,10.63385,8.84538],"rotation":{"angle":-45.0,"axis":"z","origin":[0.95841,10.47571,8.7091]},"faces":{"north":{"uv":[1.0,1.0,2.0,2.0],"texture":"#o7"},"south":{"uv":[1.0,1.0,2.0,2.0],"texture":"#o7"},"east":{"uv":[0.0,0.0,0.0,0.0],"texture":"#o7"},"west":{"uv":[0.0,0.0,0.0,0.0],"texture":"#o7"},"up":{"uv":[1.0,1.0,2.0,2.0],"rotation":90,"texture":"#o7"},"down":{"uv":[0.0,0.0,0.0,0.0],"texture":"#o7"}}},{"from":[1.39928,10.17222,7.08994],"to":[1.46374,10.27903,7.21887],"rotation":{"angle":45.0,"axis":"z","origin":[1.33481,10.22562,7.73458]},"faces":{"north":{"uv":[13.0,1.0,14.0,2.0],"texture":"#o7"},"south":{"uv":[0.0,0.0,0.0,0.0],"texture":"#o7"},"east":{"uv":[13.0,1.0,14.0,2.0],"texture":"#o7"},"west":{"uv":[13.0,1.0,14.0,2.0],"texture":"#o7"},"up":{"uv":[13.0,1.0,14.0,2.0],"rotation":90,"texture":"#o7"},"down":{"uv":[13.0,1.0,14.0,2.0],"rotation":270,"texture":"#o7"}}},{"from":[1.39928,10.17222,7.08994],"to":[1.46374,10.27903,7.21887],"rotation":{"angle":0.0,"axis":"x","origin":[1.33481,10.22562,7.73458]},"faces":{"north":{"uv":[13.0,1.0,14.0,2.0],"texture":"#o7"},"south":{"uv":[0.0,0.0,0.0,0.0],"texture":"#o7"},"east":{"uv":[13.0,1.0,14.0,2.0],"texture":"#o7"},"west":{"uv":[13.0,1.0,14.0,2.0],"texture":"#o7"},"up":{"uv":[13.0,1.0,14.0,2.0],"rotation":90,"texture":"#o7"},"down":{"uv":[13.0,1.0,14.0,2.0],"rotation":270,"texture":"#o7"}}},{"from":[1.20589,10.17222,7.08994],"to":[1.27035,10.27903,7.21887],"rotation":{"angle":45.0,"axis":"z","origin":[1.33481,10.22562,7.73458]},"faces":{"north":{"uv":[13.0,1.0,14.0,2.0],"texture":"#o7"},"south":{"uv":[0.0,0.0,0.0,0.0],"texture":"#o7"},"east":{"uv":[13.0,1.0,14.0,2.0],"texture":"#o7"},"west":{"uv":[13.0,1.0,14.0,2.0],"texture":"#o7"},"up":{"uv":[13.0,1.0,14.0,2.0],"rotation":90,"texture":"#o7"},"down":{"uv":[13.0,1.0,14.0,2.0],"rotation":270,"texture":"#o7"}}},{"from":[1.20589,10.17222,7.08994],"to":[1.27035,10.27903,7.21887],"rotation":{"angle":0.0,"axis":"x","origin":[1.33481,10.22562,7.73458]},"faces":{"north":{"uv":[13.0,1.0,14.0,2.0],"texture":"#o7"},"south":{"uv":[0.0,0.0,0.0,0.0],"texture":"#o7"},"east":{"uv":[13.0,1.0,14.0,2.0],"texture":"#o7"},"west":{"uv":[13.0,1.0,14.0,2.0],"texture":"#o7"},"up":{"uv":[13.0,1.0,14.0,2.0],"rotation":90,"texture":"#o7"},"down":{"uv":[13.0,1.0,14.0,2.0],"rotation":270,"texture":"#o7"}}},{"from":[1.28141,10.0967,7.08994],"to":[1.38822,10.16116,7.21887],"rotation":{"angle":45.0,"axis":"z","origin":[1.33481,10.22562,7.73458]},"faces":{"north":{"uv":[13.0,1.0,14.0,2.0],"texture":"#o7"},"south":{"uv":[0.0,0.0,0.0,0.0],"texture":"#o7"},"east":{"uv":[13.0,1.0,14.0,2.0],"texture":"#o7"},"west":{"uv":[13.0,1.0,14.0,2.0],"texture":"#o7"},"up":{"uv":[13.0,1.0,14.0,2.0],"rotation":90,"texture":"#o7"},"down":{"uv":[13.0,1.0,14.0,2.0],"rotation":270,"texture":"#o7"}}},{"from":[1.28141,10.0967,7.08994],"to":[1.38822,10.16116,7.21887],"rotation":{"angle":0.0,"axis":"x","origin":[1.33481,10.22562,7.73458]},"faces":{"north":{"uv":[13.0,1.0,14.0,2.0],"texture":"#o7"},"south":{"uv":[0.0,0.0,0.0,0.0],"texture":"#o7"},"east":{"uv":[13.0,1.0,14.0,2.0],"texture":"#o7"},"west":{"uv":[13.0,1.0,14.0,2.0],"texture":"#o7"},"up":{"uv":[13.0,1.0,14.0,2.0],"rotation":90,"texture":"#o7"},"down":{"uv":[13.0,1.0,14.0,2.0],"rotation":270,"texture":"#o7"}}},{"from":[1.28141,10.29009,7.08994],"to":[1.38822,10.35455,7.21887],"rotation":{"angle":45.0,"axis":"z","origin":[1.33481,10.22562,7.73458]},"faces":{"north":{"uv":[13.0,1.0,14.0,2.0],"texture":"#o7"},"south":{"uv":[0.0,0.0,0.0,0.0],"texture":"#o7"},"east":{"uv":[13.0,1.0,14.0,2.0],"texture":"#o7"},"west":{"uv":[13.0,1.0,14.0,2.0],"texture":"#o7"},"up":{"uv":[13.0,1.0,14.0,2.0],"rotation":90,"texture":"#o7"},"down":{"uv":[13.0,1.0,14.0,2.0],"rotation":270,"texture":"#o7"}}},{"from":[1.28141,10.29009,7.08994],"to":[1.38822,10.35455,7.21887],"rotation":{"angle":0.0,"axis":"x","origin":[1.33481,10.22562,7.73458]},"faces":{"north":{"uv":[13.0,1.0,14.0,2.0],"texture":"#o7"},"south":{"uv":[0.0,0.0,0.0,0.0],"texture":"#o7"},"east":{"uv":[13.0,1.0,14.0,2.0],"texture":"#o7"},"west":{"uv":[13.0,1.0,14.0,2.0],"texture":"#o7"},"up":{"uv":[13.0,1.0,14.0,2.0],"rotation":90,"texture":"#o7"},"down":{"uv":[13.0,1.0,14.0,2.0],"rotation":270,"texture":"#o7"}}},{"from":[1.45085,9.56534,6.88994],"to":[1.51531,9.72555,7.01887],"rotation":{"angle":45.0,"axis":"z","origin":[1.32192,9.64545,7.53458]},"faces":{"north":{"uv":[13.0,1.0,14.0,2.0],"texture":"#o7"},"south":{"uv":[0.0,0.0,0.0,0.0],"texture":"#o7"},"east":{"uv":[13.0,1.0,14.0,2.0],"texture":"#o7"},"west":{"uv":[13.0,1.0,14.0,2.0],"texture":"#o7"},"up":{"uv":[13.0,1.0,14.0,2.0],"rotation":90,"texture":"#o7"},"down":{"uv":[13.0,1.0,14.0,2.0],"rotation":270,"texture":"#o7"}}},{"from":[1.45085,9.56534,6.88994],"to":[1.51531,9.72555,7.01887],"rotation":{"angle":0.0,"axis":"x","origin":[1.32192,9.64545,7.53458]},"faces":{"north":{"uv":[13.0,1.0,14.0,2.0],"texture":"#o7"},"south":{"uv":[0.0,0.0,0.0,0.0],"texture":"#o7"},"east":{"uv":[13.0,1.0,14.0,2.0],"texture":"#o7"},"west":{"uv":[13.0,1.0,14.0,2.0],"texture":"#o7"},"up":{"uv":[13.0,1.0,14.0,2.0],"rotation":90,"texture":"#o7"},"down":{"uv":[13.0,1.0,14.0,2.0],"rotation":270,"texture":"#o7"}}},{"from":[1.12853,9.56534,6.88994],"to":[1.19299,9.72555,7.01887],"rotation":{"angle":45.0,"axis":"z","origin":[1.32192,9.64545,7.53458]},"faces":{"north":{"uv":[13.0,1.0,14.0,2.0],"texture":"#o7"},"south":{"uv":[0.0,0.0,0.0,0.0],"texture":"#o7"},"east":{"uv":[13.0,1.0,14.0,2.0],"texture":"#o7"},"west":{"uv":[13.0,1.0,14.0,2.0],"texture":"#o7"},"up":{"uv":[13.0,1.0,14.0,2.0],"rotation":90,"texture":"#o7"},"down":{"uv":[13.0,1.0,14.0,2.0],"rotation":270,"texture":"#o7"}}},{"from":[1.12853,9.56534,6.88994],"to":[1.19299,9.72555,7.01887],"rotation":{"angle":0.0,"axis":"x","origin":[1.32192,9.64545,7.53458]},"faces":{"north":{"uv":[13.0,1.0,14.0,2.0],"texture":"#o7"},"south":{"uv":[0.0,0.0,0.0,0.0],"texture":"#o7"},"east":{"uv":[13.0,1.0,14.0,2.0],"texture":"#o7"},"west":{"uv":[13.0,1.0,14.0,2.0],"texture":"#o7"},"up":{"uv":[13.0,1.0,14.0,2.0],"rotation":90,"texture":"#o7"},"down":{"uv":[13.0,1.0,14.0,2.0],"rotation":270,"texture":"#o7"}}},{"from":[1.24182,9.45205,6.88994],"to":[1.40202,9.51652,7.01887],"rotation":{"angle":45.0,"axis":"z","origin":[1.32192,9.64545,7.53458]},"faces":{"north":{"uv":[13.0,1.0,14.0,2.0],"texture":"#o7"},"south":{"uv":[0.0,0.0,0.0,0.0],"texture":"#o7"},"east":{"uv":[13.0,1.0,14.0,2.0],"texture":"#o7"},"west":{"uv":[13.0,1.0,14.0,2.0],"texture":"#o7"},"up":{"uv":[13.0,1.0,14.0,2.0],"rotation":90,"texture":"#o7"},"down":{"uv":[13.0,1.0,14.0,2.0],"rotation":270,"texture":"#o7"}}},{"from":[1.24182,9.45205,6.88994],"to":[1.40202,9.51652,7.01887],"rotation":{"angle":0.0,"axis":"x","origin":[1.32192,9.64545,7.53458]},"faces":{"north":{"uv":[13.0,1.0,14.0,2.0],"texture":"#o7"},"south":{"uv":[0.0,0.0,0.0,0.0],"texture":"#o7"},"east":{"uv":[13.0,1.0,14.0,2.0],"texture":"#o7"},"west":{"uv":[13.0,1.0,14.0,2.0],"texture":"#o7"},"up":{"uv":[13.0,1.0,14.0,2.0],"rotation":90,"texture":"#o7"},"down":{"uv":[13.0,1.0,14.0,2.0],"rotation":270,"texture":"#o7"}}},{"from":[1.24182,9.77437,6.88994],"to":[1.40202,9.83884,7.01887],"rotation":{"angle":45.0,"axis":"z","origin":[1.32192,9.64545,7.53458]},"faces":{"north":{"uv":[13.0,1.0,14.0,2.0],"texture":"#o7"},"south":{"uv":[0.0,0.0,0.0,0.0],"texture":"#o7"},"east":{"uv":[13.0,1.0,14.0,2.0],"texture":"#o7"},"west":{"uv":[13.0,1.0,14.0,2.0],"texture":"#o7"},"up":{"uv":[13.0,1.0,14.0,2.0],"rotation":90,"texture":"#o7"},"down":{"uv":[13.0,1.0,14.0,2.0],"rotation":270,"texture":"#o7"}}},{"from":[1.24182,9.77437,6.88994],"to":[1.40202,9.83884,7.01887],"rotation":{"angle":0.0,"axis":"x","origin":[1.32192,9.64545,7.53458]},"faces":{"north":{"uv":[13.0,1.0,14.0,2.0],"texture":"#o7"},"south":{"uv":[0.0,0.0,0.0,0.0],"texture":"#o7"},"east":{"uv":[13.0,1.0,14.0,2.0],"texture":"#o7"},"west":{"uv":[13.0,1.0,14.0,2.0],"texture":"#o7"},"up":{"uv":[13.0,1.0,14.0,2.0],"rotation":90,"texture":"#o7"},"down":{"uv":[13.0,1.0,14.0,2.0],"rotation":270,"texture":"#o7"}}},{"from":[4.02942,9.56534,6.88994],"to":[4.09389,9.72555,7.01887],"rotation":{"angle":45.0,"axis":"z","origin":[3.90049,9.64545,7.53458]},"faces":{"north":{"uv":[13.0,1.0,14.0,2.0],"texture":"#o7"},"south":{"uv":[0.0,0.0,0.0,0.0],"texture":"#o7"},"east":{"uv":[13.0,1.0,14.0,2.0],"texture":"#o7"},"west":{"uv":[13.0,1.0,14.0,2.0],"texture":"#o7"},"up":{"uv":[13.0,1.0,14.0,2.0],"rotation":90,"texture":"#o7"},"down":{"uv":[13.0,1.0,14.0,2.0],"rotation":270,"texture":"#o7"}}},{"from":[4.02942,9.56534,6.88994],"to":[4.09389,9.72555,7.01887],"rotation":{"angle":0.0,"axis":"x","origin":[3.90049,9.64545,7.53458]},"faces":{"north":{"uv":[13.0,1.0,14.0,2.0],"texture":"#o7"},"south":{"uv":[0.0,0.0,0.0,0.0],"texture":"#o7"},"east":{"uv":[13.0,1.0,14.0,2.0],"texture":"#o7"},"west":{"uv":[13.0,1.0,14.0,2.0],"texture":"#o7"},"up":{"uv":[13.0,1.0,14.0,2.0],"rotation":90,"texture":"#o7"},"down":{"uv":[13.0,1.0,14.0,2.0],"rotation":270,"texture":"#o7"}}},{"from":[3.7071,9.56534,6.88994],"to":[3.77156,9.72555,7.01887],"rotation":{"angle":45.0,"axis":"z","origin":[3.90049,9.64545,7.53458]},"faces":{"north":{"uv":[13.0,1.0,14.0,2.0],"texture":"#o7"},"south":{"uv":[0.0,0.0,0.0,0.0],"texture":"#o7"},"east":{"uv":[13.0,1.0,14.0,2.0],"texture":"#o7"},"west":{"uv":[13.0,1.0,14.0,2.0],"texture":"#o7"},"up":{"uv":[13.0,1.0,14.0,2.0],"rotation":90,"texture":"#o7"},"down":{"uv":[13.0,1.0,14.0,2.0],"rotation":270,"texture":"#o7"}}},{"from":[3.7071,9.56534,6.88994],"to":[3.77156,9.72555,7.01887],"rotation":{"angle":0.0,"axis":"x","origin":[3.90049,9.64545,7.53458]},"faces":{"north":{"uv":[13.0,1.0,14.0,2.0],"texture":"#o7"},"south":{"uv":[0.0,0.0,0.0,0.0],"texture":"#o7"},"east":{"uv":[13.0,1.0,14.0,2.0],"texture":"#o7"},"west":{"uv":[13.0,1.0,14.0,2.0],"texture":"#o7"},"up":{"uv":[13.0,1.0,14.0,2.0],"rotation":90,"texture":"#o7"},"down":{"uv":[13.0,1.0,14.0,2.0],"rotation":270,"texture":"#o7"}}},{"from":[3.82039,9.45205,6.88994],"to":[3.9806,9.51652,7.01887],"rotation":{"angle":45.0,"axis":"z","origin":[3.90049,9.64545,7.53458]},"faces":{"north":{"uv":[13.0,1.0,14.0,2.0],"texture":"#o7"},"south":{"uv":[0.0,0.0,0.0,0.0],"texture":"#o7"},"east":{"uv":[13.0,1.0,14.0,2.0],"texture":"#o7"},"west":{"uv":[13.0,1.0,14.0,2.0],"texture":"#o7"},"up":{"uv":[13.0,1.0,14.0,2.0],"rotation":90,"texture":"#o7"},"down":{"uv":[13.0,1.0,14.0,2.0],"rotation":270,"texture":"#o7"}}},{"from":[3.82039,9.45205,6.88994],"to":[3.9806,9.51652,7.01887],"rotation":{"angle":0.0,"axis":"x","origin":[3.90049,9.64545,7.53458]},"faces":{"north":{"uv":[13.0,1.0,14.0,2.0],"texture":"#o7"},"south":{"uv":[0.0,0.0,0.0,0.0],"texture":"#o7"},"east":{"uv":[13.0,1.0,14.0,2.0],"texture":"#o7"},"west":{"uv":[13.0,1.0,14.0,2.0],"texture":"#o7"},"up":{"uv":[13.0,1.0,14.0,2.0],"rotation":90,"texture":"#o7"},"down":{"uv":[13.0,1.0,14.0,2.0],"rotation":270,"texture":"#o7"}}},{"from":[3.82039,9.77437,6.88994],"to":[3.9806,9.83884,7.01887],"rotation":{"angle":45.0,"axis":"z","origin":[3.90049,9.64545,7.53458]},"faces":{"north":{"uv":[13.0,1.0,14.0,2.0],"texture":"#o7"},"south":{"uv":[0.0,0.0,0.0,0.0],"texture":"#o7"},"east":{"uv":[13.0,1.0,14.0,2.0],"texture":"#o7"},"west":{"uv":[13.0,1.0,14.0,2.0],"texture":"#o7"},"up":{"uv":[13.0,1.0,14.0,2.0],"rotation":90,"texture":"#o7"},"down":{"uv":[13.0,1.0,14.0,2.0],"rotation":270,"texture":"#o7"}}},{"from":[3.82039,9.77437,6.88994],"to":[3.9806,9.83884,7.01887],"rotation":{"angle":0.0,"axis":"x","origin":[3.90049,9.64545,7.53458]},"faces":{"north":{"uv":[13.0,1.0,14.0,2.0],"texture":"#o7"},"south":{"uv":[0.0,0.0,0.0,0.0],"texture":"#o7"},"east":{"uv":[13.0,1.0,14.0,2.0],"texture":"#o7"},"west":{"uv":[13.0,1.0,14.0,2.0],"texture":"#o7"},"up":{"uv":[13.0,1.0,14.0,2.0],"rotation":90,"texture":"#o7"},"down":{"uv":[13.0,1.0,14.0,2.0],"rotation":270,"texture":"#o7"}}},{"from":[4.05081,11.52941,8.00916],"to":[4.05081,11.56545,8.04623],"rotation":{"angle":0.0,"axis":"z","origin":[3.41906,11.38353,7.96323]},"faces":{"north":{"uv":[0.0,0.0,0.0,0.0],"texture":"#o7"},"south":{"uv":[0.0,0.0,0.0,0.0],"texture":"#o7"},"east":{"uv":[0.0,0.0,0.0,0.0],"texture":"#o7"},"west":{"uv":[5.0,1.0,6.0,2.0],"texture":"#o7"},"up":{"uv":[0.0,0.0,0.0,0.0],"texture":"#o7"},"down":{"uv":[0.0,0.0,0.0,0.0],"texture":"#o7"}}},{"from":[24.3,7.49005,7.37],"to":[32.0,8.06995,7.77],"rotation":{"angle":45.0,"axis":"x","origin":[24.8,7.78,8.07]},"faces":{"north":{"uv":[0.0,1.0,0.25,1.25],"texture":"#o9"},"south":{"uv":[0.5,1.0,0.75,1.25],"texture":"#o9"},"east":{"uv":[0.0,1.0,0.25,1.25],"texture":"#o9"},"west":{"uv":[0.0,1.0,0.25,1.25],"texture":"#o9"},"up":{"uv":[0.0,1.0,0.25,1.25],"texture":"#o9"},"down":{"uv":[0.0,1.0,0.25,1.25],"texture":"#o9"}}},{"from":[24.3,7.49005,7.37],"to":[32.0,8.06995,7.77],"rotation":{"angle":0.0,"axis":"x","origin":[24.8,7.78,8.07]},"faces":{"north":{"uv":[0.0,1.0,0.25,1.25],"texture":"#o9"},"south":{"uv":[0.5,1.0,0.75,1.25],"texture":"#o9"},"east":{"uv":[0.0,1.0,0.25,1.25],"texture":"#o9"},"west":{"uv":[0.0,1.0,0.25,1.25],"texture":"#o9"},"up":{"uv":[0.0,1.0,0.25,1.25],"texture":"#o9"},"down":{"uv":[0.0,1.0,0.25,1.25],"texture":"#o9"}}},{"from":[24.3,7.49005,8.37],"to":[32.0,8.06995,8.77],"rotation":{"angle":45.0,"axis":"x","origin":[24.8,7.78,8.07]},"faces":{"north":{"uv":[0.5,1.0,0.75,1.25],"texture":"#o9"},"south":{"uv":[0.0,1.0,0.25,1.25],"texture":"#o9"},"east":{"uv":[0.0,1.0,0.25,1.25],"texture":"#o9"},"west":{"uv":[0.0,1.0,0.25,1.25],"texture":"#o9"},"up":{"uv":[0.0,1.0,0.25,1.25],"texture":"#o9"},"down":{"uv":[0.0,1.0,0.25,1.25],"texture":"#o9"}}},{"from":[24.3,7.49005,8.37],"to":[32.0,8.06995,8.77],"rotation":{"angle":0.0,"axis":"x","origin":[24.8,7.78,8.07]},"faces":{"north":{"uv":[0.5,1.0,0.75,1.25],"texture":"#o9"},"south":{"uv":[0.0,1.0,0.25,1.25],"texture":"#o9"},"east":{"uv":[0.0,1.0,0.25,1.25],"texture":"#o9"},"west":{"uv":[0.0,1.0,0.25,1.25],"texture":"#o9"},"up":{"uv":[0.0,1.0,0.25,1.25],"texture":"#o9"},"down":{"uv":[0.0,1.0,0.25,1.25],"texture":"#o9"}}},{"from":[24.3,7.08,7.78005],"to":[32.0,7.48,8.35995],"rotation":{"angle":45.0,"axis":"x","origin":[24.8,7.78,8.07]},"faces":{"north":{"uv":[0.0,1.0,0.25,1.25],"texture":"#o9"},"south":{"uv":[0.0,1.0,0.25,1.25],"texture":"#o9"},"east":{"uv":[0.0,1.0,0.25,1.25],"texture":"#o9"},"west":{"uv":[0.0,1.0,0.25,1.25],"texture":"#o9"},"up":{"uv":[0.5,1.0,0.75,1.25],"texture":"#o9"},"down":{"uv":[0.0,1.0,0.25,1.25],"texture":"#o9"}}},{"from":[24.3,7.08,7.78005],"to":[32.0,7.48,8.35995],"rotation":{"angle":0.0,"axis":"x","origin":[24.8,7.78,8.07]},"faces":{"north":{"uv":[0.0,1.0,0.25,1.25],"texture":"#o9"},"south":{"uv":[0.0,1.0,0.25,1.25],"texture":"#o9"},"east":{"uv":[0.0,1.0,0.25,1.25],"texture":"#o9"},"west":{"uv":[0.0,1.0,0.25,1.25],"texture":"#o9"},"up":{"uv":[0.5,1.0,0.75,1.25],"texture":"#o9"},"down":{"uv":[0.0,1.0,0.25,1.25],"texture":"#o9"}}},{"from":[24.3,8.08,7.78005],"to":[32.0,8.48,8.35995],"rotation":{"angle":45.0,"axis":"x","origin":[24.8,7.78,8.07]},"faces":{"north":{"uv":[0.0,1.0,0.25,1.25],"texture":"#o9"},"south":{"uv":[0.0,1.0,0.25,1.25],"texture":"#o9"},"east":{"uv":[0.0,1.0,0.25,1.25],"texture":"#o9"},"west":{"uv":[0.0,1.0,0.25,1.25],"texture":"#o9"},"up":{"uv":[0.0,1.0,0.25,1.25],"texture":"#o9"},"down":{"uv":[0.5,1.0,0.75,1.25],"texture":"#o9"}}},{"from":[24.3,8.08,7.78005],"to":[32.0,8.48,8.35995],"rotation":{"angle":0.0,"axis":"x","origin":[24.8,7.78,8.07]},"faces":{"north":{"uv":[0.0,1.0,0.25,1.25],"texture":"#o9"},"south":{"uv":[0.0,1.0,0.25,1.25],"texture":"#o9"},"east":{"uv":[0.0,1.0,0.25,1.25],"texture":"#o9"},"west":{"uv":[0.0,1.0,0.25,1.25],"texture":"#o9"},"up":{"uv":[0.0,1.0,0.25,1.25],"texture":"#o9"},"down":{"uv":[0.5,1.0,0.75,1.25],"texture":"#o9"}}},{"from":[1.12791,7.11437,9.16313],"to":[5.36791,7.92053,9.35929],"rotation":{"angle":0.0,"axis":"y","origin":[0.70791,7.01053,6.29952]},"faces":{"north":{"uv":[6.875,3.25,7.5,3.875],"texture":"#o8"},"south":{"uv":[6.875,3.25,7.5,3.875],"texture":"#o8"},"east":{"uv":[6.875,3.25,7.5,3.875],"texture":"#o8"},"west":{"uv":[6.875,3.25,7.5,3.875],"texture":"#o8"},"up":{"uv":[6.875,3.25,7.5,3.875],"texture":"#o8"},"down":{"uv":[6.875,3.25,7.5,3.875],"texture":"#o8"}}},{"from":[19.80791,7.39437,7.69313],"to":[24.50791,8.15053,8.43929],"rotation":{"angle":0.0,"axis":"y","origin":[7.40791,7.01053,6.29952]},"faces":{"north":{"uv":[12.375,0.125,13.0,0.75],"texture":"#o8"},"south":{"uv":[12.375,0.125,13.0,0.75],"texture":"#o8"},"east":{"uv":[12.375,0.125,13.0,0.75],"texture":"#o8"},"west":{"uv":[12.375,0.125,13.0,0.75],"texture":"#o8"},"up":{"uv":[12.375,0.125,13.0,0.75],"texture":"#o8"},"down":{"uv":[12.375,0.125,13.0,0.75],"texture":"#o8"}}},{"from":[19.80791,8.37437,7.88313],"to":[21.92791,8.73053,8.23929],"rotation":{"angle":0.0,"axis":"y","origin":[7.40791,7.59053,6.29952]},"faces":{"north":{"uv":[12.375,0.125,13.0,0.75],"texture":"#o8"},"south":{"uv":[12.375,0.125,13.0,0.75],"texture":"#o8"},"east":{"uv":[12.375,0.125,13.0,0.75],"texture":"#o8"},"west":{"uv":[12.375,0.125,13.0,0.75],"texture":"#o8"},"up":{"uv":[12.375,0.125,13.0,0.75],"texture":"#o8"},"down":{"uv":[12.375,0.125,13.0,0.75],"texture":"#o8"}}},{"from":[21.53791,9.69437,7.83313],"to":[21.92791,10.98053,8.28929],"rotation":{"angle":0.0,"axis":"y","origin":[7.76791,7.29053,6.29952]},"faces":{"north":{"uv":[5.375,5.125,6.0,5.75],"texture":"#o8"},"south":{"uv":[5.375,5.125,6.0,5.75],"texture":"#o8"},"east":{"uv":[5.375,5.125,6.0,5.75],"texture":"#o8"},"west":{"uv":[5.375,5.125,6.0,5.75],"texture":"#o8"},"up":{"uv":[5.375,5.125,6.0,5.75],"texture":"#o8"},"down":{"uv":[5.375,5.125,6.0,5.75],"texture":"#o8"}}},{"from":[21.38791,10.98053,7.83313],"to":[22.00791,11.20669,7.91929],"rotation":{"angle":0.0,"axis":"y","origin":[7.84791,8.57669,6.29952]},"faces":{"north":{"uv":[5.375,5.125,6.0,5.75],"texture":"#o8"},"south":{"uv":[5.375,5.125,6.0,5.75],"texture":"#o8"},"east":{"uv":[5.375,5.125,6.0,5.75],"texture":"#o8"},"west":{"uv":[5.375,5.125,6.0,5.75],"texture":"#o8"},"up":{"uv":[5.375,5.125,6.0,5.75],"texture":"#o8"},"down":{"uv":[5.375,5.125,6.0,5.75],"texture":"#o8"}}},{"from":[21.38791,10.98053,8.20313],"to":[22.00791,11.20669,8.28929],"rotation":{"angle":0.0,"axis":"y","origin":[7.84791,8.57669,6.66952]},"faces":{"north":{"uv":[5.375,5.125,6.0,5.75],"texture":"#o8"},"south":{"uv":[5.375,5.125,6.0,5.75],"texture":"#o8"},"east":{"uv":[5.375,5.125,6.0,5.75],"texture":"#o8"},"west":{"uv":[5.375,5.125,6.0,5.75],"texture":"#o8"},"up":{"uv":[5.375,5.125,6.0,5.75],"texture":"#o8"},"down":{"uv":[5.375,5.125,6.0,5.75],"texture":"#o8"}}},{"from":[21.72791,10.98053,8.02313],"to":[21.79791,11.09669,8.09929],"rotation":{"angle":0.0,"axis":"y","origin":[7.84791,8.57669,6.46952]},"faces":{"north":{"uv":[5.375,5.125,6.0,5.75],"texture":"#o8"},"south":{"uv":[5.375,5.125,6.0,5.75],"texture":"#o8"},"east":{"uv":[5.375,5.125,6.0,5.75],"texture":"#o8"},"west":{"uv":[5.375,5.125,6.0,5.75],"texture":"#o8"},"up":{"uv":[5.375,5.125,6.0,5.75],"texture":"#o8"},"down":{"uv":[5.375,5.125,6.0,5.75],"texture":"#o8"}}},{"from":[21.38791,10.38437,7.83313],"to":[21.53791,10.98053,8.28929],"rotation":{"angle":0.0,"axis":"y","origin":[7.37791,7.29053,6.29952]},"faces":{"north":{"uv":[5.375,5.125,6.0,5.75],"texture":"#o8"},"south":{"uv":[5.375,5.125,6.0,5.75],"texture":"#o8"},"up":{"uv":[5.375,5.125,6.0,5.75],"texture":"#o8"},"down":{"uv":[5.375,5.125,6.0,5.75],"texture":"#o8"}}},{"from":[20.99791,10.38437,7.83313],"to":[21.38791,10.58053,8.28929],"rotation":{"angle":0.0,"axis":"y","origin":[7.22791,7.29053,6.29952]},"faces":{"north":{"uv":[5.375,5.125,6.0,5.75],"texture":"#o8"},"south":{"uv":[5.375,5.125,6.0,5.75],"texture":"#o8"},"east":{"uv":[5.375,5.125,6.0,5.75],"texture":"#o8"},"west":{"uv":[5.375,5.125,6.0,5.75],"texture":"#o8"},"up":{"uv":[5.375,5.125,6.0,5.75],"texture":"#o8"},"down":{"uv":[5.375,5.125,6.0,5.75],"texture":"#o8"}}},{"from":[21.18791,10.58053,7.83313],"to":[21.38791,10.77669,8.28929],"rotation":{"angle":0.0,"axis":"y","origin":[7.22791,7.48669,6.29952]},"faces":{"north":{"uv":[5.375,5.125,6.0,5.75],"texture":"#o8"},"south":{"uv":[5.375,5.125,6.0,5.75],"texture":"#o8"}}},{"from":[21.15517,7.41864,7.83313],"to":[21.30517,11.0148,8.28929],"rotation":{"angle":-45.0,"axis":"z","origin":[21.23017,10.71672,8.06121]},"faces":{"north":{"uv":[5.375,5.125,6.0,5.75],"texture":"#o8"},"south":{"uv":[5.375,5.125,6.0,5.75],"texture":"#o8"},"east":{"uv":[5.375,5.125,6.0,5.75],"texture":"#o8"},"west":{"uv":[5.375,5.125,6.0,5.75],"texture":"#o8"},"up":{"uv":[5.375,5.125,6.0,5.75],"texture":"#o8"},"down":{"uv":[5.375,5.125,6.0,5.75],"texture":"#o8"}}},{"from":[21.92791,8.07437,7.83313],"to":[22.00791,10.98053,8.28929],"rotation":{"angle":0.0,"axis":"y","origin":[7.84791,7.29053,6.29952]},"faces":{"north":{"uv":[5.375,5.125,6.0,5.75],"texture":"#o8"},"south":{"uv":[5.375,5.125,6.0,5.75],"texture":"#o8"},"east":{"uv":[5.375,5.125,6.0,5.75],"texture":"#o8"},"west":{"uv":[5.375,5.125,6.0,5.75],"texture":"#o8"},"up":{"uv":[5.375,5.125,6.0,5.75],"texture":"#o8"},"down":{"uv":[5.375,5.125,6.0,5.75],"texture":"#o8"}}},{"from":[5.36791,7.51437,6.96313],"to":[6.30791,9.07053,9.15929],"rotation":{"angle":0.0,"axis":"y","origin":[0.70791,7.01053,6.29952]},"faces":{"north":{"uv":[5.125,5.125,5.75,5.76732],"texture":"#o8"},"south":{"uv":[5.125,5.125,5.75,5.76732],"texture":"#o8"},"east":{"uv":[5.125,5.125,5.75,5.76732],"texture":"#o8"},"west":{"uv":[5.125,5.125,5.75,5.76732],"texture":"#o8"},"up":{"uv":[5.125,5.125,5.75,5.76732],"texture":"#o8"},"down":{"uv":[5.125,5.125,5.75,5.76732],"texture":"#o8"}}},{"from":[1.12791,7.51437,6.96313],"to":[5.36791,9.07053,8.15929],"rotation":{"angle":0.0,"axis":"y","origin":[0.70791,7.01053,6.29952]},"faces":{"north":{"uv":[4.625,4.5,5.625,5.5],"texture":"#o8"},"south":{"uv":[6.875,3.25,7.5,3.875],"texture":"#o8"},"up":{"uv":[5.125,5.125,5.73,5.64232],"texture":"#o8"},"down":{"uv":[5.125,5.125,5.605,5.64232],"texture":"#o8"}}},{"from":[-5.03209,7.51437,6.96313],"to":[1.12791,9.07053,9.15929],"rotation":{"angle":0.0,"axis":"y","origin":[0.70791,7.01053,6.29952]},"faces":{"north":{"uv":[4.625,4.5,5.625,5.5],"texture":"#o8"},"south":{"uv":[5.125,5.0,5.695,5.61232],"texture":"#o8"},"east":{"uv":[5.125,5.0,5.695,5.61232],"texture":"#o8"},"west":{"uv":[5.0,5.125,5.76732,5.86232],"texture":"#o8"},"up":{"uv":[5.25,5.0,5.82,5.64232],"texture":"#o8"},"down":{"uv":[5.25,5.125,5.695,5.64232],"texture":"#o8"}}},{"from":[-5.03209,6.71437,7.12313],"to":[6.31791,7.52053,8.99929],"rotation":{"angle":0.0,"axis":"y","origin":[0.70791,7.01053,6.29952]},"faces":{"north":{"uv":[4.5,2.0,10.125,2.375],"texture":"#o8"},"south":{"uv":[10.125,2.0,4.5,2.375],"texture":"#o8"},"east":{"uv":[6.0,0.5,7.0,0.875],"texture":"#o8"},"west":{"uv":[1.0,6.0,2.0,6.375],"texture":"#o8"},"up":{"uv":[6.875,3.25,7.5,3.875],"texture":"#o8"},"down":{"uv":[5.5,5.25,5.0,5.75],"texture":"#o8"}}},{"from":[-3.51209,5.60437,7.12313],"to":[5.30791,6.72053,8.99929],"rotation":{"angle":0.0,"axis":"y","origin":[0.70791,7.01053,6.29952]},"faces":{"north":{"uv":[0.0,4.0,4.375,4.5],"texture":"#o8"},"south":{"uv":[4.375,4.0,0.0,4.5],"texture":"#o8"},"east":{"uv":[0.0,6.0,1.0,6.5],"texture":"#o8"},"west":{"uv":[4.625,4.5,5.625,5.5],"texture":"#o8"},"up":{"uv":[4.375,3.0,0.0,2.0],"texture":"#o8"},"down":{"uv":[4.375,3.0,0.0,4.0],"texture":"#o8"}}},{"from":[1.27791,3.88821,7.12313],"to":[5.30791,5.60437,8.99929],"rotation":{"angle":0.0,"axis":"y","origin":[0.72791,7.09437,6.29952]},"faces":{"north":{"uv":[0.0,5.0,2.0,5.875],"texture":"#o8"},"south":{"uv":[2.0,5.0,0.0,5.875],"texture":"#o8"},"east":{"uv":[4.0,5.0,5.0,5.875],"texture":"#o8"},"west":{"uv":[5.0,5.0,6.0,5.875],"texture":"#o8"},"down":{"uv":[6.5,4.0,4.5,5.0],"texture":"#o8"}}},{"from":[-2.60209,-0.27179,7.02313],"to":[-0.77209,4.79821,9.09929],"rotation":{"angle":-22.5,"axis":"z","origin":[0.82791,7.09437,6.29952]},"faces":{"north":{"uv":[12.125,0.0,13.125,1.0],"texture":"#o8"},"south":{"uv":[12.125,0.0,13.125,1.0],"texture":"#o8"},"east":{"uv":[12.125,0.0,13.125,1.0],"texture":"#o8"},"west":{"uv":[12.125,0.0,13.125,1.0],"texture":"#o8"},"up":{"uv":[12.125,0.0,13.125,1.0],"texture":"#o8"},"down":{"uv":[12.125,0.0,13.125,1.0],"texture":"#o8"}}},{"from":[-0.61209,5.18821,7.82313],"to":[-0.43209,5.68821,8.29929],"rotation":{"angle":-22.5,"axis":"z","origin":[-0.62209,5.58821,8.06121]},"faces":{"north":{"uv":[4.625,4.5,5.625,5.5],"texture":"#o8"},"south":{"uv":[4.625,4.5,5.625,5.5],"texture":"#o8"},"east":{"uv":[4.625,4.5,5.625,5.5],"texture":"#o8"},"west":{"uv":[4.625,4.5,5.625,5.5],"texture":"#o8"}}},{"from":[-0.76592,4.35483,7.82313],"to":[-0.58592,5.21483,8.29929],"rotation":{"angle":0.0,"axis":"z","origin":[-0.67592,5.25483,8.06121]},"faces":{"north":{"uv":[4.625,4.5,5.625,5.5],"texture":"#o8"},"south":{"uv":[4.625,4.5,5.625,5.5],"texture":"#o8"},"east":{"uv":[4.625,4.5,5.625,5.5],"texture":"#o8"},"west":{"uv":[4.625,4.5,5.625,5.5],"texture":"#o8"},"down":{"uv":[4.625,4.5,5.625,5.5],"texture":"#o8"}}},{"from":[-1.57209,3.88821,7.12313],"to":[1.27791,4.08821,8.99929],"rotation":{"angle":0.0,"axis":"y","origin":[0.82791,7.09437,6.29952]},"faces":{"north":{"uv":[4.625,4.5,5.625,5.5],"texture":"#o8"},"south":{"uv":[4.625,4.5,5.625,5.5],"texture":"#o8"},"up":{"uv":[4.625,4.5,5.625,5.5],"texture":"#o8"},"down":{"uv":[4.625,4.5,5.625,5.5],"texture":"#o8"}}},{"from":[-1.57209,4.08821,7.12313],"to":[-1.35209,5.60821,8.99929],"rotation":{"angle":0.0,"axis":"y","origin":[0.82791,7.09437,6.29952]},"faces":{"north":{"uv":[4.625,4.5,5.625,5.5],"texture":"#o8"},"south":{"uv":[4.625,4.5,5.625,5.5],"texture":"#o8"},"east":{"uv":[4.625,4.5,5.625,5.5],"texture":"#o8"}}},{"from":[-2.249,3.86529,7.02313],"to":[-1.529,5.58529,9.09929],"rotation":{"angle":0.0,"axis":"y","origin":[0.851,7.07145,6.29952]},"faces":{"north":{"uv":[12.125,0.0,13.125,1.0],"texture":"#o8"},"south":{"uv":[12.125,0.0,13.125,1.0],"texture":"#o8"},"east":{"uv":[12.125,0.0,13.125,1.0],"texture":"#o8"},"down":{"uv":[12.125,0.0,13.125,1.0],"texture":"#o8"}}},{"from":[-3.549,5.46529,7.02313],"to":[-3.2197,6.2856,9.09929],"rotation":{"angle":0.0,"axis":"y","origin":[0.851,7.07145,6.29952]},"faces":{"north":{"uv":[12.125,0.0,13.125,1.0],"texture":"#o8"},"south":{"uv":[12.125,0.0,13.125,1.0],"texture":"#o8"},"west":{"uv":[12.125,0.0,13.125,1.0],"texture":"#o8"},"up":{"uv":[12.125,0.0,13.125,1.0],"texture":"#o8"}}},{"from":[-15.51209,6.71437,7.12313],"to":[-5.03209,9.07053,8.99929],"rotation":{"angle":0.0,"axis":"y","origin":[0.84791,7.01053,6.29952]},"faces":{"north":{"uv":[4.625,4.5,5.625,5.5],"texture":"#o8"},"south":{"uv":[4.625,4.5,5.625,5.5],"texture":"#o8"},"west":{"uv":[4.625,4.5,5.625,5.5],"texture":"#o8"},"up":{"uv":[4.625,4.5,5.625,5.5],"texture":"#o8"}}},{"from":[-15.51209,2.52437,7.12313],"to":[-15.09209,6.71437,8.99929],"rotation":{"angle":0.0,"axis":"y","origin":[0.84791,7.01053,6.29952]},"faces":{"north":{"uv":[4.625,4.5,5.625,5.5],"texture":"#o8"},"south":{"uv":[4.625,4.5,5.625,5.5],"texture":"#o8"},"west":{"uv":[4.625,4.5,5.625,5.5],"texture":"#o8"},"down":{"uv":[4.625,4.5,5.625,5.5],"texture":"#o8"}}},{"from":[-15.96837,4.61193,7.12313],"to":[-5.0428,5.59193,8.98929],"rotation":{"angle":22.5,"axis":"z","origin":[-10.3278,5.79596,8.06121]},"faces":{"north":{"uv":[4.625,4.5,5.625,5.5],"texture":"#o8"},"south":{"uv":[4.625,4.5,5.625,5.5],"texture":"#o8"},"down":{"uv":[4.625,4.5,5.625,5.5],"texture":"#o8"}}},{"from":[-15.49591,5.61629,7.12313],"to":[-7.30034,6.56629,8.98929],"rotation":{"angle":22.5,"axis":"z","origin":[-10.20534,5.50032,8.06121]},"faces":{"north":{"uv":[4.625,4.5,5.625,5.5],"texture":"#o8"},"south":{"uv":[4.625,4.5,5.625,5.5],"texture":"#o8"}}},{"from":[-15.10591,6.56629,7.12313],"to":[-9.59034,7.50629,8.98929],"rotation":{"angle":22.5,"axis":"z","origin":[-10.20534,5.50032,8.06121]},"faces":{"north":{"uv":[4.625,4.5,5.625,5.5],"texture":"#o8"},"south":{"uv":[4.625,4.5,5.625,5.5],"texture":"#o8"}}},{"from":[-14.67591,7.50629,7.12313],"to":[-11.87034,8.51629,8.98929],"rotation":{"angle":22.5,"axis":"z","origin":[-10.20534,5.50032,8.06121]},"faces":{"north":{"uv":[4.625,4.5,5.625,5.5],"texture":"#o8"},"south":{"uv":[4.625,4.5,5.625,5.5],"texture":"#o8"}}},{"from":[-3.26209,9.07053,7.35313],"to":[-2.70209,9.45669,8.77929],"rotation":{"angle":0.0,"axis":"y","origin":[0.78791,6.67669,6.29952]},"faces":{"north":{"uv":[12.125,0.0,13.125,1.0],"texture":"#o8"},"south":{"uv":[12.125,0.0,13.125,1.0],"texture":"#o8"},"east":{"uv":[12.125,0.0,13.125,1.0],"texture":"#o8"},"west":{"uv":[12.125,0.0,13.125,1.0],"texture":"#o8"},"up":{"uv":[12.125,0.0,13.125,1.0],"texture":"#o8"},"down":{"uv":[12.125,0.0,13.125,1.0],"texture":"#o8"}}},{"from":[-2.66209,9.07053,7.35313],"to":[6.09791,9.45669,8.77929],"rotation":{"angle":0.0,"axis":"y","origin":[1.58791,6.67669,6.29952]},"faces":{"north":{"uv":[0.0,6.625,1.0,7.625],"texture":"#o8"},"south":{"uv":[0.0,6.625,1.0,7.625],"texture":"#o8"},"east":{"uv":[0.0,6.625,1.0,7.625],"texture":"#o8"},"west":{"uv":[0.0,6.625,1.0,7.625],"texture":"#o8"},"up":{"uv":[0.0,6.625,1.0,7.625],"texture":"#o8"},"down":{"uv":[0.0,6.625,1.0,7.625],"texture":"#o8"}}},{"from":[5.19791,9.45669,7.35313],"to":[6.09791,9.80669,8.77933],"rotation":{"angle":0.0,"axis":"y","origin":[2.61,7.06285,6.29952]},"faces":{"north":{"uv":[0.0,6.625,1.0,7.625],"texture":"#o8"},"south":{"uv":[0.0,6.625,1.0,7.625],"texture":"#o8"},"east":{"uv":[0.0,6.625,1.0,7.625],"texture":"#o8"},"west":{"uv":[0.0,6.625,1.0,7.625],"texture":"#o8"},"up":{"uv":[0.0,6.625,1.0,7.625],"texture":"#o8"},"down":{"uv":[0.0,6.625,1.0,7.625],"texture":"#o8"}}},{"from":[5.19791,9.10622,7.43825],"to":[6.09791,9.35371,7.68574],"rotation":{"angle":-45.0,"axis":"x","origin":[5.64791,9.17871,6.97264]},"faces":{"north":{"uv":[0.0,6.625,1.0,7.625],"texture":"#o8"},"south":{"uv":[0.0,6.625,1.0,7.625],"texture":"#o8"},"east":{"uv":[0.0,6.625,1.0,7.625],"texture":"#o8"},"west":{"uv":[0.0,6.625,1.0,7.625],"texture":"#o8"},"up":{"uv":[0.0,6.625,1.0,7.625],"texture":"#o8"},"down":{"uv":[0.0,6.625,1.0,7.625],"texture":"#o8"}}},{"from":[3.39791,9.10622,7.43825],"to":[4.29791,9.35371,7.68574],"rotation":{"angle":-45.0,"axis":"x","origin":[5.64791,9.17871,6.97264]},"faces":{"north":{"uv":[0.0,6.625,1.0,7.625],"texture":"#o8"},"south":{"uv":[0.0,6.625,1.0,7.625],"texture":"#o8"},"east":{"uv":[0.0,6.625,1.0,7.625],"texture":"#o8"},"west":{"uv":[0.0,6.625,1.0,7.625],"texture":"#o8"},"up":{"uv":[0.0,6.625,1.0,7.625],"texture":"#o8"},"down":{"uv":[0.0,6.625,1.0,7.625],"texture":"#o8"}}},{"from":[-0.20209,9.10622,7.43825],"to":[0.69791,9.35371,7.68574],"rotation":{"angle":-45.0,"axis":"x","origin":[5.64791,9.17871,6.97264]},"faces":{"north":{"uv":[0.0,6.625,1.0,7.625],"texture":"#o8"},"south":{"uv":[0.0,6.625,1.0,7.625],"texture":"#o8"},"east":{"uv":[0.0,6.625,1.0,7.625],"texture":"#o8"},"west":{"uv":[0.0,6.625,1.0,7.625],"texture":"#o8"},"up":{"uv":[0.0,6.625,1.0,7.625],"texture":"#o8"},"down":{"uv":[0.0,6.625,1.0,7.625],"texture":"#o8"}}},{"from":[-2.00209,9.10622,7.43825],"to":[-1.10209,9.35371,7.68574],"rotation":{"angle":-45.0,"axis":"x","origin":[5.64791,9.17871,6.97264]},"faces":{"north":{"uv":[0.0,6.625,1.0,7.625],"texture":"#o8"},"south":{"uv":[0.0,6.625,1.0,7.625],"texture":"#o8"},"east":{"uv":[0.0,6.625,1.0,7.625],"texture":"#o8"},"west":{"uv":[0.0,6.625,1.0,7.625],"texture":"#o8"},"up":{"uv":[0.0,6.625,1.0,7.625],"texture":"#o8"},"down":{"uv":[0.0,6.625,1.0,7.625],"texture":"#o8"}}},{"from":[1.59791,9.10622,7.43825],"to":[2.49791,9.35371,7.68574],"rotation":{"angle":-45.0,"axis":"x","origin":[5.64791,9.17871,6.97264]},"faces":{"north":{"uv":[0.0,6.625,1.0,7.625],"texture":"#o8"},"south":{"uv":[0.0,6.625,1.0,7.625],"texture":"#o8"},"east":{"uv":[0.0,6.625,1.0,7.625],"texture":"#o8"},"west":{"uv":[0.0,6.625,1.0,7.625],"texture":"#o8"},"up":{"uv":[0.0,6.625,1.0,7.625],"texture":"#o8"},"down":{"uv":[0.0,6.625,1.0,7.625],"texture":"#o8"}}},{"from":[-2.00209,9.10622,8.86445],"to":[-1.10209,9.35371,9.11194],"rotation":{"angle":-45.0,"axis":"x","origin":[5.64791,9.17871,8.39884]},"faces":{"north":{"uv":[0.0,6.625,1.0,7.625],"texture":"#o8"},"south":{"uv":[0.0,6.625,1.0,7.625],"texture":"#o8"},"east":{"uv":[0.0,6.625,1.0,7.625],"texture":"#o8"},"west":{"uv":[0.0,6.625,1.0,7.625],"texture":"#o8"},"up":{"uv":[0.0,6.625,1.0,7.625],"texture":"#o8"},"down":{"uv":[0.0,6.625,1.0,7.625],"texture":"#o8"}}},{"from":[-0.20209,9.10622,8.86445],"to":[0.69791,9.35371,9.11194],"rotation":{"angle":-45.0,"axis":"x","origin":[5.64791,9.17871,8.39884]},"faces":{"north":{"uv":[0.0,6.625,1.0,7.625],"texture":"#o8"},"south":{"uv":[0.0,6.625,1.0,7.625],"texture":"#o8"},"east":{"uv":[0.0,6.625,1.0,7.625],"texture":"#o8"},"west":{"uv":[0.0,6.625,1.0,7.625],"texture":"#o8"},"up":{"uv":[0.0,6.625,1.0,7.625],"texture":"#o8"},"down":{"uv":[0.0,6.625,1.0,7.625],"texture":"#o8"}}},{"from":[1.59791,9.10622,8.86445],"to":[2.49791,9.35371,9.11194],"rotation":{"angle":-45.0,"axis":"x","origin":[5.64791,9.17871,8.39884]},"faces":{"north":{"uv":[0.0,6.625,1.0,7.625],"texture":"#o8"},"south":{"uv":[0.0,6.625,1.0,7.625],"texture":"#o8"},"east":{"uv":[0.0,6.625,1.0,7.625],"texture":"#o8"},"west":{"uv":[0.0,6.625,1.0,7.625],"texture":"#o8"},"up":{"uv":[0.0,6.625,1.0,7.625],"texture":"#o8"},"down":{"uv":[0.0,6.625,1.0,7.625],"texture":"#o8"}}},{"from":[3.39791,9.10622,8.86445],"to":[4.29791,9.35371,9.11194],"rotation":{"angle":-45.0,"axis":"x","origin":[5.64791,9.17871,8.39884]},"faces":{"north":{"uv":[0.0,6.625,1.0,7.625],"texture":"#o8"},"south":{"uv":[0.0,6.625,1.0,7.625],"texture":"#o8"},"east":{"uv":[0.0,6.625,1.0,7.625],"texture":"#o8"},"west":{"uv":[0.0,6.625,1.0,7.625],"texture":"#o8"},"up":{"uv":[0.0,6.625,1.0,7.625],"texture":"#o8"},"down":{"uv":[0.0,6.625,1.0,7.625],"texture":"#o8"}}},{"from":[5.19791,9.10622,8.86445],"to":[6.09791,9.35371,9.11194],"rotation":{"angle":-45.0,"axis":"x","origin":[5.64791,9.17871,8.39884]},"faces":{"north":{"uv":[0.0,6.625,1.0,7.625],"texture":"#o8"},"south":{"uv":[0.0,6.625,1.0,7.625],"texture":"#o8"},"east":{"uv":[0.0,6.625,1.0,7.625],"texture":"#o8"},"west":{"uv":[0.0,6.625,1.0,7.625],"texture":"#o8"},"up":{"uv":[0.0,6.625,1.0,7.625],"texture":"#o8"},"down":{"uv":[0.0,6.625,1.0,7.625],"texture":"#o8"}}},{"from":[3.39791,9.45669,7.35313],"to":[4.29791,9.80669,8.77933],"rotation":{"angle":0.0,"axis":"y","origin":[0.81,7.06285,6.29952]},"faces":{"north":{"uv":[0.0,6.625,1.0,7.625],"texture":"#o8"},"south":{"uv":[0.0,6.625,1.0,7.625],"texture":"#o8"},"east":{"uv":[0.0,6.625,1.0,7.625],"texture":"#o8"},"west":{"uv":[0.0,6.625,1.0,7.625],"texture":"#o8"},"up":{"uv":[0.0,6.625,1.0,7.625],"texture":"#o8"},"down":{"uv":[0.0,6.625,1.0,7.625],"texture":"#o8"}}},{"from":[1.59791,9.45669,7.35313],"to":[2.49791,9.80669,8.77933],"rotation":{"angle":0.0,"axis":"y","origin":[-0.99,7.06285,6.29952]},"faces":{"north":{"uv":[0.0,6.625,1.0,7.625],"texture":"#o8"},"south":{"uv":[0.0,6.625,1.0,7.625],"texture":"#o8"},"east":{"uv":[0.0,6.625,1.0,7.625],"texture":"#o8"},"west":{"uv":[0.0,6.625,1.0,7.625],"texture":"#o8"},"up":{"uv":[0.0,6.625,1.0,7.625],"texture":"#o8"},"down":{"uv":[0.0,6.625,1.0,7.625],"texture":"#o8"}}},{"from":[-0.20209,9.45669,7.35313],"to":[0.69791,9.80669,8.77933],"rotation":{"angle":0.0,"axis":"y","origin":[-2.79,7.06285,6.29952]},"faces":{"north":{"uv":[0.0,6.625,1.0,7.625],"texture":"#o8"},"south":{"uv":[0.0,6.625,1.0,7.625],"texture":"#o8"},"east":{"uv":[0.0,6.625,1.0,7.625],"texture":"#o8"},"west":{"uv":[0.0,6.625,1.0,7.625],"texture":"#o8"},"up":{"uv":[0.0,6.625,1.0,7.625],"texture":"#o8"},"down":{"uv":[0.0,6.625,1.0,7.625],"texture":"#o8"}}},{"from":[-2.00209,9.45669,7.35313],"to":[-1.10209,9.80669,8.77933],"rotation":{"angle":0.0,"axis":"y","origin":[-4.59,7.06285,6.29952]},"faces":{"north":{"uv":[0.0,6.625,1.0,7.625],"texture":"#o8"},"south":{"uv":[0.0,6.625,1.0,7.625],"texture":"#o8"},"east":{"uv":[0.0,6.625,1.0,7.625],"texture":"#o8"},"west":{"uv":[0.0,6.625,1.0,7.625],"texture":"#o8"},"up":{"uv":[0.0,6.625,1.0,7.625],"texture":"#o8"},"down":{"uv":[0.0,6.625,1.0,7.625],"texture":"#o8"}}},{"from":[8.33791,6.34331,7.55313],"to":[17.09791,6.82947,8.77929],"rotation":{"angle":0.0,"axis":"y","origin":[1.58791,9.32331,6.29952]},"faces":{"north":{"uv":[0.0,7.625,1.0,6.625],"texture":"#o8"},"south":{"uv":[0.0,7.625,1.0,6.625],"texture":"#o8"},"east":{"uv":[0.0,7.625,1.0,6.625],"texture":"#o8"},"west":{"uv":[0.0,7.625,1.0,6.625],"texture":"#o8"},"up":{"uv":[0.0,7.625,1.0,6.625],"texture":"#o8"},"down":{"uv":[0.0,7.625,1.0,6.625],"texture":"#o8"}}},{"from":[16.19791,5.99331,7.55313],"to":[17.09791,6.34331,8.77933],"rotation":{"angle":0.0,"axis":"y","origin":[2.61,8.93715,6.29952]},"faces":{"north":{"uv":[0.0,7.625,1.0,6.625],"texture":"#o8"},"south":{"uv":[0.0,7.625,1.0,6.625],"texture":"#o8"},"east":{"uv":[0.0,7.625,1.0,6.625],"texture":"#o8"},"west":{"uv":[0.0,7.625,1.0,6.625],"texture":"#o8"},"up":{"uv":[0.0,7.625,1.0,6.625],"texture":"#o8"},"down":{"uv":[0.0,7.625,1.0,6.625],"texture":"#o8"}}},{"from":[14.39791,5.99331,7.55313],"to":[15.29791,6.34331,8.77933],"rotation":{"angle":0.0,"axis":"y","origin":[0.81,8.93715,6.29952]},"faces":{"north":{"uv":[0.0,7.625,1.0,6.625],"texture":"#o8"},"south":{"uv":[0.0,7.625,1.0,6.625],"texture":"#o8"},"east":{"uv":[0.0,7.625,1.0,6.625],"texture":"#o8"},"west":{"uv":[0.0,7.625,1.0,6.625],"texture":"#o8"},"up":{"uv":[0.0,7.625,1.0,6.625],"texture":"#o8"},"down":{"uv":[0.0,7.625,1.0,6.625],"texture":"#o8"}}},{"from":[12.59791,5.99331,7.55313],"to":[13.49791,6.34331,8.77933],"rotation":{"angle":0.0,"axis":"y","origin":[-0.99,8.93715,6.29952]},"faces":{"north":{"uv":[0.0,7.625,1.0,6.625],"texture":"#o8"},"south":{"uv":[0.0,7.625,1.0,6.625],"texture":"#o8"},"east":{"uv":[0.0,7.625,1.0,6.625],"texture":"#o8"},"west":{"uv":[0.0,7.625,1.0,6.625],"texture":"#o8"},"up":{"uv":[0.0,7.625,1.0,6.625],"texture":"#o8"},"down":{"uv":[0.0,7.625,1.0,6.625],"texture":"#o8"}}},{"from":[10.79791,5.99331,7.55313],"to":[11.69791,6.34331,8.77933],"rotation":{"angle":0.0,"axis":"y","origin":[-2.79,8.93715,6.29952]},"faces":{"north":{"uv":[0.0,7.625,1.0,6.625],"texture":"#o8"},"south":{"uv":[0.0,7.625,1.0,6.625],"texture":"#o8"},"east":{"uv":[0.0,7.625,1.0,6.625],"texture":"#o8"},"west":{"uv":[0.0,7.625,1.0,6.625],"texture":"#o8"},"up":{"uv":[0.0,7.625,1.0,6.625],"texture":"#o8"},"down":{"uv":[0.0,7.625,1.0,6.625],"texture":"#o8"}}},{"from":[8.99791,5.99331,7.55313],"to":[9.89791,6.34331,8.77933],"rotation":{"angle":0.0,"axis":"y","origin":[-4.59,8.93715,6.29952]},"faces":{"north":{"uv":[0.0,7.625,1.0,6.625],"texture":"#o8"},"south":{"uv":[0.0,7.625,1.0,6.625],"texture":"#o8"},"east":{"uv":[0.0,7.625,1.0,6.625],"texture":"#o8"},"west":{"uv":[0.0,7.625,1.0,6.625],"texture":"#o8"},"up":{"uv":[0.0,7.625,1.0,6.625],"texture":"#o8"},"down":{"uv":[0.0,7.625,1.0,6.625],"texture":"#o8"}}},{"from":[-4.02209,9.07053,6.85313],"to":[-3.26209,9.45669,9.26929],"rotation":{"angle":0.0,"axis":"y","origin":[0.70791,6.67669,6.29952]},"faces":{"north":{"uv":[12.125,0.0,13.125,1.0],"texture":"#o8"},"south":{"uv":[12.125,0.0,13.125,1.0],"texture":"#o8"},"east":{"uv":[12.125,0.0,13.125,1.0],"texture":"#o8"},"west":{"uv":[12.125,0.0,13.125,1.0],"texture":"#o8"},"up":{"uv":[12.125,0.0,13.125,1.0],"texture":"#o8"},"down":{"uv":[12.125,0.0,13.125,1.0],"texture":"#o8"}}},{"from":[1.12791,8.71437,8.16313],"to":[5.36791,9.07053,9.15929],"rotation":{"angle":0.0,"axis":"y","origin":[0.70791,7.01053,6.29952]},"faces":{"north":{"uv":[5.125,5.0,5.695,5.61232],"texture":"#o8"},"south":{"uv":[5.125,5.0,5.695,5.61232],"texture":"#o8"},"east":{"uv":[5.125,5.0,5.695,5.61232],"texture":"#o8"},"west":{"uv":[5.125,5.0,5.695,5.61232],"texture":"#o8"},"up":{"uv":[5.125,5.0,5.695,5.61232],"texture":"#o8"},"down":{"uv":[5.125,5.0,5.695,5.61232],"texture":"#o8"}}},{"from":[1.12791,7.51437,8.56313],"to":[5.36791,7.92053,9.15929],"rotation":{"angle":0.0,"axis":"y","origin":[0.70791,7.01053,6.29952]},"faces":{"north":{"uv":[6.875,3.25,7.5,3.875],"texture":"#o8"},"south":{"uv":[6.875,3.25,7.5,3.875],"texture":"#o8"},"east":{"uv":[6.875,3.25,7.5,3.875],"texture":"#o8"},"west":{"uv":[6.875,3.25,7.5,3.875],"texture":"#o8"},"up":{"uv":[6.875,3.25,7.5,3.875],"texture":"#o8"},"down":{"uv":[6.875,3.25,7.5,3.875],"texture":"#o8"}}},{"from":[13.0,7.42365,6.95],"to":[19.8,8.37635,9.25],"rotation":{"angle":45.0,"axis":"x","origin":[13.5,7.9,8.1]},"faces":{"north":{"uv":[6.875,3.375,7.375,3.875],"texture":"#o8"},"south":{"uv":[6.875,3.375,7.375,3.875],"texture":"#o8"},"east":{"uv":[6.875,3.375,7.375,3.875],"texture":"#o8"}}},{"from":[13.0,7.42365,6.95],"to":[19.8,8.37635,9.25],"rotation":{"angle":0.0,"axis":"x","origin":[13.5,7.9,8.1]},"faces":{"north":{"uv":[6.875,3.375,7.375,3.875],"texture":"#o8"},"south":{"uv":[6.875,3.375,7.375,3.875],"texture":"#o8"},"east":{"uv":[6.875,3.375,7.375,3.875],"texture":"#o8"}}},{"from":[13.0,6.75,7.62365],"to":[19.8,9.05,8.57635],"rotation":{"angle":45.0,"axis":"x","origin":[13.5,7.9,8.1]},"faces":{"east":{"uv":[6.875,3.375,7.375,3.875],"texture":"#o8"},"up":{"uv":[6.875,3.375,7.375,3.875],"texture":"#o8"},"down":{"uv":[6.875,3.375,7.375,3.875],"texture":"#o8"}}},{"from":[13.0,6.75,7.62365],"to":[19.8,9.05,8.57635],"rotation":{"angle":0.0,"axis":"x","origin":[13.5,7.9,8.1]},"faces":{"east":{"uv":[6.875,3.375,7.375,3.875],"texture":"#o8"},"up":{"uv":[6.875,3.375,7.375,3.875],"texture":"#o8"},"down":{"uv":[6.875,3.375,7.375,3.875],"texture":"#o8"}}},{"from":[6.3,7.38081,6.75],"to":[13.0,8.49919,9.45],"rotation":{"angle":45.0,"axis":"x","origin":[9.2,7.94,8.1]},"faces":{"north":{"uv":[6.875,3.375,7.375,3.875],"texture":"#o8"},"south":{"uv":[6.875,3.375,7.375,3.875],"texture":"#o8"},"east":{"uv":[6.875,3.375,7.375,3.875],"texture":"#o8"},"west":{"uv":[6.875,3.375,7.375,3.875],"texture":"#o8"}}},{"from":[6.3,7.38081,6.75],"to":[13.0,8.49919,9.45],"rotation":{"angle":0.0,"axis":"x","origin":[9.2,7.94,8.1]},"faces":{"north":{"uv":[6.875,3.375,7.375,3.875],"texture":"#o8"},"south":{"uv":[6.875,3.375,7.375,3.875],"texture":"#o8"},"east":{"uv":[6.875,3.375,7.375,3.875],"texture":"#o8"},"west":{"uv":[6.875,3.375,7.375,3.875],"texture":"#o8"}}},{"from":[6.3,6.59,7.54081],"to":[13.0,9.29,8.65919],"rotation":{"angle":45.0,"axis":"x","origin":[9.2,7.94,8.1]},"faces":{"east":{"uv":[6.875,3.375,7.375,3.875],"texture":"#o8"},"west":{"uv":[6.875,3.375,7.375,3.875],"texture":"#o8"},"up":{"uv":[6.875,3.375,7.375,3.875],"texture":"#o8"},"down":{"uv":[6.875,3.375,7.375,3.875],"texture":"#o8"}}},{"from":[6.3,6.59,7.54081],"to":[13.0,9.29,8.65919],"rotation":{"angle":0.0,"axis":"x","origin":[9.2,7.94,8.1]},"faces":{"east":{"uv":[6.875,3.375,7.375,3.875],"texture":"#o8"},"west":{"uv":[6.875,3.375,7.375,3.875],"texture":"#o8"},"up":{"uv":[6.875,3.375,7.375,3.875],"texture":"#o8"},"down":{"uv":[6.875,3.375,7.375,3.875],"texture":"#o8"}}},{"from":[-16.0,-16.0,-15.99],"to":[32.0,32.0,-15.99],"faces":{"north":{"uv":[0.0,0.0,16.0,16.0],"texture":"#icon_background"}}},{"from":[-16.0,-16.0,-16.0],"to":[32.0,32.0,-16.0],"faces":{"north":{"uv":[0.0,0.0,16.0,16.0],"texture":"#icon"}}}],"display":{"firstperson_lefthand":{"rotation":[0.0,0.0,0.0],"translation":[0.0,0.0,0.0],"scale":[0.0,0.0,0.0]},"firstperson_righthand":{"rotation":[30.0,90.0,0.0],"translation":[-1.75,18.85,-2.25],"scale":[1.0,1.0,1.0]},"thirdperson_lefthand":{"rotation":[0.0,0.0,0.0],"translation":[0.0,0.0,0.0],"scale":[0.0,0.0,0.0]},"thirdperson_righthand":{"rotation":[0.0,0.0,0.0],"translation":[0.0,0.0,0.0],"scale":[0.0,0.0,0.0]},"ground":{"rotation":[-90.0,0.0,0.0],"scale":[0.8,0.8,0.8]},"gui":{"rotation":[0.0,-180.0,0.0],"translation":[0.0,0.0,0.0],"scale":[0.333,0.333,0.333]},"fixed":{"rotation":[0.0,0.0,45.0],"translation":[-0.25,0.5,-0.25],"scale":[0.8,0.8,0.8]},"head":{"rotation":[90.0,0.0,0.0],"translation":[3.25,-41.75,1.0],"scale":[1.2,1.2,1.2]}},"gui_light":"front"}