{"textures":{"o0":"generated/f","o1":"generated/25","o2":"generated/26","o3":"gun/player_skin_slim","o4":"gun/player_skin","o5":"generated/20","o6":"generated/12","o7":"generated/e","o8":"generated/27","o9":"generated/9","o11":"generated/d","o10":"generated/f","icon":"generated/2d","icon_background":"generated/2a"},"elements":[{"from":[2.6833,1.7375,1.83899],"to":[18.6833,5.7375,4.83899],"rotation":{"angle":-45.0,"axis":"y","origin":[8.6833,6.4375,0.83899]},"faces":{"north":{"uv":[9.75,13.0,10.75,16.0],"rotation":90,"texture":"#o3"},"south":{"uv":[8.0,13.0,9.0,16.0],"rotation":270,"texture":"#o3"},"east":{"uv":[9.75,12.0,10.5,13.0],"rotation":270,"texture":"#o3"},"west":{"uv":[9.75,13.0,9.0,12.0],"texture":"#o3"},"up":{"uv":[9.0,13.0,9.75,16.0],"rotation":270,"texture":"#o3"},"down":{"uv":[10.75,13.0,11.5,16.0],"rotation":270,"texture":"#o3"}}},{"from":[1.83633,1.6375,1.51169],"to":[20.23633,6.2375,4.96169],"rotation":{"angle":-45.0,"axis":"y","origin":[8.73633,7.0425,0.36169]},"faces":{"north":{"uv":[13.75,13.0,14.75,16.0],"rotation":90,"texture":"#o3"},"south":{"uv":[12.0,13.0,13.0,16.0],"rotation":270,"texture":"#o3"},"east":{"uv":[13.75,12.0,14.5,13.0],"rotation":270,"texture":"#o3"},"west":{"uv":[13.75,13.0,13.0,12.0],"texture":"#o3"},"up":{"uv":[13.0,13.0,13.75,16.0],"rotation":270,"texture":"#o3"},"down":{"uv":[14.75,13.0,15.5,16.0],"rotation":270,"texture":"#o3"}}},{"from":[1.13809,9.79168,6.98135],"to":[3.142,10.79485,8.92231],"rotation":{"angle":0.0,"axis":"y","origin":[2.1539,10.36194,7.60594]},"faces":{"north":{"uv":[0.00156,0.00156,0.49844,0.49844],"texture":"#o6"},"south":{"uv":[0.00156,0.00156,0.49844,0.49844],"texture":"#o6"},"east":{"uv":[0.0,0.0,0.0,0.0],"texture":"#o6"},"west":{"uv":[0.00156,0.00156,0.49844,0.49844],"texture":"#o6"},"up":{"uv":[0.49844,0.49844,0.00156,0.00156],"texture":"#o6"},"down":{"uv":[0.49844,0.49844,0.00156,0.00156],"texture":"#o6"}}},{"from":[1.13809,9.53613,8.29986],"to":[1.72273,9.79418,8.76504],"rotation":{"angle":0.0,"axis":"y","origin":[2.1539,10.26194,7.60594]},"faces":{"north":{"uv":[0.00156,0.00156,0.99844,0.99844],"texture":"#o6"},"south":{"uv":[0.0,0.0,0.0,0.0],"texture":"#o6"},"east":{"uv":[0.0,0.0,1.0,1.0],"texture":"#o6"},"west":{"uv":[0.00156,0.00156,0.99844,0.99844],"texture":"#o6"},"up":{"uv":[0.0,0.0,0.0,0.0],"texture":"#o6"},"down":{"uv":[0.99844,0.99844,0.00156,0.00156],"texture":"#o6"}}},{"from":[1.13809,9.53613,7.13864],"to":[1.72273,9.79418,7.60383],"rotation":{"angle":0.0,"axis":"y","origin":[2.1539,10.26194,7.60594]},"faces":{"north":{"uv":[0.0,0.0,0.0,0.0],"texture":"#o6"},"south":{"uv":[0.00156,0.00156,0.99844,0.99844],"texture":"#o6"},"east":{"uv":[0.0,0.0,1.0,1.0],"texture":"#o6"},"west":{"uv":[0.00156,0.00156,0.99844,0.99844],"texture":"#o6"},"up":{"uv":[0.0,0.0,0.0,0.0],"texture":"#o6"},"down":{"uv":[0.99844,0.99844,0.00156,0.00156],"texture":"#o6"}}},{"from":[1.13809,9.46719,7.09815],"to":[1.72273,9.72524,7.17625],"rotation":{"angle":22.5,"axis":"x","origin":[2.04529,9.59622,7.33074]},"faces":{"north":{"uv":[0.0,0.0,0.0,0.0],"texture":"#o6"},"south":{"uv":[0.0,0.0,0.0,0.0],"texture":"#o6"},"east":{"uv":[0.00156,0.00156,0.99844,0.99844],"texture":"#o6"},"west":{"uv":[0.00156,0.00156,0.99844,0.99844],"texture":"#o6"},"up":{"uv":[0.0,0.0,0.0,0.0],"texture":"#o6"},"down":{"uv":[0.99844,0.99844,0.00156,0.00156],"texture":"#o6"}}},{"from":[1.13809,9.419,7.03436],"to":[1.72273,9.67704,7.11247],"rotation":{"angle":45.0,"axis":"x","origin":[2.04529,9.54802,7.26695]},"faces":{"north":{"uv":[0.0,0.0,0.0,0.0],"texture":"#o6"},"south":{"uv":[0.0,0.0,0.0,0.0],"texture":"#o6"},"east":{"uv":[0.00156,0.00156,0.99844,0.99844],"texture":"#o6"},"west":{"uv":[0.00156,0.00156,0.99844,0.99844],"texture":"#o6"},"up":{"uv":[0.0,0.0,0.0,0.0],"texture":"#o6"},"down":{"uv":[0.99844,0.99844,0.00156,0.00156],"texture":"#o6"}}},{"from":[1.13809,9.68239,7.06054],"to":[1.72273,9.7605,7.31859],"rotation":{"angle":-22.5,"axis":"x","origin":[2.04529,9.52791,7.18957]},"faces":{"north":{"uv":[0.00156,0.00156,0.99844,0.99844],"texture":"#o6"},"south":{"uv":[0.0,0.0,0.0,0.0],"texture":"#o6"},"east":{"uv":[0.00156,0.00156,0.99844,0.99844],"texture":"#o6"},"west":{"uv":[0.00156,0.00156,0.99844,0.99844],"texture":"#o6"},"up":{"uv":[0.0,0.0,0.0,0.0],"texture":"#o6"},"down":{"uv":[0.0,0.0,0.0,0.0],"texture":"#o6"}}},{"from":[1.13809,9.46719,8.72741],"to":[1.72273,9.72524,8.80552],"rotation":{"angle":-22.5,"axis":"x","origin":[2.04529,9.59622,8.57293]},"faces":{"north":{"uv":[0.0,0.0,0.0,0.0],"texture":"#o6"},"south":{"uv":[0.0,0.0,0.0,0.0],"texture":"#o6"},"east":{"uv":[0.99844,0.00156,0.00156,0.99844],"texture":"#o6"},"west":{"uv":[0.99844,0.00156,0.00156,0.99844],"texture":"#o6"},"up":{"uv":[0.0,0.0,0.0,0.0],"texture":"#o6"},"down":{"uv":[0.00156,0.99844,0.99844,0.00156],"texture":"#o6"}}},{"from":[1.13809,9.419,8.7912],"to":[1.72273,9.67704,8.86931],"rotation":{"angle":-45.0,"axis":"x","origin":[2.04529,9.54802,8.63672]},"faces":{"north":{"uv":[0.0,0.0,0.0,0.0],"texture":"#o6"},"south":{"uv":[0.0,0.0,0.0,0.0],"texture":"#o6"},"east":{"uv":[0.99844,0.00156,0.00156,0.99844],"texture":"#o6"},"west":{"uv":[0.99844,0.00156,0.00156,0.99844],"texture":"#o6"},"up":{"uv":[0.0,0.0,0.0,0.0],"texture":"#o6"},"down":{"uv":[0.00156,0.99844,0.99844,0.00156],"texture":"#o6"}}},{"from":[1.13809,9.68239,8.58507],"to":[1.72273,9.7605,8.84312],"rotation":{"angle":22.5,"axis":"x","origin":[2.04529,9.52791,8.71409]},"faces":{"north":{"uv":[0.0,0.0,0.0,0.0],"texture":"#o6"},"south":{"uv":[0.00156,0.99844,0.99844,0.00156],"texture":"#o6"},"east":{"uv":[0.00156,0.99844,0.99844,0.00156],"texture":"#o6"},"west":{"uv":[0.00156,0.99844,0.99844,0.00156],"texture":"#o6"},"up":{"uv":[0.0,0.0,0.0,0.0],"texture":"#o6"},"down":{"uv":[0.0,0.0,0.0,0.0],"texture":"#o6"}}},{"from":[1.13809,9.69342,6.98135],"to":[1.72273,9.79168,7.2394],"rotation":{"angle":0.0,"axis":"y","origin":[2.1539,10.26194,7.73497]},"faces":{"north":{"uv":[0.00156,0.00156,0.99844,0.99844],"texture":"#o6"},"south":{"uv":[0.0,0.0,0.0,0.0],"texture":"#o6"},"east":{"uv":[0.00156,0.00156,0.99844,0.99844],"texture":"#o6"},"west":{"uv":[0.00156,0.00156,0.99844,0.99844],"texture":"#o6"},"up":{"uv":[0.0,0.0,0.0,0.0],"texture":"#o6"},"down":{"uv":[0.0,0.0,0.0,0.0],"texture":"#o6"}}},{"from":[1.13809,9.69342,8.66427],"to":[1.72273,9.79168,8.92231],"rotation":{"angle":0.0,"axis":"y","origin":[2.1539,10.26194,7.47692]},"faces":{"north":{"uv":[0.0,0.0,0.0,0.0],"texture":"#o6"},"south":{"uv":[0.00156,0.00156,0.99844,0.99844],"texture":"#o6"},"east":{"uv":[0.00156,0.00156,0.99844,0.99844],"texture":"#o6"},"west":{"uv":[0.00156,0.00156,0.99844,0.99844],"texture":"#o6"},"up":{"uv":[0.0,0.0,0.0,0.0],"texture":"#o6"},"down":{"uv":[0.0,0.0,0.0,0.0],"texture":"#o6"}}},{"from":[1.75095,9.53862,6.98862],"to":[3.13796,9.79418,8.91665],"rotation":{"angle":0.0,"axis":"y","origin":[2.1539,10.36194,7.60594]},"faces":{"north":{"uv":[0.00156,0.00156,0.99844,0.99844],"texture":"#o6"},"south":{"uv":[0.00156,0.00156,0.99844,0.99844],"texture":"#o6"},"east":{"uv":[0.00156,0.00156,0.99844,0.99844],"texture":"#o6"},"west":{"uv":[0.00156,0.00156,0.99844,0.99844],"texture":"#o6"},"up":{"uv":[0.0,0.0,0.0,0.0],"texture":"#o6"},"down":{"uv":[0.99844,0.99844,0.00156,0.00156],"rotation":180,"texture":"#o6"}}},{"from":[2.474,9.64586,6.8041],"to":[2.59354,9.90144,7.18916],"rotation":{"angle":45.0,"axis":"y","origin":[2.53247,9.77366,6.86945]},"faces":{"north":{"uv":[0.0,0.0,0.0,0.0],"texture":"#o6"},"south":{"uv":[0.0,0.0,0.0,0.0],"texture":"#o6"},"east":{"uv":[0.00156,0.00156,0.99844,0.99844],"texture":"#o6"},"west":{"uv":[0.0,0.0,1.0,1.0],"texture":"#o6"},"up":{"uv":[0.99844,0.99844,0.00156,0.00156],"texture":"#o6"},"down":{"uv":[0.99844,0.99844,0.00156,0.00156],"texture":"#o6"}}},{"from":[1.06519,9.64586,6.78006],"to":[2.52944,9.90144,6.87248],"rotation":{"angle":0.0,"axis":"y","origin":[2.1539,10.34904,7.73497]},"faces":{"north":{"uv":[0.00156,0.00156,0.99844,0.99844],"texture":"#o6"},"south":{"uv":[0.00156,0.00156,0.99844,0.99844],"texture":"#o6"},"east":{"uv":[0.0,0.0,0.0,0.0],"texture":"#o6"},"west":{"uv":[0.0,0.0,1.0,1.0],"texture":"#o6"},"up":{"uv":[0.99844,0.99844,0.00156,0.00156],"texture":"#o6"},"down":{"uv":[0.99844,0.99844,0.00156,0.00156],"texture":"#o6"}}},{"from":[1.06923,9.93297,6.78006],"to":[2.8704,10.45427,6.87248],"rotation":{"angle":0.0,"axis":"y","origin":[2.1539,10.36194,7.73497]},"faces":{"north":{"uv":[0.00156,0.00156,0.99844,0.99844],"texture":"#o6"},"south":{"uv":[0.00156,0.00156,0.99844,0.99844],"texture":"#o6"},"east":{"uv":[0.00156,0.00156,0.99844,0.99844],"texture":"#o6"},"west":{"uv":[0.0,0.0,1.0,1.0],"texture":"#o6"},"up":{"uv":[0.0,0.0,0.0,0.0],"texture":"#o6"},"down":{"uv":[0.99844,0.99844,0.00156,0.00156],"texture":"#o6"}}},{"from":[2.32727,9.77667,6.78006],"to":[2.84857,10.29935,6.87248],"rotation":{"angle":22.5,"axis":"z","origin":[1.15622,10.17033,7.87957]},"faces":{"north":{"uv":[0.00156,0.99844,0.99844,0.00156],"texture":"#o6"},"south":{"uv":[0.00156,0.99844,0.99844,0.00156],"texture":"#o6"},"east":{"uv":[0.00156,0.99844,0.99844,0.00156],"texture":"#o6"},"west":{"uv":[0.00156,0.99844,0.99844,0.00156],"texture":"#o6"},"up":{"uv":[0.0,0.0,0.0,0.0],"texture":"#o6"},"down":{"uv":[0.0,0.0,0.0,0.0],"texture":"#o6"}}},{"from":[1.06923,10.45427,6.78006],"to":[2.67037,11.06619,6.87248],"rotation":{"angle":0.0,"axis":"y","origin":[2.1539,10.36194,7.73497]},"faces":{"north":{"uv":[0.00156,0.99844,0.99844,0.00156],"texture":"#o6"},"south":{"uv":[0.00156,0.99844,0.99844,0.00156],"texture":"#o6"},"east":{"uv":[0.00156,0.99844,0.99844,0.00156],"texture":"#o6"},"west":{"uv":[0.00156,0.99844,0.99844,0.00156],"texture":"#o6"},"up":{"uv":[0.0,0.0,0.0,0.0],"texture":"#o6"},"down":{"uv":[0.0,0.0,0.0,0.0],"texture":"#o6"}}},{"from":[1.06923,11.03013,6.86895],"to":[2.67037,11.25496,6.96137],"rotation":{"angle":22.5,"axis":"x","origin":[1.93431,11.27157,6.91516]},"faces":{"north":{"uv":[0.00156,0.00156,0.99844,0.99844],"texture":"#o6"},"south":{"uv":[0.00156,0.00156,0.99844,0.99844],"texture":"#o6"},"east":{"uv":[0.00156,0.00156,0.99844,0.99844],"texture":"#o6"},"west":{"uv":[0.00156,0.00156,0.99844,0.99844],"texture":"#o6"},"up":{"uv":[0.0,0.0,0.0,0.0],"texture":"#o6"},"down":{"uv":[0.0,0.0,0.0,0.0],"texture":"#o6"}}},{"from":[1.06923,12.26049,8.60157],"to":[2.67037,12.3529,8.76689],"rotation":{"angle":22.5,"axis":"x","origin":[1.90788,12.3067,8.82697]},"faces":{"north":{"uv":[0.0,0.0,0.0,0.0],"texture":"#o6"},"south":{"uv":[0.0,0.0,0.0,0.0],"texture":"#o6"},"east":{"uv":[0.00156,0.99844,0.99844,0.00156],"rotation":270,"texture":"#o6"},"west":{"uv":[0.00156,0.99844,0.99844,0.00156],"rotation":90,"texture":"#o6"},"up":{"uv":[0.00156,0.99844,0.99844,0.00156],"rotation":180,"texture":"#o6"},"down":{"uv":[0.00156,0.99844,0.99844,0.00156],"texture":"#o6"}}},{"from":[1.06923,12.2404,8.86963],"to":[2.67037,12.40572,8.96205],"rotation":{"angle":-45.0,"axis":"x","origin":[1.90788,12.18033,8.91585]},"faces":{"north":{"uv":[0.99844,0.00156,0.00156,0.99844],"texture":"#o6"},"south":{"uv":[0.99844,0.00156,0.00156,0.99844],"texture":"#o6"},"east":{"uv":[0.99844,0.00156,0.00156,0.99844],"texture":"#o6"},"west":{"uv":[0.99844,0.00156,0.00156,0.99844],"texture":"#o6"},"up":{"uv":[0.0,0.0,0.0,0.0],"texture":"#o6"},"down":{"uv":[0.0,0.0,0.0,0.0],"texture":"#o6"}}},{"from":[1.06923,12.08963,8.90339],"to":[2.67037,12.25495,8.99581],"rotation":{"angle":-22.5,"axis":"x","origin":[1.90788,12.02956,8.9496]},"faces":{"north":{"uv":[0.99844,0.00156,0.00156,0.99844],"texture":"#o6"},"south":{"uv":[0.99844,0.00156,0.00156,0.99844],"texture":"#o6"},"east":{"uv":[0.99844,0.00156,0.00156,0.99844],"texture":"#o6"},"west":{"uv":[0.99844,0.00156,0.00156,0.99844],"texture":"#o6"},"up":{"uv":[0.0,0.0,0.0,0.0],"texture":"#o6"},"down":{"uv":[0.0,0.0,0.0,0.0],"texture":"#o6"}}},{"from":[1.06923,11.71019,8.87688],"to":[2.67037,12.10275,8.9693],"rotation":{"angle":0.0,"axis":"z","origin":[2.1539,11.09162,8.09341]},"faces":{"north":{"uv":[0.99844,0.00156,0.00156,0.99844],"texture":"#o6"},"south":{"uv":[0.99844,0.00156,0.00156,0.99844],"texture":"#o6"},"east":{"uv":[0.99844,0.00156,0.00156,0.99844],"texture":"#o6"},"west":{"uv":[0.99844,0.00156,0.00156,0.99844],"texture":"#o6"},"up":{"uv":[0.0,0.0,0.0,0.0],"texture":"#o6"},"down":{"uv":[0.0,0.0,0.0,0.0],"texture":"#o6"}}},{"from":[1.06923,11.23363,9.37284],"to":[2.67037,11.49715,9.46526],"rotation":{"angle":-22.5,"axis":"x","origin":[2.1539,10.35701,8.58937]},"faces":{"north":{"uv":[0.99844,0.00156,0.00156,0.99844],"texture":"#o6"},"south":{"uv":[0.99844,0.00156,0.00156,0.99844],"texture":"#o6"},"east":{"uv":[0.99844,0.00156,0.00156,0.99844],"texture":"#o6"},"west":{"uv":[0.99844,0.00156,0.00156,0.99844],"texture":"#o6"},"up":{"uv":[0.0,0.0,0.0,0.0],"texture":"#o6"},"down":{"uv":[0.0,0.0,0.0,0.0],"texture":"#o6"}}},{"from":[1.06923,10.45151,8.9707],"to":[2.67037,11.50208,9.06312],"rotation":{"angle":0.0,"axis":"y","origin":[2.1539,10.09099,8.18722]},"faces":{"north":{"uv":[0.99844,0.00156,0.00156,0.99844],"texture":"#o6"},"south":{"uv":[0.99844,0.00156,0.00156,0.99844],"texture":"#o6"},"east":{"uv":[0.99844,0.00156,0.00156,0.99844],"texture":"#o6"},"west":{"uv":[0.99844,0.00156,0.00156,0.99844],"texture":"#o6"},"up":{"uv":[0.0,0.0,0.0,0.0],"texture":"#o6"},"down":{"uv":[0.0,0.0,0.0,0.0],"texture":"#o6"}}},{"from":[1.39613,10.79485,8.82721],"to":[2.6259,11.44885,8.91963],"rotation":{"angle":0.0,"axis":"y","origin":[2.1539,10.36194,8.16601]},"faces":{"north":{"uv":[0.00156,0.00156,0.99844,0.99844],"texture":"#o6"},"south":{"uv":[0.00156,0.00156,0.99844,0.99844],"texture":"#o6"},"east":{"uv":[0.00156,0.00156,0.99844,0.99844],"texture":"#o6"},"west":{"uv":[0.00156,0.00156,0.99844,0.99844],"texture":"#o6"},"up":{"uv":[0.0,0.0,0.0,0.0],"texture":"#o6"},"down":{"uv":[0.0,0.0,0.0,0.0],"texture":"#o6"}}},{"from":[1.39613,11.19341,9.05024],"to":[2.6259,11.46033,9.14266],"rotation":{"angle":-22.5,"axis":"x","origin":[2.1539,10.7605,8.38905]},"faces":{"north":{"uv":[0.00156,0.00156,0.99844,0.99844],"texture":"#o6"},"south":{"uv":[0.00156,0.00156,0.99844,0.99844],"texture":"#o6"},"east":{"uv":[0.00156,0.00156,0.99844,0.99844],"texture":"#o6"},"west":{"uv":[0.00156,0.00156,0.99844,0.99844],"texture":"#o6"},"up":{"uv":[0.0,0.0,0.0,0.0],"texture":"#o6"},"down":{"uv":[0.0,0.0,0.0,0.0],"texture":"#o6"}}},{"from":[1.39613,11.66009,8.7321],"to":[2.6259,12.05603,8.82451],"rotation":{"angle":0.0,"axis":"z","origin":[2.1539,11.48522,8.0709]},"faces":{"north":{"uv":[0.00156,0.00156,0.99844,0.99844],"texture":"#o6"},"south":{"uv":[0.00156,0.00156,0.99844,0.99844],"texture":"#o6"},"east":{"uv":[0.00156,0.00156,0.99844,0.99844],"texture":"#o6"},"west":{"uv":[0.00156,0.00156,0.99844,0.99844],"texture":"#o6"},"up":{"uv":[0.0,0.0,0.0,0.0],"texture":"#o6"},"down":{"uv":[0.0,0.0,0.0,0.0],"texture":"#o6"}}},{"from":[1.39613,12.04292,8.7586],"to":[2.6259,12.17759,8.85103],"rotation":{"angle":-22.5,"axis":"x","origin":[1.91627,11.98283,8.8048]},"faces":{"north":{"uv":[0.99844,0.00156,0.00156,0.99844],"texture":"#o6"},"south":{"uv":[0.99844,0.00156,0.00156,0.99844],"texture":"#o6"},"east":{"uv":[0.99844,0.00156,0.00156,0.99844],"texture":"#o6"},"west":{"uv":[0.99844,0.00156,0.00156,0.99844],"texture":"#o6"},"up":{"uv":[0.0,0.0,0.0,0.0],"texture":"#o6"},"down":{"uv":[0.0,0.0,0.0,0.0],"texture":"#o6"}}},{"from":[1.39613,12.16537,8.73657],"to":[2.6259,12.30005,8.829],"rotation":{"angle":-45.0,"axis":"x","origin":[1.91627,12.10529,8.78278]},"faces":{"north":{"uv":[0.99844,0.00156,0.00156,0.99844],"texture":"#o6"},"south":{"uv":[0.99844,0.00156,0.00156,0.99844],"texture":"#o6"},"east":{"uv":[0.99844,0.00156,0.00156,0.99844],"texture":"#o6"},"west":{"uv":[0.99844,0.00156,0.00156,0.99844],"texture":"#o6"},"up":{"uv":[0.0,0.0,0.0,0.0],"texture":"#o6"},"down":{"uv":[0.0,0.0,0.0,0.0],"texture":"#o6"}}},{"from":[1.39613,12.16379,8.5208],"to":[2.6259,12.25621,8.65548],"rotation":{"angle":22.5,"axis":"x","origin":[1.91627,12.20999,8.71556]},"faces":{"north":{"uv":[0.0,0.0,0.0,0.0],"texture":"#o6"},"south":{"uv":[0.0,0.0,0.0,0.0],"texture":"#o6"},"east":{"uv":[0.00156,0.99844,0.99844,0.00156],"rotation":270,"texture":"#o6"},"west":{"uv":[0.00156,0.99844,0.99844,0.00156],"rotation":90,"texture":"#o6"},"up":{"uv":[0.00156,0.99844,0.99844,0.00156],"rotation":180,"texture":"#o6"},"down":{"uv":[0.00156,0.99844,0.99844,0.00156],"texture":"#o6"}}},{"from":[1.06923,11.71019,6.95289],"to":[2.67037,12.10275,7.04531],"rotation":{"angle":0.0,"axis":"z","origin":[2.1539,11.09162,7.82878]},"faces":{"north":{"uv":[0.00156,0.00156,0.99844,0.99844],"texture":"#o6"},"south":{"uv":[0.00156,0.00156,0.99844,0.99844],"texture":"#o6"},"east":{"uv":[0.00156,0.00156,0.99844,0.99844],"texture":"#o6"},"west":{"uv":[0.00156,0.00156,0.99844,0.99844],"texture":"#o6"},"up":{"uv":[0.0,0.0,0.0,0.0],"texture":"#o6"},"down":{"uv":[0.0,0.0,0.0,0.0],"texture":"#o6"}}},{"from":[1.06923,11.23363,6.45693],"to":[2.67037,11.49715,6.54936],"rotation":{"angle":22.5,"axis":"x","origin":[2.1539,10.35701,7.33283]},"faces":{"north":{"uv":[0.00156,0.00156,0.99844,0.99844],"texture":"#o6"},"south":{"uv":[0.00156,0.00156,0.99844,0.99844],"texture":"#o6"},"east":{"uv":[0.00156,0.00156,0.99844,0.99844],"texture":"#o6"},"west":{"uv":[0.00156,0.00156,0.99844,0.99844],"texture":"#o6"},"up":{"uv":[0.0,0.0,0.0,0.0],"texture":"#o6"},"down":{"uv":[0.0,0.0,0.0,0.0],"texture":"#o6"}}},{"from":[1.06923,11.23855,6.85908],"to":[2.67037,11.50208,6.9515],"rotation":{"angle":0.0,"axis":"y","origin":[2.1539,10.36194,7.73497]},"faces":{"north":{"uv":[0.00156,0.00156,0.99844,0.99844],"texture":"#o6"},"south":{"uv":[0.00156,0.00156,0.99844,0.99844],"texture":"#o6"},"east":{"uv":[0.00156,0.00156,0.99844,0.99844],"texture":"#o6"},"west":{"uv":[0.00156,0.00156,0.99844,0.99844],"texture":"#o6"},"up":{"uv":[0.0,0.0,0.0,0.0],"texture":"#o6"},"down":{"uv":[0.0,0.0,0.0,0.0],"texture":"#o6"}}},{"from":[1.57358,9.93297,8.9707],"to":[2.8704,10.45427,9.06312],"rotation":{"angle":0.0,"axis":"y","origin":[2.1539,10.36194,7.47692]},"faces":{"north":{"uv":[0.00156,0.00156,0.99844,0.99844],"texture":"#o6"},"south":{"uv":[0.00156,0.00156,0.99844,0.99844],"texture":"#o6"},"east":{"uv":[0.00156,0.00156,0.99844,0.99844],"texture":"#o6"},"west":{"uv":[0.0,0.0,0.0,0.0],"texture":"#o6"},"up":{"uv":[0.0,0.0,0.0,0.0],"texture":"#o6"},"down":{"uv":[0.99844,0.99844,0.00156,0.00156],"texture":"#o6"}}},{"from":[1.48259,9.87329,8.9707],"to":[1.88983,9.99983,9.06312],"rotation":{"angle":22.5,"axis":"z","origin":[1.71273,10.07102,9.11305]},"faces":{"north":{"uv":[0.00156,0.00156,0.99844,0.99844],"texture":"#o6"},"south":{"uv":[0.00156,0.00156,0.99844,0.99844],"texture":"#o6"},"east":{"uv":[0.0,0.0,0.0,0.0],"texture":"#o6"},"west":{"uv":[0.0,0.0,0.0,0.0],"texture":"#o6"},"up":{"uv":[0.0,0.0,0.0,0.0],"texture":"#o6"},"down":{"uv":[0.99844,0.99844,0.00156,0.00156],"texture":"#o6"}}},{"from":[1.06923,9.80027,8.9707],"to":[1.57358,10.45427,9.06312],"rotation":{"angle":0.0,"axis":"y","origin":[2.1539,10.36194,7.47692]},"faces":{"north":{"uv":[0.00156,0.00156,0.99844,0.99844],"texture":"#o6"},"south":{"uv":[0.00156,0.00156,0.99844,0.99844],"texture":"#o6"},"east":{"uv":[0.0,0.0,0.0,0.0],"texture":"#o6"},"west":{"uv":[0.00156,0.00156,0.99844,0.99844],"texture":"#o6"},"up":{"uv":[0.0,0.0,0.0,0.0],"texture":"#o6"},"down":{"uv":[0.99844,0.99844,0.00156,0.00156],"texture":"#o6"}}},{"from":[1.39613,11.66009,7.07647],"to":[2.6259,12.05603,7.16889],"rotation":{"angle":0.0,"axis":"z","origin":[2.1539,11.48522,7.83008]},"faces":{"north":{"uv":[0.99844,0.00156,0.00156,0.99844],"texture":"#o6"},"south":{"uv":[0.99844,0.00156,0.00156,0.99844],"texture":"#o6"},"east":{"uv":[0.99844,0.00156,0.00156,0.99844],"texture":"#o6"},"west":{"uv":[0.99844,0.00156,0.00156,0.99844],"texture":"#o6"},"up":{"uv":[0.0,0.0,0.0,0.0],"texture":"#o6"},"down":{"uv":[0.0,0.0,0.0,0.0],"texture":"#o6"}}},{"from":[1.39613,11.19341,6.75832],"to":[2.6259,11.46033,6.85074],"rotation":{"angle":22.5,"axis":"x","origin":[2.1539,10.7605,7.51194]},"faces":{"north":{"uv":[0.99844,0.00156,0.00156,0.99844],"texture":"#o6"},"south":{"uv":[0.99844,0.00156,0.00156,0.99844],"texture":"#o6"},"east":{"uv":[0.99844,0.00156,0.00156,0.99844],"texture":"#o6"},"west":{"uv":[0.99844,0.00156,0.00156,0.99844],"texture":"#o6"},"up":{"uv":[0.0,0.0,0.0,0.0],"texture":"#o6"},"down":{"uv":[0.0,0.0,0.0,0.0],"texture":"#o6"}}},{"from":[1.39613,10.79485,6.98135],"to":[2.6259,11.44885,7.07377],"rotation":{"angle":0.0,"axis":"y","origin":[2.1539,10.36194,7.73497]},"faces":{"north":{"uv":[0.99844,0.00156,0.00156,0.99844],"texture":"#o6"},"south":{"uv":[0.99844,0.00156,0.00156,0.99844],"texture":"#o6"},"east":{"uv":[0.99844,0.00156,0.00156,0.99844],"texture":"#o6"},"west":{"uv":[0.99844,0.00156,0.00156,0.99844],"texture":"#o6"},"up":{"uv":[0.0,0.0,0.0,0.0],"texture":"#o6"},"down":{"uv":[0.0,0.0,0.0,0.0],"texture":"#o6"}}},{"from":[2.32727,9.77667,8.9707],"to":[2.84857,10.29935,9.06312],"rotation":{"angle":22.5,"axis":"z","origin":[1.15622,10.17033,7.96361]},"faces":{"north":{"uv":[0.00156,0.00156,0.99844,0.99844],"texture":"#o6"},"south":{"uv":[0.00156,0.00156,0.99844,0.99844],"texture":"#o6"},"east":{"uv":[0.00156,0.00156,0.99844,0.99844],"texture":"#o6"},"west":{"uv":[0.00156,0.00156,0.99844,0.99844],"texture":"#o6"},"up":{"uv":[0.0,0.0,0.0,0.0],"texture":"#o6"},"down":{"uv":[0.0,0.0,0.0,0.0],"texture":"#o6"}}},{"from":[1.39613,12.23481,7.34766],"to":[2.6259,12.32723,8.55332],"rotation":{"angle":0.0,"axis":"y","origin":[2.1539,10.3175,7.69457]},"faces":{"north":{"uv":[0.0,0.0,0.0,0.0],"texture":"#o6"},"south":{"uv":[0.0,0.0,0.0,0.0],"texture":"#o6"},"east":{"uv":[0.00156,0.00156,0.99844,0.99844],"texture":"#o6"},"west":{"uv":[0.00156,0.00156,0.99844,0.99844],"texture":"#o6"},"up":{"uv":[0.99844,0.99844,0.00156,0.00156],"texture":"#o6"},"down":{"uv":[0.99844,0.99844,0.00156,0.00156],"texture":"#o6"}}},{"from":[1.39613,12.16379,7.24551],"to":[2.6259,12.25621,7.38018],"rotation":{"angle":-22.5,"axis":"x","origin":[1.91627,12.20999,7.18542]},"faces":{"north":{"uv":[0.0,0.0,0.0,0.0],"texture":"#o6"},"south":{"uv":[0.0,0.0,0.0,0.0],"texture":"#o6"},"east":{"uv":[0.00156,0.00156,0.99844,0.99844],"rotation":270,"texture":"#o6"},"west":{"uv":[0.00156,0.00156,0.99844,0.99844],"rotation":90,"texture":"#o6"},"up":{"uv":[0.00156,0.00156,0.99844,0.99844],"rotation":180,"texture":"#o6"},"down":{"uv":[0.00156,0.00156,0.99844,0.99844],"texture":"#o6"}}},{"from":[1.39613,12.16537,7.07198],"to":[2.6259,12.30005,7.16441],"rotation":{"angle":45.0,"axis":"x","origin":[1.91627,12.10529,7.11821]},"faces":{"north":{"uv":[0.00156,0.00156,0.99844,0.99844],"texture":"#o6"},"south":{"uv":[0.00156,0.00156,0.99844,0.99844],"texture":"#o6"},"east":{"uv":[0.00156,0.00156,0.99844,0.99844],"texture":"#o6"},"west":{"uv":[0.00156,0.00156,0.99844,0.99844],"texture":"#o6"},"up":{"uv":[0.0,0.0,0.0,0.0],"texture":"#o6"},"down":{"uv":[0.0,0.0,0.0,0.0],"texture":"#o6"}}},{"from":[1.39613,12.04292,7.04995],"to":[2.6259,12.17759,7.14239],"rotation":{"angle":22.5,"axis":"x","origin":[1.91627,11.98283,7.09618]},"faces":{"north":{"uv":[0.00156,0.00156,0.99844,0.99844],"texture":"#o6"},"south":{"uv":[0.00156,0.00156,0.99844,0.99844],"texture":"#o6"},"east":{"uv":[0.00156,0.00156,0.99844,0.99844],"texture":"#o6"},"west":{"uv":[0.00156,0.00156,0.99844,0.99844],"texture":"#o6"},"up":{"uv":[0.0,0.0,0.0,0.0],"texture":"#o6"},"down":{"uv":[0.0,0.0,0.0,0.0],"texture":"#o6"}}},{"from":[1.39613,10.72249,8.7419],"to":[2.6259,10.93781,8.85447],"rotation":{"angle":45.0,"axis":"x","origin":[1.91627,10.83015,8.7881]},"faces":{"north":{"uv":[0.00156,0.00156,0.99844,0.99844],"texture":"#o6"},"south":{"uv":[0.0,0.0,0.0,0.0],"texture":"#o6"},"east":{"uv":[0.00156,0.00156,0.99844,0.99844],"texture":"#o6"},"west":{"uv":[0.00156,0.00156,0.99844,0.99844],"texture":"#o6"},"up":{"uv":[0.0,0.0,0.0,0.0],"texture":"#o6"},"down":{"uv":[0.0,0.0,0.0,0.0],"texture":"#o6"}}},{"from":[1.39613,10.72249,7.04919],"to":[2.6259,10.95071,7.16176],"rotation":{"angle":-45.0,"axis":"x","origin":[1.91627,10.83015,7.11556]},"faces":{"north":{"uv":[0.0,0.0,0.0,0.0],"texture":"#o6"},"south":{"uv":[0.00156,0.00156,0.99844,0.99844],"texture":"#o6"},"east":{"uv":[0.00156,0.00156,0.99844,0.99844],"texture":"#o6"},"west":{"uv":[0.00156,0.00156,0.99844,0.99844],"texture":"#o6"},"up":{"uv":[0.0,0.0,0.0,0.0],"texture":"#o6"},"down":{"uv":[0.0,0.0,0.0,0.0],"texture":"#o6"}}},{"from":[1.06923,12.08963,6.92639],"to":[2.67037,12.25495,7.01881],"rotation":{"angle":22.5,"axis":"x","origin":[1.90788,12.02956,6.97259]},"faces":{"north":{"uv":[0.00156,0.00156,0.99844,0.99844],"texture":"#o6"},"south":{"uv":[0.00156,0.00156,0.99844,0.99844],"texture":"#o6"},"east":{"uv":[0.00156,0.00156,0.99844,0.99844],"texture":"#o6"},"west":{"uv":[0.00156,0.00156,0.99844,0.99844],"texture":"#o6"},"up":{"uv":[0.0,0.0,0.0,0.0],"texture":"#o6"},"down":{"uv":[0.0,0.0,0.0,0.0],"texture":"#o6"}}},{"from":[1.06923,12.26049,7.1553],"to":[2.67037,12.3529,7.32062],"rotation":{"angle":-22.5,"axis":"x","origin":[1.90788,12.3067,7.09523]},"faces":{"north":{"uv":[0.0,0.0,0.0,0.0],"texture":"#o6"},"south":{"uv":[0.0,0.0,0.0,0.0],"texture":"#o6"},"east":{"uv":[0.00156,0.00156,0.99844,0.99844],"rotation":270,"texture":"#o6"},"west":{"uv":[0.00156,0.00156,0.99844,0.99844],"rotation":90,"texture":"#o6"},"up":{"uv":[0.00156,0.00156,0.99844,0.99844],"rotation":180,"texture":"#o6"},"down":{"uv":[0.00156,0.00156,0.99844,0.99844],"texture":"#o6"}}},{"from":[1.06923,12.2404,6.96014],"to":[2.67037,12.40572,7.05256],"rotation":{"angle":45.0,"axis":"x","origin":[1.90788,12.18033,7.00634]},"faces":{"north":{"uv":[0.00156,0.00156,0.99844,0.99844],"texture":"#o6"},"south":{"uv":[0.00156,0.00156,0.99844,0.99844],"texture":"#o6"},"east":{"uv":[0.00156,0.00156,0.99844,0.99844],"texture":"#o6"},"west":{"uv":[0.00156,0.00156,0.99844,0.99844],"texture":"#o6"},"up":{"uv":[0.0,0.0,0.0,0.0],"texture":"#o6"},"down":{"uv":[0.0,0.0,0.0,0.0],"texture":"#o6"}}},{"from":[1.06923,12.34995,7.28578],"to":[2.67037,12.43565,8.63641],"rotation":{"angle":0.0,"axis":"y","origin":[2.1539,10.31829,7.68767]},"faces":{"north":{"uv":[0.0,0.0,0.0,0.0],"texture":"#o6"},"south":{"uv":[0.0,0.0,0.0,0.0],"texture":"#o6"},"east":{"uv":[0.00156,0.00156,0.99844,0.99844],"texture":"#o6"},"west":{"uv":[0.00156,0.00156,0.99844,0.99844],"texture":"#o6"},"up":{"uv":[0.99844,0.99844,0.00156,0.00156],"texture":"#o6"},"down":{"uv":[0.99844,0.99844,0.00156,0.00156],"texture":"#o6"}}},{"from":[1.17841,9.89219,6.87248],"to":[1.70289,10.89514,7.06199],"rotation":{"angle":0.0,"axis":"y","origin":[2.1539,10.36194,7.73497]},"faces":{"north":{"uv":[0.0,0.0,0.0,0.0],"texture":"#o6"},"south":{"uv":[0.00156,0.00156,0.99844,0.99844],"texture":"#o6"},"east":{"uv":[0.00156,0.00156,0.99844,0.99844],"texture":"#o6"},"west":{"uv":[0.00156,0.00156,0.99844,0.99844],"texture":"#o6"},"up":{"uv":[0.99844,0.99844,0.00156,0.00156],"texture":"#o6"},"down":{"uv":[0.99844,0.99844,0.00156,0.00156],"texture":"#o6"}}},{"from":[1.17841,10.02121,8.79575],"to":[2.60606,10.25002,8.97316],"rotation":{"angle":0.0,"axis":"y","origin":[2.1539,10.36194,7.47692]},"faces":{"north":{"uv":[0.0,0.0,0.0,0.0],"texture":"#o6"},"south":{"uv":[0.0,0.0,0.0,0.0],"texture":"#o6"},"east":{"uv":[0.00156,0.00156,0.99844,0.99844],"texture":"#o6"},"west":{"uv":[0.00156,0.00156,0.99844,0.99844],"texture":"#o6"},"up":{"uv":[0.99844,0.99844,0.00156,0.00156],"texture":"#o6"},"down":{"uv":[0.99844,0.99844,0.00156,0.00156],"texture":"#o6"}}},{"from":[2.96234,9.89168,6.98135],"to":[3.14198,10.30699,8.92231],"rotation":{"angle":45.0,"axis":"z","origin":[3.05217,10.34327,8.40622]},"faces":{"north":{"uv":[0.00156,0.00156,0.99844,0.99844],"texture":"#o6"},"south":{"uv":[0.00156,0.00156,0.99844,0.99844],"texture":"#o6"},"east":{"uv":[0.0,0.0,0.0,0.0],"texture":"#o6"},"west":{"uv":[0.0,0.0,0.0,0.0],"texture":"#o6"},"up":{"uv":[0.0,0.0,0.0,0.0],"texture":"#o6"},"down":{"uv":[0.99844,0.99844,0.00156,0.00156],"texture":"#o6"}}},{"from":[2.96234,9.89168,6.98135],"to":[3.14198,10.30699,8.92231],"rotation":{"angle":22.5,"axis":"z","origin":[3.05217,10.34327,8.40622]},"faces":{"north":{"uv":[0.00156,0.00156,0.99844,0.99844],"texture":"#o6"},"south":{"uv":[0.00156,0.00156,0.99844,0.99844],"texture":"#o6"},"east":{"uv":[0.0,0.0,0.0,0.0],"texture":"#o6"},"west":{"uv":[0.0,0.0,0.0,0.0],"texture":"#o6"},"up":{"uv":[0.0,0.0,0.0,0.0],"texture":"#o6"},"down":{"uv":[0.99844,0.99844,0.00156,0.00156],"texture":"#o6"}}},{"from":[2.96234,10.38763,6.98135],"to":[3.14198,10.79485,8.92231],"rotation":{"angle":-22.5,"axis":"z","origin":[3.05217,10.34327,8.40622]},"faces":{"north":{"uv":[0.00156,0.00156,0.99844,0.99844],"texture":"#o6"},"south":{"uv":[0.00156,0.00156,0.99844,0.99844],"texture":"#o6"},"east":{"uv":[0.0,0.0,0.0,0.0],"texture":"#o6"},"west":{"uv":[0.0,0.0,0.0,0.0],"texture":"#o6"},"up":{"uv":[0.99844,0.99844,0.00156,0.00156],"texture":"#o6"},"down":{"uv":[0.0,0.0,0.0,0.0],"texture":"#o6"}}},{"from":[2.96234,10.36746,6.98135],"to":[3.14198,10.79485,8.92231],"rotation":{"angle":-45.0,"axis":"z","origin":[3.05217,10.34327,8.40622]},"faces":{"north":{"uv":[0.00156,0.00156,0.99844,0.99844],"texture":"#o6"},"south":{"uv":[0.00156,0.00156,0.99844,0.99844],"texture":"#o6"},"east":{"uv":[0.0,0.0,0.0,0.0],"texture":"#o6"},"west":{"uv":[0.0,0.0,0.0,0.0],"texture":"#o6"},"up":{"uv":[0.99844,0.99844,0.00156,0.00156],"texture":"#o6"},"down":{"uv":[0.0,0.0,0.0,0.0],"texture":"#o6"}}},{"from":[3.06829,10.25344,6.98135],"to":[3.50375,10.43309,8.92231],"rotation":{"angle":22.5,"axis":"z","origin":[3.05217,10.34327,8.40622]},"faces":{"north":{"uv":[0.00156,0.00156,0.99844,0.99844],"texture":"#o6"},"south":{"uv":[0.00156,0.00156,0.99844,0.99844],"texture":"#o6"},"east":{"uv":[0.00156,0.00156,0.99844,0.99844],"texture":"#o6"},"west":{"uv":[0.0,0.0,0.0,0.0],"texture":"#o6"},"up":{"uv":[0.0,0.0,0.0,0.0],"texture":"#o6"},"down":{"uv":[0.0,0.0,0.0,0.0],"texture":"#o6"}}},{"from":[2.98765,10.25344,6.98135],"to":[3.50375,10.43309,8.92231],"rotation":{"angle":0.0,"axis":"y","origin":[2.02488,10.36194,7.60594]},"faces":{"north":{"uv":[0.00156,0.00156,0.99844,0.99844],"texture":"#o6"},"south":{"uv":[0.00156,0.00156,0.99844,0.99844],"texture":"#o6"},"east":{"uv":[0.00156,0.00156,0.99844,0.99844],"texture":"#o6"},"west":{"uv":[0.0,0.0,0.0,0.0],"texture":"#o6"},"up":{"uv":[0.0,0.0,0.0,0.0],"texture":"#o6"},"down":{"uv":[0.0,0.0,0.0,0.0],"texture":"#o6"}}},{"from":[3.06829,10.25344,6.98135],"to":[3.50375,10.43309,8.92231],"rotation":{"angle":-22.5,"axis":"z","origin":[3.05217,10.34327,8.40622]},"faces":{"north":{"uv":[0.00156,0.00156,0.99844,0.99844],"texture":"#o6"},"south":{"uv":[0.00156,0.00156,0.99844,0.99844],"texture":"#o6"},"east":{"uv":[0.00156,0.00156,0.99844,0.99844],"texture":"#o6"},"west":{"uv":[0.0,0.0,0.0,0.0],"texture":"#o6"},"up":{"uv":[0.0,0.0,0.0,0.0],"texture":"#o6"},"down":{"uv":[0.0,0.0,0.0,0.0],"texture":"#o6"}}},{"from":[2.45864,10.90372,7.2816],"to":[2.45864,12.19396,8.57184],"rotation":{"angle":0.0,"axis":"y","origin":[2.02488,10.36194,7.60594]},"faces":{"north":{"uv":[0.0,0.0,0.0,0.0],"texture":"#o6"},"south":{"uv":[0.0,0.0,0.0,0.0],"texture":"#o6"},"west":{"uv":[2.00156,2.00156,13.99844,13.99844],"texture":"#o6"},"up":{"uv":[0.0,0.0,0.0,0.0],"texture":"#o6"},"down":{"uv":[0.0,0.0,0.0,0.0],"texture":"#o6"}}},{"from":[24.3,7.49005,7.27],"to":[32.0,8.06995,7.67],"rotation":{"angle":45.0,"axis":"x","origin":[24.8,7.78,7.97]},"faces":{"north":{"uv":[0.0,1.0,0.25,1.25],"texture":"#o9"},"south":{"uv":[0.5,1.0,0.75,1.25],"texture":"#o9"},"east":{"uv":[0.0,1.0,0.25,1.25],"texture":"#o9"},"west":{"uv":[0.0,1.0,0.25,1.25],"texture":"#o9"},"up":{"uv":[0.0,1.0,0.25,1.25],"texture":"#o9"},"down":{"uv":[0.0,1.0,0.25,1.25],"texture":"#o9"}}},{"from":[24.3,7.49005,7.27],"to":[32.0,8.06995,7.67],"rotation":{"angle":0.0,"axis":"x","origin":[24.8,7.78,7.97]},"faces":{"north":{"uv":[0.0,1.0,0.25,1.25],"texture":"#o9"},"south":{"uv":[0.5,1.0,0.75,1.25],"texture":"#o9"},"east":{"uv":[0.0,1.0,0.25,1.25],"texture":"#o9"},"west":{"uv":[0.0,1.0,0.25,1.25],"texture":"#o9"},"up":{"uv":[0.0,1.0,0.25,1.25],"texture":"#o9"},"down":{"uv":[0.0,1.0,0.25,1.25],"texture":"#o9"}}},{"from":[24.3,7.49005,8.27],"to":[32.0,8.06995,8.67],"rotation":{"angle":45.0,"axis":"x","origin":[24.8,7.78,7.97]},"faces":{"north":{"uv":[0.5,1.0,0.75,1.25],"texture":"#o9"},"south":{"uv":[0.0,1.0,0.25,1.25],"texture":"#o9"},"east":{"uv":[0.0,1.0,0.25,1.25],"texture":"#o9"},"west":{"uv":[0.0,1.0,0.25,1.25],"texture":"#o9"},"up":{"uv":[0.0,1.0,0.25,1.25],"texture":"#o9"},"down":{"uv":[0.0,1.0,0.25,1.25],"texture":"#o9"}}},{"from":[24.3,7.49005,8.27],"to":[32.0,8.06995,8.67],"rotation":{"angle":0.0,"axis":"x","origin":[24.8,7.78,7.97]},"faces":{"north":{"uv":[0.5,1.0,0.75,1.25],"texture":"#o9"},"south":{"uv":[0.0,1.0,0.25,1.25],"texture":"#o9"},"east":{"uv":[0.0,1.0,0.25,1.25],"texture":"#o9"},"west":{"uv":[0.0,1.0,0.25,1.25],"texture":"#o9"},"up":{"uv":[0.0,1.0,0.25,1.25],"texture":"#o9"},"down":{"uv":[0.0,1.0,0.25,1.25],"texture":"#o9"}}},{"from":[24.3,7.08,7.68005],"to":[32.0,7.48,8.25995],"rotation":{"angle":45.0,"axis":"x","origin":[24.8,7.78,7.97]},"faces":{"north":{"uv":[0.0,1.0,0.25,1.25],"texture":"#o9"},"south":{"uv":[0.0,1.0,0.25,1.25],"texture":"#o9"},"east":{"uv":[0.0,1.0,0.25,1.25],"texture":"#o9"},"west":{"uv":[0.0,1.0,0.25,1.25],"texture":"#o9"},"up":{"uv":[0.5,1.0,0.75,1.25],"texture":"#o9"},"down":{"uv":[0.0,1.0,0.25,1.25],"texture":"#o9"}}},{"from":[24.3,7.08,7.68005],"to":[32.0,7.48,8.25995],"rotation":{"angle":0.0,"axis":"x","origin":[24.8,7.78,7.97]},"faces":{"north":{"uv":[0.0,1.0,0.25,1.25],"texture":"#o9"},"south":{"uv":[0.0,1.0,0.25,1.25],"texture":"#o9"},"east":{"uv":[0.0,1.0,0.25,1.25],"texture":"#o9"},"west":{"uv":[0.0,1.0,0.25,1.25],"texture":"#o9"},"up":{"uv":[0.5,1.0,0.75,1.25],"texture":"#o9"},"down":{"uv":[0.0,1.0,0.25,1.25],"texture":"#o9"}}},{"from":[24.3,8.08,7.68005],"to":[32.0,8.48,8.25995],"rotation":{"angle":45.0,"axis":"x","origin":[24.8,7.78,7.97]},"faces":{"north":{"uv":[0.0,1.0,0.25,1.25],"texture":"#o9"},"south":{"uv":[0.0,1.0,0.25,1.25],"texture":"#o9"},"east":{"uv":[0.0,1.0,0.25,1.25],"texture":"#o9"},"west":{"uv":[0.0,1.0,0.25,1.25],"texture":"#o9"},"up":{"uv":[0.0,1.0,0.25,1.25],"texture":"#o9"},"down":{"uv":[0.5,1.0,0.75,1.25],"texture":"#o9"}}},{"from":[24.3,8.08,7.68005],"to":[32.0,8.48,8.25995],"rotation":{"angle":0.0,"axis":"x","origin":[24.8,7.78,7.97]},"faces":{"north":{"uv":[0.0,1.0,0.25,1.25],"texture":"#o9"},"south":{"uv":[0.0,1.0,0.25,1.25],"texture":"#o9"},"east":{"uv":[0.0,1.0,0.25,1.25],"texture":"#o9"},"west":{"uv":[0.0,1.0,0.25,1.25],"texture":"#o9"},"up":{"uv":[0.0,1.0,0.25,1.25],"texture":"#o9"},"down":{"uv":[0.5,1.0,0.75,1.25],"texture":"#o9"}}},{"from":[1.12791,7.11437,9.06313],"to":[5.36791,7.92053,9.25929],"rotation":{"angle":0.0,"axis":"y","origin":[0.70791,7.01053,6.19952]},"faces":{"north":{"uv":[6.875,3.25,7.5,3.875],"texture":"#o8"},"south":{"uv":[6.875,3.25,7.5,3.875],"texture":"#o8"},"east":{"uv":[6.875,3.25,7.5,3.875],"texture":"#o8"},"west":{"uv":[6.875,3.25,7.5,3.875],"texture":"#o8"},"up":{"uv":[6.875,3.25,7.5,3.875],"texture":"#o8"},"down":{"uv":[6.875,3.25,7.5,3.875],"texture":"#o8"}}},{"from":[19.80791,7.39437,7.59313],"to":[24.50791,8.15053,8.33929],"rotation":{"angle":0.0,"axis":"y","origin":[7.40791,7.01053,6.19952]},"faces":{"north":{"uv":[12.375,0.125,13.0,0.75],"texture":"#o8"},"south":{"uv":[12.375,0.125,13.0,0.75],"texture":"#o8"},"east":{"uv":[12.375,0.125,13.0,0.75],"texture":"#o8"},"west":{"uv":[12.375,0.125,13.0,0.75],"texture":"#o8"},"up":{"uv":[12.375,0.125,13.0,0.75],"texture":"#o8"},"down":{"uv":[12.375,0.125,13.0,0.75],"texture":"#o8"}}},{"from":[19.80791,8.37437,7.78313],"to":[21.92791,8.73053,8.13929],"rotation":{"angle":0.0,"axis":"y","origin":[7.40791,7.59053,6.19952]},"faces":{"north":{"uv":[12.375,0.125,13.0,0.75],"texture":"#o8"},"south":{"uv":[12.375,0.125,13.0,0.75],"texture":"#o8"},"east":{"uv":[12.375,0.125,13.0,0.75],"texture":"#o8"},"west":{"uv":[12.375,0.125,13.0,0.75],"texture":"#o8"},"up":{"uv":[12.375,0.125,13.0,0.75],"texture":"#o8"},"down":{"uv":[12.375,0.125,13.0,0.75],"texture":"#o8"}}},{"from":[21.53791,9.69437,7.73313],"to":[21.92791,10.98053,8.18929],"rotation":{"angle":0.0,"axis":"y","origin":[7.76791,7.29053,6.19952]},"faces":{"north":{"uv":[5.375,5.125,6.0,5.75],"texture":"#o8"},"south":{"uv":[5.375,5.125,6.0,5.75],"texture":"#o8"},"east":{"uv":[5.375,5.125,6.0,5.75],"texture":"#o8"},"west":{"uv":[5.375,5.125,6.0,5.75],"texture":"#o8"},"up":{"uv":[5.375,5.125,6.0,5.75],"texture":"#o8"},"down":{"uv":[5.375,5.125,6.0,5.75],"texture":"#o8"}}},{"from":[21.38791,10.98053,7.73313],"to":[22.00791,11.20669,7.81929],"rotation":{"angle":0.0,"axis":"y","origin":[7.84791,8.57669,6.19952]},"faces":{"north":{"uv":[5.375,5.125,6.0,5.75],"texture":"#o8"},"south":{"uv":[5.375,5.125,6.0,5.75],"texture":"#o8"},"east":{"uv":[5.375,5.125,6.0,5.75],"texture":"#o8"},"west":{"uv":[5.375,5.125,6.0,5.75],"texture":"#o8"},"up":{"uv":[5.375,5.125,6.0,5.75],"texture":"#o8"},"down":{"uv":[5.375,5.125,6.0,5.75],"texture":"#o8"}}},{"from":[21.38791,10.98053,8.10313],"to":[22.00791,11.20669,8.18929],"rotation":{"angle":0.0,"axis":"y","origin":[7.84791,8.57669,6.56952]},"faces":{"north":{"uv":[5.375,5.125,6.0,5.75],"texture":"#o8"},"south":{"uv":[5.375,5.125,6.0,5.75],"texture":"#o8"},"east":{"uv":[5.375,5.125,6.0,5.75],"texture":"#o8"},"west":{"uv":[5.375,5.125,6.0,5.75],"texture":"#o8"},"up":{"uv":[5.375,5.125,6.0,5.75],"texture":"#o8"},"down":{"uv":[5.375,5.125,6.0,5.75],"texture":"#o8"}}},{"from":[21.72791,10.98053,7.92313],"to":[21.79791,11.09669,7.99929],"rotation":{"angle":0.0,"axis":"y","origin":[7.84791,8.57669,6.36952]},"faces":{"north":{"uv":[5.375,5.125,6.0,5.75],"texture":"#o8"},"south":{"uv":[5.375,5.125,6.0,5.75],"texture":"#o8"},"east":{"uv":[5.375,5.125,6.0,5.75],"texture":"#o8"},"west":{"uv":[5.375,5.125,6.0,5.75],"texture":"#o8"},"up":{"uv":[5.375,5.125,6.0,5.75],"texture":"#o8"},"down":{"uv":[5.375,5.125,6.0,5.75],"texture":"#o8"}}},{"from":[21.38791,10.38437,7.73313],"to":[21.53791,10.98053,8.18929],"rotation":{"angle":0.0,"axis":"y","origin":[7.37791,7.29053,6.19952]},"faces":{"north":{"uv":[5.375,5.125,6.0,5.75],"texture":"#o8"},"south":{"uv":[5.375,5.125,6.0,5.75],"texture":"#o8"},"up":{"uv":[5.375,5.125,6.0,5.75],"texture":"#o8"},"down":{"uv":[5.375,5.125,6.0,5.75],"texture":"#o8"}}},{"from":[20.99791,10.38437,7.73313],"to":[21.38791,10.58053,8.18929],"rotation":{"angle":0.0,"axis":"y","origin":[7.22791,7.29053,6.19952]},"faces":{"north":{"uv":[5.375,5.125,6.0,5.75],"texture":"#o8"},"south":{"uv":[5.375,5.125,6.0,5.75],"texture":"#o8"},"east":{"uv":[5.375,5.125,6.0,5.75],"texture":"#o8"},"west":{"uv":[5.375,5.125,6.0,5.75],"texture":"#o8"},"up":{"uv":[5.375,5.125,6.0,5.75],"texture":"#o8"},"down":{"uv":[5.375,5.125,6.0,5.75],"texture":"#o8"}}},{"from":[21.18791,10.58053,7.73313],"to":[21.38791,10.77669,8.18929],"rotation":{"angle":0.0,"axis":"y","origin":[7.22791,7.48669,6.19952]},"faces":{"north":{"uv":[5.375,5.125,6.0,5.75],"texture":"#o8"},"south":{"uv":[5.375,5.125,6.0,5.75],"texture":"#o8"}}},{"from":[21.15517,7.41864,7.73313],"to":[21.30517,11.0148,8.18929],"rotation":{"angle":-45.0,"axis":"z","origin":[21.23017,10.71672,7.96121]},"faces":{"north":{"uv":[5.375,5.125,6.0,5.75],"texture":"#o8"},"south":{"uv":[5.375,5.125,6.0,5.75],"texture":"#o8"},"east":{"uv":[5.375,5.125,6.0,5.75],"texture":"#o8"},"west":{"uv":[5.375,5.125,6.0,5.75],"texture":"#o8"},"up":{"uv":[5.375,5.125,6.0,5.75],"texture":"#o8"},"down":{"uv":[5.375,5.125,6.0,5.75],"texture":"#o8"}}},{"from":[21.92791,8.07437,7.73313],"to":[22.00791,10.98053,8.18929],"rotation":{"angle":0.0,"axis":"y","origin":[7.84791,7.29053,6.19952]},"faces":{"north":{"uv":[5.375,5.125,6.0,5.75],"texture":"#o8"},"south":{"uv":[5.375,5.125,6.0,5.75],"texture":"#o8"},"east":{"uv":[5.375,5.125,6.0,5.75],"texture":"#o8"},"west":{"uv":[5.375,5.125,6.0,5.75],"texture":"#o8"},"up":{"uv":[5.375,5.125,6.0,5.75],"texture":"#o8"},"down":{"uv":[5.375,5.125,6.0,5.75],"texture":"#o8"}}},{"from":[5.36791,7.51437,6.86313],"to":[6.30791,9.07053,9.05929],"rotation":{"angle":0.0,"axis":"y","origin":[0.70791,7.01053,6.19952]},"faces":{"north":{"uv":[5.125,5.125,5.75,5.76732],"texture":"#o8"},"south":{"uv":[5.125,5.125,5.75,5.76732],"texture":"#o8"},"east":{"uv":[5.125,5.125,5.75,5.76732],"texture":"#o8"},"west":{"uv":[5.125,5.125,5.75,5.76732],"texture":"#o8"},"up":{"uv":[5.125,5.125,5.75,5.76732],"texture":"#o8"},"down":{"uv":[5.125,5.125,5.75,5.76732],"texture":"#o8"}}},{"from":[1.12791,7.51437,6.86313],"to":[5.36791,9.07053,8.05929],"rotation":{"angle":0.0,"axis":"y","origin":[0.70791,7.01053,6.19952]},"faces":{"north":{"uv":[4.625,4.5,5.625,5.5],"texture":"#o8"},"south":{"uv":[6.875,3.25,7.5,3.875],"texture":"#o8"},"east":{"uv":[0.0,0.0,2.39232,3.11232],"texture":"#missing"},"west":{"uv":[0.0,0.0,2.39232,3.11232],"texture":"#missing"},"up":{"uv":[5.125,5.125,5.73,5.64232],"texture":"#o8"},"down":{"uv":[5.125,5.125,5.605,5.64232],"texture":"#o8"}}},{"from":[-5.03209,7.51437,6.86313],"to":[1.12791,9.07053,9.05929],"rotation":{"angle":0.0,"axis":"y","origin":[0.70791,7.01053,6.19952]},"faces":{"north":{"uv":[4.625,4.5,5.625,5.5],"texture":"#o8"},"south":{"uv":[5.125,5.0,5.695,5.61232],"texture":"#o8"},"east":{"uv":[5.125,5.0,5.695,5.61232],"texture":"#o8"},"west":{"uv":[5.0,5.125,5.76732,5.86232],"texture":"#o8"},"up":{"uv":[5.25,5.0,5.82,5.64232],"texture":"#o8"},"down":{"uv":[5.25,5.125,5.695,5.64232],"texture":"#o8"}}},{"from":[-5.03209,6.71437,7.02313],"to":[6.31791,7.52053,8.89929],"rotation":{"angle":0.0,"axis":"y","origin":[0.70791,7.01053,6.19952]},"faces":{"north":{"uv":[4.5,2.0,10.125,2.375],"texture":"#o8"},"south":{"uv":[10.125,2.0,4.5,2.375],"texture":"#o8"},"east":{"uv":[6.0,0.5,7.0,0.875],"texture":"#o8"},"west":{"uv":[1.0,6.0,2.0,6.375],"texture":"#o8"},"up":{"uv":[6.875,3.25,7.5,3.875],"texture":"#o8"},"down":{"uv":[5.5,5.25,5.0,5.75],"texture":"#o8"}}},{"from":[-3.51209,5.60437,7.02313],"to":[5.30791,6.72053,8.89929],"rotation":{"angle":0.0,"axis":"y","origin":[0.70791,7.01053,6.19952]},"faces":{"north":{"uv":[0.0,4.0,4.375,4.5],"texture":"#o8"},"south":{"uv":[4.375,4.0,0.0,4.5],"texture":"#o8"},"east":{"uv":[0.0,6.0,1.0,6.5],"texture":"#o8"},"west":{"uv":[4.625,4.5,5.625,5.5],"texture":"#o8"},"up":{"uv":[4.375,3.0,0.0,2.0],"texture":"#o8"},"down":{"uv":[4.375,3.0,0.0,4.0],"texture":"#o8"}}},{"from":[1.27791,3.88821,7.02313],"to":[5.30791,5.60437,8.89929],"rotation":{"angle":0.0,"axis":"y","origin":[0.72791,7.09437,6.19952]},"faces":{"north":{"uv":[0.0,5.0,2.0,5.875],"texture":"#o8"},"south":{"uv":[2.0,5.0,0.0,5.875],"texture":"#o8"},"east":{"uv":[4.0,5.0,5.0,5.875],"texture":"#o8"},"west":{"uv":[5.0,5.0,6.0,5.875],"texture":"#o8"},"down":{"uv":[6.5,4.0,4.5,5.0],"texture":"#o8"}}},{"from":[-2.60209,-0.27179,6.92313],"to":[-0.77209,4.79821,8.99929],"rotation":{"angle":-22.5,"axis":"z","origin":[0.82791,7.09437,6.19952]},"faces":{"north":{"uv":[12.125,0.0,13.125,1.0],"texture":"#o8"},"south":{"uv":[12.125,0.0,13.125,1.0],"texture":"#o8"},"east":{"uv":[12.125,0.0,13.125,1.0],"texture":"#o8"},"west":{"uv":[12.125,0.0,13.125,1.0],"texture":"#o8"},"up":{"uv":[12.125,0.0,13.125,1.0],"texture":"#o8"},"down":{"uv":[12.125,0.0,13.125,1.0],"texture":"#o8"}}},{"from":[-0.61209,5.18821,7.72313],"to":[-0.43209,5.68821,8.19929],"rotation":{"angle":-22.5,"axis":"z","origin":[-0.62209,5.58821,7.96121]},"faces":{"north":{"uv":[4.625,4.5,5.625,5.5],"texture":"#o8"},"south":{"uv":[4.625,4.5,5.625,5.5],"texture":"#o8"},"east":{"uv":[4.625,4.5,5.625,5.5],"texture":"#o8"},"west":{"uv":[4.625,4.5,5.625,5.5],"texture":"#o8"}}},{"from":[-0.76592,4.35483,7.72313],"to":[-0.58592,5.21483,8.19929],"rotation":{"angle":0.0,"axis":"z","origin":[-0.67592,5.25483,7.96121]},"faces":{"north":{"uv":[4.625,4.5,5.625,5.5],"texture":"#o8"},"south":{"uv":[4.625,4.5,5.625,5.5],"texture":"#o8"},"east":{"uv":[4.625,4.5,5.625,5.5],"texture":"#o8"},"west":{"uv":[4.625,4.5,5.625,5.5],"texture":"#o8"},"down":{"uv":[4.625,4.5,5.625,5.5],"texture":"#o8"}}},{"from":[-1.57209,3.88821,7.02313],"to":[1.27791,4.08821,8.89929],"rotation":{"angle":0.0,"axis":"y","origin":[0.82791,7.09437,6.19952]},"faces":{"north":{"uv":[4.625,4.5,5.625,5.5],"texture":"#o8"},"south":{"uv":[4.625,4.5,5.625,5.5],"texture":"#o8"},"up":{"uv":[4.625,4.5,5.625,5.5],"texture":"#o8"},"down":{"uv":[4.625,4.5,5.625,5.5],"texture":"#o8"}}},{"from":[-1.57209,4.08821,7.02313],"to":[-1.35209,5.60821,8.89929],"rotation":{"angle":0.0,"axis":"y","origin":[0.82791,7.09437,6.19952]},"faces":{"north":{"uv":[4.625,4.5,5.625,5.5],"texture":"#o8"},"south":{"uv":[4.625,4.5,5.625,5.5],"texture":"#o8"},"east":{"uv":[4.625,4.5,5.625,5.5],"texture":"#o8"}}},{"from":[-2.249,3.86529,6.92313],"to":[-1.529,5.58529,8.99929],"rotation":{"angle":0.0,"axis":"y","origin":[0.851,7.07145,6.19952]},"faces":{"north":{"uv":[12.125,0.0,13.125,1.0],"texture":"#o8"},"south":{"uv":[12.125,0.0,13.125,1.0],"texture":"#o8"},"east":{"uv":[12.125,0.0,13.125,1.0],"texture":"#o8"},"down":{"uv":[12.125,0.0,13.125,1.0],"texture":"#o8"}}},{"from":[-3.549,5.46529,6.92313],"to":[-3.2197,6.2856,8.99929],"rotation":{"angle":0.0,"axis":"y","origin":[0.851,7.07145,6.19952]},"faces":{"north":{"uv":[12.125,0.0,13.125,1.0],"texture":"#o8"},"south":{"uv":[12.125,0.0,13.125,1.0],"texture":"#o8"},"west":{"uv":[12.125,0.0,13.125,1.0],"texture":"#o8"},"up":{"uv":[12.125,0.0,13.125,1.0],"texture":"#o8"}}},{"from":[-15.51209,6.71437,7.02313],"to":[-5.03209,9.07053,8.89929],"rotation":{"angle":0.0,"axis":"y","origin":[0.84791,7.01053,6.19952]},"faces":{"north":{"uv":[4.625,4.5,5.625,5.5],"texture":"#o8"},"south":{"uv":[4.625,4.5,5.625,5.5],"texture":"#o8"},"west":{"uv":[4.625,4.5,5.625,5.5],"texture":"#o8"},"up":{"uv":[4.625,4.5,5.625,5.5],"texture":"#o8"}}},{"from":[-15.51209,2.52437,7.02313],"to":[-15.09209,6.71437,8.89929],"rotation":{"angle":0.0,"axis":"y","origin":[0.84791,7.01053,6.19952]},"faces":{"north":{"uv":[4.625,4.5,5.625,5.5],"texture":"#o8"},"south":{"uv":[4.625,4.5,5.625,5.5],"texture":"#o8"},"west":{"uv":[4.625,4.5,5.625,5.5],"texture":"#o8"},"down":{"uv":[4.625,4.5,5.625,5.5],"texture":"#o8"}}},{"from":[-15.96837,4.61193,7.02313],"to":[-5.0428,5.59193,8.88929],"rotation":{"angle":22.5,"axis":"z","origin":[-10.3278,5.79596,7.96121]},"faces":{"north":{"uv":[4.625,4.5,5.625,5.5],"texture":"#o8"},"south":{"uv":[4.625,4.5,5.625,5.5],"texture":"#o8"},"down":{"uv":[4.625,4.5,5.625,5.5],"texture":"#o8"}}},{"from":[-15.49591,5.61629,7.02313],"to":[-7.30034,6.56629,8.88929],"rotation":{"angle":22.5,"axis":"z","origin":[-10.20534,5.50032,7.96121]},"faces":{"north":{"uv":[4.625,4.5,5.625,5.5],"texture":"#o8"},"south":{"uv":[4.625,4.5,5.625,5.5],"texture":"#o8"}}},{"from":[-15.10591,6.56629,7.02313],"to":[-9.59034,7.50629,8.88929],"rotation":{"angle":22.5,"axis":"z","origin":[-10.20534,5.50032,7.96121]},"faces":{"north":{"uv":[4.625,4.5,5.625,5.5],"texture":"#o8"},"south":{"uv":[4.625,4.5,5.625,5.5],"texture":"#o8"}}},{"from":[-14.67591,7.50629,7.02313],"to":[-11.87034,8.51629,8.88929],"rotation":{"angle":22.5,"axis":"z","origin":[-10.20534,5.50032,7.96121]},"faces":{"north":{"uv":[4.625,4.5,5.625,5.5],"texture":"#o8"},"south":{"uv":[4.625,4.5,5.625,5.5],"texture":"#o8"}}},{"from":[-3.26209,9.07053,7.25313],"to":[-2.70209,9.45669,8.67929],"rotation":{"angle":0.0,"axis":"y","origin":[0.78791,6.67669,6.19952]},"faces":{"north":{"uv":[12.125,0.0,13.125,1.0],"texture":"#o8"},"south":{"uv":[12.125,0.0,13.125,1.0],"texture":"#o8"},"east":{"uv":[12.125,0.0,13.125,1.0],"texture":"#o8"},"west":{"uv":[12.125,0.0,13.125,1.0],"texture":"#o8"},"up":{"uv":[12.125,0.0,13.125,1.0],"texture":"#o8"},"down":{"uv":[12.125,0.0,13.125,1.0],"texture":"#o8"}}},{"from":[-2.66209,9.07053,7.25313],"to":[6.09791,9.45669,8.67929],"rotation":{"angle":0.0,"axis":"y","origin":[1.58791,6.67669,6.19952]},"faces":{"north":{"uv":[0.0,6.625,1.0,7.625],"texture":"#o8"},"south":{"uv":[0.0,6.625,1.0,7.625],"texture":"#o8"},"east":{"uv":[0.0,6.625,1.0,7.625],"texture":"#o8"},"west":{"uv":[0.0,6.625,1.0,7.625],"texture":"#o8"},"up":{"uv":[0.0,6.625,1.0,7.625],"texture":"#o8"},"down":{"uv":[0.0,6.625,1.0,7.625],"texture":"#o8"}}},{"from":[5.19791,9.45669,7.25313],"to":[6.09791,9.80669,8.67933],"rotation":{"angle":0.0,"axis":"y","origin":[2.61,7.06285,6.19952]},"faces":{"north":{"uv":[0.0,6.625,1.0,7.625],"texture":"#o8"},"south":{"uv":[0.0,6.625,1.0,7.625],"texture":"#o8"},"east":{"uv":[0.0,6.625,1.0,7.625],"texture":"#o8"},"west":{"uv":[0.0,6.625,1.0,7.625],"texture":"#o8"},"up":{"uv":[0.0,6.625,1.0,7.625],"texture":"#o8"},"down":{"uv":[0.0,6.625,1.0,7.625],"texture":"#o8"}}},{"from":[5.19791,9.10622,7.33825],"to":[6.09791,9.35371,7.58574],"rotation":{"angle":-45.0,"axis":"x","origin":[5.64791,9.17871,6.87264]},"faces":{"north":{"uv":[0.0,6.625,1.0,7.625],"texture":"#o8"},"south":{"uv":[0.0,6.625,1.0,7.625],"texture":"#o8"},"east":{"uv":[0.0,6.625,1.0,7.625],"texture":"#o8"},"west":{"uv":[0.0,6.625,1.0,7.625],"texture":"#o8"},"up":{"uv":[0.0,6.625,1.0,7.625],"texture":"#o8"},"down":{"uv":[0.0,6.625,1.0,7.625],"texture":"#o8"}}},{"from":[3.39791,9.10622,7.33825],"to":[4.29791,9.35371,7.58574],"rotation":{"angle":-45.0,"axis":"x","origin":[5.64791,9.17871,6.87264]},"faces":{"north":{"uv":[0.0,6.625,1.0,7.625],"texture":"#o8"},"south":{"uv":[0.0,6.625,1.0,7.625],"texture":"#o8"},"east":{"uv":[0.0,6.625,1.0,7.625],"texture":"#o8"},"west":{"uv":[0.0,6.625,1.0,7.625],"texture":"#o8"},"up":{"uv":[0.0,6.625,1.0,7.625],"texture":"#o8"},"down":{"uv":[0.0,6.625,1.0,7.625],"texture":"#o8"}}},{"from":[-0.20209,9.10622,7.33825],"to":[0.69791,9.35371,7.58574],"rotation":{"angle":-45.0,"axis":"x","origin":[5.64791,9.17871,6.87264]},"faces":{"north":{"uv":[0.0,6.625,1.0,7.625],"texture":"#o8"},"south":{"uv":[0.0,6.625,1.0,7.625],"texture":"#o8"},"east":{"uv":[0.0,6.625,1.0,7.625],"texture":"#o8"},"west":{"uv":[0.0,6.625,1.0,7.625],"texture":"#o8"},"up":{"uv":[0.0,6.625,1.0,7.625],"texture":"#o8"},"down":{"uv":[0.0,6.625,1.0,7.625],"texture":"#o8"}}},{"from":[-2.00209,9.10622,7.33825],"to":[-1.10209,9.35371,7.58574],"rotation":{"angle":-45.0,"axis":"x","origin":[5.64791,9.17871,6.87264]},"faces":{"north":{"uv":[0.0,6.625,1.0,7.625],"texture":"#o8"},"south":{"uv":[0.0,6.625,1.0,7.625],"texture":"#o8"},"east":{"uv":[0.0,6.625,1.0,7.625],"texture":"#o8"},"west":{"uv":[0.0,6.625,1.0,7.625],"texture":"#o8"},"up":{"uv":[0.0,6.625,1.0,7.625],"texture":"#o8"},"down":{"uv":[0.0,6.625,1.0,7.625],"texture":"#o8"}}},{"from":[1.59791,9.10622,7.33825],"to":[2.49791,9.35371,7.58574],"rotation":{"angle":-45.0,"axis":"x","origin":[5.64791,9.17871,6.87264]},"faces":{"north":{"uv":[0.0,6.625,1.0,7.625],"texture":"#o8"},"south":{"uv":[0.0,6.625,1.0,7.625],"texture":"#o8"},"east":{"uv":[0.0,6.625,1.0,7.625],"texture":"#o8"},"west":{"uv":[0.0,6.625,1.0,7.625],"texture":"#o8"},"up":{"uv":[0.0,6.625,1.0,7.625],"texture":"#o8"},"down":{"uv":[0.0,6.625,1.0,7.625],"texture":"#o8"}}},{"from":[-2.00209,9.10622,8.76445],"to":[-1.10209,9.35371,9.01194],"rotation":{"angle":-45.0,"axis":"x","origin":[5.64791,9.17871,8.29884]},"faces":{"north":{"uv":[0.0,6.625,1.0,7.625],"texture":"#o8"},"south":{"uv":[0.0,6.625,1.0,7.625],"texture":"#o8"},"east":{"uv":[0.0,6.625,1.0,7.625],"texture":"#o8"},"west":{"uv":[0.0,6.625,1.0,7.625],"texture":"#o8"},"up":{"uv":[0.0,6.625,1.0,7.625],"texture":"#o8"},"down":{"uv":[0.0,6.625,1.0,7.625],"texture":"#o8"}}},{"from":[-0.20209,9.10622,8.76445],"to":[0.69791,9.35371,9.01194],"rotation":{"angle":-45.0,"axis":"x","origin":[5.64791,9.17871,8.29884]},"faces":{"north":{"uv":[0.0,6.625,1.0,7.625],"texture":"#o8"},"south":{"uv":[0.0,6.625,1.0,7.625],"texture":"#o8"},"east":{"uv":[0.0,6.625,1.0,7.625],"texture":"#o8"},"west":{"uv":[0.0,6.625,1.0,7.625],"texture":"#o8"},"up":{"uv":[0.0,6.625,1.0,7.625],"texture":"#o8"},"down":{"uv":[0.0,6.625,1.0,7.625],"texture":"#o8"}}},{"from":[1.59791,9.10622,8.76445],"to":[2.49791,9.35371,9.01194],"rotation":{"angle":-45.0,"axis":"x","origin":[5.64791,9.17871,8.29884]},"faces":{"north":{"uv":[0.0,6.625,1.0,7.625],"texture":"#o8"},"south":{"uv":[0.0,6.625,1.0,7.625],"texture":"#o8"},"east":{"uv":[0.0,6.625,1.0,7.625],"texture":"#o8"},"west":{"uv":[0.0,6.625,1.0,7.625],"texture":"#o8"},"up":{"uv":[0.0,6.625,1.0,7.625],"texture":"#o8"},"down":{"uv":[0.0,6.625,1.0,7.625],"texture":"#o8"}}},{"from":[3.39791,9.10622,8.76445],"to":[4.29791,9.35371,9.01194],"rotation":{"angle":-45.0,"axis":"x","origin":[5.64791,9.17871,8.29884]},"faces":{"north":{"uv":[0.0,6.625,1.0,7.625],"texture":"#o8"},"south":{"uv":[0.0,6.625,1.0,7.625],"texture":"#o8"},"east":{"uv":[0.0,6.625,1.0,7.625],"texture":"#o8"},"west":{"uv":[0.0,6.625,1.0,7.625],"texture":"#o8"},"up":{"uv":[0.0,6.625,1.0,7.625],"texture":"#o8"},"down":{"uv":[0.0,6.625,1.0,7.625],"texture":"#o8"}}},{"from":[5.19791,9.10622,8.76445],"to":[6.09791,9.35371,9.01194],"rotation":{"angle":-45.0,"axis":"x","origin":[5.64791,9.17871,8.29884]},"faces":{"north":{"uv":[0.0,6.625,1.0,7.625],"texture":"#o8"},"south":{"uv":[0.0,6.625,1.0,7.625],"texture":"#o8"},"east":{"uv":[0.0,6.625,1.0,7.625],"texture":"#o8"},"west":{"uv":[0.0,6.625,1.0,7.625],"texture":"#o8"},"up":{"uv":[0.0,6.625,1.0,7.625],"texture":"#o8"},"down":{"uv":[0.0,6.625,1.0,7.625],"texture":"#o8"}}},{"from":[3.39791,9.45669,7.25313],"to":[4.29791,9.80669,8.67933],"rotation":{"angle":0.0,"axis":"y","origin":[0.81,7.06285,6.19952]},"faces":{"north":{"uv":[0.0,6.625,1.0,7.625],"texture":"#o8"},"south":{"uv":[0.0,6.625,1.0,7.625],"texture":"#o8"},"east":{"uv":[0.0,6.625,1.0,7.625],"texture":"#o8"},"west":{"uv":[0.0,6.625,1.0,7.625],"texture":"#o8"},"up":{"uv":[0.0,6.625,1.0,7.625],"texture":"#o8"},"down":{"uv":[0.0,6.625,1.0,7.625],"texture":"#o8"}}},{"from":[1.59791,9.45669,7.25313],"to":[2.49791,9.80669,8.67933],"rotation":{"angle":0.0,"axis":"y","origin":[-0.99,7.06285,6.19952]},"faces":{"north":{"uv":[0.0,6.625,1.0,7.625],"texture":"#o8"},"south":{"uv":[0.0,6.625,1.0,7.625],"texture":"#o8"},"east":{"uv":[0.0,6.625,1.0,7.625],"texture":"#o8"},"west":{"uv":[0.0,6.625,1.0,7.625],"texture":"#o8"},"up":{"uv":[0.0,6.625,1.0,7.625],"texture":"#o8"},"down":{"uv":[0.0,6.625,1.0,7.625],"texture":"#o8"}}},{"from":[-0.20209,9.45669,7.25313],"to":[0.69791,9.80669,8.67933],"rotation":{"angle":0.0,"axis":"y","origin":[-2.79,7.06285,6.19952]},"faces":{"north":{"uv":[0.0,6.625,1.0,7.625],"texture":"#o8"},"south":{"uv":[0.0,6.625,1.0,7.625],"texture":"#o8"},"east":{"uv":[0.0,6.625,1.0,7.625],"texture":"#o8"},"west":{"uv":[0.0,6.625,1.0,7.625],"texture":"#o8"},"up":{"uv":[0.0,6.625,1.0,7.625],"texture":"#o8"},"down":{"uv":[0.0,6.625,1.0,7.625],"texture":"#o8"}}},{"from":[-2.00209,9.45669,7.25313],"to":[-1.10209,9.80669,8.67933],"rotation":{"angle":0.0,"axis":"y","origin":[-4.59,7.06285,6.19952]},"faces":{"north":{"uv":[0.0,6.625,1.0,7.625],"texture":"#o8"},"south":{"uv":[0.0,6.625,1.0,7.625],"texture":"#o8"},"east":{"uv":[0.0,6.625,1.0,7.625],"texture":"#o8"},"west":{"uv":[0.0,6.625,1.0,7.625],"texture":"#o8"},"up":{"uv":[0.0,6.625,1.0,7.625],"texture":"#o8"},"down":{"uv":[0.0,6.625,1.0,7.625],"texture":"#o8"}}},{"from":[8.33791,6.34331,7.45313],"to":[17.09791,6.82947,8.67929],"rotation":{"angle":0.0,"axis":"y","origin":[1.58791,9.32331,6.19952]},"faces":{"north":{"uv":[0.0,7.625,1.0,6.625],"texture":"#o8"},"south":{"uv":[0.0,7.625,1.0,6.625],"texture":"#o8"},"east":{"uv":[0.0,7.625,1.0,6.625],"texture":"#o8"},"west":{"uv":[0.0,7.625,1.0,6.625],"texture":"#o8"},"up":{"uv":[0.0,7.625,1.0,6.625],"texture":"#o8"},"down":{"uv":[0.0,7.625,1.0,6.625],"texture":"#o8"}}},{"from":[16.19791,5.99331,7.45313],"to":[17.09791,6.34331,8.67933],"rotation":{"angle":0.0,"axis":"y","origin":[2.61,8.93715,6.19952]},"faces":{"north":{"uv":[0.0,7.625,1.0,6.625],"texture":"#o8"},"south":{"uv":[0.0,7.625,1.0,6.625],"texture":"#o8"},"east":{"uv":[0.0,7.625,1.0,6.625],"texture":"#o8"},"west":{"uv":[0.0,7.625,1.0,6.625],"texture":"#o8"},"up":{"uv":[0.0,7.625,1.0,6.625],"texture":"#o8"},"down":{"uv":[0.0,7.625,1.0,6.625],"texture":"#o8"}}},{"from":[14.39791,5.99331,7.45313],"to":[15.29791,6.34331,8.67933],"rotation":{"angle":0.0,"axis":"y","origin":[0.81,8.93715,6.19952]},"faces":{"north":{"uv":[0.0,7.625,1.0,6.625],"texture":"#o8"},"south":{"uv":[0.0,7.625,1.0,6.625],"texture":"#o8"},"east":{"uv":[0.0,7.625,1.0,6.625],"texture":"#o8"},"west":{"uv":[0.0,7.625,1.0,6.625],"texture":"#o8"},"up":{"uv":[0.0,7.625,1.0,6.625],"texture":"#o8"},"down":{"uv":[0.0,7.625,1.0,6.625],"texture":"#o8"}}},{"from":[12.59791,5.99331,7.45313],"to":[13.49791,6.34331,8.67933],"rotation":{"angle":0.0,"axis":"y","origin":[-0.99,8.93715,6.19952]},"faces":{"north":{"uv":[0.0,7.625,1.0,6.625],"texture":"#o8"},"south":{"uv":[0.0,7.625,1.0,6.625],"texture":"#o8"},"east":{"uv":[0.0,7.625,1.0,6.625],"texture":"#o8"},"west":{"uv":[0.0,7.625,1.0,6.625],"texture":"#o8"},"up":{"uv":[0.0,7.625,1.0,6.625],"texture":"#o8"},"down":{"uv":[0.0,7.625,1.0,6.625],"texture":"#o8"}}},{"from":[10.79791,5.99331,7.45313],"to":[11.69791,6.34331,8.67933],"rotation":{"angle":0.0,"axis":"y","origin":[-2.79,8.93715,6.19952]},"faces":{"north":{"uv":[0.0,7.625,1.0,6.625],"texture":"#o8"},"south":{"uv":[0.0,7.625,1.0,6.625],"texture":"#o8"},"east":{"uv":[0.0,7.625,1.0,6.625],"texture":"#o8"},"west":{"uv":[0.0,7.625,1.0,6.625],"texture":"#o8"},"up":{"uv":[0.0,7.625,1.0,6.625],"texture":"#o8"},"down":{"uv":[0.0,7.625,1.0,6.625],"texture":"#o8"}}},{"from":[8.99791,5.99331,7.45313],"to":[9.89791,6.34331,8.67933],"rotation":{"angle":0.0,"axis":"y","origin":[-4.59,8.93715,6.19952]},"faces":{"north":{"uv":[0.0,7.625,1.0,6.625],"texture":"#o8"},"south":{"uv":[0.0,7.625,1.0,6.625],"texture":"#o8"},"east":{"uv":[0.0,7.625,1.0,6.625],"texture":"#o8"},"west":{"uv":[0.0,7.625,1.0,6.625],"texture":"#o8"},"up":{"uv":[0.0,7.625,1.0,6.625],"texture":"#o8"},"down":{"uv":[0.0,7.625,1.0,6.625],"texture":"#o8"}}},{"from":[-4.02209,9.07053,6.75313],"to":[-3.26209,9.45669,9.16929],"rotation":{"angle":0.0,"axis":"y","origin":[0.70791,6.67669,6.19952]},"faces":{"north":{"uv":[12.125,0.0,13.125,1.0],"texture":"#o8"},"south":{"uv":[12.125,0.0,13.125,1.0],"texture":"#o8"},"east":{"uv":[12.125,0.0,13.125,1.0],"texture":"#o8"},"west":{"uv":[12.125,0.0,13.125,1.0],"texture":"#o8"},"up":{"uv":[12.125,0.0,13.125,1.0],"texture":"#o8"},"down":{"uv":[12.125,0.0,13.125,1.0],"texture":"#o8"}}},{"from":[1.12791,8.71437,8.06313],"to":[5.36791,9.07053,9.05929],"rotation":{"angle":0.0,"axis":"y","origin":[0.70791,7.01053,6.19952]},"faces":{"north":{"uv":[5.125,5.0,5.695,5.61232],"texture":"#o8"},"south":{"uv":[5.125,5.0,5.695,5.61232],"texture":"#o8"},"east":{"uv":[5.125,5.0,5.695,5.61232],"texture":"#o8"},"west":{"uv":[5.125,5.0,5.695,5.61232],"texture":"#o8"},"up":{"uv":[5.125,5.0,5.695,5.61232],"texture":"#o8"},"down":{"uv":[5.125,5.0,5.695,5.61232],"texture":"#o8"}}},{"from":[1.12791,7.51437,8.46313],"to":[5.36791,7.92053,9.05929],"rotation":{"angle":0.0,"axis":"y","origin":[0.70791,7.01053,6.19952]},"faces":{"north":{"uv":[6.875,3.25,7.5,3.875],"texture":"#o8"},"south":{"uv":[6.875,3.25,7.5,3.875],"texture":"#o8"},"east":{"uv":[6.875,3.25,7.5,3.875],"texture":"#o8"},"west":{"uv":[6.875,3.25,7.5,3.875],"texture":"#o8"},"up":{"uv":[6.875,3.25,7.5,3.875],"texture":"#o8"},"down":{"uv":[6.875,3.25,7.5,3.875],"texture":"#o8"}}},{"from":[13.0,7.42365,6.85],"to":[19.8,8.37635,9.15],"rotation":{"angle":45.0,"axis":"x","origin":[13.5,7.9,8.0]},"faces":{"north":{"uv":[6.875,3.375,7.375,3.875],"texture":"#o8"},"south":{"uv":[6.875,3.375,7.375,3.875],"texture":"#o8"},"east":{"uv":[6.875,3.375,7.375,3.875],"texture":"#o8"},"west":{"uv":[0.0,3.25,2.0,5.25],"texture":"#missing"}}},{"from":[13.0,7.42365,6.85],"to":[19.8,8.37635,9.15],"rotation":{"angle":0.0,"axis":"x","origin":[13.5,7.9,8.0]},"faces":{"north":{"uv":[6.875,3.375,7.375,3.875],"texture":"#o8"},"south":{"uv":[6.875,3.375,7.375,3.875],"texture":"#o8"},"east":{"uv":[6.875,3.375,7.375,3.875],"texture":"#o8"},"west":{"uv":[0.0,3.25,2.0,5.25],"texture":"#missing"}}},{"from":[13.0,6.75,7.52365],"to":[19.8,9.05,8.47635],"rotation":{"angle":45.0,"axis":"x","origin":[13.5,7.9,8.0]},"faces":{"east":{"uv":[6.875,3.375,7.375,3.875],"texture":"#o8"},"west":{"uv":[0.0,3.25,2.0,5.25],"texture":"#missing"},"up":{"uv":[6.875,3.375,7.375,3.875],"texture":"#o8"},"down":{"uv":[6.875,3.375,7.375,3.875],"texture":"#o8"}}},{"from":[13.0,6.75,7.52365],"to":[19.8,9.05,8.47635],"rotation":{"angle":0.0,"axis":"x","origin":[13.5,7.9,8.0]},"faces":{"east":{"uv":[6.875,3.375,7.375,3.875],"texture":"#o8"},"west":{"uv":[0.0,3.25,2.0,5.25],"texture":"#missing"},"up":{"uv":[6.875,3.375,7.375,3.875],"texture":"#o8"},"down":{"uv":[6.875,3.375,7.375,3.875],"texture":"#o8"}}},{"from":[6.3,7.38081,6.65],"to":[13.0,8.49919,9.35],"rotation":{"angle":45.0,"axis":"x","origin":[9.2,7.94,8.0]},"faces":{"north":{"uv":[6.875,3.375,7.375,3.875],"texture":"#o8"},"south":{"uv":[6.875,3.375,7.375,3.875],"texture":"#o8"},"east":{"uv":[6.875,3.375,7.375,3.875],"texture":"#o8"},"west":{"uv":[6.875,3.375,7.375,3.875],"texture":"#o8"}}},{"from":[6.3,7.38081,6.65],"to":[13.0,8.49919,9.35],"rotation":{"angle":0.0,"axis":"x","origin":[9.2,7.94,8.0]},"faces":{"north":{"uv":[6.875,3.375,7.375,3.875],"texture":"#o8"},"south":{"uv":[6.875,3.375,7.375,3.875],"texture":"#o8"},"east":{"uv":[6.875,3.375,7.375,3.875],"texture":"#o8"},"west":{"uv":[6.875,3.375,7.375,3.875],"texture":"#o8"}}},{"from":[6.3,6.59,7.44081],"to":[13.0,9.29,8.55919],"rotation":{"angle":45.0,"axis":"x","origin":[9.2,7.94,8.0]},"faces":{"east":{"uv":[6.875,3.375,7.375,3.875],"texture":"#o8"},"west":{"uv":[6.875,3.375,7.375,3.875],"texture":"#o8"},"up":{"uv":[6.875,3.375,7.375,3.875],"texture":"#o8"},"down":{"uv":[6.875,3.375,7.375,3.875],"texture":"#o8"}}},{"from":[6.3,6.59,7.44081],"to":[13.0,9.29,8.55919],"rotation":{"angle":0.0,"axis":"x","origin":[9.2,7.94,8.0]},"faces":{"east":{"uv":[6.875,3.375,7.375,3.875],"texture":"#o8"},"west":{"uv":[6.875,3.375,7.375,3.875],"texture":"#o8"},"up":{"uv":[6.875,3.375,7.375,3.875],"texture":"#o8"},"down":{"uv":[6.875,3.375,7.375,3.875],"texture":"#o8"}}},{"from":[1.50791,2.16821,7.12313],"to":[5.18791,3.88437,8.79929],"rotation":{"angle":0.0,"axis":"y","origin":[0.70791,5.37437,6.19952]},"faces":{"north":{"uv":[7.0,0.0,8.84,0.85808],"texture":"#o8"},"south":{"uv":[8.84,0.0,7.0,0.85808],"texture":"#o8"},"east":{"uv":[11.375,0.0,12.21308,0.85808],"texture":"#o8"},"west":{"uv":[11.25,0.0,12.08808,0.85808],"texture":"#o8"}}},{"from":[0.99861,-1.66752,7.13313],"to":[4.67861,1.74864,8.78929],"rotation":{"angle":22.5,"axis":"z","origin":[0.19861,3.23864,6.19952]},"faces":{"north":{"uv":[8.875,0.0,11.215,1.70808],"texture":"#o8"},"south":{"uv":[11.215,0.0,8.875,1.70808],"texture":"#o8"},"east":{"uv":[11.25,0.0,12.08808,1.70808],"texture":"#o8"},"west":{"uv":[11.25,0.0,12.08808,1.70808],"texture":"#o8"},"down":{"uv":[11.25,0.0,13.09,0.83808],"texture":"#o8"}}},{"from":[-16.0,-16.0,-15.99],"to":[32.0,32.0,-15.99],"faces":{"north":{"uv":[0.0,0.0,16.0,16.0],"texture":"#icon_background"}}},{"from":[-16.0,-16.0,-16.0],"to":[32.0,32.0,-16.0],"faces":{"north":{"uv":[0.0,0.0,16.0,16.0],"texture":"#icon"}}}],"display":{"firstperson_lefthand":{"rotation":[0.0,0.0,0.0],"translation":[0.0,0.0,0.0],"scale":[0.0,0.0,0.0]},"firstperson_righthand":{"rotation":[0.0,90.0,0.0],"translation":[-0.75,12.11,-2.5],"scale":[1.0,1.0,1.0]},"thirdperson_lefthand":{"rotation":[0.0,0.0,0.0],"translation":[0.0,0.0,0.0],"scale":[0.0,0.0,0.0]},"thirdperson_righthand":{"rotation":[0.0,0.0,0.0],"translation":[0.0,0.0,0.0],"scale":[0.0,0.0,0.0]},"ground":{"rotation":[-90.0,0.0,0.0],"scale":[0.8,0.8,0.8]},"gui":{"rotation":[0.0,-180.0,0.0],"translation":[0.0,0.0,0.0],"scale":[0.333,0.333,0.333]},"fixed":{"rotation":[0.0,0.0,45.0],"translation":[-0.25,0.5,-0.25],"scale":[0.8,0.8,0.8]},"head":{"rotation":[90.0,0.0,0.0],"translation":[3.25,-41.75,1.0],"scale":[1.2,1.2,1.2]}},"gui_light":"front"}