{"textures":{"o0":"generated/f","o1":"generated/25","o2":"generated/26","o3":"gun/player_skin_slim","o4":"gun/player_skin","o5":"generated/20","o6":"generated/12","o7":"generated/e","o8":"generated/27","o9":"generated/9","o11":"generated/d","o10":"generated/f","icon":"generated/2d","icon_background":"generated/2a"},"elements":[{"from":[-0.3167,1.8375,3.83899],"to":[15.6833,5.8375,6.83899],"rotation":{"angle":-22.5,"axis":"y","origin":[5.6833,6.5375,2.83899]},"faces":{"north":{"uv":[9.75,13.0,10.75,16.0],"rotation":90,"texture":"#o3"},"south":{"uv":[8.0,13.0,9.0,16.0],"rotation":270,"texture":"#o3"},"east":{"uv":[9.75,12.0,10.5,13.0],"rotation":270,"texture":"#o3"},"west":{"uv":[9.75,13.0,9.0,12.0],"texture":"#o3"},"up":{"uv":[9.0,13.0,9.75,16.0],"rotation":270,"texture":"#o3"},"down":{"uv":[10.75,13.0,11.5,16.0],"rotation":270,"texture":"#o3"}}},{"from":[-1.35036,1.5375,3.52773],"to":[17.04964,6.1375,6.97773],"rotation":{"angle":-22.5,"axis":"y","origin":[5.54964,6.9425,2.37773]},"faces":{"north":{"uv":[13.75,13.0,14.75,16.0],"rotation":90,"texture":"#o3"},"south":{"uv":[12.0,13.0,13.0,16.0],"rotation":270,"texture":"#o3"},"east":{"uv":[13.75,12.0,14.5,13.0],"rotation":270,"texture":"#o3"},"west":{"uv":[13.75,13.0,13.0,12.0],"texture":"#o3"},"up":{"uv":[13.0,13.0,13.75,16.0],"rotation":270,"texture":"#o3"},"down":{"uv":[14.75,13.0,15.5,16.0],"rotation":270,"texture":"#o3"}}},{"from":[-0.2163,9.80991,7.78987],"to":[0.81513,10.0967,7.99502],"rotation":{"angle":-45.0,"axis":"y","origin":[0.29941,9.45205,7.89244]},"faces":{"north":{"uv":[0.0,0.0,0.0,0.0],"texture":"#o7"},"south":{"uv":[0.0,0.0,0.0,0.0],"texture":"#o7"},"east":{"uv":[1.0,1.0,2.0,2.0],"texture":"#o7"},"west":{"uv":[1.0,1.0,2.0,2.0],"texture":"#o7"},"up":{"uv":[0.0,0.0,0.0,0.0],"texture":"#o7"},"down":{"uv":[1.0,1.0,2.0,2.0],"rotation":270,"texture":"#o7"}}},{"from":[-0.2163,9.80991,7.78987],"to":[0.81513,10.0967,7.99502],"rotation":{"angle":-22.5,"axis":"y","origin":[0.29941,9.45205,7.89244]},"faces":{"north":{"uv":[0.0,0.0,0.0,0.0],"texture":"#o7"},"south":{"uv":[0.0,0.0,0.0,0.0],"texture":"#o7"},"east":{"uv":[1.0,1.0,2.0,2.0],"texture":"#o7"},"west":{"uv":[1.0,1.0,2.0,2.0],"texture":"#o7"},"up":{"uv":[0.0,0.0,0.0,0.0],"texture":"#o7"},"down":{"uv":[1.0,1.0,2.0,2.0],"rotation":270,"texture":"#o7"}}},{"from":[-0.2163,9.80991,7.78987],"to":[0.81513,10.0967,7.99502],"rotation":{"angle":0.0,"axis":"y","origin":[0.29941,9.45205,7.89244]},"faces":{"north":{"uv":[0.0,0.0,0.0,0.0],"texture":"#o7"},"south":{"uv":[0.0,0.0,0.0,0.0],"texture":"#o7"},"east":{"uv":[1.0,1.0,2.0,2.0],"texture":"#o7"},"west":{"uv":[1.0,1.0,2.0,2.0],"texture":"#o7"},"up":{"uv":[0.0,0.0,0.0,0.0],"texture":"#o7"},"down":{"uv":[1.0,1.0,2.0,2.0],"rotation":270,"texture":"#o7"}}},{"from":[-0.2163,9.80991,7.78987],"to":[0.81513,10.0967,7.99502],"rotation":{"angle":22.5,"axis":"y","origin":[0.29941,9.45205,7.89244]},"faces":{"north":{"uv":[0.0,0.0,0.0,0.0],"texture":"#o7"},"south":{"uv":[0.0,0.0,0.0,0.0],"texture":"#o7"},"east":{"uv":[1.0,1.0,2.0,2.0],"texture":"#o7"},"west":{"uv":[1.0,1.0,2.0,2.0],"texture":"#o7"},"up":{"uv":[0.0,0.0,0.0,0.0],"texture":"#o7"},"down":{"uv":[1.0,1.0,2.0,2.0],"rotation":270,"texture":"#o7"}}},{"from":[-0.2163,9.80991,7.78987],"to":[0.81513,10.0967,7.99502],"rotation":{"angle":45.0,"axis":"y","origin":[0.29941,9.45205,7.89244]},"faces":{"north":{"uv":[0.0,0.0,0.0,0.0],"texture":"#o7"},"south":{"uv":[0.0,0.0,0.0,0.0],"texture":"#o7"},"east":{"uv":[1.0,1.0,2.0,2.0],"texture":"#o7"},"west":{"uv":[1.0,1.0,2.0,2.0],"texture":"#o7"},"up":{"uv":[0.0,0.0,0.0,0.0],"texture":"#o7"},"down":{"uv":[1.0,1.0,2.0,2.0],"rotation":270,"texture":"#o7"}}},{"from":[0.19683,9.80991,7.37673],"to":[0.40199,10.0967,8.40816],"rotation":{"angle":-22.5,"axis":"y","origin":[0.29941,9.45205,7.89244]},"faces":{"north":{"uv":[1.0,1.0,2.0,2.0],"texture":"#o7"},"south":{"uv":[1.0,1.0,2.0,2.0],"texture":"#o7"},"east":{"uv":[0.0,0.0,0.0,0.0],"texture":"#o7"},"west":{"uv":[0.0,0.0,0.0,0.0],"texture":"#o7"},"up":{"uv":[0.0,0.0,0.0,0.0],"texture":"#o7"},"down":{"uv":[1.0,1.0,2.0,2.0],"rotation":270,"texture":"#o7"}}},{"from":[0.19683,9.80991,7.37673],"to":[0.40199,10.0967,8.40816],"rotation":{"angle":0.0,"axis":"y","origin":[0.29941,9.45205,7.89244]},"faces":{"north":{"uv":[1.0,1.0,2.0,2.0],"texture":"#o7"},"south":{"uv":[1.0,1.0,2.0,2.0],"texture":"#o7"},"east":{"uv":[0.0,0.0,0.0,0.0],"texture":"#o7"},"west":{"uv":[0.0,0.0,0.0,0.0],"texture":"#o7"},"up":{"uv":[0.0,0.0,0.0,0.0],"texture":"#o7"},"down":{"uv":[1.0,1.0,2.0,2.0],"rotation":270,"texture":"#o7"}}},{"from":[0.19683,9.80991,7.37673],"to":[0.40199,10.0967,8.40816],"rotation":{"angle":22.5,"axis":"y","origin":[0.29941,9.45205,7.89244]},"faces":{"north":{"uv":[1.0,1.0,2.0,2.0],"texture":"#o7"},"south":{"uv":[1.0,1.0,2.0,2.0],"texture":"#o7"},"east":{"uv":[0.0,0.0,0.0,0.0],"texture":"#o7"},"west":{"uv":[0.0,0.0,0.0,0.0],"texture":"#o7"},"up":{"uv":[0.0,0.0,0.0,0.0],"texture":"#o7"},"down":{"uv":[1.0,1.0,2.0,2.0],"rotation":270,"texture":"#o7"}}},{"from":[3.67692,10.47087,7.52906],"to":[4.19263,10.5998,7.95733],"rotation":{"angle":45.0,"axis":"x","origin":[3.54799,11.54743,7.74319]},"faces":{"north":{"uv":[0.0,0.0,0.0,0.0],"texture":"#o7"},"south":{"uv":[0.0,0.0,0.0,0.0],"texture":"#o7"},"east":{"uv":[1.0,1.0,2.0,2.0],"texture":"#o7"},"west":{"uv":[1.0,1.0,2.0,2.0],"texture":"#o7"},"up":{"uv":[1.0,1.0,2.0,2.0],"rotation":90,"texture":"#o7"},"down":{"uv":[1.0,1.0,2.0,2.0],"rotation":270,"texture":"#o7"}}},{"from":[3.67692,10.63477,7.13337],"to":[4.19263,10.76369,8.72202],"rotation":{"angle":0.0,"axis":"z","origin":[3.54799,11.71132,7.86323]},"faces":{"north":{"uv":[0.0,0.0,0.0,0.0],"texture":"#o7"},"south":{"uv":[0.0,0.0,0.0,0.0],"texture":"#o7"},"east":{"uv":[1.0,1.0,2.0,2.0],"texture":"#o7"},"west":{"uv":[1.0,1.0,2.0,2.0],"texture":"#o7"},"up":{"uv":[1.0,1.0,2.0,2.0],"rotation":90,"texture":"#o7"},"down":{"uv":[1.0,1.0,2.0,2.0],"rotation":270,"texture":"#o7"}}},{"from":[3.67692,10.47087,7.89805],"to":[4.19263,10.5998,8.32634],"rotation":{"angle":-45.0,"axis":"x","origin":[3.54799,11.54743,8.1122]},"faces":{"north":{"uv":[0.0,0.0,0.0,0.0],"texture":"#o7"},"south":{"uv":[0.0,0.0,0.0,0.0],"texture":"#o7"},"east":{"uv":[1.0,1.0,2.0,2.0],"texture":"#o7"},"west":{"uv":[1.0,1.0,2.0,2.0],"texture":"#o7"},"up":{"uv":[1.0,1.0,2.0,2.0],"rotation":90,"texture":"#o7"},"down":{"uv":[1.0,1.0,2.0,2.0],"rotation":270,"texture":"#o7"}}},{"from":[3.67692,12.49505,7.89805],"to":[4.19263,12.62398,8.32634],"rotation":{"angle":45.0,"axis":"x","origin":[3.54799,11.54743,8.1122]},"faces":{"north":{"uv":[0.0,0.0,0.0,0.0],"texture":"#o7"},"south":{"uv":[0.0,0.0,0.0,0.0],"texture":"#o7"},"east":{"uv":[1.0,1.0,2.0,2.0],"texture":"#o7"},"west":{"uv":[1.0,1.0,2.0,2.0],"texture":"#o7"},"up":{"uv":[1.0,1.0,2.0,2.0],"rotation":90,"texture":"#o7"},"down":{"uv":[1.0,1.0,2.0,2.0],"rotation":270,"texture":"#o7"}}},{"from":[3.67692,12.33116,7.13337],"to":[4.19263,12.46009,8.72202],"rotation":{"angle":0.0,"axis":"z","origin":[3.54799,11.38353,7.86323]},"faces":{"north":{"uv":[0.0,0.0,0.0,0.0],"texture":"#o7"},"south":{"uv":[0.0,0.0,0.0,0.0],"texture":"#o7"},"east":{"uv":[1.0,1.0,2.0,2.0],"texture":"#o7"},"west":{"uv":[1.0,1.0,2.0,2.0],"texture":"#o7"},"up":{"uv":[1.0,1.0,2.0,2.0],"rotation":90,"texture":"#o7"},"down":{"uv":[1.0,1.0,2.0,2.0],"rotation":270,"texture":"#o7"}}},{"from":[3.67692,12.49505,7.52906],"to":[4.19263,12.62398,7.95733],"rotation":{"angle":-45.0,"axis":"x","origin":[3.54799,11.54743,7.74319]},"faces":{"north":{"uv":[0.0,0.0,0.0,0.0],"texture":"#o7"},"south":{"uv":[0.0,0.0,0.0,0.0],"texture":"#o7"},"east":{"uv":[1.0,1.0,2.0,2.0],"texture":"#o7"},"west":{"uv":[1.0,1.0,2.0,2.0],"texture":"#o7"},"up":{"uv":[1.0,1.0,2.0,2.0],"rotation":90,"texture":"#o7"},"down":{"uv":[1.0,1.0,2.0,2.0],"rotation":270,"texture":"#o7"}}},{"from":[3.67692,11.33329,6.66664],"to":[4.19263,11.76156,6.79557],"rotation":{"angle":22.5,"axis":"x","origin":[3.54799,11.54743,7.74319]},"faces":{"north":{"uv":[1.0,1.0,2.0,2.0],"texture":"#o7"},"south":{"uv":[1.0,1.0,2.0,2.0],"texture":"#o7"},"east":{"uv":[1.0,1.0,2.0,2.0],"texture":"#o7"},"west":{"uv":[1.0,1.0,2.0,2.0],"texture":"#o7"},"up":{"uv":[0.0,0.0,0.0,0.0],"texture":"#o7"},"down":{"uv":[0.0,0.0,0.0,0.0],"texture":"#o7"}}},{"from":[3.67692,9.89544,7.00585],"to":[4.19263,10.05173,7.13568],"rotation":{"angle":22.5,"axis":"x","origin":[3.54578,9.83759,8.08331]},"faces":{"north":{"uv":[1.0,1.0,2.0,2.0],"texture":"#o7"},"south":{"uv":[0.0,0.0,0.0,0.0],"texture":"#o7"},"east":{"uv":[1.0,1.0,2.0,2.0],"texture":"#o7"},"west":{"uv":[1.0,1.0,2.0,2.0],"texture":"#o7"},"up":{"uv":[0.0,0.0,0.0,0.0],"texture":"#o7"},"down":{"uv":[0.0,0.0,0.0,0.0],"texture":"#o7"}}},{"from":[3.67692,11.33329,6.66664],"to":[4.19263,11.76156,6.79557],"rotation":{"angle":0.0,"axis":"z","origin":[3.54799,11.54743,7.74319]},"faces":{"north":{"uv":[1.0,1.0,2.0,2.0],"texture":"#o7"},"south":{"uv":[1.0,1.0,2.0,2.0],"texture":"#o7"},"east":{"uv":[1.0,1.0,2.0,2.0],"texture":"#o7"},"west":{"uv":[1.0,1.0,2.0,2.0],"texture":"#o7"},"up":{"uv":[0.0,0.0,0.0,0.0],"texture":"#o7"},"down":{"uv":[0.0,0.0,0.0,0.0],"texture":"#o7"}}},{"from":[3.67692,11.33329,6.66664],"to":[4.19263,11.76156,6.79557],"rotation":{"angle":-22.5,"axis":"x","origin":[3.54799,11.54743,7.74319]},"faces":{"north":{"uv":[1.0,1.0,2.0,2.0],"texture":"#o7"},"south":{"uv":[1.0,1.0,2.0,2.0],"texture":"#o7"},"east":{"uv":[1.0,1.0,2.0,2.0],"texture":"#o7"},"west":{"uv":[1.0,1.0,2.0,2.0],"texture":"#o7"},"up":{"uv":[0.0,0.0,0.0,0.0],"texture":"#o7"},"down":{"uv":[0.0,0.0,0.0,0.0],"texture":"#o7"}}},{"from":[3.67692,10.87557,6.80939],"to":[4.19263,11.046,6.93832],"rotation":{"angle":-22.5,"axis":"x","origin":[3.54799,11.60543,7.88594]},"faces":{"north":{"uv":[1.0,1.0,2.0,2.0],"texture":"#o7"},"south":{"uv":[0.0,0.0,0.0,0.0],"texture":"#o7"},"east":{"uv":[1.0,1.0,2.0,2.0],"texture":"#o7"},"west":{"uv":[1.0,1.0,2.0,2.0],"texture":"#o7"},"up":{"uv":[0.0,0.0,0.0,0.0],"texture":"#o7"},"down":{"uv":[0.0,0.0,0.0,0.0],"texture":"#o7"}}},{"from":[3.67692,10.29733,7.16084],"to":[4.19263,10.63395,8.69456],"rotation":{"angle":0.0,"axis":"z","origin":[3.54799,11.12792,8.23739]},"faces":{"north":{"uv":[1.0,1.0,2.0,2.0],"texture":"#o7"},"south":{"uv":[1.0,1.0,2.0,2.0],"texture":"#o7"},"east":{"uv":[1.0,1.0,2.0,2.0],"texture":"#o7"},"west":{"uv":[1.0,1.0,2.0,2.0],"texture":"#o7"},"up":{"uv":[0.0,0.0,0.0,0.0],"texture":"#o7"},"down":{"uv":[0.0,0.0,0.0,0.0],"texture":"#o7"}}},{"from":[3.67692,10.87557,8.91706],"to":[4.19263,11.046,9.04599],"rotation":{"angle":22.5,"axis":"x","origin":[3.54799,11.60543,7.96944]},"faces":{"north":{"uv":[0.0,0.0,0.0,0.0],"texture":"#o7"},"south":{"uv":[1.0,1.0,2.0,2.0],"texture":"#o7"},"east":{"uv":[1.0,1.0,2.0,2.0],"texture":"#o7"},"west":{"uv":[1.0,1.0,2.0,2.0],"texture":"#o7"},"up":{"uv":[0.0,0.0,0.0,0.0],"texture":"#o7"},"down":{"uv":[0.0,0.0,0.0,0.0],"texture":"#o7"}}},{"from":[3.67692,9.89544,8.71971],"to":[4.19263,10.05173,8.84954],"rotation":{"angle":-22.5,"axis":"x","origin":[3.54578,9.83759,7.77209]},"faces":{"north":{"uv":[0.0,0.0,0.0,0.0],"texture":"#o7"},"south":{"uv":[1.0,1.0,2.0,2.0],"texture":"#o7"},"east":{"uv":[1.0,1.0,2.0,2.0],"texture":"#o7"},"west":{"uv":[1.0,1.0,2.0,2.0],"texture":"#o7"},"up":{"uv":[0.0,0.0,0.0,0.0],"texture":"#o7"},"down":{"uv":[0.0,0.0,0.0,0.0],"texture":"#o7"}}},{"from":[3.67692,11.33329,9.05982],"to":[4.19263,11.76156,9.18875],"rotation":{"angle":22.5,"axis":"x","origin":[3.54799,11.54743,8.1122]},"faces":{"north":{"uv":[1.0,1.0,2.0,2.0],"texture":"#o7"},"south":{"uv":[1.0,1.0,2.0,2.0],"texture":"#o7"},"east":{"uv":[1.0,1.0,2.0,2.0],"texture":"#o7"},"west":{"uv":[1.0,1.0,2.0,2.0],"texture":"#o7"},"up":{"uv":[0.0,0.0,0.0,0.0],"texture":"#o7"},"down":{"uv":[0.0,0.0,0.0,0.0],"texture":"#o7"}}},{"from":[3.67692,11.33329,9.05982],"to":[4.19263,11.76156,9.18875],"rotation":{"angle":0.0,"axis":"z","origin":[3.54799,11.54743,8.1122]},"faces":{"north":{"uv":[1.0,1.0,2.0,2.0],"texture":"#o7"},"south":{"uv":[1.0,1.0,2.0,2.0],"texture":"#o7"},"east":{"uv":[1.0,1.0,2.0,2.0],"texture":"#o7"},"west":{"uv":[1.0,1.0,2.0,2.0],"texture":"#o7"},"up":{"uv":[0.0,0.0,0.0,0.0],"texture":"#o7"},"down":{"uv":[0.0,0.0,0.0,0.0],"texture":"#o7"}}},{"from":[3.67692,11.33329,9.05982],"to":[4.19263,11.76156,9.18875],"rotation":{"angle":-22.5,"axis":"x","origin":[3.54799,11.54743,8.1122]},"faces":{"north":{"uv":[1.0,1.0,2.0,2.0],"texture":"#o7"},"south":{"uv":[1.0,1.0,2.0,2.0],"texture":"#o7"},"east":{"uv":[1.0,1.0,2.0,2.0],"texture":"#o7"},"west":{"uv":[1.0,1.0,2.0,2.0],"texture":"#o7"},"up":{"uv":[0.0,0.0,0.0,0.0],"texture":"#o7"},"down":{"uv":[0.0,0.0,0.0,0.0],"texture":"#o7"}}},{"from":[2.15678,10.24678,7.78664],"to":[3.575,10.63357,8.06875],"rotation":{"angle":-45.0,"axis":"y","origin":[2.86589,10.89142,7.92769]},"faces":{"north":{"uv":[0.0,0.0,0.0,0.0],"texture":"#o7"},"south":{"uv":[0.0,0.0,0.0,0.0],"texture":"#o7"},"east":{"uv":[1.0,1.0,2.0,2.0],"texture":"#o7"},"west":{"uv":[1.0,1.0,2.0,2.0],"texture":"#o7"},"up":{"uv":[1.0,1.0,2.0,2.0],"rotation":90,"texture":"#o7"},"down":{"uv":[0.0,0.0,0.0,0.0],"texture":"#o7"}}},{"from":[2.15678,10.24678,7.78664],"to":[3.575,10.63357,8.06875],"rotation":{"angle":-22.5,"axis":"y","origin":[2.86589,10.89142,7.92769]},"faces":{"north":{"uv":[0.0,0.0,0.0,0.0],"texture":"#o7"},"south":{"uv":[0.0,0.0,0.0,0.0],"texture":"#o7"},"east":{"uv":[1.0,1.0,2.0,2.0],"texture":"#o7"},"west":{"uv":[1.0,1.0,2.0,2.0],"texture":"#o7"},"up":{"uv":[1.0,1.0,2.0,2.0],"rotation":90,"texture":"#o7"},"down":{"uv":[0.0,0.0,0.0,0.0],"texture":"#o7"}}},{"from":[2.15678,10.24678,7.78664],"to":[3.575,10.63357,8.06875],"rotation":{"angle":0.0,"axis":"y","origin":[2.86589,10.89142,7.92769]},"faces":{"north":{"uv":[0.0,0.0,0.0,0.0],"texture":"#o7"},"south":{"uv":[0.0,0.0,0.0,0.0],"texture":"#o7"},"east":{"uv":[1.0,1.0,2.0,2.0],"texture":"#o7"},"west":{"uv":[1.0,1.0,2.0,2.0],"texture":"#o7"},"up":{"uv":[1.0,1.0,2.0,2.0],"rotation":90,"texture":"#o7"},"down":{"uv":[0.0,0.0,0.0,0.0],"texture":"#o7"}}},{"from":[2.15678,10.24678,7.78664],"to":[3.575,10.63357,8.06875],"rotation":{"angle":22.5,"axis":"y","origin":[2.86589,10.89142,7.92769]},"faces":{"north":{"uv":[0.0,0.0,0.0,0.0],"texture":"#o7"},"south":{"uv":[0.0,0.0,0.0,0.0],"texture":"#o7"},"east":{"uv":[1.0,1.0,2.0,2.0],"texture":"#o7"},"west":{"uv":[1.0,1.0,2.0,2.0],"texture":"#o7"},"up":{"uv":[1.0,1.0,2.0,2.0],"rotation":90,"texture":"#o7"},"down":{"uv":[0.0,0.0,0.0,0.0],"texture":"#o7"}}},{"from":[2.15678,10.24678,7.78664],"to":[3.575,10.63357,8.06875],"rotation":{"angle":45.0,"axis":"y","origin":[2.86589,10.89142,7.92769]},"faces":{"north":{"uv":[0.0,0.0,0.0,0.0],"texture":"#o7"},"south":{"uv":[0.0,0.0,0.0,0.0],"texture":"#o7"},"east":{"uv":[1.0,1.0,2.0,2.0],"texture":"#o7"},"west":{"uv":[1.0,1.0,2.0,2.0],"texture":"#o7"},"up":{"uv":[1.0,1.0,2.0,2.0],"rotation":90,"texture":"#o7"},"down":{"uv":[0.0,0.0,0.0,0.0],"texture":"#o7"}}},{"from":[2.72484,10.24678,7.21858],"to":[3.00694,10.63357,8.6368],"rotation":{"angle":-22.5,"axis":"y","origin":[2.86589,10.89142,7.92769]},"faces":{"north":{"uv":[1.0,1.0,2.0,2.0],"texture":"#o7"},"south":{"uv":[1.0,1.0,2.0,2.0],"texture":"#o7"},"east":{"uv":[0.0,0.0,0.0,0.0],"texture":"#o7"},"west":{"uv":[0.0,0.0,0.0,0.0],"texture":"#o7"},"up":{"uv":[1.0,1.0,2.0,2.0],"rotation":90,"texture":"#o7"},"down":{"uv":[0.0,0.0,0.0,0.0],"texture":"#o7"}}},{"from":[2.72484,10.24678,7.21858],"to":[3.00694,10.63357,8.6368],"rotation":{"angle":0.0,"axis":"y","origin":[2.86589,10.89142,7.92769]},"faces":{"north":{"uv":[1.0,1.0,2.0,2.0],"texture":"#o7"},"south":{"uv":[1.0,1.0,2.0,2.0],"texture":"#o7"},"east":{"uv":[0.0,0.0,0.0,0.0],"texture":"#o7"},"west":{"uv":[0.0,0.0,0.0,0.0],"texture":"#o7"},"up":{"uv":[1.0,1.0,2.0,2.0],"rotation":90,"texture":"#o7"},"down":{"uv":[0.0,0.0,0.0,0.0],"texture":"#o7"}}},{"from":[2.72484,10.24678,7.21858],"to":[3.00694,10.63357,8.6368],"rotation":{"angle":22.5,"axis":"y","origin":[2.86589,10.89142,7.92769]},"faces":{"north":{"uv":[1.0,1.0,2.0,2.0],"texture":"#o7"},"south":{"uv":[1.0,1.0,2.0,2.0],"texture":"#o7"},"east":{"uv":[0.0,0.0,0.0,0.0],"texture":"#o7"},"west":{"uv":[0.0,0.0,0.0,0.0],"texture":"#o7"},"up":{"uv":[1.0,1.0,2.0,2.0],"rotation":90,"texture":"#o7"},"down":{"uv":[0.0,0.0,0.0,0.0],"texture":"#o7"}}},{"from":[1.09835,9.78765,7.23893],"to":[4.14428,10.17444,8.61645],"rotation":{"angle":0.0,"axis":"y","origin":[5.48192,9.40087,7.44591]},"faces":{"north":{"uv":[13.0,1.0,14.0,2.0],"texture":"#o7"},"south":{"uv":[13.0,1.0,14.0,2.0],"texture":"#o7"},"east":{"uv":[13.0,1.0,14.0,2.0],"texture":"#o7"},"west":{"uv":[13.0,1.0,14.0,2.0],"texture":"#o7"},"up":{"uv":[0.0,0.0,0.0,0.0],"texture":"#o7"},"down":{"uv":[0.0,0.0,0.0,0.0],"texture":"#o7"}}},{"from":[0.96942,9.38576,6.91],"to":[4.19263,9.91658,8.94538],"rotation":{"angle":0.0,"axis":"y","origin":[5.48192,9.40087,7.44591]},"faces":{"north":{"uv":[1.0,1.0,2.0,2.0],"texture":"#o7"},"south":{"uv":[1.0,1.0,2.0,2.0],"texture":"#o7"},"east":{"uv":[1.0,1.0,2.0,2.0],"texture":"#o7"},"west":{"uv":[1.0,1.0,2.0,2.0],"texture":"#o7"},"up":{"uv":[1.0,1.0,2.0,2.0],"rotation":90,"texture":"#o7"},"down":{"uv":[1.0,1.0,2.0,2.0],"rotation":270,"texture":"#o7"}}},{"from":[1.87192,10.04551,7.11],"to":[4.19263,10.30337,8.74538],"rotation":{"angle":0.0,"axis":"y","origin":[5.48192,9.40087,7.44591]},"faces":{"north":{"uv":[1.0,1.0,2.0,2.0],"texture":"#o7"},"south":{"uv":[1.0,1.0,2.0,2.0],"texture":"#o7"},"east":{"uv":[1.0,1.0,2.0,2.0],"texture":"#o7"},"west":{"uv":[0.0,0.0,0.0,0.0],"texture":"#o7"},"up":{"uv":[1.0,1.0,2.0,2.0],"rotation":90,"texture":"#o7"},"down":{"uv":[1.0,1.0,2.0,2.0],"rotation":270,"texture":"#o7"}}},{"from":[0.4537,10.04551,7.11],"to":[1.87192,10.4323,8.74538],"rotation":{"angle":0.0,"axis":"y","origin":[5.48192,9.40087,7.44591]},"faces":{"north":{"uv":[1.0,1.0,2.0,2.0],"texture":"#o7"},"south":{"uv":[1.0,1.0,2.0,2.0],"texture":"#o7"},"east":{"uv":[1.0,1.0,2.0,2.0],"texture":"#o7"},"west":{"uv":[0.0,0.0,0.0,0.0],"texture":"#o7"},"up":{"uv":[1.0,1.0,2.0,2.0],"rotation":90,"texture":"#o7"},"down":{"uv":[1.0,1.0,2.0,2.0],"rotation":270,"texture":"#o7"}}},{"from":[-0.4184,10.04551,6.59105],"to":[0.4841,10.4323,7.47804],"rotation":{"angle":22.5,"axis":"y","origin":[1.77339,9.40087,6.92696]},"faces":{"north":{"uv":[1.0,1.0,2.0,2.0],"texture":"#o7"},"south":{"uv":[0.0,0.0,0.0,0.0],"texture":"#o7"},"east":{"uv":[0.0,0.0,0.0,0.0],"texture":"#o7"},"west":{"uv":[0.0,0.0,0.0,0.0],"texture":"#o7"},"up":{"uv":[1.0,1.0,2.0,2.0],"rotation":90,"texture":"#o7"},"down":{"uv":[1.0,1.0,2.0,2.0],"rotation":270,"texture":"#o7"}}},{"from":[-0.38009,10.04551,7.45537],"to":[0.52241,10.4323,8.40002],"rotation":{"angle":0.0,"axis":"y","origin":[1.81169,9.40087,7.79128]},"faces":{"north":{"uv":[0.0,0.0,0.0,0.0],"texture":"#o7"},"south":{"uv":[0.0,0.0,0.0,0.0],"texture":"#o7"},"east":{"uv":[0.0,0.0,0.0,0.0],"texture":"#o7"},"west":{"uv":[1.0,1.0,2.0,2.0],"texture":"#o7"},"up":{"uv":[0.0,0.0,0.0,0.0],"texture":"#o7"},"down":{"uv":[1.0,1.0,2.0,2.0],"rotation":270,"texture":"#o7"}}},{"from":[-0.39502,10.04551,8.382],"to":[0.50748,10.4323,9.26899],"rotation":{"angle":-22.5,"axis":"y","origin":[1.79676,9.40087,8.87201]},"faces":{"north":{"uv":[0.0,0.0,0.0,0.0],"texture":"#o7"},"south":{"uv":[1.0,1.0,2.0,2.0],"texture":"#o7"},"east":{"uv":[0.0,0.0,0.0,0.0],"texture":"#o7"},"west":{"uv":[0.0,0.0,0.0,0.0],"texture":"#o7"},"up":{"uv":[1.0,1.0,2.0,2.0],"rotation":90,"texture":"#o7"},"down":{"uv":[1.0,1.0,2.0,2.0],"rotation":270,"texture":"#o7"}}},{"from":[-0.4184,10.4323,6.59105],"to":[0.4841,10.74857,7.34911],"rotation":{"angle":22.5,"axis":"y","origin":[1.77339,9.78765,6.92696]},"faces":{"north":{"uv":[1.0,1.0,2.0,2.0],"texture":"#o7"},"south":{"uv":[0.0,0.0,0.0,0.0],"texture":"#o7"},"east":{"uv":[0.0,0.0,0.0,0.0],"texture":"#o7"},"west":{"uv":[0.0,0.0,0.0,0.0],"texture":"#o7"},"up":{"uv":[1.0,1.0,2.0,2.0],"rotation":90,"texture":"#o7"},"down":{"uv":[0.0,0.0,0.0,0.0],"texture":"#o7"}}},{"from":[-0.39502,10.4323,8.51092],"to":[0.50748,10.74857,9.26899],"rotation":{"angle":-22.5,"axis":"y","origin":[1.79676,9.78765,8.87201]},"faces":{"north":{"uv":[0.0,0.0,0.0,0.0],"texture":"#o7"},"south":{"uv":[1.0,1.0,2.0,2.0],"texture":"#o7"},"east":{"uv":[0.0,0.0,0.0,0.0],"texture":"#o7"},"west":{"uv":[0.0,0.0,0.0,0.0],"texture":"#o7"},"up":{"uv":[1.0,1.0,2.0,2.0],"rotation":90,"texture":"#o7"},"down":{"uv":[0.0,0.0,0.0,0.0],"texture":"#o7"}}},{"from":[-0.38009,10.4323,7.45537],"to":[0.52241,10.74857,8.40002],"rotation":{"angle":0.0,"axis":"y","origin":[1.81169,9.78765,7.79128]},"faces":{"north":{"uv":[0.0,0.0,0.0,0.0],"texture":"#o7"},"south":{"uv":[0.0,0.0,0.0,0.0],"texture":"#o7"},"east":{"uv":[0.0,0.0,0.0,0.0],"texture":"#o7"},"west":{"uv":[1.0,1.0,2.0,2.0],"texture":"#o7"},"up":{"uv":[1.0,1.0,2.0,2.0],"rotation":90,"texture":"#o7"},"down":{"uv":[0.0,0.0,0.0,0.0],"texture":"#o7"}}},{"from":[0.4537,10.4323,7.11],"to":[0.90919,10.74857,8.74538],"rotation":{"angle":0.0,"axis":"y","origin":[2.19848,9.78765,7.79128]},"faces":{"north":{"uv":[1.0,1.0,2.0,2.0],"texture":"#o7"},"south":{"uv":[1.0,1.0,2.0,2.0],"texture":"#o7"},"east":{"uv":[1.0,1.0,2.0,2.0],"texture":"#o7"},"west":{"uv":[0.0,0.0,0.0,0.0],"texture":"#o7"},"up":{"uv":[1.0,1.0,2.0,2.0],"rotation":90,"texture":"#o7"},"down":{"uv":[0.0,0.0,0.0,0.0],"texture":"#o7"}}},{"from":[0.73067,10.31758,7.11],"to":[1.18615,10.63385,7.64042],"rotation":{"angle":-45.0,"axis":"z","origin":[0.95841,10.47571,7.24629]},"faces":{"north":{"uv":[1.0,1.0,2.0,2.0],"texture":"#o7"},"south":{"uv":[1.0,1.0,2.0,2.0],"texture":"#o7"},"east":{"uv":[0.0,0.0,0.0,0.0],"texture":"#o7"},"west":{"uv":[0.0,0.0,0.0,0.0],"texture":"#o7"},"up":{"uv":[1.0,1.0,2.0,2.0],"rotation":90,"texture":"#o7"},"down":{"uv":[0.0,0.0,0.0,0.0],"texture":"#o7"}}},{"from":[0.73067,10.31758,8.21497],"to":[1.18615,10.63385,8.74538],"rotation":{"angle":-45.0,"axis":"z","origin":[0.95841,10.47571,8.6091]},"faces":{"north":{"uv":[1.0,1.0,2.0,2.0],"texture":"#o7"},"south":{"uv":[1.0,1.0,2.0,2.0],"texture":"#o7"},"east":{"uv":[0.0,0.0,0.0,0.0],"texture":"#o7"},"west":{"uv":[0.0,0.0,0.0,0.0],"texture":"#o7"},"up":{"uv":[1.0,1.0,2.0,2.0],"rotation":90,"texture":"#o7"},"down":{"uv":[0.0,0.0,0.0,0.0],"texture":"#o7"}}},{"from":[1.39928,10.17222,6.98994],"to":[1.46374,10.27903,7.11887],"rotation":{"angle":45.0,"axis":"z","origin":[1.33481,10.22562,7.63458]},"faces":{"north":{"uv":[13.0,1.0,14.0,2.0],"texture":"#o7"},"south":{"uv":[0.0,0.0,0.0,0.0],"texture":"#o7"},"east":{"uv":[13.0,1.0,14.0,2.0],"texture":"#o7"},"west":{"uv":[13.0,1.0,14.0,2.0],"texture":"#o7"},"up":{"uv":[13.0,1.0,14.0,2.0],"rotation":90,"texture":"#o7"},"down":{"uv":[13.0,1.0,14.0,2.0],"rotation":270,"texture":"#o7"}}},{"from":[1.39928,10.17222,6.98994],"to":[1.46374,10.27903,7.11887],"rotation":{"angle":0.0,"axis":"x","origin":[1.33481,10.22562,7.63458]},"faces":{"north":{"uv":[13.0,1.0,14.0,2.0],"texture":"#o7"},"south":{"uv":[0.0,0.0,0.0,0.0],"texture":"#o7"},"east":{"uv":[13.0,1.0,14.0,2.0],"texture":"#o7"},"west":{"uv":[13.0,1.0,14.0,2.0],"texture":"#o7"},"up":{"uv":[13.0,1.0,14.0,2.0],"rotation":90,"texture":"#o7"},"down":{"uv":[13.0,1.0,14.0,2.0],"rotation":270,"texture":"#o7"}}},{"from":[1.20589,10.17222,6.98994],"to":[1.27035,10.27903,7.11887],"rotation":{"angle":45.0,"axis":"z","origin":[1.33481,10.22562,7.63458]},"faces":{"north":{"uv":[13.0,1.0,14.0,2.0],"texture":"#o7"},"south":{"uv":[0.0,0.0,0.0,0.0],"texture":"#o7"},"east":{"uv":[13.0,1.0,14.0,2.0],"texture":"#o7"},"west":{"uv":[13.0,1.0,14.0,2.0],"texture":"#o7"},"up":{"uv":[13.0,1.0,14.0,2.0],"rotation":90,"texture":"#o7"},"down":{"uv":[13.0,1.0,14.0,2.0],"rotation":270,"texture":"#o7"}}},{"from":[1.20589,10.17222,6.98994],"to":[1.27035,10.27903,7.11887],"rotation":{"angle":0.0,"axis":"x","origin":[1.33481,10.22562,7.63458]},"faces":{"north":{"uv":[13.0,1.0,14.0,2.0],"texture":"#o7"},"south":{"uv":[0.0,0.0,0.0,0.0],"texture":"#o7"},"east":{"uv":[13.0,1.0,14.0,2.0],"texture":"#o7"},"west":{"uv":[13.0,1.0,14.0,2.0],"texture":"#o7"},"up":{"uv":[13.0,1.0,14.0,2.0],"rotation":90,"texture":"#o7"},"down":{"uv":[13.0,1.0,14.0,2.0],"rotation":270,"texture":"#o7"}}},{"from":[1.28141,10.0967,6.98994],"to":[1.38822,10.16116,7.11887],"rotation":{"angle":45.0,"axis":"z","origin":[1.33481,10.22562,7.63458]},"faces":{"north":{"uv":[13.0,1.0,14.0,2.0],"texture":"#o7"},"south":{"uv":[0.0,0.0,0.0,0.0],"texture":"#o7"},"east":{"uv":[13.0,1.0,14.0,2.0],"texture":"#o7"},"west":{"uv":[13.0,1.0,14.0,2.0],"texture":"#o7"},"up":{"uv":[13.0,1.0,14.0,2.0],"rotation":90,"texture":"#o7"},"down":{"uv":[13.0,1.0,14.0,2.0],"rotation":270,"texture":"#o7"}}},{"from":[1.28141,10.0967,6.98994],"to":[1.38822,10.16116,7.11887],"rotation":{"angle":0.0,"axis":"x","origin":[1.33481,10.22562,7.63458]},"faces":{"north":{"uv":[13.0,1.0,14.0,2.0],"texture":"#o7"},"south":{"uv":[0.0,0.0,0.0,0.0],"texture":"#o7"},"east":{"uv":[13.0,1.0,14.0,2.0],"texture":"#o7"},"west":{"uv":[13.0,1.0,14.0,2.0],"texture":"#o7"},"up":{"uv":[13.0,1.0,14.0,2.0],"rotation":90,"texture":"#o7"},"down":{"uv":[13.0,1.0,14.0,2.0],"rotation":270,"texture":"#o7"}}},{"from":[1.28141,10.29009,6.98994],"to":[1.38822,10.35455,7.11887],"rotation":{"angle":45.0,"axis":"z","origin":[1.33481,10.22562,7.63458]},"faces":{"north":{"uv":[13.0,1.0,14.0,2.0],"texture":"#o7"},"south":{"uv":[0.0,0.0,0.0,0.0],"texture":"#o7"},"east":{"uv":[13.0,1.0,14.0,2.0],"texture":"#o7"},"west":{"uv":[13.0,1.0,14.0,2.0],"texture":"#o7"},"up":{"uv":[13.0,1.0,14.0,2.0],"rotation":90,"texture":"#o7"},"down":{"uv":[13.0,1.0,14.0,2.0],"rotation":270,"texture":"#o7"}}},{"from":[1.28141,10.29009,6.98994],"to":[1.38822,10.35455,7.11887],"rotation":{"angle":0.0,"axis":"x","origin":[1.33481,10.22562,7.63458]},"faces":{"north":{"uv":[13.0,1.0,14.0,2.0],"texture":"#o7"},"south":{"uv":[0.0,0.0,0.0,0.0],"texture":"#o7"},"east":{"uv":[13.0,1.0,14.0,2.0],"texture":"#o7"},"west":{"uv":[13.0,1.0,14.0,2.0],"texture":"#o7"},"up":{"uv":[13.0,1.0,14.0,2.0],"rotation":90,"texture":"#o7"},"down":{"uv":[13.0,1.0,14.0,2.0],"rotation":270,"texture":"#o7"}}},{"from":[1.45085,9.56534,6.78994],"to":[1.51531,9.72555,6.91887],"rotation":{"angle":45.0,"axis":"z","origin":[1.32192,9.64545,7.43458]},"faces":{"north":{"uv":[13.0,1.0,14.0,2.0],"texture":"#o7"},"south":{"uv":[0.0,0.0,0.0,0.0],"texture":"#o7"},"east":{"uv":[13.0,1.0,14.0,2.0],"texture":"#o7"},"west":{"uv":[13.0,1.0,14.0,2.0],"texture":"#o7"},"up":{"uv":[13.0,1.0,14.0,2.0],"rotation":90,"texture":"#o7"},"down":{"uv":[13.0,1.0,14.0,2.0],"rotation":270,"texture":"#o7"}}},{"from":[1.45085,9.56534,6.78994],"to":[1.51531,9.72555,6.91887],"rotation":{"angle":0.0,"axis":"x","origin":[1.32192,9.64545,7.43458]},"faces":{"north":{"uv":[13.0,1.0,14.0,2.0],"texture":"#o7"},"south":{"uv":[0.0,0.0,0.0,0.0],"texture":"#o7"},"east":{"uv":[13.0,1.0,14.0,2.0],"texture":"#o7"},"west":{"uv":[13.0,1.0,14.0,2.0],"texture":"#o7"},"up":{"uv":[13.0,1.0,14.0,2.0],"rotation":90,"texture":"#o7"},"down":{"uv":[13.0,1.0,14.0,2.0],"rotation":270,"texture":"#o7"}}},{"from":[1.12853,9.56534,6.78994],"to":[1.19299,9.72555,6.91887],"rotation":{"angle":45.0,"axis":"z","origin":[1.32192,9.64545,7.43458]},"faces":{"north":{"uv":[13.0,1.0,14.0,2.0],"texture":"#o7"},"south":{"uv":[0.0,0.0,0.0,0.0],"texture":"#o7"},"east":{"uv":[13.0,1.0,14.0,2.0],"texture":"#o7"},"west":{"uv":[13.0,1.0,14.0,2.0],"texture":"#o7"},"up":{"uv":[13.0,1.0,14.0,2.0],"rotation":90,"texture":"#o7"},"down":{"uv":[13.0,1.0,14.0,2.0],"rotation":270,"texture":"#o7"}}},{"from":[1.12853,9.56534,6.78994],"to":[1.19299,9.72555,6.91887],"rotation":{"angle":0.0,"axis":"x","origin":[1.32192,9.64545,7.43458]},"faces":{"north":{"uv":[13.0,1.0,14.0,2.0],"texture":"#o7"},"south":{"uv":[0.0,0.0,0.0,0.0],"texture":"#o7"},"east":{"uv":[13.0,1.0,14.0,2.0],"texture":"#o7"},"west":{"uv":[13.0,1.0,14.0,2.0],"texture":"#o7"},"up":{"uv":[13.0,1.0,14.0,2.0],"rotation":90,"texture":"#o7"},"down":{"uv":[13.0,1.0,14.0,2.0],"rotation":270,"texture":"#o7"}}},{"from":[1.24182,9.45205,6.78994],"to":[1.40202,9.51652,6.91887],"rotation":{"angle":45.0,"axis":"z","origin":[1.32192,9.64545,7.43458]},"faces":{"north":{"uv":[13.0,1.0,14.0,2.0],"texture":"#o7"},"south":{"uv":[0.0,0.0,0.0,0.0],"texture":"#o7"},"east":{"uv":[13.0,1.0,14.0,2.0],"texture":"#o7"},"west":{"uv":[13.0,1.0,14.0,2.0],"texture":"#o7"},"up":{"uv":[13.0,1.0,14.0,2.0],"rotation":90,"texture":"#o7"},"down":{"uv":[13.0,1.0,14.0,2.0],"rotation":270,"texture":"#o7"}}},{"from":[1.24182,9.45205,6.78994],"to":[1.40202,9.51652,6.91887],"rotation":{"angle":0.0,"axis":"x","origin":[1.32192,9.64545,7.43458]},"faces":{"north":{"uv":[13.0,1.0,14.0,2.0],"texture":"#o7"},"south":{"uv":[0.0,0.0,0.0,0.0],"texture":"#o7"},"east":{"uv":[13.0,1.0,14.0,2.0],"texture":"#o7"},"west":{"uv":[13.0,1.0,14.0,2.0],"texture":"#o7"},"up":{"uv":[13.0,1.0,14.0,2.0],"rotation":90,"texture":"#o7"},"down":{"uv":[13.0,1.0,14.0,2.0],"rotation":270,"texture":"#o7"}}},{"from":[1.24182,9.77437,6.78994],"to":[1.40202,9.83884,6.91887],"rotation":{"angle":45.0,"axis":"z","origin":[1.32192,9.64545,7.43458]},"faces":{"north":{"uv":[13.0,1.0,14.0,2.0],"texture":"#o7"},"south":{"uv":[0.0,0.0,0.0,0.0],"texture":"#o7"},"east":{"uv":[13.0,1.0,14.0,2.0],"texture":"#o7"},"west":{"uv":[13.0,1.0,14.0,2.0],"texture":"#o7"},"up":{"uv":[13.0,1.0,14.0,2.0],"rotation":90,"texture":"#o7"},"down":{"uv":[13.0,1.0,14.0,2.0],"rotation":270,"texture":"#o7"}}},{"from":[1.24182,9.77437,6.78994],"to":[1.40202,9.83884,6.91887],"rotation":{"angle":0.0,"axis":"x","origin":[1.32192,9.64545,7.43458]},"faces":{"north":{"uv":[13.0,1.0,14.0,2.0],"texture":"#o7"},"south":{"uv":[0.0,0.0,0.0,0.0],"texture":"#o7"},"east":{"uv":[13.0,1.0,14.0,2.0],"texture":"#o7"},"west":{"uv":[13.0,1.0,14.0,2.0],"texture":"#o7"},"up":{"uv":[13.0,1.0,14.0,2.0],"rotation":90,"texture":"#o7"},"down":{"uv":[13.0,1.0,14.0,2.0],"rotation":270,"texture":"#o7"}}},{"from":[4.02942,9.56534,6.78994],"to":[4.09389,9.72555,6.91887],"rotation":{"angle":45.0,"axis":"z","origin":[3.90049,9.64545,7.43458]},"faces":{"north":{"uv":[13.0,1.0,14.0,2.0],"texture":"#o7"},"south":{"uv":[0.0,0.0,0.0,0.0],"texture":"#o7"},"east":{"uv":[13.0,1.0,14.0,2.0],"texture":"#o7"},"west":{"uv":[13.0,1.0,14.0,2.0],"texture":"#o7"},"up":{"uv":[13.0,1.0,14.0,2.0],"rotation":90,"texture":"#o7"},"down":{"uv":[13.0,1.0,14.0,2.0],"rotation":270,"texture":"#o7"}}},{"from":[4.02942,9.56534,6.78994],"to":[4.09389,9.72555,6.91887],"rotation":{"angle":0.0,"axis":"x","origin":[3.90049,9.64545,7.43458]},"faces":{"north":{"uv":[13.0,1.0,14.0,2.0],"texture":"#o7"},"south":{"uv":[0.0,0.0,0.0,0.0],"texture":"#o7"},"east":{"uv":[13.0,1.0,14.0,2.0],"texture":"#o7"},"west":{"uv":[13.0,1.0,14.0,2.0],"texture":"#o7"},"up":{"uv":[13.0,1.0,14.0,2.0],"rotation":90,"texture":"#o7"},"down":{"uv":[13.0,1.0,14.0,2.0],"rotation":270,"texture":"#o7"}}},{"from":[3.7071,9.56534,6.78994],"to":[3.77156,9.72555,6.91887],"rotation":{"angle":45.0,"axis":"z","origin":[3.90049,9.64545,7.43458]},"faces":{"north":{"uv":[13.0,1.0,14.0,2.0],"texture":"#o7"},"south":{"uv":[0.0,0.0,0.0,0.0],"texture":"#o7"},"east":{"uv":[13.0,1.0,14.0,2.0],"texture":"#o7"},"west":{"uv":[13.0,1.0,14.0,2.0],"texture":"#o7"},"up":{"uv":[13.0,1.0,14.0,2.0],"rotation":90,"texture":"#o7"},"down":{"uv":[13.0,1.0,14.0,2.0],"rotation":270,"texture":"#o7"}}},{"from":[3.7071,9.56534,6.78994],"to":[3.77156,9.72555,6.91887],"rotation":{"angle":0.0,"axis":"x","origin":[3.90049,9.64545,7.43458]},"faces":{"north":{"uv":[13.0,1.0,14.0,2.0],"texture":"#o7"},"south":{"uv":[0.0,0.0,0.0,0.0],"texture":"#o7"},"east":{"uv":[13.0,1.0,14.0,2.0],"texture":"#o7"},"west":{"uv":[13.0,1.0,14.0,2.0],"texture":"#o7"},"up":{"uv":[13.0,1.0,14.0,2.0],"rotation":90,"texture":"#o7"},"down":{"uv":[13.0,1.0,14.0,2.0],"rotation":270,"texture":"#o7"}}},{"from":[3.82039,9.45205,6.78994],"to":[3.9806,9.51652,6.91887],"rotation":{"angle":45.0,"axis":"z","origin":[3.90049,9.64545,7.43458]},"faces":{"north":{"uv":[13.0,1.0,14.0,2.0],"texture":"#o7"},"south":{"uv":[0.0,0.0,0.0,0.0],"texture":"#o7"},"east":{"uv":[13.0,1.0,14.0,2.0],"texture":"#o7"},"west":{"uv":[13.0,1.0,14.0,2.0],"texture":"#o7"},"up":{"uv":[13.0,1.0,14.0,2.0],"rotation":90,"texture":"#o7"},"down":{"uv":[13.0,1.0,14.0,2.0],"rotation":270,"texture":"#o7"}}},{"from":[3.82039,9.45205,6.78994],"to":[3.9806,9.51652,6.91887],"rotation":{"angle":0.0,"axis":"x","origin":[3.90049,9.64545,7.43458]},"faces":{"north":{"uv":[13.0,1.0,14.0,2.0],"texture":"#o7"},"south":{"uv":[0.0,0.0,0.0,0.0],"texture":"#o7"},"east":{"uv":[13.0,1.0,14.0,2.0],"texture":"#o7"},"west":{"uv":[13.0,1.0,14.0,2.0],"texture":"#o7"},"up":{"uv":[13.0,1.0,14.0,2.0],"rotation":90,"texture":"#o7"},"down":{"uv":[13.0,1.0,14.0,2.0],"rotation":270,"texture":"#o7"}}},{"from":[3.82039,9.77437,6.78994],"to":[3.9806,9.83884,6.91887],"rotation":{"angle":45.0,"axis":"z","origin":[3.90049,9.64545,7.43458]},"faces":{"north":{"uv":[13.0,1.0,14.0,2.0],"texture":"#o7"},"south":{"uv":[0.0,0.0,0.0,0.0],"texture":"#o7"},"east":{"uv":[13.0,1.0,14.0,2.0],"texture":"#o7"},"west":{"uv":[13.0,1.0,14.0,2.0],"texture":"#o7"},"up":{"uv":[13.0,1.0,14.0,2.0],"rotation":90,"texture":"#o7"},"down":{"uv":[13.0,1.0,14.0,2.0],"rotation":270,"texture":"#o7"}}},{"from":[3.82039,9.77437,6.78994],"to":[3.9806,9.83884,6.91887],"rotation":{"angle":0.0,"axis":"x","origin":[3.90049,9.64545,7.43458]},"faces":{"north":{"uv":[13.0,1.0,14.0,2.0],"texture":"#o7"},"south":{"uv":[0.0,0.0,0.0,0.0],"texture":"#o7"},"east":{"uv":[13.0,1.0,14.0,2.0],"texture":"#o7"},"west":{"uv":[13.0,1.0,14.0,2.0],"texture":"#o7"},"up":{"uv":[13.0,1.0,14.0,2.0],"rotation":90,"texture":"#o7"},"down":{"uv":[13.0,1.0,14.0,2.0],"rotation":270,"texture":"#o7"}}},{"from":[4.05081,11.52941,7.90916],"to":[4.05081,11.56545,7.94623],"rotation":{"angle":0.0,"axis":"z","origin":[3.41906,11.38353,7.86323]},"faces":{"north":{"uv":[0.0,0.0,0.0,0.0],"texture":"#o7"},"south":{"uv":[0.0,0.0,0.0,0.0],"texture":"#o7"},"east":{"uv":[0.0,0.0,0.0,0.0],"texture":"#o7"},"west":{"uv":[5.0,1.0,6.0,2.0],"texture":"#o7"},"up":{"uv":[0.0,0.0,0.0,0.0],"texture":"#o7"},"down":{"uv":[0.0,0.0,0.0,0.0],"texture":"#o7"}}},{"from":[24.3,7.49005,7.27],"to":[32.0,8.06995,7.67],"rotation":{"angle":45.0,"axis":"x","origin":[24.8,7.78,7.97]},"faces":{"north":{"uv":[0.0,1.0,0.25,1.25],"texture":"#o9"},"south":{"uv":[0.5,1.0,0.75,1.25],"texture":"#o9"},"east":{"uv":[0.0,1.0,0.25,1.25],"texture":"#o9"},"west":{"uv":[0.0,1.0,0.25,1.25],"texture":"#o9"},"up":{"uv":[0.0,1.0,0.25,1.25],"texture":"#o9"},"down":{"uv":[0.0,1.0,0.25,1.25],"texture":"#o9"}}},{"from":[24.3,7.49005,7.27],"to":[32.0,8.06995,7.67],"rotation":{"angle":0.0,"axis":"x","origin":[24.8,7.78,7.97]},"faces":{"north":{"uv":[0.0,1.0,0.25,1.25],"texture":"#o9"},"south":{"uv":[0.5,1.0,0.75,1.25],"texture":"#o9"},"east":{"uv":[0.0,1.0,0.25,1.25],"texture":"#o9"},"west":{"uv":[0.0,1.0,0.25,1.25],"texture":"#o9"},"up":{"uv":[0.0,1.0,0.25,1.25],"texture":"#o9"},"down":{"uv":[0.0,1.0,0.25,1.25],"texture":"#o9"}}},{"from":[24.3,7.49005,8.27],"to":[32.0,8.06995,8.67],"rotation":{"angle":45.0,"axis":"x","origin":[24.8,7.78,7.97]},"faces":{"north":{"uv":[0.5,1.0,0.75,1.25],"texture":"#o9"},"south":{"uv":[0.0,1.0,0.25,1.25],"texture":"#o9"},"east":{"uv":[0.0,1.0,0.25,1.25],"texture":"#o9"},"west":{"uv":[0.0,1.0,0.25,1.25],"texture":"#o9"},"up":{"uv":[0.0,1.0,0.25,1.25],"texture":"#o9"},"down":{"uv":[0.0,1.0,0.25,1.25],"texture":"#o9"}}},{"from":[24.3,7.49005,8.27],"to":[32.0,8.06995,8.67],"rotation":{"angle":0.0,"axis":"x","origin":[24.8,7.78,7.97]},"faces":{"north":{"uv":[0.5,1.0,0.75,1.25],"texture":"#o9"},"south":{"uv":[0.0,1.0,0.25,1.25],"texture":"#o9"},"east":{"uv":[0.0,1.0,0.25,1.25],"texture":"#o9"},"west":{"uv":[0.0,1.0,0.25,1.25],"texture":"#o9"},"up":{"uv":[0.0,1.0,0.25,1.25],"texture":"#o9"},"down":{"uv":[0.0,1.0,0.25,1.25],"texture":"#o9"}}},{"from":[24.3,7.08,7.68005],"to":[32.0,7.48,8.25995],"rotation":{"angle":45.0,"axis":"x","origin":[24.8,7.78,7.97]},"faces":{"north":{"uv":[0.0,1.0,0.25,1.25],"texture":"#o9"},"south":{"uv":[0.0,1.0,0.25,1.25],"texture":"#o9"},"east":{"uv":[0.0,1.0,0.25,1.25],"texture":"#o9"},"west":{"uv":[0.0,1.0,0.25,1.25],"texture":"#o9"},"up":{"uv":[0.5,1.0,0.75,1.25],"texture":"#o9"},"down":{"uv":[0.0,1.0,0.25,1.25],"texture":"#o9"}}},{"from":[24.3,7.08,7.68005],"to":[32.0,7.48,8.25995],"rotation":{"angle":0.0,"axis":"x","origin":[24.8,7.78,7.97]},"faces":{"north":{"uv":[0.0,1.0,0.25,1.25],"texture":"#o9"},"south":{"uv":[0.0,1.0,0.25,1.25],"texture":"#o9"},"east":{"uv":[0.0,1.0,0.25,1.25],"texture":"#o9"},"west":{"uv":[0.0,1.0,0.25,1.25],"texture":"#o9"},"up":{"uv":[0.5,1.0,0.75,1.25],"texture":"#o9"},"down":{"uv":[0.0,1.0,0.25,1.25],"texture":"#o9"}}},{"from":[24.3,8.08,7.68005],"to":[32.0,8.48,8.25995],"rotation":{"angle":45.0,"axis":"x","origin":[24.8,7.78,7.97]},"faces":{"north":{"uv":[0.0,1.0,0.25,1.25],"texture":"#o9"},"south":{"uv":[0.0,1.0,0.25,1.25],"texture":"#o9"},"east":{"uv":[0.0,1.0,0.25,1.25],"texture":"#o9"},"west":{"uv":[0.0,1.0,0.25,1.25],"texture":"#o9"},"up":{"uv":[0.0,1.0,0.25,1.25],"texture":"#o9"},"down":{"uv":[0.5,1.0,0.75,1.25],"texture":"#o9"}}},{"from":[24.3,8.08,7.68005],"to":[32.0,8.48,8.25995],"rotation":{"angle":0.0,"axis":"x","origin":[24.8,7.78,7.97]},"faces":{"north":{"uv":[0.0,1.0,0.25,1.25],"texture":"#o9"},"south":{"uv":[0.0,1.0,0.25,1.25],"texture":"#o9"},"east":{"uv":[0.0,1.0,0.25,1.25],"texture":"#o9"},"west":{"uv":[0.0,1.0,0.25,1.25],"texture":"#o9"},"up":{"uv":[0.0,1.0,0.25,1.25],"texture":"#o9"},"down":{"uv":[0.5,1.0,0.75,1.25],"texture":"#o9"}}},{"from":[1.12791,7.11437,9.06313],"to":[5.36791,7.92053,9.25929],"rotation":{"angle":0.0,"axis":"y","origin":[0.70791,7.01053,6.19952]},"faces":{"north":{"uv":[6.875,3.25,7.5,3.875],"texture":"#o8"},"south":{"uv":[6.875,3.25,7.5,3.875],"texture":"#o8"},"east":{"uv":[6.875,3.25,7.5,3.875],"texture":"#o8"},"west":{"uv":[6.875,3.25,7.5,3.875],"texture":"#o8"},"up":{"uv":[6.875,3.25,7.5,3.875],"texture":"#o8"},"down":{"uv":[6.875,3.25,7.5,3.875],"texture":"#o8"}}},{"from":[19.80791,7.39437,7.59313],"to":[24.50791,8.15053,8.33929],"rotation":{"angle":0.0,"axis":"y","origin":[7.40791,7.01053,6.19952]},"faces":{"north":{"uv":[12.375,0.125,13.0,0.75],"texture":"#o8"},"south":{"uv":[12.375,0.125,13.0,0.75],"texture":"#o8"},"east":{"uv":[12.375,0.125,13.0,0.75],"texture":"#o8"},"west":{"uv":[12.375,0.125,13.0,0.75],"texture":"#o8"},"up":{"uv":[12.375,0.125,13.0,0.75],"texture":"#o8"},"down":{"uv":[12.375,0.125,13.0,0.75],"texture":"#o8"}}},{"from":[19.80791,8.37437,7.78313],"to":[21.92791,8.73053,8.13929],"rotation":{"angle":0.0,"axis":"y","origin":[7.40791,7.59053,6.19952]},"faces":{"north":{"uv":[12.375,0.125,13.0,0.75],"texture":"#o8"},"south":{"uv":[12.375,0.125,13.0,0.75],"texture":"#o8"},"east":{"uv":[12.375,0.125,13.0,0.75],"texture":"#o8"},"west":{"uv":[12.375,0.125,13.0,0.75],"texture":"#o8"},"up":{"uv":[12.375,0.125,13.0,0.75],"texture":"#o8"},"down":{"uv":[12.375,0.125,13.0,0.75],"texture":"#o8"}}},{"from":[21.53791,9.69437,7.73313],"to":[21.92791,10.98053,8.18929],"rotation":{"angle":0.0,"axis":"y","origin":[7.76791,7.29053,6.19952]},"faces":{"north":{"uv":[5.375,5.125,6.0,5.75],"texture":"#o8"},"south":{"uv":[5.375,5.125,6.0,5.75],"texture":"#o8"},"east":{"uv":[5.375,5.125,6.0,5.75],"texture":"#o8"},"west":{"uv":[5.375,5.125,6.0,5.75],"texture":"#o8"},"up":{"uv":[5.375,5.125,6.0,5.75],"texture":"#o8"},"down":{"uv":[5.375,5.125,6.0,5.75],"texture":"#o8"}}},{"from":[21.38791,10.98053,7.73313],"to":[22.00791,11.20669,7.81929],"rotation":{"angle":0.0,"axis":"y","origin":[7.84791,8.57669,6.19952]},"faces":{"north":{"uv":[5.375,5.125,6.0,5.75],"texture":"#o8"},"south":{"uv":[5.375,5.125,6.0,5.75],"texture":"#o8"},"east":{"uv":[5.375,5.125,6.0,5.75],"texture":"#o8"},"west":{"uv":[5.375,5.125,6.0,5.75],"texture":"#o8"},"up":{"uv":[5.375,5.125,6.0,5.75],"texture":"#o8"},"down":{"uv":[5.375,5.125,6.0,5.75],"texture":"#o8"}}},{"from":[21.38791,10.98053,8.10313],"to":[22.00791,11.20669,8.18929],"rotation":{"angle":0.0,"axis":"y","origin":[7.84791,8.57669,6.56952]},"faces":{"north":{"uv":[5.375,5.125,6.0,5.75],"texture":"#o8"},"south":{"uv":[5.375,5.125,6.0,5.75],"texture":"#o8"},"east":{"uv":[5.375,5.125,6.0,5.75],"texture":"#o8"},"west":{"uv":[5.375,5.125,6.0,5.75],"texture":"#o8"},"up":{"uv":[5.375,5.125,6.0,5.75],"texture":"#o8"},"down":{"uv":[5.375,5.125,6.0,5.75],"texture":"#o8"}}},{"from":[21.72791,10.98053,7.92313],"to":[21.79791,11.09669,7.99929],"rotation":{"angle":0.0,"axis":"y","origin":[7.84791,8.57669,6.36952]},"faces":{"north":{"uv":[5.375,5.125,6.0,5.75],"texture":"#o8"},"south":{"uv":[5.375,5.125,6.0,5.75],"texture":"#o8"},"east":{"uv":[5.375,5.125,6.0,5.75],"texture":"#o8"},"west":{"uv":[5.375,5.125,6.0,5.75],"texture":"#o8"},"up":{"uv":[5.375,5.125,6.0,5.75],"texture":"#o8"},"down":{"uv":[5.375,5.125,6.0,5.75],"texture":"#o8"}}},{"from":[21.38791,10.38437,7.73313],"to":[21.53791,10.98053,8.18929],"rotation":{"angle":0.0,"axis":"y","origin":[7.37791,7.29053,6.19952]},"faces":{"north":{"uv":[5.375,5.125,6.0,5.75],"texture":"#o8"},"south":{"uv":[5.375,5.125,6.0,5.75],"texture":"#o8"},"up":{"uv":[5.375,5.125,6.0,5.75],"texture":"#o8"},"down":{"uv":[5.375,5.125,6.0,5.75],"texture":"#o8"}}},{"from":[20.99791,10.38437,7.73313],"to":[21.38791,10.58053,8.18929],"rotation":{"angle":0.0,"axis":"y","origin":[7.22791,7.29053,6.19952]},"faces":{"north":{"uv":[5.375,5.125,6.0,5.75],"texture":"#o8"},"south":{"uv":[5.375,5.125,6.0,5.75],"texture":"#o8"},"east":{"uv":[5.375,5.125,6.0,5.75],"texture":"#o8"},"west":{"uv":[5.375,5.125,6.0,5.75],"texture":"#o8"},"up":{"uv":[5.375,5.125,6.0,5.75],"texture":"#o8"},"down":{"uv":[5.375,5.125,6.0,5.75],"texture":"#o8"}}},{"from":[21.18791,10.58053,7.73313],"to":[21.38791,10.77669,8.18929],"rotation":{"angle":0.0,"axis":"y","origin":[7.22791,7.48669,6.19952]},"faces":{"north":{"uv":[5.375,5.125,6.0,5.75],"texture":"#o8"},"south":{"uv":[5.375,5.125,6.0,5.75],"texture":"#o8"}}},{"from":[21.15517,7.41864,7.73313],"to":[21.30517,11.0148,8.18929],"rotation":{"angle":-45.0,"axis":"z","origin":[21.23017,10.71672,7.96121]},"faces":{"north":{"uv":[5.375,5.125,6.0,5.75],"texture":"#o8"},"south":{"uv":[5.375,5.125,6.0,5.75],"texture":"#o8"},"east":{"uv":[5.375,5.125,6.0,5.75],"texture":"#o8"},"west":{"uv":[5.375,5.125,6.0,5.75],"texture":"#o8"},"up":{"uv":[5.375,5.125,6.0,5.75],"texture":"#o8"},"down":{"uv":[5.375,5.125,6.0,5.75],"texture":"#o8"}}},{"from":[21.92791,8.07437,7.73313],"to":[22.00791,10.98053,8.18929],"rotation":{"angle":0.0,"axis":"y","origin":[7.84791,7.29053,6.19952]},"faces":{"north":{"uv":[5.375,5.125,6.0,5.75],"texture":"#o8"},"south":{"uv":[5.375,5.125,6.0,5.75],"texture":"#o8"},"east":{"uv":[5.375,5.125,6.0,5.75],"texture":"#o8"},"west":{"uv":[5.375,5.125,6.0,5.75],"texture":"#o8"},"up":{"uv":[5.375,5.125,6.0,5.75],"texture":"#o8"},"down":{"uv":[5.375,5.125,6.0,5.75],"texture":"#o8"}}},{"from":[5.36791,7.51437,6.86313],"to":[6.30791,9.07053,9.05929],"rotation":{"angle":0.0,"axis":"y","origin":[0.70791,7.01053,6.19952]},"faces":{"north":{"uv":[5.125,5.125,5.75,5.76732],"texture":"#o8"},"south":{"uv":[5.125,5.125,5.75,5.76732],"texture":"#o8"},"east":{"uv":[5.125,5.125,5.75,5.76732],"texture":"#o8"},"west":{"uv":[5.125,5.125,5.75,5.76732],"texture":"#o8"},"up":{"uv":[5.125,5.125,5.75,5.76732],"texture":"#o8"},"down":{"uv":[5.125,5.125,5.75,5.76732],"texture":"#o8"}}},{"from":[1.12791,7.51437,6.86313],"to":[5.36791,9.07053,8.05929],"rotation":{"angle":0.0,"axis":"y","origin":[0.70791,7.01053,6.19952]},"faces":{"north":{"uv":[4.625,4.5,5.625,5.5],"texture":"#o8"},"south":{"uv":[6.875,3.25,7.5,3.875],"texture":"#o8"},"east":{"uv":[0.0,0.0,2.39232,3.11232],"texture":"#missing"},"west":{"uv":[0.0,0.0,2.39232,3.11232],"texture":"#missing"},"up":{"uv":[5.125,5.125,5.73,5.64232],"texture":"#o8"},"down":{"uv":[5.125,5.125,5.605,5.64232],"texture":"#o8"}}},{"from":[-5.03209,7.51437,6.86313],"to":[1.12791,9.07053,9.05929],"rotation":{"angle":0.0,"axis":"y","origin":[0.70791,7.01053,6.19952]},"faces":{"north":{"uv":[4.625,4.5,5.625,5.5],"texture":"#o8"},"south":{"uv":[5.125,5.0,5.695,5.61232],"texture":"#o8"},"east":{"uv":[5.125,5.0,5.695,5.61232],"texture":"#o8"},"west":{"uv":[5.0,5.125,5.76732,5.86232],"texture":"#o8"},"up":{"uv":[5.25,5.0,5.82,5.64232],"texture":"#o8"},"down":{"uv":[5.25,5.125,5.695,5.64232],"texture":"#o8"}}},{"from":[-5.03209,6.71437,7.02313],"to":[6.31791,7.52053,8.89929],"rotation":{"angle":0.0,"axis":"y","origin":[0.70791,7.01053,6.19952]},"faces":{"north":{"uv":[4.5,2.0,10.125,2.375],"texture":"#o8"},"south":{"uv":[10.125,2.0,4.5,2.375],"texture":"#o8"},"east":{"uv":[6.0,0.5,7.0,0.875],"texture":"#o8"},"west":{"uv":[1.0,6.0,2.0,6.375],"texture":"#o8"},"up":{"uv":[6.875,3.25,7.5,3.875],"texture":"#o8"},"down":{"uv":[5.5,5.25,5.0,5.75],"texture":"#o8"}}},{"from":[-3.51209,5.60437,7.02313],"to":[5.30791,6.72053,8.89929],"rotation":{"angle":0.0,"axis":"y","origin":[0.70791,7.01053,6.19952]},"faces":{"north":{"uv":[0.0,4.0,4.375,4.5],"texture":"#o8"},"south":{"uv":[4.375,4.0,0.0,4.5],"texture":"#o8"},"east":{"uv":[0.0,6.0,1.0,6.5],"texture":"#o8"},"west":{"uv":[4.625,4.5,5.625,5.5],"texture":"#o8"},"up":{"uv":[4.375,3.0,0.0,2.0],"texture":"#o8"},"down":{"uv":[4.375,3.0,0.0,4.0],"texture":"#o8"}}},{"from":[1.27791,3.88821,7.02313],"to":[5.30791,5.60437,8.89929],"rotation":{"angle":0.0,"axis":"y","origin":[0.72791,7.09437,6.19952]},"faces":{"north":{"uv":[0.0,5.0,2.0,5.875],"texture":"#o8"},"south":{"uv":[2.0,5.0,0.0,5.875],"texture":"#o8"},"east":{"uv":[4.0,5.0,5.0,5.875],"texture":"#o8"},"west":{"uv":[5.0,5.0,6.0,5.875],"texture":"#o8"},"down":{"uv":[6.5,4.0,4.5,5.0],"texture":"#o8"}}},{"from":[-2.60209,-0.27179,6.92313],"to":[-0.77209,4.79821,8.99929],"rotation":{"angle":-22.5,"axis":"z","origin":[0.82791,7.09437,6.19952]},"faces":{"north":{"uv":[12.125,0.0,13.125,1.0],"texture":"#o8"},"south":{"uv":[12.125,0.0,13.125,1.0],"texture":"#o8"},"east":{"uv":[12.125,0.0,13.125,1.0],"texture":"#o8"},"west":{"uv":[12.125,0.0,13.125,1.0],"texture":"#o8"},"up":{"uv":[12.125,0.0,13.125,1.0],"texture":"#o8"},"down":{"uv":[12.125,0.0,13.125,1.0],"texture":"#o8"}}},{"from":[-0.61209,5.18821,7.72313],"to":[-0.43209,5.68821,8.19929],"rotation":{"angle":-22.5,"axis":"z","origin":[-0.62209,5.58821,7.96121]},"faces":{"north":{"uv":[4.625,4.5,5.625,5.5],"texture":"#o8"},"south":{"uv":[4.625,4.5,5.625,5.5],"texture":"#o8"},"east":{"uv":[4.625,4.5,5.625,5.5],"texture":"#o8"},"west":{"uv":[4.625,4.5,5.625,5.5],"texture":"#o8"}}},{"from":[-0.76592,4.35483,7.72313],"to":[-0.58592,5.21483,8.19929],"rotation":{"angle":0.0,"axis":"z","origin":[-0.67592,5.25483,7.96121]},"faces":{"north":{"uv":[4.625,4.5,5.625,5.5],"texture":"#o8"},"south":{"uv":[4.625,4.5,5.625,5.5],"texture":"#o8"},"east":{"uv":[4.625,4.5,5.625,5.5],"texture":"#o8"},"west":{"uv":[4.625,4.5,5.625,5.5],"texture":"#o8"},"down":{"uv":[4.625,4.5,5.625,5.5],"texture":"#o8"}}},{"from":[-1.57209,3.88821,7.02313],"to":[1.27791,4.08821,8.89929],"rotation":{"angle":0.0,"axis":"y","origin":[0.82791,7.09437,6.19952]},"faces":{"north":{"uv":[4.625,4.5,5.625,5.5],"texture":"#o8"},"south":{"uv":[4.625,4.5,5.625,5.5],"texture":"#o8"},"up":{"uv":[4.625,4.5,5.625,5.5],"texture":"#o8"},"down":{"uv":[4.625,4.5,5.625,5.5],"texture":"#o8"}}},{"from":[-1.57209,4.08821,7.02313],"to":[-1.35209,5.60821,8.89929],"rotation":{"angle":0.0,"axis":"y","origin":[0.82791,7.09437,6.19952]},"faces":{"north":{"uv":[4.625,4.5,5.625,5.5],"texture":"#o8"},"south":{"uv":[4.625,4.5,5.625,5.5],"texture":"#o8"},"east":{"uv":[4.625,4.5,5.625,5.5],"texture":"#o8"}}},{"from":[-2.249,3.86529,6.92313],"to":[-1.529,5.58529,8.99929],"rotation":{"angle":0.0,"axis":"y","origin":[0.851,7.07145,6.19952]},"faces":{"north":{"uv":[12.125,0.0,13.125,1.0],"texture":"#o8"},"south":{"uv":[12.125,0.0,13.125,1.0],"texture":"#o8"},"east":{"uv":[12.125,0.0,13.125,1.0],"texture":"#o8"},"down":{"uv":[12.125,0.0,13.125,1.0],"texture":"#o8"}}},{"from":[-3.549,5.46529,6.92313],"to":[-3.2197,6.2856,8.99929],"rotation":{"angle":0.0,"axis":"y","origin":[0.851,7.07145,6.19952]},"faces":{"north":{"uv":[12.125,0.0,13.125,1.0],"texture":"#o8"},"south":{"uv":[12.125,0.0,13.125,1.0],"texture":"#o8"},"west":{"uv":[12.125,0.0,13.125,1.0],"texture":"#o8"},"up":{"uv":[12.125,0.0,13.125,1.0],"texture":"#o8"}}},{"from":[-15.51209,6.71437,7.02313],"to":[-5.03209,9.07053,8.89929],"rotation":{"angle":0.0,"axis":"y","origin":[0.84791,7.01053,6.19952]},"faces":{"north":{"uv":[4.625,4.5,5.625,5.5],"texture":"#o8"},"south":{"uv":[4.625,4.5,5.625,5.5],"texture":"#o8"},"west":{"uv":[4.625,4.5,5.625,5.5],"texture":"#o8"},"up":{"uv":[4.625,4.5,5.625,5.5],"texture":"#o8"}}},{"from":[-15.51209,2.52437,7.02313],"to":[-15.09209,6.71437,8.89929],"rotation":{"angle":0.0,"axis":"y","origin":[0.84791,7.01053,6.19952]},"faces":{"north":{"uv":[4.625,4.5,5.625,5.5],"texture":"#o8"},"south":{"uv":[4.625,4.5,5.625,5.5],"texture":"#o8"},"west":{"uv":[4.625,4.5,5.625,5.5],"texture":"#o8"},"down":{"uv":[4.625,4.5,5.625,5.5],"texture":"#o8"}}},{"from":[-15.96837,4.61193,7.02313],"to":[-5.0428,5.59193,8.88929],"rotation":{"angle":22.5,"axis":"z","origin":[-10.3278,5.79596,7.96121]},"faces":{"north":{"uv":[4.625,4.5,5.625,5.5],"texture":"#o8"},"south":{"uv":[4.625,4.5,5.625,5.5],"texture":"#o8"},"down":{"uv":[4.625,4.5,5.625,5.5],"texture":"#o8"}}},{"from":[-15.49591,5.61629,7.02313],"to":[-7.30034,6.56629,8.88929],"rotation":{"angle":22.5,"axis":"z","origin":[-10.20534,5.50032,7.96121]},"faces":{"north":{"uv":[4.625,4.5,5.625,5.5],"texture":"#o8"},"south":{"uv":[4.625,4.5,5.625,5.5],"texture":"#o8"}}},{"from":[-15.10591,6.56629,7.02313],"to":[-9.59034,7.50629,8.88929],"rotation":{"angle":22.5,"axis":"z","origin":[-10.20534,5.50032,7.96121]},"faces":{"north":{"uv":[4.625,4.5,5.625,5.5],"texture":"#o8"},"south":{"uv":[4.625,4.5,5.625,5.5],"texture":"#o8"}}},{"from":[-14.67591,7.50629,7.02313],"to":[-11.87034,8.51629,8.88929],"rotation":{"angle":22.5,"axis":"z","origin":[-10.20534,5.50032,7.96121]},"faces":{"north":{"uv":[4.625,4.5,5.625,5.5],"texture":"#o8"},"south":{"uv":[4.625,4.5,5.625,5.5],"texture":"#o8"}}},{"from":[-3.26209,9.07053,7.25313],"to":[-2.70209,9.45669,8.67929],"rotation":{"angle":0.0,"axis":"y","origin":[0.78791,6.67669,6.19952]},"faces":{"north":{"uv":[12.125,0.0,13.125,1.0],"texture":"#o8"},"south":{"uv":[12.125,0.0,13.125,1.0],"texture":"#o8"},"east":{"uv":[12.125,0.0,13.125,1.0],"texture":"#o8"},"west":{"uv":[12.125,0.0,13.125,1.0],"texture":"#o8"},"up":{"uv":[12.125,0.0,13.125,1.0],"texture":"#o8"},"down":{"uv":[12.125,0.0,13.125,1.0],"texture":"#o8"}}},{"from":[-2.66209,9.07053,7.25313],"to":[6.09791,9.45669,8.67929],"rotation":{"angle":0.0,"axis":"y","origin":[1.58791,6.67669,6.19952]},"faces":{"north":{"uv":[0.0,6.625,1.0,7.625],"texture":"#o8"},"south":{"uv":[0.0,6.625,1.0,7.625],"texture":"#o8"},"east":{"uv":[0.0,6.625,1.0,7.625],"texture":"#o8"},"west":{"uv":[0.0,6.625,1.0,7.625],"texture":"#o8"},"up":{"uv":[0.0,6.625,1.0,7.625],"texture":"#o8"},"down":{"uv":[0.0,6.625,1.0,7.625],"texture":"#o8"}}},{"from":[5.19791,9.45669,7.25313],"to":[6.09791,9.80669,8.67933],"rotation":{"angle":0.0,"axis":"y","origin":[2.61,7.06285,6.19952]},"faces":{"north":{"uv":[0.0,6.625,1.0,7.625],"texture":"#o8"},"south":{"uv":[0.0,6.625,1.0,7.625],"texture":"#o8"},"east":{"uv":[0.0,6.625,1.0,7.625],"texture":"#o8"},"west":{"uv":[0.0,6.625,1.0,7.625],"texture":"#o8"},"up":{"uv":[0.0,6.625,1.0,7.625],"texture":"#o8"},"down":{"uv":[0.0,6.625,1.0,7.625],"texture":"#o8"}}},{"from":[5.19791,9.10622,7.33825],"to":[6.09791,9.35371,7.58574],"rotation":{"angle":-45.0,"axis":"x","origin":[5.64791,9.17871,6.87264]},"faces":{"north":{"uv":[0.0,6.625,1.0,7.625],"texture":"#o8"},"south":{"uv":[0.0,6.625,1.0,7.625],"texture":"#o8"},"east":{"uv":[0.0,6.625,1.0,7.625],"texture":"#o8"},"west":{"uv":[0.0,6.625,1.0,7.625],"texture":"#o8"},"up":{"uv":[0.0,6.625,1.0,7.625],"texture":"#o8"},"down":{"uv":[0.0,6.625,1.0,7.625],"texture":"#o8"}}},{"from":[3.39791,9.10622,7.33825],"to":[4.29791,9.35371,7.58574],"rotation":{"angle":-45.0,"axis":"x","origin":[5.64791,9.17871,6.87264]},"faces":{"north":{"uv":[0.0,6.625,1.0,7.625],"texture":"#o8"},"south":{"uv":[0.0,6.625,1.0,7.625],"texture":"#o8"},"east":{"uv":[0.0,6.625,1.0,7.625],"texture":"#o8"},"west":{"uv":[0.0,6.625,1.0,7.625],"texture":"#o8"},"up":{"uv":[0.0,6.625,1.0,7.625],"texture":"#o8"},"down":{"uv":[0.0,6.625,1.0,7.625],"texture":"#o8"}}},{"from":[-0.20209,9.10622,7.33825],"to":[0.69791,9.35371,7.58574],"rotation":{"angle":-45.0,"axis":"x","origin":[5.64791,9.17871,6.87264]},"faces":{"north":{"uv":[0.0,6.625,1.0,7.625],"texture":"#o8"},"south":{"uv":[0.0,6.625,1.0,7.625],"texture":"#o8"},"east":{"uv":[0.0,6.625,1.0,7.625],"texture":"#o8"},"west":{"uv":[0.0,6.625,1.0,7.625],"texture":"#o8"},"up":{"uv":[0.0,6.625,1.0,7.625],"texture":"#o8"},"down":{"uv":[0.0,6.625,1.0,7.625],"texture":"#o8"}}},{"from":[-2.00209,9.10622,7.33825],"to":[-1.10209,9.35371,7.58574],"rotation":{"angle":-45.0,"axis":"x","origin":[5.64791,9.17871,6.87264]},"faces":{"north":{"uv":[0.0,6.625,1.0,7.625],"texture":"#o8"},"south":{"uv":[0.0,6.625,1.0,7.625],"texture":"#o8"},"east":{"uv":[0.0,6.625,1.0,7.625],"texture":"#o8"},"west":{"uv":[0.0,6.625,1.0,7.625],"texture":"#o8"},"up":{"uv":[0.0,6.625,1.0,7.625],"texture":"#o8"},"down":{"uv":[0.0,6.625,1.0,7.625],"texture":"#o8"}}},{"from":[1.59791,9.10622,7.33825],"to":[2.49791,9.35371,7.58574],"rotation":{"angle":-45.0,"axis":"x","origin":[5.64791,9.17871,6.87264]},"faces":{"north":{"uv":[0.0,6.625,1.0,7.625],"texture":"#o8"},"south":{"uv":[0.0,6.625,1.0,7.625],"texture":"#o8"},"east":{"uv":[0.0,6.625,1.0,7.625],"texture":"#o8"},"west":{"uv":[0.0,6.625,1.0,7.625],"texture":"#o8"},"up":{"uv":[0.0,6.625,1.0,7.625],"texture":"#o8"},"down":{"uv":[0.0,6.625,1.0,7.625],"texture":"#o8"}}},{"from":[-2.00209,9.10622,8.76445],"to":[-1.10209,9.35371,9.01194],"rotation":{"angle":-45.0,"axis":"x","origin":[5.64791,9.17871,8.29884]},"faces":{"north":{"uv":[0.0,6.625,1.0,7.625],"texture":"#o8"},"south":{"uv":[0.0,6.625,1.0,7.625],"texture":"#o8"},"east":{"uv":[0.0,6.625,1.0,7.625],"texture":"#o8"},"west":{"uv":[0.0,6.625,1.0,7.625],"texture":"#o8"},"up":{"uv":[0.0,6.625,1.0,7.625],"texture":"#o8"},"down":{"uv":[0.0,6.625,1.0,7.625],"texture":"#o8"}}},{"from":[-0.20209,9.10622,8.76445],"to":[0.69791,9.35371,9.01194],"rotation":{"angle":-45.0,"axis":"x","origin":[5.64791,9.17871,8.29884]},"faces":{"north":{"uv":[0.0,6.625,1.0,7.625],"texture":"#o8"},"south":{"uv":[0.0,6.625,1.0,7.625],"texture":"#o8"},"east":{"uv":[0.0,6.625,1.0,7.625],"texture":"#o8"},"west":{"uv":[0.0,6.625,1.0,7.625],"texture":"#o8"},"up":{"uv":[0.0,6.625,1.0,7.625],"texture":"#o8"},"down":{"uv":[0.0,6.625,1.0,7.625],"texture":"#o8"}}},{"from":[1.59791,9.10622,8.76445],"to":[2.49791,9.35371,9.01194],"rotation":{"angle":-45.0,"axis":"x","origin":[5.64791,9.17871,8.29884]},"faces":{"north":{"uv":[0.0,6.625,1.0,7.625],"texture":"#o8"},"south":{"uv":[0.0,6.625,1.0,7.625],"texture":"#o8"},"east":{"uv":[0.0,6.625,1.0,7.625],"texture":"#o8"},"west":{"uv":[0.0,6.625,1.0,7.625],"texture":"#o8"},"up":{"uv":[0.0,6.625,1.0,7.625],"texture":"#o8"},"down":{"uv":[0.0,6.625,1.0,7.625],"texture":"#o8"}}},{"from":[3.39791,9.10622,8.76445],"to":[4.29791,9.35371,9.01194],"rotation":{"angle":-45.0,"axis":"x","origin":[5.64791,9.17871,8.29884]},"faces":{"north":{"uv":[0.0,6.625,1.0,7.625],"texture":"#o8"},"south":{"uv":[0.0,6.625,1.0,7.625],"texture":"#o8"},"east":{"uv":[0.0,6.625,1.0,7.625],"texture":"#o8"},"west":{"uv":[0.0,6.625,1.0,7.625],"texture":"#o8"},"up":{"uv":[0.0,6.625,1.0,7.625],"texture":"#o8"},"down":{"uv":[0.0,6.625,1.0,7.625],"texture":"#o8"}}},{"from":[5.19791,9.10622,8.76445],"to":[6.09791,9.35371,9.01194],"rotation":{"angle":-45.0,"axis":"x","origin":[5.64791,9.17871,8.29884]},"faces":{"north":{"uv":[0.0,6.625,1.0,7.625],"texture":"#o8"},"south":{"uv":[0.0,6.625,1.0,7.625],"texture":"#o8"},"east":{"uv":[0.0,6.625,1.0,7.625],"texture":"#o8"},"west":{"uv":[0.0,6.625,1.0,7.625],"texture":"#o8"},"up":{"uv":[0.0,6.625,1.0,7.625],"texture":"#o8"},"down":{"uv":[0.0,6.625,1.0,7.625],"texture":"#o8"}}},{"from":[3.39791,9.45669,7.25313],"to":[4.29791,9.80669,8.67933],"rotation":{"angle":0.0,"axis":"y","origin":[0.81,7.06285,6.19952]},"faces":{"north":{"uv":[0.0,6.625,1.0,7.625],"texture":"#o8"},"south":{"uv":[0.0,6.625,1.0,7.625],"texture":"#o8"},"east":{"uv":[0.0,6.625,1.0,7.625],"texture":"#o8"},"west":{"uv":[0.0,6.625,1.0,7.625],"texture":"#o8"},"up":{"uv":[0.0,6.625,1.0,7.625],"texture":"#o8"},"down":{"uv":[0.0,6.625,1.0,7.625],"texture":"#o8"}}},{"from":[1.59791,9.45669,7.25313],"to":[2.49791,9.80669,8.67933],"rotation":{"angle":0.0,"axis":"y","origin":[-0.99,7.06285,6.19952]},"faces":{"north":{"uv":[0.0,6.625,1.0,7.625],"texture":"#o8"},"south":{"uv":[0.0,6.625,1.0,7.625],"texture":"#o8"},"east":{"uv":[0.0,6.625,1.0,7.625],"texture":"#o8"},"west":{"uv":[0.0,6.625,1.0,7.625],"texture":"#o8"},"up":{"uv":[0.0,6.625,1.0,7.625],"texture":"#o8"},"down":{"uv":[0.0,6.625,1.0,7.625],"texture":"#o8"}}},{"from":[-0.20209,9.45669,7.25313],"to":[0.69791,9.80669,8.67933],"rotation":{"angle":0.0,"axis":"y","origin":[-2.79,7.06285,6.19952]},"faces":{"north":{"uv":[0.0,6.625,1.0,7.625],"texture":"#o8"},"south":{"uv":[0.0,6.625,1.0,7.625],"texture":"#o8"},"east":{"uv":[0.0,6.625,1.0,7.625],"texture":"#o8"},"west":{"uv":[0.0,6.625,1.0,7.625],"texture":"#o8"},"up":{"uv":[0.0,6.625,1.0,7.625],"texture":"#o8"},"down":{"uv":[0.0,6.625,1.0,7.625],"texture":"#o8"}}},{"from":[-2.00209,9.45669,7.25313],"to":[-1.10209,9.80669,8.67933],"rotation":{"angle":0.0,"axis":"y","origin":[-4.59,7.06285,6.19952]},"faces":{"north":{"uv":[0.0,6.625,1.0,7.625],"texture":"#o8"},"south":{"uv":[0.0,6.625,1.0,7.625],"texture":"#o8"},"east":{"uv":[0.0,6.625,1.0,7.625],"texture":"#o8"},"west":{"uv":[0.0,6.625,1.0,7.625],"texture":"#o8"},"up":{"uv":[0.0,6.625,1.0,7.625],"texture":"#o8"},"down":{"uv":[0.0,6.625,1.0,7.625],"texture":"#o8"}}},{"from":[8.33791,6.34331,7.45313],"to":[17.09791,6.82947,8.67929],"rotation":{"angle":0.0,"axis":"y","origin":[1.58791,9.32331,6.19952]},"faces":{"north":{"uv":[0.0,7.625,1.0,6.625],"texture":"#o8"},"south":{"uv":[0.0,7.625,1.0,6.625],"texture":"#o8"},"east":{"uv":[0.0,7.625,1.0,6.625],"texture":"#o8"},"west":{"uv":[0.0,7.625,1.0,6.625],"texture":"#o8"},"up":{"uv":[0.0,7.625,1.0,6.625],"texture":"#o8"},"down":{"uv":[0.0,7.625,1.0,6.625],"texture":"#o8"}}},{"from":[16.19791,5.99331,7.45313],"to":[17.09791,6.34331,8.67933],"rotation":{"angle":0.0,"axis":"y","origin":[2.61,8.93715,6.19952]},"faces":{"north":{"uv":[0.0,7.625,1.0,6.625],"texture":"#o8"},"south":{"uv":[0.0,7.625,1.0,6.625],"texture":"#o8"},"east":{"uv":[0.0,7.625,1.0,6.625],"texture":"#o8"},"west":{"uv":[0.0,7.625,1.0,6.625],"texture":"#o8"},"up":{"uv":[0.0,7.625,1.0,6.625],"texture":"#o8"},"down":{"uv":[0.0,7.625,1.0,6.625],"texture":"#o8"}}},{"from":[14.39791,5.99331,7.45313],"to":[15.29791,6.34331,8.67933],"rotation":{"angle":0.0,"axis":"y","origin":[0.81,8.93715,6.19952]},"faces":{"north":{"uv":[0.0,7.625,1.0,6.625],"texture":"#o8"},"south":{"uv":[0.0,7.625,1.0,6.625],"texture":"#o8"},"east":{"uv":[0.0,7.625,1.0,6.625],"texture":"#o8"},"west":{"uv":[0.0,7.625,1.0,6.625],"texture":"#o8"},"up":{"uv":[0.0,7.625,1.0,6.625],"texture":"#o8"},"down":{"uv":[0.0,7.625,1.0,6.625],"texture":"#o8"}}},{"from":[12.59791,5.99331,7.45313],"to":[13.49791,6.34331,8.67933],"rotation":{"angle":0.0,"axis":"y","origin":[-0.99,8.93715,6.19952]},"faces":{"north":{"uv":[0.0,7.625,1.0,6.625],"texture":"#o8"},"south":{"uv":[0.0,7.625,1.0,6.625],"texture":"#o8"},"east":{"uv":[0.0,7.625,1.0,6.625],"texture":"#o8"},"west":{"uv":[0.0,7.625,1.0,6.625],"texture":"#o8"},"up":{"uv":[0.0,7.625,1.0,6.625],"texture":"#o8"},"down":{"uv":[0.0,7.625,1.0,6.625],"texture":"#o8"}}},{"from":[10.79791,5.99331,7.45313],"to":[11.69791,6.34331,8.67933],"rotation":{"angle":0.0,"axis":"y","origin":[-2.79,8.93715,6.19952]},"faces":{"north":{"uv":[0.0,7.625,1.0,6.625],"texture":"#o8"},"south":{"uv":[0.0,7.625,1.0,6.625],"texture":"#o8"},"east":{"uv":[0.0,7.625,1.0,6.625],"texture":"#o8"},"west":{"uv":[0.0,7.625,1.0,6.625],"texture":"#o8"},"up":{"uv":[0.0,7.625,1.0,6.625],"texture":"#o8"},"down":{"uv":[0.0,7.625,1.0,6.625],"texture":"#o8"}}},{"from":[8.99791,5.99331,7.45313],"to":[9.89791,6.34331,8.67933],"rotation":{"angle":0.0,"axis":"y","origin":[-4.59,8.93715,6.19952]},"faces":{"north":{"uv":[0.0,7.625,1.0,6.625],"texture":"#o8"},"south":{"uv":[0.0,7.625,1.0,6.625],"texture":"#o8"},"east":{"uv":[0.0,7.625,1.0,6.625],"texture":"#o8"},"west":{"uv":[0.0,7.625,1.0,6.625],"texture":"#o8"},"up":{"uv":[0.0,7.625,1.0,6.625],"texture":"#o8"},"down":{"uv":[0.0,7.625,1.0,6.625],"texture":"#o8"}}},{"from":[-4.02209,9.07053,6.75313],"to":[-3.26209,9.45669,9.16929],"rotation":{"angle":0.0,"axis":"y","origin":[0.70791,6.67669,6.19952]},"faces":{"north":{"uv":[12.125,0.0,13.125,1.0],"texture":"#o8"},"south":{"uv":[12.125,0.0,13.125,1.0],"texture":"#o8"},"east":{"uv":[12.125,0.0,13.125,1.0],"texture":"#o8"},"west":{"uv":[12.125,0.0,13.125,1.0],"texture":"#o8"},"up":{"uv":[12.125,0.0,13.125,1.0],"texture":"#o8"},"down":{"uv":[12.125,0.0,13.125,1.0],"texture":"#o8"}}},{"from":[1.12791,8.71437,8.06313],"to":[5.36791,9.07053,9.05929],"rotation":{"angle":0.0,"axis":"y","origin":[0.70791,7.01053,6.19952]},"faces":{"north":{"uv":[5.125,5.0,5.695,5.61232],"texture":"#o8"},"south":{"uv":[5.125,5.0,5.695,5.61232],"texture":"#o8"},"east":{"uv":[5.125,5.0,5.695,5.61232],"texture":"#o8"},"west":{"uv":[5.125,5.0,5.695,5.61232],"texture":"#o8"},"up":{"uv":[5.125,5.0,5.695,5.61232],"texture":"#o8"},"down":{"uv":[5.125,5.0,5.695,5.61232],"texture":"#o8"}}},{"from":[1.12791,7.51437,8.46313],"to":[5.36791,7.92053,9.05929],"rotation":{"angle":0.0,"axis":"y","origin":[0.70791,7.01053,6.19952]},"faces":{"north":{"uv":[6.875,3.25,7.5,3.875],"texture":"#o8"},"south":{"uv":[6.875,3.25,7.5,3.875],"texture":"#o8"},"east":{"uv":[6.875,3.25,7.5,3.875],"texture":"#o8"},"west":{"uv":[6.875,3.25,7.5,3.875],"texture":"#o8"},"up":{"uv":[6.875,3.25,7.5,3.875],"texture":"#o8"},"down":{"uv":[6.875,3.25,7.5,3.875],"texture":"#o8"}}},{"from":[13.0,7.42365,6.85],"to":[19.8,8.37635,9.15],"rotation":{"angle":45.0,"axis":"x","origin":[13.5,7.9,8.0]},"faces":{"north":{"uv":[6.875,3.375,7.375,3.875],"texture":"#o8"},"south":{"uv":[6.875,3.375,7.375,3.875],"texture":"#o8"},"east":{"uv":[6.875,3.375,7.375,3.875],"texture":"#o8"},"west":{"uv":[0.0,3.25,2.0,5.25],"texture":"#missing"}}},{"from":[13.0,7.42365,6.85],"to":[19.8,8.37635,9.15],"rotation":{"angle":0.0,"axis":"x","origin":[13.5,7.9,8.0]},"faces":{"north":{"uv":[6.875,3.375,7.375,3.875],"texture":"#o8"},"south":{"uv":[6.875,3.375,7.375,3.875],"texture":"#o8"},"east":{"uv":[6.875,3.375,7.375,3.875],"texture":"#o8"},"west":{"uv":[0.0,3.25,2.0,5.25],"texture":"#missing"}}},{"from":[13.0,6.75,7.52365],"to":[19.8,9.05,8.47635],"rotation":{"angle":45.0,"axis":"x","origin":[13.5,7.9,8.0]},"faces":{"east":{"uv":[6.875,3.375,7.375,3.875],"texture":"#o8"},"west":{"uv":[0.0,3.25,2.0,5.25],"texture":"#missing"},"up":{"uv":[6.875,3.375,7.375,3.875],"texture":"#o8"},"down":{"uv":[6.875,3.375,7.375,3.875],"texture":"#o8"}}},{"from":[13.0,6.75,7.52365],"to":[19.8,9.05,8.47635],"rotation":{"angle":0.0,"axis":"x","origin":[13.5,7.9,8.0]},"faces":{"east":{"uv":[6.875,3.375,7.375,3.875],"texture":"#o8"},"west":{"uv":[0.0,3.25,2.0,5.25],"texture":"#missing"},"up":{"uv":[6.875,3.375,7.375,3.875],"texture":"#o8"},"down":{"uv":[6.875,3.375,7.375,3.875],"texture":"#o8"}}},{"from":[6.3,7.38081,6.65],"to":[13.0,8.49919,9.35],"rotation":{"angle":45.0,"axis":"x","origin":[9.2,7.94,8.0]},"faces":{"north":{"uv":[6.875,3.375,7.375,3.875],"texture":"#o8"},"south":{"uv":[6.875,3.375,7.375,3.875],"texture":"#o8"},"east":{"uv":[6.875,3.375,7.375,3.875],"texture":"#o8"},"west":{"uv":[6.875,3.375,7.375,3.875],"texture":"#o8"}}},{"from":[6.3,7.38081,6.65],"to":[13.0,8.49919,9.35],"rotation":{"angle":0.0,"axis":"x","origin":[9.2,7.94,8.0]},"faces":{"north":{"uv":[6.875,3.375,7.375,3.875],"texture":"#o8"},"south":{"uv":[6.875,3.375,7.375,3.875],"texture":"#o8"},"east":{"uv":[6.875,3.375,7.375,3.875],"texture":"#o8"},"west":{"uv":[6.875,3.375,7.375,3.875],"texture":"#o8"}}},{"from":[6.3,6.59,7.44081],"to":[13.0,9.29,8.55919],"rotation":{"angle":45.0,"axis":"x","origin":[9.2,7.94,8.0]},"faces":{"east":{"uv":[6.875,3.375,7.375,3.875],"texture":"#o8"},"west":{"uv":[6.875,3.375,7.375,3.875],"texture":"#o8"},"up":{"uv":[6.875,3.375,7.375,3.875],"texture":"#o8"},"down":{"uv":[6.875,3.375,7.375,3.875],"texture":"#o8"}}},{"from":[6.3,6.59,7.44081],"to":[13.0,9.29,8.55919],"rotation":{"angle":0.0,"axis":"x","origin":[9.2,7.94,8.0]},"faces":{"east":{"uv":[6.875,3.375,7.375,3.875],"texture":"#o8"},"west":{"uv":[6.875,3.375,7.375,3.875],"texture":"#o8"},"up":{"uv":[6.875,3.375,7.375,3.875],"texture":"#o8"},"down":{"uv":[6.875,3.375,7.375,3.875],"texture":"#o8"}}},{"from":[1.50791,2.16821,7.12313],"to":[5.18791,3.88437,8.79929],"rotation":{"angle":0.0,"axis":"y","origin":[0.70791,5.37437,6.19952]},"faces":{"north":{"uv":[7.0,0.0,8.84,0.85808],"texture":"#o8"},"south":{"uv":[8.84,0.0,7.0,0.85808],"texture":"#o8"},"east":{"uv":[11.375,0.0,12.21308,0.85808],"texture":"#o8"},"west":{"uv":[11.25,0.0,12.08808,0.85808],"texture":"#o8"}}},{"from":[0.99861,-1.66752,7.13313],"to":[4.67861,1.74864,8.78929],"rotation":{"angle":22.5,"axis":"z","origin":[0.19861,3.23864,6.19952]},"faces":{"north":{"uv":[8.875,0.0,11.215,1.70808],"texture":"#o8"},"south":{"uv":[11.215,0.0,8.875,1.70808],"texture":"#o8"},"east":{"uv":[11.25,0.0,12.08808,1.70808],"texture":"#o8"},"west":{"uv":[11.25,0.0,12.08808,1.70808],"texture":"#o8"},"down":{"uv":[11.25,0.0,13.09,0.83808],"texture":"#o8"}}},{"from":[-16.0,-16.0,-15.99],"to":[32.0,32.0,-15.99],"faces":{"north":{"uv":[0.0,0.0,16.0,16.0],"texture":"#icon_background"}}},{"from":[-16.0,-16.0,-16.0],"to":[32.0,32.0,-16.0],"faces":{"north":{"uv":[0.0,0.0,16.0,16.0],"texture":"#icon"}}}],"display":{"firstperson_lefthand":{"rotation":[0.0,0.0,0.0],"translation":[0.0,0.0,0.0],"scale":[0.0,0.0,0.0]},"firstperson_righthand":{"rotation":[0.0,90.0,0.0],"translation":[-8.989,14.379,1.5],"scale":[1.0,1.0,1.0]},"thirdperson_lefthand":{"rotation":[0.0,0.0,0.0],"translation":[0.0,0.0,0.0],"scale":[0.0,0.0,0.0]},"thirdperson_righthand":{"rotation":[0.0,0.0,0.0],"translation":[0.0,0.0,0.0],"scale":[0.0,0.0,0.0]},"ground":{"rotation":[-90.0,0.0,0.0],"scale":[0.8,0.8,0.8]},"gui":{"rotation":[0.0,-180.0,0.0],"translation":[0.0,0.0,0.0],"scale":[0.333,0.333,0.333]},"fixed":{"rotation":[0.0,0.0,45.0],"translation":[-0.25,0.5,-0.25],"scale":[0.8,0.8,0.8]},"head":{"rotation":[90.0,0.0,0.0],"translation":[3.25,-41.75,1.0],"scale":[1.2,1.2,1.2]}},"gui_light":"front"}