{"parent":"item/generated","textures":{"layer0":"item/music_disc_13"},"overrides":[{"predicate":{"custom_model_data":1},"model":"generated/1f75874e9b74cc7d86b843833e2afaaadb0081446d362e26b798f01d659032af"},{"predicate":{"custom_model_data":2},"model":"generated/02705ee4d1c95fe0349c88f6587bf7ab573827114ae5f04f57333a7f30dc7c6c"},{"predicate":{"custom_model_data":3},"model":"generated/1aa317fe04d483c72212fa35379e026f46038715b96a6e8880c6f0330d7f4c32"},{"predicate":{"custom_model_data":4},"model":"generated/d225f0ad8a8a30b07957c87875220d4784311ae068c9e61e99913ff4d41f15b5"},{"predicate":{"custom_model_data":5},"model":"generated/23bf52e4a89a9bea05418c44983bcc33ddc424cf318584b03111e80b26979b27"},{"predicate":{"custom_model_data":6},"model":"generated/206fcc497985bd0ec84a3980a587abfb672c2ebef1b0517871463b876fd7f70b"},{"predicate":{"custom_model_data":7},"model":"generated/2729d350f32a219c90840b1be2b0e0175f1795eb6f15d345f9902dedbbaaaf4a"},{"predicate":{"custom_model_data":8},"model":"generated/b93aa3e6c2ed4731b61dfbdf72528a3e2628999c91dd9d90f52f04729043d301"}]}