{"textures":{"o0":"gun/player_skin_slim","o1":"gun/player_skin","o2":"generated/9","o3":"generated/10","o4":"generated/13","o5":"generated/10","icon":"generated/2e","icon_background":"generated/2a"},"elements":[{"from":[7.93044,6.0,-3.25],"to":[8.06956,6.14,-3.1],"rotation":{"angle":0.0,"axis":"z","origin":[8.0,5.6,-3.0]},"faces":{"north":{"uv":[0.5,2.0,1.0,2.5],"texture":"#o4"},"south":{"uv":[0.5,2.0,1.0,2.5],"texture":"#o4"},"east":{"uv":[0.5,2.0,1.0,2.5],"texture":"#o4"},"west":{"uv":[0.5,2.0,1.0,2.5],"texture":"#o4"},"up":{"uv":[0.5,2.0,1.0,2.5],"texture":"#o4"},"down":{"uv":[0.5,2.0,1.0,2.5],"texture":"#o4"}}},{"from":[7.80054,4.95,-3.2],"to":[8.19946,5.3,0.2],"rotation":{"angle":0.0,"axis":"z","origin":[8.0,5.6,-0.4]},"faces":{"north":{"uv":[0.5,1.0,1.0,1.5],"texture":"#o4"},"south":{"uv":[0.5,1.0,1.0,1.5],"texture":"#o4"},"east":{"uv":[0.5,1.0,1.0,1.5],"texture":"#o4"},"west":{"uv":[0.5,1.0,1.0,1.5],"texture":"#o4"},"up":{"uv":[0.5,1.0,1.0,1.5],"texture":"#o4"},"down":{"uv":[0.5,1.0,1.0,1.5],"texture":"#o4"}}},{"from":[7.80054,4.7,-3.5],"to":[8.19946,4.95,-3.0],"rotation":{"angle":0.0,"axis":"z","origin":[8.0,5.25,-0.4]},"faces":{"north":{"uv":[0.5,1.0,1.0,1.5],"texture":"#o4"},"south":{"uv":[0.5,1.0,1.0,1.5],"texture":"#o4"},"east":{"uv":[0.5,1.0,1.0,1.5],"texture":"#o4"},"west":{"uv":[0.5,1.0,1.0,1.5],"texture":"#o4"},"up":{"uv":[0.5,1.0,1.0,1.5],"texture":"#o4"},"down":{"uv":[0.5,1.0,1.0,1.5],"texture":"#o4"}}},{"from":[7.80054,4.84017,-3.16161],"to":[8.19946,5.09017,-2.76161],"rotation":{"angle":-45.0,"axis":"x","origin":[8.0,4.96517,-2.91161]},"faces":{"north":{"uv":[0.5,1.0,1.0,1.5],"texture":"#o4"},"south":{"uv":[0.5,1.0,1.0,1.5],"texture":"#o4"},"east":{"uv":[0.5,1.0,1.0,1.5],"texture":"#o4"},"west":{"uv":[0.5,1.0,1.0,1.5],"texture":"#o4"},"up":{"uv":[0.5,1.0,1.0,1.5],"texture":"#o4"},"down":{"uv":[0.5,1.0,1.0,1.5],"texture":"#o4"}}},{"from":[7.90054,4.1,-0.3],"to":[8.09946,4.97,0.2],"rotation":{"angle":0.0,"axis":"z","origin":[8.0,5.65,-0.4]},"faces":{"north":{"uv":[0.5,1.0,1.0,1.5],"texture":"#o4"},"south":{"uv":[0.5,1.0,1.0,1.5],"texture":"#o4"},"east":{"uv":[0.5,1.0,1.0,1.5],"texture":"#o4"},"west":{"uv":[0.5,1.0,1.0,1.5],"texture":"#o4"},"up":{"uv":[0.5,1.0,1.0,1.5],"texture":"#o4"},"down":{"uv":[0.5,1.0,1.0,1.5],"texture":"#o4"}}},{"from":[7.90054,5.72,16.4],"to":[8.09946,6.12,16.9],"rotation":{"angle":-45.0,"axis":"z","origin":[8.0,5.62,13.8]},"faces":{"north":{"uv":[0.5,1.0,1.0,1.5],"texture":"#o4"},"south":{"uv":[0.5,1.0,1.0,1.5],"texture":"#o4"},"east":{"uv":[0.5,1.0,1.0,1.5],"texture":"#o4"},"west":{"uv":[0.5,1.0,1.0,1.5],"texture":"#o4"},"up":{"uv":[0.5,1.0,1.0,1.5],"texture":"#o4"},"down":{"uv":[0.5,1.0,1.0,1.5],"texture":"#o4"}}},{"from":[7.90054,5.72,16.4],"to":[8.09946,6.12,16.9],"rotation":{"angle":-22.5,"axis":"z","origin":[8.0,5.62,13.8]},"faces":{"north":{"uv":[0.5,1.0,1.0,1.5],"texture":"#o4"},"south":{"uv":[0.5,1.0,1.0,1.5],"texture":"#o4"},"east":{"uv":[0.5,1.0,1.0,1.5],"texture":"#o4"},"west":{"uv":[0.5,1.0,1.0,1.5],"texture":"#o4"},"up":{"uv":[0.5,1.0,1.0,1.5],"texture":"#o4"},"down":{"uv":[0.5,1.0,1.0,1.5],"texture":"#o4"}}},{"from":[7.90054,5.72,16.4],"to":[8.09946,6.12,16.9],"rotation":{"angle":0.0,"axis":"z","origin":[8.0,5.62,13.8]},"faces":{"north":{"uv":[0.5,1.0,1.0,1.5],"texture":"#o4"},"south":{"uv":[0.5,1.0,1.0,1.5],"texture":"#o4"},"east":{"uv":[0.5,1.0,1.0,1.5],"texture":"#o4"},"west":{"uv":[0.5,1.0,1.0,1.5],"texture":"#o4"},"up":{"uv":[0.5,1.0,1.0,1.5],"texture":"#o4"},"down":{"uv":[0.5,1.0,1.0,1.5],"texture":"#o4"}}},{"from":[7.70054,4.12,16.9],"to":[8.29946,5.56693,17.36955],"rotation":{"angle":0.0,"axis":"z","origin":[8.0,5.62,14.3]},"faces":{"north":{"uv":[0.5,1.0,1.0,1.5],"texture":"#o4"},"south":{"uv":[0.5,1.0,1.0,1.5],"texture":"#o4"},"east":{"uv":[0.5,1.0,1.0,1.5],"texture":"#o4"},"west":{"uv":[0.5,1.0,1.0,1.5],"texture":"#o4"},"up":{"uv":[0.5,1.0,1.0,1.5],"texture":"#o4"},"down":{"uv":[0.5,1.0,1.0,1.5],"texture":"#o4"}}},{"from":[7.70054,5.74727,18.20564],"to":[8.29946,6.04727,19.06564],"rotation":{"angle":22.5,"axis":"x","origin":[8.0,5.99727,17.16564]},"faces":{"north":{"uv":[0.5,1.0,1.0,1.5],"texture":"#o4"},"south":{"uv":[0.5,1.0,1.0,1.5],"texture":"#o4"},"east":{"uv":[0.5,1.0,1.0,1.5],"texture":"#o4"},"west":{"uv":[0.5,1.0,1.0,1.5],"texture":"#o4"},"up":{"uv":[0.5,1.0,1.0,1.5],"texture":"#o4"},"down":{"uv":[0.5,1.0,1.0,1.5],"texture":"#o4"}}},{"from":[7.70054,4.65917,19.07904],"to":[8.29946,5.20917,19.75904],"rotation":{"angle":0.0,"axis":"x","origin":[8.0,5.15917,19.37904]},"faces":{"north":{"uv":[0.5,3.0,1.0,3.5],"texture":"#o4"},"south":{"uv":[0.5,3.0,1.0,3.5],"texture":"#o4"},"east":{"uv":[0.5,3.0,1.0,3.5],"texture":"#o4"},"west":{"uv":[0.5,3.0,1.0,3.5],"texture":"#o4"},"up":{"uv":[0.5,3.0,1.0,3.5],"texture":"#o4"},"down":{"uv":[0.5,3.0,1.0,3.5],"texture":"#o4"}}},{"from":[7.70054,4.25323,20.59846],"to":[8.29946,4.85323,21.67846],"rotation":{"angle":0.0,"axis":"x","origin":[8.0,4.80323,21.07846]},"faces":{"north":{"uv":[0.5,3.0,1.0,3.5],"texture":"#o4"},"south":{"uv":[0.5,3.0,1.0,3.5],"texture":"#o4"},"east":{"uv":[0.5,3.0,1.0,3.5],"texture":"#o4"},"west":{"uv":[0.5,3.0,1.0,3.5],"texture":"#o4"},"up":{"uv":[0.5,3.0,1.0,3.5],"texture":"#o4"},"down":{"uv":[0.5,3.0,1.0,3.5],"texture":"#o4"}}},{"from":[7.70054,4.478,21.50252],"to":[8.29946,5.178,22.18252],"rotation":{"angle":-45.0,"axis":"x","origin":[8.0,5.128,21.98252]},"faces":{"north":{"uv":[0.5,3.0,1.0,3.5],"texture":"#o4"},"south":{"uv":[0.5,3.0,1.0,3.5],"texture":"#o4"},"east":{"uv":[0.5,3.0,1.0,3.5],"texture":"#o4"},"west":{"uv":[0.5,3.0,1.0,3.5],"texture":"#o4"},"up":{"uv":[0.5,3.0,1.0,3.5],"texture":"#o4"},"down":{"uv":[0.5,3.0,1.0,3.5],"texture":"#o4"}}},{"from":[7.70054,2.76512,22.08859],"to":[8.29946,5.30478,24.76858],"rotation":{"angle":0.0,"axis":"x","origin":[8.0,5.25478,22.56858]},"faces":{"north":{"uv":[0.5,3.0,1.0,3.5],"texture":"#o4"},"south":{"uv":[0.5,3.0,1.0,3.5],"texture":"#o4"},"east":{"uv":[0.5,3.0,1.0,3.5],"texture":"#o4"},"west":{"uv":[0.5,3.0,1.0,3.5],"texture":"#o4"},"up":{"uv":[0.5,3.0,1.0,3.5],"texture":"#o4"},"down":{"uv":[0.5,3.0,1.0,3.5],"texture":"#o4"}}},{"from":[7.70054,2.3049,24.71291],"to":[8.29946,5.1249,27.89291],"rotation":{"angle":22.5,"axis":"x","origin":[8.0,5.0749,25.19291]},"faces":{"north":{"uv":[0.5,3.0,1.0,3.5],"texture":"#o4"},"south":{"uv":[0.5,3.0,1.0,3.5],"texture":"#o4"},"east":{"uv":[0.5,3.0,1.0,3.5],"texture":"#o4"},"west":{"uv":[0.5,3.0,1.0,3.5],"texture":"#o4"},"up":{"uv":[0.5,3.0,1.0,3.5],"texture":"#o4"},"down":{"uv":[0.5,3.0,1.0,3.5],"texture":"#o4"}}},{"from":[7.70054,1.35748,28.26004],"to":[8.29946,4.75748,30.48004],"rotation":{"angle":22.5,"axis":"x","origin":[8.0,4.70748,28.74004]},"faces":{"north":{"uv":[0.5,3.0,1.0,3.5],"texture":"#o4"},"south":{"uv":[0.5,3.0,1.0,3.5],"texture":"#o4"},"east":{"uv":[0.5,3.0,1.0,3.5],"texture":"#o4"},"west":{"uv":[0.5,3.0,1.0,3.5],"texture":"#o4"},"up":{"uv":[0.5,3.0,1.0,3.5],"texture":"#o4"},"down":{"uv":[0.5,3.0,1.0,3.5],"texture":"#o4"}}},{"from":[7.70054,0.45748,27.46004],"to":[8.29946,0.55748,30.44004],"rotation":{"angle":22.5,"axis":"x","origin":[8.0,0.50748,29.94004]},"faces":{"north":{"uv":[0.5,3.0,1.0,3.5],"texture":"#o4"},"south":{"uv":[0.5,3.0,1.0,3.5],"texture":"#o4"},"east":{"uv":[0.5,3.0,1.0,3.5],"texture":"#o4"},"west":{"uv":[0.5,3.0,1.0,3.5],"texture":"#o4"},"up":{"uv":[0.5,3.0,1.0,3.5],"texture":"#o4"},"down":{"uv":[0.5,3.0,1.0,3.5],"texture":"#o4"}}},{"from":[7.70054,0.55748,27.36004],"to":[8.29946,0.72748,30.41004],"rotation":{"angle":22.5,"axis":"x","origin":[8.0,0.50748,29.94004]},"faces":{"north":{"uv":[0.5,3.0,1.0,3.5],"texture":"#o4"},"south":{"uv":[0.5,3.0,1.0,3.5],"texture":"#o4"},"east":{"uv":[0.5,3.0,1.0,3.5],"texture":"#o4"},"west":{"uv":[0.5,3.0,1.0,3.5],"texture":"#o4"},"up":{"uv":[0.5,3.0,1.0,3.5],"texture":"#o4"},"down":{"uv":[0.5,3.0,1.0,3.5],"texture":"#o4"}}},{"from":[7.70054,0.72748,27.46004],"to":[8.29946,0.92748,30.33004],"rotation":{"angle":22.5,"axis":"x","origin":[8.0,0.50748,29.94004]},"faces":{"north":{"uv":[0.5,3.0,1.0,3.5],"texture":"#o4"},"south":{"uv":[0.5,3.0,1.0,3.5],"texture":"#o4"},"east":{"uv":[0.5,3.0,1.0,3.5],"texture":"#o4"},"west":{"uv":[0.5,3.0,1.0,3.5],"texture":"#o4"},"up":{"uv":[0.5,3.0,1.0,3.5],"texture":"#o4"},"down":{"uv":[0.5,3.0,1.0,3.5],"texture":"#o4"}}},{"from":[7.70054,1.59026,23.06515],"to":[8.29946,1.88026,26.64515],"rotation":{"angle":22.5,"axis":"x","origin":[8.0,1.64026,26.14515]},"faces":{"north":{"uv":[0.5,3.0,1.0,3.5],"texture":"#o4"},"south":{"uv":[0.5,3.0,1.0,3.5],"texture":"#o4"},"east":{"uv":[0.5,3.0,1.0,3.5],"texture":"#o4"},"west":{"uv":[0.5,3.0,1.0,3.5],"texture":"#o4"},"up":{"uv":[0.5,3.0,1.0,3.5],"texture":"#o4"},"down":{"uv":[0.5,3.0,1.0,3.5],"texture":"#o4"}}},{"from":[7.70054,2.29463,20.85341],"to":[8.29946,4.37463,22.55341],"rotation":{"angle":-22.5,"axis":"x","origin":[8.0,2.89463,20.90341]},"faces":{"north":{"uv":[0.5,3.0,1.0,3.5],"texture":"#o4"},"south":{"uv":[0.5,3.0,1.0,3.5],"texture":"#o4"},"east":{"uv":[0.5,3.0,1.0,3.5],"texture":"#o4"},"west":{"uv":[0.5,3.0,1.0,3.5],"texture":"#o4"},"up":{"uv":[0.5,3.0,1.0,3.5],"texture":"#o4"},"down":{"uv":[0.5,3.0,1.0,3.5],"texture":"#o4"}}},{"from":[7.70054,3.63436,19.18521],"to":[8.29946,5.04438,20.98637],"rotation":{"angle":22.5,"axis":"x","origin":[8.0,3.68436,19.88637]},"faces":{"north":{"uv":[0.5,3.0,1.0,3.5],"texture":"#o4"},"south":{"uv":[0.5,3.0,1.0,3.5],"texture":"#o4"},"east":{"uv":[0.5,3.0,1.0,3.5],"texture":"#o4"},"west":{"uv":[0.5,3.0,1.0,3.5],"texture":"#o4"},"up":{"uv":[0.5,3.0,1.0,3.5],"texture":"#o4"},"down":{"uv":[0.5,3.0,1.0,3.5],"texture":"#o4"}}},{"from":[7.70054,3.77598,18.81443],"to":[8.29946,4.97598,19.55443],"rotation":{"angle":0.0,"axis":"x","origin":[8.0,3.82598,19.05443]},"faces":{"north":{"uv":[0.5,3.0,1.0,3.5],"texture":"#o4"},"south":{"uv":[0.5,3.0,1.0,3.5],"texture":"#o4"},"east":{"uv":[0.5,3.0,1.0,3.5],"texture":"#o4"},"west":{"uv":[0.5,3.0,1.0,3.5],"texture":"#o4"},"up":{"uv":[0.5,3.0,1.0,3.5],"texture":"#o4"},"down":{"uv":[0.5,3.0,1.0,3.5],"texture":"#o4"}}},{"from":[7.80054,3.76891,18.80736],"to":[8.19946,3.77598,19.02443],"rotation":{"angle":0.0,"axis":"x","origin":[8.0,3.72598,19.02443]},"faces":{"north":{"uv":[0.5,1.0,1.0,1.5],"texture":"#o4"},"south":{"uv":[0.5,1.0,1.0,1.5],"texture":"#o4"},"east":{"uv":[0.5,1.0,1.0,1.5],"texture":"#o4"},"west":{"uv":[0.5,1.0,1.0,1.5],"texture":"#o4"},"up":{"uv":[0.5,1.0,1.0,1.5],"texture":"#o4"},"down":{"uv":[0.5,1.0,1.0,1.5],"texture":"#o4"}}},{"from":[7.80054,3.37598,18.84443],"to":[8.19946,3.77598,18.92443],"rotation":{"angle":0.0,"axis":"x","origin":[8.0,3.72598,19.02443]},"faces":{"north":{"uv":[0.5,1.0,1.0,1.5],"texture":"#o4"},"south":{"uv":[0.5,1.0,1.0,1.5],"texture":"#o4"},"east":{"uv":[0.5,1.0,1.0,1.5],"texture":"#o4"},"west":{"uv":[0.5,1.0,1.0,1.5],"texture":"#o4"},"up":{"uv":[0.5,1.0,1.0,1.5],"texture":"#o4"},"down":{"uv":[0.5,1.0,1.0,1.5],"texture":"#o4"}}},{"from":[7.80054,2.88991,18.77979],"to":[8.19946,3.31991,18.85979],"rotation":{"angle":45.0,"axis":"x","origin":[8.0,3.26991,18.95979]},"faces":{"north":{"uv":[0.5,1.0,1.0,1.5],"texture":"#o4"},"south":{"uv":[0.5,1.0,1.0,1.5],"texture":"#o4"},"east":{"uv":[0.5,1.0,1.0,1.5],"texture":"#o4"},"west":{"uv":[0.5,1.0,1.0,1.5],"texture":"#o4"},"up":{"uv":[0.5,1.0,1.0,1.5],"texture":"#o4"},"down":{"uv":[0.5,1.0,1.0,1.5],"texture":"#o4"}}},{"from":[7.80054,3.07192,17.99038],"to":[8.19946,3.15192,18.62038],"rotation":{"angle":0.0,"axis":"x","origin":[8.0,2.97192,18.57038]},"faces":{"north":{"uv":[0.5,1.0,1.0,1.5],"texture":"#o4"},"south":{"uv":[0.5,1.0,1.0,1.5],"texture":"#o4"},"east":{"uv":[0.5,1.0,1.0,1.5],"texture":"#o4"},"west":{"uv":[0.5,1.0,1.0,1.5],"texture":"#o4"},"up":{"uv":[0.5,1.0,1.0,1.5],"texture":"#o4"},"down":{"uv":[0.5,1.0,1.0,1.5],"texture":"#o4"}}},{"from":[7.90054,3.77192,18.08038],"to":[8.09946,3.85192,18.57038],"rotation":{"angle":45.0,"axis":"x","origin":[8.0,3.81192,18.39538]},"faces":{"north":{"uv":[0.5,1.0,1.0,1.5],"texture":"#o4"},"south":{"uv":[0.5,1.0,1.0,1.5],"texture":"#o4"},"east":{"uv":[0.5,1.0,1.0,1.5],"texture":"#o4"},"west":{"uv":[0.5,1.0,1.0,1.5],"texture":"#o4"},"up":{"uv":[0.5,1.0,1.0,1.5],"texture":"#o4"},"down":{"uv":[0.5,1.0,1.0,1.5],"texture":"#o4"}}},{"from":[7.90054,3.30646,18.46741],"to":[8.09946,3.71646,18.54741],"rotation":{"angle":0.0,"axis":"x","origin":[8.0,3.22146,18.50741]},"faces":{"north":{"uv":[0.5,1.0,1.0,1.5],"texture":"#o4"},"south":{"uv":[0.5,1.0,1.0,1.5],"texture":"#o4"},"east":{"uv":[0.5,1.0,1.0,1.5],"texture":"#o4"},"west":{"uv":[0.5,1.0,1.0,1.5],"texture":"#o4"},"up":{"uv":[0.5,1.0,1.0,1.5],"texture":"#o4"},"down":{"uv":[0.5,1.0,1.0,1.5],"texture":"#o4"}}},{"from":[7.80054,3.09867,17.51591],"to":[8.19946,3.17867,17.95591],"rotation":{"angle":22.5,"axis":"x","origin":[8.0,2.99867,17.90591]},"faces":{"north":{"uv":[0.5,1.0,1.0,1.5],"texture":"#o4"},"south":{"uv":[0.5,1.0,1.0,1.5],"texture":"#o4"},"east":{"uv":[0.5,1.0,1.0,1.5],"texture":"#o4"},"west":{"uv":[0.5,1.0,1.0,1.5],"texture":"#o4"},"up":{"uv":[0.5,1.0,1.0,1.5],"texture":"#o4"},"down":{"uv":[0.5,1.0,1.0,1.5],"texture":"#o4"}}},{"from":[7.80054,3.52671,17.46523],"to":[8.19946,3.96671,17.54523],"rotation":{"angle":0.0,"axis":"x","origin":[8.0,3.57671,17.36523]},"faces":{"north":{"uv":[0.5,1.0,1.0,1.5],"texture":"#o4"},"south":{"uv":[0.5,1.0,1.0,1.5],"texture":"#o4"},"east":{"uv":[0.5,1.0,1.0,1.5],"texture":"#o4"},"west":{"uv":[0.5,1.0,1.0,1.5],"texture":"#o4"},"up":{"uv":[0.5,1.0,1.0,1.5],"texture":"#o4"},"down":{"uv":[0.5,1.0,1.0,1.5],"texture":"#o4"}}},{"from":[7.80054,3.20736,17.61827],"to":[8.19946,3.51736,17.69827],"rotation":{"angle":-22.5,"axis":"x","origin":[8.0,3.13736,17.51827]},"faces":{"north":{"uv":[0.5,1.0,1.0,1.5],"texture":"#o4"},"south":{"uv":[0.5,1.0,1.0,1.5],"texture":"#o4"},"east":{"uv":[0.5,1.0,1.0,1.5],"texture":"#o4"},"west":{"uv":[0.5,1.0,1.0,1.5],"texture":"#o4"},"up":{"uv":[0.5,1.0,1.0,1.5],"texture":"#o4"},"down":{"uv":[0.5,1.0,1.0,1.5],"texture":"#o4"}}},{"from":[7.70054,3.6766,18.47452],"to":[8.29946,3.9366,18.77452],"rotation":{"angle":-45.0,"axis":"x","origin":[8.0,4.1366,18.52452]},"faces":{"north":{"uv":[0.5,3.0,1.0,3.5],"texture":"#o4"},"south":{"uv":[0.5,3.0,1.0,3.5],"texture":"#o4"},"east":{"uv":[0.5,3.0,1.0,3.5],"texture":"#o4"},"west":{"uv":[0.5,3.0,1.0,3.5],"texture":"#o4"},"up":{"uv":[0.5,3.0,1.0,3.5],"texture":"#o4"},"down":{"uv":[0.5,3.0,1.0,3.5],"texture":"#o4"}}},{"from":[7.80054,3.6766,18.46452],"to":[8.19946,4.0366,18.76452],"rotation":{"angle":-45.0,"axis":"x","origin":[8.0,4.1366,18.52452]},"faces":{"north":{"uv":[0.5,1.0,1.0,1.5],"texture":"#o4"},"south":{"uv":[0.5,1.0,1.0,1.5],"texture":"#o4"},"east":{"uv":[0.5,1.0,1.0,1.5],"texture":"#o4"},"west":{"uv":[0.5,1.0,1.0,1.5],"texture":"#o4"},"up":{"uv":[0.5,1.0,1.0,1.5],"texture":"#o4"},"down":{"uv":[0.5,1.0,1.0,1.5],"texture":"#o4"}}},{"from":[7.70054,3.95983,18.63058],"to":[8.29946,4.57983,18.93058],"rotation":{"angle":0.0,"axis":"x","origin":[8.0,4.41983,18.68058]},"faces":{"north":{"uv":[0.5,3.0,1.0,3.5],"texture":"#o4"},"south":{"uv":[0.5,3.0,1.0,3.5],"texture":"#o4"},"east":{"uv":[0.5,3.0,1.0,3.5],"texture":"#o4"},"west":{"uv":[0.5,3.0,1.0,3.5],"texture":"#o4"},"up":{"uv":[0.5,3.0,1.0,3.5],"texture":"#o4"},"down":{"uv":[0.5,3.0,1.0,3.5],"texture":"#o4"}}},{"from":[7.70054,4.52568,18.80281],"to":[8.29946,5.32461,19.10695],"rotation":{"angle":22.5,"axis":"x","origin":[8.0,4.98568,18.85281]},"faces":{"north":{"uv":[0.5,3.0,1.0,3.5],"texture":"#o4"},"south":{"uv":[0.5,3.0,1.0,3.5],"texture":"#o4"},"east":{"uv":[0.5,3.0,1.0,3.5],"texture":"#o4"},"west":{"uv":[0.5,3.0,1.0,3.5],"texture":"#o4"},"up":{"uv":[0.5,3.0,1.0,3.5],"texture":"#o4"},"down":{"uv":[0.5,3.0,1.0,3.5],"texture":"#o4"}}},{"from":[7.70054,3.95882,17.45301],"to":[8.29946,5.15882,18.63301],"rotation":{"angle":0.0,"axis":"x","origin":[8.0,4.00882,18.13301]},"faces":{"north":{"uv":[0.5,1.0,1.0,1.5],"texture":"#o4"},"south":{"uv":[0.5,1.0,1.0,1.5],"texture":"#o4"},"east":{"uv":[0.5,1.0,1.0,1.5],"texture":"#o4"},"west":{"uv":[0.5,1.0,1.0,1.5],"texture":"#o4"},"up":{"uv":[0.5,1.0,1.0,1.5],"texture":"#o4"},"down":{"uv":[0.5,1.0,1.0,1.5],"texture":"#o4"}}},{"from":[7.70054,4.4155,17.38395],"to":[8.29946,5.0355,18.94395],"rotation":{"angle":22.5,"axis":"x","origin":[8.0,5.3355,18.89395]},"faces":{"north":{"uv":[0.5,1.0,1.0,1.5],"texture":"#o4"},"south":{"uv":[0.5,1.0,1.0,1.5],"texture":"#o4"},"east":{"uv":[0.5,1.0,1.0,1.5],"texture":"#o4"},"west":{"uv":[0.5,1.0,1.0,1.5],"texture":"#o4"},"up":{"uv":[0.5,1.0,1.0,1.5],"texture":"#o4"},"down":{"uv":[0.5,1.0,1.0,1.5],"texture":"#o4"}}},{"from":[7.70054,4.14636,16.93021],"to":[8.29946,5.24636,17.51021],"rotation":{"angle":22.5,"axis":"x","origin":[8.0,4.19636,17.01021]},"faces":{"north":{"uv":[0.5,1.0,1.0,1.5],"texture":"#o4"},"south":{"uv":[0.5,1.0,1.0,1.5],"texture":"#o4"},"east":{"uv":[0.5,1.0,1.0,1.5],"texture":"#o4"},"west":{"uv":[0.5,1.0,1.0,1.5],"texture":"#o4"},"up":{"uv":[0.5,1.0,1.0,1.5],"texture":"#o4"},"down":{"uv":[0.5,1.0,1.0,1.5],"texture":"#o4"}}},{"from":[7.70054,1.40273,26.58796],"to":[8.29946,4.84273,28.27796],"rotation":{"angle":0.0,"axis":"x","origin":[8.0,1.45273,27.16796]},"faces":{"north":{"uv":[0.5,3.0,1.0,3.5],"texture":"#o4"},"south":{"uv":[0.5,3.0,1.0,3.5],"texture":"#o4"},"east":{"uv":[0.5,3.0,1.0,3.5],"texture":"#o4"},"west":{"uv":[0.5,3.0,1.0,3.5],"texture":"#o4"},"up":{"uv":[0.5,3.0,1.0,3.5],"texture":"#o4"},"down":{"uv":[0.5,3.0,1.0,3.5],"texture":"#o4"}}},{"from":[7.70054,4.50736,25.63572],"to":[8.29946,4.93736,28.31572],"rotation":{"angle":0.0,"axis":"x","origin":[8.0,4.88736,26.11572]},"faces":{"north":{"uv":[0.5,3.0,1.0,3.5],"texture":"#o4"},"south":{"uv":[0.5,3.0,1.0,3.5],"texture":"#o4"},"east":{"uv":[0.5,3.0,1.0,3.5],"texture":"#o4"},"west":{"uv":[0.5,3.0,1.0,3.5],"texture":"#o4"},"up":{"uv":[0.5,3.0,1.0,3.5],"texture":"#o4"},"down":{"uv":[0.5,3.0,1.0,3.5],"texture":"#o4"}}},{"from":[7.70054,0.76994,29.18285],"to":[8.29946,4.56994,30.38285],"rotation":{"angle":0.0,"axis":"x","origin":[8.0,4.51994,29.66285]},"faces":{"north":{"uv":[0.5,3.0,1.0,3.5],"texture":"#o4"},"south":{"uv":[0.5,3.0,1.0,3.5],"texture":"#o4"},"east":{"uv":[0.5,3.0,1.0,3.5],"texture":"#o4"},"west":{"uv":[0.5,3.0,1.0,3.5],"texture":"#o4"},"up":{"uv":[0.5,3.0,1.0,3.5],"texture":"#o4"},"down":{"uv":[0.5,3.0,1.0,3.5],"texture":"#o4"}}},{"from":[7.68054,0.24994,30.38285],"to":[8.31946,4.58994,30.46285],"rotation":{"angle":0.0,"axis":"x","origin":[8.0,4.41994,29.66285]},"faces":{"north":{"uv":[0.5,1.0,1.0,1.5],"texture":"#o4"},"south":{"uv":[0.5,1.0,1.0,1.5],"texture":"#o4"},"east":{"uv":[0.5,1.0,1.0,1.5],"texture":"#o4"},"west":{"uv":[0.5,1.0,1.0,1.5],"texture":"#o4"},"up":{"uv":[0.5,1.0,1.0,1.5],"texture":"#o4"},"down":{"uv":[0.5,1.0,1.0,1.5],"texture":"#o4"}}},{"from":[7.90054,5.72,16.4],"to":[8.09946,6.12,16.9],"rotation":{"angle":22.5,"axis":"z","origin":[8.0,5.62,13.8]},"faces":{"north":{"uv":[0.5,1.0,1.0,1.5],"texture":"#o4"},"south":{"uv":[0.5,1.0,1.0,1.5],"texture":"#o4"},"east":{"uv":[0.5,1.0,1.0,1.5],"texture":"#o4"},"west":{"uv":[0.5,1.0,1.0,1.5],"texture":"#o4"},"up":{"uv":[0.5,1.0,1.0,1.5],"texture":"#o4"},"down":{"uv":[0.5,1.0,1.0,1.5],"texture":"#o4"}}},{"from":[7.90054,5.72,16.4],"to":[8.09946,6.12,16.9],"rotation":{"angle":45.0,"axis":"z","origin":[8.0,5.62,13.8]},"faces":{"north":{"uv":[0.5,1.0,1.0,1.5],"texture":"#o4"},"south":{"uv":[0.5,1.0,1.0,1.5],"texture":"#o4"},"east":{"uv":[0.5,1.0,1.0,1.5],"texture":"#o4"},"west":{"uv":[0.5,1.0,1.0,1.5],"texture":"#o4"},"up":{"uv":[0.5,1.0,1.0,1.5],"texture":"#o4"},"down":{"uv":[0.5,1.0,1.0,1.5],"texture":"#o4"}}},{"from":[7.5,5.52054,16.4],"to":[7.9,5.71946,16.9],"rotation":{"angle":-22.5,"axis":"z","origin":[8.0,5.62,13.8]},"faces":{"north":{"uv":[0.5,1.0,1.0,1.5],"texture":"#o4"},"south":{"uv":[0.5,1.0,1.0,1.5],"texture":"#o4"},"east":{"uv":[0.5,1.0,1.0,1.5],"texture":"#o4"},"west":{"uv":[0.5,1.0,1.0,1.5],"texture":"#o4"},"up":{"uv":[0.5,1.0,1.0,1.5],"texture":"#o4"},"down":{"uv":[0.5,1.0,1.0,1.5],"texture":"#o4"}}},{"from":[7.5,4.52054,16.4],"to":[8.5,5.71946,16.9],"rotation":{"angle":0.0,"axis":"z","origin":[8.0,5.62,13.8]},"faces":{"north":{"uv":[0.5,1.0,1.0,1.5],"texture":"#o4"},"south":{"uv":[0.5,1.0,1.0,1.5],"texture":"#o4"},"east":{"uv":[0.5,1.0,1.0,1.5],"texture":"#o4"},"west":{"uv":[0.5,1.0,1.0,1.5],"texture":"#o4"},"up":{"uv":[0.5,1.0,1.0,1.5],"texture":"#o4"},"down":{"uv":[0.5,1.0,1.0,1.5],"texture":"#o4"}}},{"from":[7.59239,4.56119,15.7],"to":[8.40761,5.11946,16.4],"rotation":{"angle":0.0,"axis":"z","origin":[8.0,5.62,13.8]},"faces":{"north":{"uv":[0.5,1.0,1.0,1.5],"texture":"#o4"},"south":{"uv":[0.5,1.0,1.0,1.5],"texture":"#o4"},"east":{"uv":[0.5,1.0,1.0,1.5],"texture":"#o4"},"west":{"uv":[0.5,1.0,1.0,1.5],"texture":"#o4"},"up":{"uv":[0.5,1.0,1.0,1.5],"texture":"#o4"},"down":{"uv":[0.5,1.0,1.0,1.5],"texture":"#o4"}}},{"from":[8.4,4.52054,14.0],"to":[8.5,5.31946,16.4],"rotation":{"angle":0.0,"axis":"z","origin":[8.0,5.62,13.8]},"faces":{"north":{"uv":[0.5,1.0,1.0,1.5],"texture":"#o4"},"south":{"uv":[0.5,1.0,1.0,1.5],"texture":"#o4"},"east":{"uv":[0.5,1.0,1.0,1.5],"texture":"#o4"},"west":{"uv":[0.5,1.0,1.0,1.5],"texture":"#o4"},"up":{"uv":[0.5,1.0,1.0,1.5],"texture":"#o4"},"down":{"uv":[0.5,1.0,1.0,1.5],"texture":"#o4"}}},{"from":[8.1,5.52054,16.4],"to":[8.5,5.71946,16.9],"rotation":{"angle":22.5,"axis":"z","origin":[8.0,5.62,13.8]},"faces":{"north":{"uv":[0.5,1.0,1.0,1.5],"texture":"#o4"},"south":{"uv":[0.5,1.0,1.0,1.5],"texture":"#o4"},"east":{"uv":[0.5,1.0,1.0,1.5],"texture":"#o4"},"west":{"uv":[0.5,1.0,1.0,1.5],"texture":"#o4"},"up":{"uv":[0.5,1.0,1.0,1.5],"texture":"#o4"},"down":{"uv":[0.5,1.0,1.0,1.5],"texture":"#o4"}}},{"from":[7.70054,5.32,16.6],"to":[8.29946,5.64547,18.14561],"rotation":{"angle":0.0,"axis":"z","origin":[8.0,5.62,14.3]},"faces":{"north":{"uv":[0.5,1.0,1.0,1.5],"texture":"#o4"},"south":{"uv":[0.5,1.0,1.0,1.5],"texture":"#o4"},"east":{"uv":[0.5,1.0,1.0,1.5],"texture":"#o4"},"west":{"uv":[0.5,1.0,1.0,1.5],"texture":"#o4"},"up":{"uv":[0.5,1.0,1.0,1.5],"texture":"#o4"},"down":{"uv":[0.5,1.0,1.0,1.5],"texture":"#o4"}}},{"from":[7.90054,5.82727,17.49564],"to":[8.09946,5.92727,18.26564],"rotation":{"angle":0.0,"axis":"x","origin":[8.0,5.97727,17.36564]},"faces":{"north":{"uv":[0.5,1.0,1.0,1.5],"texture":"#o4"},"south":{"uv":[0.5,1.0,1.0,1.5],"texture":"#o4"},"east":{"uv":[0.5,1.0,1.0,1.5],"texture":"#o4"},"west":{"uv":[0.5,1.0,1.0,1.5],"texture":"#o4"},"up":{"uv":[0.5,1.0,1.0,1.5],"texture":"#o4"},"down":{"uv":[0.5,1.0,1.0,1.5],"texture":"#o4"}}},{"from":[7.90054,5.47144,17.87675],"to":[8.09946,5.57144,18.07675],"rotation":{"angle":-22.5,"axis":"x","origin":[8.0,5.62144,17.17675]},"faces":{"north":{"uv":[0.5,1.0,1.0,1.5],"texture":"#o4"},"south":{"uv":[0.5,1.0,1.0,1.5],"texture":"#o4"},"east":{"uv":[0.5,1.0,1.0,1.5],"texture":"#o4"},"west":{"uv":[0.5,1.0,1.0,1.5],"texture":"#o4"},"up":{"uv":[0.5,1.0,1.0,1.5],"texture":"#o4"},"down":{"uv":[0.5,1.0,1.0,1.5],"texture":"#o4"}}},{"from":[7.90054,5.75074,17.48087],"to":[8.09946,5.85074,17.88087],"rotation":{"angle":0.0,"axis":"x","origin":[8.0,5.90074,16.98087]},"faces":{"north":{"uv":[0.5,1.0,1.0,1.5],"texture":"#o4"},"south":{"uv":[0.5,1.0,1.0,1.5],"texture":"#o4"},"east":{"uv":[0.5,1.0,1.0,1.5],"texture":"#o4"},"west":{"uv":[0.5,1.0,1.0,1.5],"texture":"#o4"},"up":{"uv":[0.5,1.0,1.0,1.5],"texture":"#o4"},"down":{"uv":[0.5,1.0,1.0,1.5],"texture":"#o4"}}},{"from":[7.90054,5.62,13.3],"to":[8.09946,6.12,14.0],"rotation":{"angle":-45.0,"axis":"z","origin":[8.0,5.62,13.8]},"faces":{"north":{"uv":[0.5,1.0,1.0,1.5],"texture":"#o4"},"south":{"uv":[0.5,1.0,1.0,1.5],"texture":"#o4"},"east":{"uv":[0.5,1.0,1.0,1.5],"texture":"#o4"},"west":{"uv":[0.5,1.0,1.0,1.5],"texture":"#o4"},"up":{"uv":[0.5,1.0,1.0,1.5],"texture":"#o4"},"down":{"uv":[0.5,1.0,1.0,1.5],"texture":"#o4"}}},{"from":[7.89514,5.62,13.3],"to":[8.09946,6.10694,14.0],"rotation":{"angle":-22.5,"axis":"z","origin":[8.0,5.62,13.8]},"faces":{"north":{"uv":[0.5,1.0,1.0,1.5],"texture":"#o4"},"south":{"uv":[0.5,1.0,1.0,1.5],"texture":"#o4"},"up":{"uv":[0.5,0.0,1.0,0.5],"texture":"#o4"},"down":{"uv":[0.5,1.0,1.0,1.5],"texture":"#o4"}}},{"from":[7.91054,5.62,13.3],"to":[8.08946,6.11,14.0],"rotation":{"angle":0.0,"axis":"z","origin":[8.0,5.62,13.8]},"faces":{"north":{"uv":[0.5,1.0,1.0,1.5],"texture":"#o4"},"south":{"uv":[0.5,1.0,1.0,1.5],"texture":"#o4"},"up":{"uv":[0.5,0.0,1.0,0.5],"texture":"#o4"},"down":{"uv":[0.5,1.0,1.0,1.5],"texture":"#o4"}}},{"from":[7.90054,5.62,13.3],"to":[8.10486,6.10694,14.0],"rotation":{"angle":22.5,"axis":"z","origin":[8.0,5.62,13.8]},"faces":{"north":{"uv":[0.5,1.0,1.0,1.5],"texture":"#o4"},"south":{"uv":[0.5,1.0,1.0,1.5],"texture":"#o4"},"up":{"uv":[0.5,0.0,1.0,0.5],"texture":"#o4"},"down":{"uv":[0.5,1.0,1.0,1.5],"texture":"#o4"}}},{"from":[7.90054,5.62,13.3],"to":[8.09946,6.12,14.0],"rotation":{"angle":45.0,"axis":"z","origin":[8.0,5.62,13.8]},"faces":{"north":{"uv":[0.5,1.0,1.0,1.5],"texture":"#o4"},"south":{"uv":[0.5,1.0,1.0,1.5],"texture":"#o4"},"east":{"uv":[0.5,1.0,1.0,1.5],"texture":"#o4"},"west":{"uv":[0.5,1.0,1.0,1.5],"texture":"#o4"},"up":{"uv":[0.5,1.0,1.0,1.5],"texture":"#o4"},"down":{"uv":[0.5,1.0,1.0,1.5],"texture":"#o4"}}},{"from":[7.5,5.52054,13.3],"to":[8.0,5.71946,14.0],"rotation":{"angle":-22.5,"axis":"z","origin":[8.0,5.62,13.8]},"faces":{"north":{"uv":[0.5,1.0,1.0,1.5],"texture":"#o4"},"south":{"uv":[0.5,1.0,1.0,1.5],"texture":"#o4"},"east":{"uv":[0.5,1.0,1.0,1.5],"texture":"#o4"},"west":{"uv":[0.5,1.0,1.0,1.5],"texture":"#o4"},"up":{"uv":[0.5,1.0,1.0,1.5],"texture":"#o4"},"down":{"uv":[0.5,1.0,1.0,1.5],"texture":"#o4"}}},{"from":[7.5,4.52054,13.3],"to":[8.5,5.71946,14.0],"rotation":{"angle":0.0,"axis":"z","origin":[8.0,5.62,13.8]},"faces":{"north":{"uv":[0.5,1.0,1.0,1.5],"texture":"#o4"},"south":{"uv":[0.5,1.0,1.0,1.5],"texture":"#o4"},"east":{"uv":[0.5,1.0,1.0,1.5],"texture":"#o4"},"west":{"uv":[0.5,1.0,1.0,1.5],"texture":"#o4"},"up":{"uv":[0.5,1.0,1.0,1.5],"texture":"#o4"},"down":{"uv":[0.5,1.0,1.0,1.5],"texture":"#o4"}}},{"from":[8.0,5.52054,13.3],"to":[8.5,5.71946,14.0],"rotation":{"angle":22.5,"axis":"z","origin":[8.0,5.62,13.8]},"faces":{"north":{"uv":[0.5,1.0,1.0,1.5],"texture":"#o4"},"south":{"uv":[0.5,1.0,1.0,1.5],"texture":"#o4"},"east":{"uv":[0.5,1.0,1.0,1.5],"texture":"#o4"},"west":{"uv":[0.5,1.0,1.0,1.5],"texture":"#o4"},"up":{"uv":[0.5,1.0,1.0,1.5],"texture":"#o4"},"down":{"uv":[0.5,1.0,1.0,1.5],"texture":"#o4"}}},{"from":[7.90054,4.12,13.3],"to":[8.09946,4.52,14.0],"rotation":{"angle":45.0,"axis":"z","origin":[8.0,4.62,13.8]},"faces":{"north":{"uv":[0.5,1.0,1.0,1.5],"texture":"#o4"},"south":{"uv":[0.5,1.0,1.0,1.5],"texture":"#o4"},"east":{"uv":[0.5,1.0,1.0,1.5],"texture":"#o4"},"west":{"uv":[0.5,1.0,1.0,1.5],"texture":"#o4"},"up":{"uv":[0.5,1.0,1.0,1.5],"texture":"#o4"},"down":{"uv":[0.5,1.0,1.0,1.5],"texture":"#o4"}}},{"from":[8.4,4.52054,14.0],"to":[8.5,4.71946,16.4],"rotation":{"angle":-22.5,"axis":"z","origin":[8.0,4.62,13.8]},"faces":{"north":{"uv":[0.5,1.0,1.0,1.5],"texture":"#o4"},"south":{"uv":[0.5,1.0,1.0,1.5],"texture":"#o4"},"east":{"uv":[0.5,1.0,1.0,1.5],"texture":"#o4"},"west":{"uv":[0.5,1.0,1.0,1.5],"texture":"#o4"},"up":{"uv":[0.5,1.0,1.0,1.5],"texture":"#o4"},"down":{"uv":[0.5,1.0,1.0,1.5],"texture":"#o4"}}},{"from":[8.1,4.52054,13.3],"to":[8.5,4.71946,14.0],"rotation":{"angle":-22.5,"axis":"z","origin":[8.0,4.62,13.8]},"faces":{"north":{"uv":[0.5,1.0,1.0,1.5],"texture":"#o4"},"south":{"uv":[0.5,1.0,1.0,1.5],"texture":"#o4"},"east":{"uv":[0.5,1.0,1.0,1.5],"texture":"#o4"},"west":{"uv":[0.5,1.0,1.0,1.5],"texture":"#o4"},"up":{"uv":[0.5,1.0,1.0,1.5],"texture":"#o4"},"down":{"uv":[0.5,1.0,1.0,1.5],"texture":"#o4"}}},{"from":[8.1,4.52054,16.4],"to":[8.5,4.71946,16.9],"rotation":{"angle":-22.5,"axis":"z","origin":[8.0,4.62,13.8]},"faces":{"north":{"uv":[0.5,1.0,1.0,1.5],"texture":"#o4"},"south":{"uv":[0.5,1.0,1.0,1.5],"texture":"#o4"},"east":{"uv":[0.5,1.0,1.0,1.5],"texture":"#o4"},"west":{"uv":[0.5,1.0,1.0,1.5],"texture":"#o4"},"up":{"uv":[0.5,1.0,1.0,1.5],"texture":"#o4"},"down":{"uv":[0.5,1.0,1.0,1.5],"texture":"#o4"}}},{"from":[7.90054,4.12,13.3],"to":[8.09946,4.52,14.0],"rotation":{"angle":22.5,"axis":"z","origin":[8.0,4.62,13.8]},"faces":{"north":{"uv":[0.5,1.0,1.0,1.5],"texture":"#o4"},"south":{"uv":[0.5,1.0,1.0,1.5],"texture":"#o4"},"east":{"uv":[0.5,1.0,1.0,1.5],"texture":"#o4"},"west":{"uv":[0.5,1.0,1.0,1.5],"texture":"#o4"},"up":{"uv":[0.5,1.0,1.0,1.5],"texture":"#o4"},"down":{"uv":[0.5,1.0,1.0,1.5],"texture":"#o4"}}},{"from":[7.90054,4.12,13.3],"to":[8.09946,4.62,14.0],"rotation":{"angle":0.0,"axis":"z","origin":[8.0,4.62,13.8]},"faces":{"north":{"uv":[0.5,1.0,1.0,1.5],"texture":"#o4"},"south":{"uv":[0.5,1.0,1.0,1.5],"texture":"#o4"},"east":{"uv":[0.5,1.0,1.0,1.5],"texture":"#o4"},"west":{"uv":[0.5,1.0,1.0,1.5],"texture":"#o4"},"up":{"uv":[0.5,1.0,1.0,1.5],"texture":"#o4"},"down":{"uv":[0.5,1.0,1.0,1.5],"texture":"#o4"}}},{"from":[7.90054,4.12,13.3],"to":[8.09946,4.52,14.0],"rotation":{"angle":-22.5,"axis":"z","origin":[8.0,4.62,13.8]},"faces":{"north":{"uv":[0.5,1.0,1.0,1.5],"texture":"#o4"},"south":{"uv":[0.5,1.0,1.0,1.5],"texture":"#o4"},"east":{"uv":[0.5,1.0,1.0,1.5],"texture":"#o4"},"west":{"uv":[0.5,1.0,1.0,1.5],"texture":"#o4"},"up":{"uv":[0.5,1.0,1.0,1.5],"texture":"#o4"},"down":{"uv":[0.5,1.0,1.0,1.5],"texture":"#o4"}}},{"from":[7.90054,4.12,13.3],"to":[8.09946,4.52,14.0],"rotation":{"angle":-45.0,"axis":"z","origin":[8.0,4.62,13.8]},"faces":{"north":{"uv":[0.5,1.0,1.0,1.5],"texture":"#o4"},"south":{"uv":[0.5,1.0,1.0,1.5],"texture":"#o4"},"east":{"uv":[0.5,1.0,1.0,1.5],"texture":"#o4"},"west":{"uv":[0.5,1.0,1.0,1.5],"texture":"#o4"},"up":{"uv":[0.5,1.0,1.0,1.5],"texture":"#o4"},"down":{"uv":[0.5,1.0,1.0,1.5],"texture":"#o4"}}},{"from":[7.5,4.52054,14.0],"to":[7.6,4.71946,16.4],"rotation":{"angle":22.5,"axis":"z","origin":[8.0,4.62,13.8]},"faces":{"north":{"uv":[0.5,1.0,1.0,1.5],"texture":"#o4"},"south":{"uv":[0.5,1.0,1.0,1.5],"texture":"#o4"},"east":{"uv":[0.5,1.0,1.0,1.5],"texture":"#o4"},"west":{"uv":[0.5,1.0,1.0,1.5],"texture":"#o4"},"up":{"uv":[0.5,1.0,1.0,1.5],"texture":"#o4"},"down":{"uv":[0.5,1.0,1.0,1.5],"texture":"#o4"}}},{"from":[7.5,4.52054,13.3],"to":[7.9,4.71946,14.0],"rotation":{"angle":22.5,"axis":"z","origin":[8.0,4.62,13.8]},"faces":{"north":{"uv":[0.5,1.0,1.0,1.5],"texture":"#o4"},"south":{"uv":[0.5,1.0,1.0,1.5],"texture":"#o4"},"east":{"uv":[0.5,1.0,1.0,1.5],"texture":"#o4"},"west":{"uv":[0.5,1.0,1.0,1.5],"texture":"#o4"},"up":{"uv":[0.5,1.0,1.0,1.5],"texture":"#o4"},"down":{"uv":[0.5,1.0,1.0,1.5],"texture":"#o4"}}},{"from":[7.5,4.52054,16.4],"to":[7.9,4.71946,16.9],"rotation":{"angle":22.5,"axis":"z","origin":[8.0,4.62,13.8]},"faces":{"north":{"uv":[0.5,1.0,1.0,1.5],"texture":"#o4"},"south":{"uv":[0.5,1.0,1.0,1.5],"texture":"#o4"},"east":{"uv":[0.5,1.0,1.0,1.5],"texture":"#o4"},"west":{"uv":[0.5,1.0,1.0,1.5],"texture":"#o4"},"up":{"uv":[0.5,1.0,1.0,1.5],"texture":"#o4"},"down":{"uv":[0.5,1.0,1.0,1.5],"texture":"#o4"}}},{"from":[7.90054,4.12,16.4],"to":[8.09946,4.52,16.9],"rotation":{"angle":45.0,"axis":"z","origin":[8.0,4.62,16.7]},"faces":{"north":{"uv":[0.5,1.0,1.0,1.5],"texture":"#o4"},"south":{"uv":[0.5,1.0,1.0,1.5],"texture":"#o4"},"east":{"uv":[0.5,1.0,1.0,1.5],"texture":"#o4"},"west":{"uv":[0.5,1.0,1.0,1.5],"texture":"#o4"},"up":{"uv":[0.5,1.0,1.0,1.5],"texture":"#o4"},"down":{"uv":[0.5,1.0,1.0,1.5],"texture":"#o4"}}},{"from":[7.90054,4.12,16.4],"to":[8.09946,4.52,16.9],"rotation":{"angle":22.5,"axis":"z","origin":[8.0,4.62,16.7]},"faces":{"north":{"uv":[0.5,1.0,1.0,1.5],"texture":"#o4"},"south":{"uv":[0.5,1.0,1.0,1.5],"texture":"#o4"},"east":{"uv":[0.5,1.0,1.0,1.5],"texture":"#o4"},"west":{"uv":[0.5,1.0,1.0,1.5],"texture":"#o4"},"up":{"uv":[0.5,1.0,1.0,1.5],"texture":"#o4"},"down":{"uv":[0.5,1.0,1.0,1.5],"texture":"#o4"}}},{"from":[7.90054,4.12,16.4],"to":[8.09946,4.62,16.9],"rotation":{"angle":0.0,"axis":"z","origin":[8.0,4.62,16.7]},"faces":{"north":{"uv":[0.5,1.0,1.0,1.5],"texture":"#o4"},"south":{"uv":[0.5,1.0,1.0,1.5],"texture":"#o4"},"east":{"uv":[0.5,1.0,1.0,1.5],"texture":"#o4"},"west":{"uv":[0.5,1.0,1.0,1.5],"texture":"#o4"},"up":{"uv":[0.5,1.0,1.0,1.5],"texture":"#o4"},"down":{"uv":[0.5,1.0,1.0,1.5],"texture":"#o4"}}},{"from":[7.90054,4.12,16.4],"to":[8.09946,4.52,16.9],"rotation":{"angle":-22.5,"axis":"z","origin":[8.0,4.62,16.7]},"faces":{"north":{"uv":[0.5,1.0,1.0,1.5],"texture":"#o4"},"south":{"uv":[0.5,1.0,1.0,1.5],"texture":"#o4"},"east":{"uv":[0.5,1.0,1.0,1.5],"texture":"#o4"},"west":{"uv":[0.5,1.0,1.0,1.5],"texture":"#o4"},"up":{"uv":[0.5,1.0,1.0,1.5],"texture":"#o4"},"down":{"uv":[0.5,1.0,1.0,1.5],"texture":"#o4"}}},{"from":[7.90054,4.12,16.4],"to":[8.09946,4.52,16.9],"rotation":{"angle":-45.0,"axis":"z","origin":[8.0,4.62,16.7]},"faces":{"north":{"uv":[0.5,1.0,1.0,1.5],"texture":"#o4"},"south":{"uv":[0.5,1.0,1.0,1.5],"texture":"#o4"},"east":{"uv":[0.5,1.0,1.0,1.5],"texture":"#o4"},"west":{"uv":[0.5,1.0,1.0,1.5],"texture":"#o4"},"up":{"uv":[0.5,1.0,1.0,1.5],"texture":"#o4"},"down":{"uv":[0.5,1.0,1.0,1.5],"texture":"#o4"}}},{"from":[7.90054,6.02,14.0],"to":[8.09946,6.12,16.4],"rotation":{"angle":-22.5,"axis":"z","origin":[8.0,5.62,13.3]},"faces":{"north":{"uv":[0.5,1.0,1.0,1.5],"texture":"#o4"},"south":{"uv":[0.5,1.0,1.0,1.5],"texture":"#o4"},"east":{"uv":[0.5,1.0,1.0,1.5],"texture":"#o4"},"west":{"uv":[0.5,1.0,1.0,1.5],"texture":"#o4"},"up":{"uv":[0.5,1.0,1.0,1.5],"texture":"#o4"},"down":{"uv":[0.5,1.0,1.0,1.5],"texture":"#o4"}}},{"from":[7.90054,6.02,14.0],"to":[8.09946,6.12,16.4],"rotation":{"angle":0.0,"axis":"z","origin":[8.0,5.62,13.3]},"faces":{"north":{"uv":[0.5,1.0,1.0,1.5],"texture":"#o4"},"south":{"uv":[0.5,1.0,1.0,1.5],"texture":"#o4"},"east":{"uv":[0.5,1.0,1.0,1.5],"texture":"#o4"},"west":{"uv":[0.5,1.0,1.0,1.5],"texture":"#o4"},"up":{"uv":[0.5,1.0,1.0,1.5],"texture":"#o4"},"down":{"uv":[0.5,1.0,1.0,1.5],"texture":"#o4"}}},{"from":[7.90054,6.02,14.0],"to":[8.09946,6.12,16.4],"rotation":{"angle":22.5,"axis":"z","origin":[8.0,5.62,13.3]},"faces":{"north":{"uv":[0.5,1.0,1.0,1.5],"texture":"#o4"},"south":{"uv":[0.5,1.0,1.0,1.5],"texture":"#o4"},"east":{"uv":[0.5,1.0,1.0,1.5],"texture":"#o4"},"west":{"uv":[0.5,1.0,1.0,1.5],"texture":"#o4"},"up":{"uv":[0.5,1.0,1.0,1.5],"texture":"#o4"},"down":{"uv":[0.5,1.0,1.0,1.5],"texture":"#o4"}}},{"from":[7.90054,6.02,14.0],"to":[8.09946,6.12,16.4],"rotation":{"angle":45.0,"axis":"z","origin":[8.0,5.62,13.3]},"faces":{"north":{"uv":[0.5,1.0,1.0,1.5],"texture":"#o4"},"south":{"uv":[0.5,1.0,1.0,1.5],"texture":"#o4"},"east":{"uv":[0.5,1.0,1.0,1.5],"texture":"#o4"},"west":{"uv":[0.5,1.0,1.0,1.5],"texture":"#o4"},"up":{"uv":[0.5,1.0,1.0,1.5],"texture":"#o4"},"down":{"uv":[0.5,1.0,1.0,1.5],"texture":"#o4"}}},{"from":[7.5,5.52054,14.0],"to":[7.6,5.71946,16.4],"rotation":{"angle":-22.5,"axis":"z","origin":[8.0,5.62,13.3]},"faces":{"north":{"uv":[0.5,1.0,1.0,1.5],"texture":"#o4"},"south":{"uv":[0.5,1.0,1.0,1.5],"texture":"#o4"},"east":{"uv":[0.5,1.0,1.0,1.5],"texture":"#o4"},"west":{"uv":[0.5,1.0,1.0,1.5],"texture":"#o4"},"up":{"uv":[0.5,1.0,1.0,1.5],"texture":"#o4"},"down":{"uv":[0.5,1.0,1.0,1.5],"texture":"#o4"}}},{"from":[7.5,4.52054,14.0],"to":[7.6,5.71946,16.4],"rotation":{"angle":0.0,"axis":"z","origin":[8.0,5.62,13.3]},"faces":{"north":{"uv":[0.5,1.0,1.0,1.5],"texture":"#o4"},"south":{"uv":[0.5,1.0,1.0,1.5],"texture":"#o4"},"east":{"uv":[0.5,1.0,1.0,1.5],"texture":"#o4"},"west":{"uv":[0.5,1.0,1.0,1.5],"texture":"#o4"},"up":{"uv":[0.5,1.0,1.0,1.5],"texture":"#o4"},"down":{"uv":[0.5,1.0,1.0,1.5],"texture":"#o4"}}},{"from":[7.90054,4.9,14.0],"to":[8.09946,4.96,15.7],"rotation":{"angle":-45.0,"axis":"z","origin":[8.0,4.5,14.5]},"faces":{"north":{"uv":[0.5,1.0,1.0,1.5],"texture":"#o4"},"south":{"uv":[0.5,1.0,1.0,1.5],"texture":"#o4"},"east":{"uv":[0.5,1.0,1.0,1.5],"texture":"#o4"},"west":{"uv":[0.5,1.0,1.0,1.5],"texture":"#o4"},"up":{"uv":[0.5,1.0,1.0,1.5],"texture":"#o4"},"down":{"uv":[0.5,1.0,1.0,1.5],"texture":"#o4"}}},{"from":[7.90054,4.9,14.0],"to":[8.09946,4.96,15.7],"rotation":{"angle":-22.5,"axis":"z","origin":[8.0,4.5,14.5]},"faces":{"north":{"uv":[0.5,1.0,1.0,1.5],"texture":"#o4"},"south":{"uv":[0.5,1.0,1.0,1.5],"texture":"#o4"},"east":{"uv":[0.5,1.0,1.0,1.5],"texture":"#o4"},"west":{"uv":[0.5,1.0,1.0,1.5],"texture":"#o4"},"up":{"uv":[0.5,1.0,1.0,1.5],"texture":"#o4"},"down":{"uv":[0.5,1.0,1.0,1.5],"texture":"#o4"}}},{"from":[7.90054,4.9,14.0],"to":[8.09946,4.96,15.7],"rotation":{"angle":0.0,"axis":"z","origin":[8.0,4.5,14.5]},"faces":{"north":{"uv":[0.5,1.0,1.0,1.5],"texture":"#o4"},"south":{"uv":[0.5,1.0,1.0,1.5],"texture":"#o4"},"east":{"uv":[0.5,1.0,1.0,1.5],"texture":"#o4"},"west":{"uv":[0.5,1.0,1.0,1.5],"texture":"#o4"},"up":{"uv":[0.5,1.0,1.0,1.5],"texture":"#o4"},"down":{"uv":[0.5,1.0,1.0,1.5],"texture":"#o4"}}},{"from":[7.90054,4.9,14.0],"to":[8.09946,4.96,15.7],"rotation":{"angle":22.5,"axis":"z","origin":[8.0,4.5,14.5]},"faces":{"north":{"uv":[0.5,1.0,1.0,1.5],"texture":"#o4"},"south":{"uv":[0.5,1.0,1.0,1.5],"texture":"#o4"},"east":{"uv":[0.5,1.0,1.0,1.5],"texture":"#o4"},"west":{"uv":[0.5,1.0,1.0,1.5],"texture":"#o4"},"up":{"uv":[0.5,1.0,1.0,1.5],"texture":"#o4"},"down":{"uv":[0.5,1.0,1.0,1.5],"texture":"#o4"}}},{"from":[7.90054,4.9,14.0],"to":[8.09946,4.96,15.7],"rotation":{"angle":45.0,"axis":"z","origin":[8.0,4.5,14.5]},"faces":{"north":{"uv":[0.5,1.0,1.0,1.5],"texture":"#o4"},"south":{"uv":[0.5,1.0,1.0,1.5],"texture":"#o4"},"east":{"uv":[0.5,1.0,1.0,1.5],"texture":"#o4"},"west":{"uv":[0.5,1.0,1.0,1.5],"texture":"#o4"},"up":{"uv":[0.5,1.0,1.0,1.5],"texture":"#o4"},"down":{"uv":[0.5,1.0,1.0,1.5],"texture":"#o4"}}},{"from":[7.54,4.40054,14.0],"to":[7.6,4.59946,15.7],"rotation":{"angle":-22.5,"axis":"z","origin":[8.0,4.5,14.5]},"faces":{"north":{"uv":[0.5,1.0,1.0,1.5],"texture":"#o4"},"south":{"uv":[0.5,1.0,1.0,1.5],"texture":"#o4"},"east":{"uv":[0.5,1.0,1.0,1.5],"texture":"#o4"},"west":{"uv":[0.5,1.0,1.0,1.5],"texture":"#o4"},"up":{"uv":[0.5,1.0,1.0,1.5],"texture":"#o4"},"down":{"uv":[0.5,1.0,1.0,1.5],"texture":"#o4"}}},{"from":[8.4,4.40054,14.0],"to":[8.46,4.59946,15.7],"rotation":{"angle":22.5,"axis":"z","origin":[8.0,4.5,14.5]},"faces":{"north":{"uv":[0.5,1.0,1.0,1.5],"texture":"#o4"},"south":{"uv":[0.5,1.0,1.0,1.5],"texture":"#o4"},"east":{"uv":[0.5,1.0,1.0,1.5],"texture":"#o4"},"west":{"uv":[0.5,1.0,1.0,1.5],"texture":"#o4"},"up":{"uv":[0.5,1.0,1.0,1.5],"texture":"#o4"},"down":{"uv":[0.5,1.0,1.0,1.5],"texture":"#o4"}}},{"from":[7.83431,4.2,0.2],"to":[8.16569,5.0,13.3],"rotation":{"angle":45.0,"axis":"z","origin":[8.0,4.6,0.7]},"faces":{"north":{"uv":[0.5,1.0,1.0,1.5],"texture":"#o4"},"south":{"uv":[0.5,1.0,1.0,1.5],"texture":"#o4"},"east":{"uv":[0.5,1.0,1.0,1.5],"texture":"#o4"},"west":{"uv":[0.5,1.0,1.0,1.5],"texture":"#o4"},"up":{"uv":[0.5,1.0,1.0,1.5],"texture":"#o4"},"down":{"uv":[0.5,1.0,1.0,1.5],"texture":"#o4"}}},{"from":[7.83431,4.2,0.2],"to":[8.16569,5.0,13.3],"rotation":{"angle":0.0,"axis":"z","origin":[8.0,4.6,0.7]},"faces":{"north":{"uv":[0.5,1.0,1.0,1.5],"texture":"#o4"},"south":{"uv":[0.5,1.0,1.0,1.5],"texture":"#o4"},"east":{"uv":[0.5,1.0,1.0,1.5],"texture":"#o4"},"west":{"uv":[0.5,1.0,1.0,1.5],"texture":"#o4"},"up":{"uv":[0.5,1.0,1.0,1.5],"texture":"#o4"},"down":{"uv":[0.5,1.0,1.0,1.5],"texture":"#o4"}}},{"from":[7.6,4.43431,0.2],"to":[8.4,4.76569,13.3],"rotation":{"angle":45.0,"axis":"z","origin":[8.0,4.6,0.7]},"faces":{"north":{"uv":[0.5,1.0,1.0,1.5],"texture":"#o4"},"south":{"uv":[0.5,1.0,1.0,1.5],"texture":"#o4"},"east":{"uv":[0.5,1.0,1.0,1.5],"texture":"#o4"},"west":{"uv":[0.5,1.0,1.0,1.5],"texture":"#o4"},"up":{"uv":[0.5,1.0,1.0,1.5],"texture":"#o4"},"down":{"uv":[0.5,1.0,1.0,1.5],"texture":"#o4"}}},{"from":[7.6,4.43431,0.2],"to":[8.4,4.76569,13.3],"rotation":{"angle":0.0,"axis":"z","origin":[8.0,4.6,0.7]},"faces":{"north":{"uv":[0.5,1.0,1.0,1.5],"texture":"#o4"},"south":{"uv":[0.5,1.0,1.0,1.5],"texture":"#o4"},"east":{"uv":[0.5,1.0,1.0,1.5],"texture":"#o4"},"west":{"uv":[0.5,1.0,1.0,1.5],"texture":"#o4"},"up":{"uv":[0.5,1.0,1.0,1.5],"texture":"#o4"},"down":{"uv":[0.5,1.0,1.0,1.5],"texture":"#o4"}}},{"from":[7.79289,5.1,-0.9],"to":[8.20711,6.1,9.6],"rotation":{"angle":45.0,"axis":"z","origin":[8.0,5.6,-0.4]},"faces":{"north":{"uv":[1.0,0.5,0.5,0.0],"rotation":90,"texture":"#o4"},"south":{"uv":[0.5,0.0,1.0,0.5],"texture":"#o4"},"east":{"uv":[2.0,0.0,12.5,0.25],"texture":"#o4"},"west":{"uv":[2.0,1.0,12.5,1.25],"texture":"#o4"},"up":{"uv":[0.0,0.0,0.5,12.25],"texture":"#o4"},"down":{"uv":[0.5,0.0,1.0,0.5],"texture":"#o4"}}},{"from":[7.79289,5.1,-0.9],"to":[8.20711,6.1,9.6],"rotation":{"angle":0.0,"axis":"z","origin":[8.0,5.6,-0.4]},"faces":{"north":{"uv":[1.0,0.5,0.5,0.0],"rotation":90,"texture":"#o4"},"south":{"uv":[0.5,0.0,1.0,0.5],"texture":"#o4"},"east":{"uv":[0.0,0.0,1.0,1.0],"texture":"#missing"},"west":{"uv":[0.0,0.0,1.0,1.0],"texture":"#missing"},"up":{"uv":[0.0,0.25,0.5,12.5],"texture":"#o4"},"down":{"uv":[0.5,0.0,1.0,0.5],"texture":"#o4"}}},{"from":[7.5,5.39289,-0.9],"to":[8.5,5.80711,9.6],"rotation":{"angle":0.0,"axis":"z","origin":[8.0,5.6,-0.4]},"faces":{"north":{"uv":[1.0,0.5,0.5,0.0],"rotation":90,"texture":"#o4"},"south":{"uv":[0.5,0.0,1.0,0.5],"texture":"#o4"},"east":{"uv":[0.0,0.0,0.5,12.5],"rotation":90,"texture":"#o4"},"west":{"uv":[0.5,12.5,0.0,0.25],"rotation":90,"texture":"#o4"}}},{"from":[7.5,5.39289,-0.9],"to":[8.5,5.80711,9.6],"rotation":{"angle":45.0,"axis":"z","origin":[8.0,5.6,-0.4]},"faces":{"north":{"uv":[1.0,0.5,0.5,0.0],"rotation":90,"texture":"#o4"},"south":{"uv":[0.5,0.0,1.0,0.5],"texture":"#o4"},"east":{"uv":[0.0,0.0,0.5,12.25],"rotation":90,"texture":"#o4"},"west":{"uv":[0.5,0.0,1.0,0.5],"texture":"#o4"},"up":{"uv":[0.0,0.0,1.0,1.0],"texture":"#missing"},"down":{"uv":[0.0,0.0,1.0,1.0],"texture":"#missing"}}},{"from":[7.83431,5.2,-3.5],"to":[8.16569,5.3,13.3],"rotation":{"angle":45.0,"axis":"z","origin":[8.0,5.6,-3.0]},"faces":{"north":{"uv":[0.5,1.0,1.0,1.5],"texture":"#o4"},"south":{"uv":[0.5,1.0,1.0,1.5],"texture":"#o4"},"east":{"uv":[0.5,1.0,1.0,1.5],"texture":"#o4"},"west":{"uv":[0.5,1.0,1.0,1.5],"texture":"#o4"},"up":{"uv":[0.5,1.0,1.0,1.5],"texture":"#o4"},"down":{"uv":[0.5,1.0,1.0,1.5],"texture":"#o4"}}},{"from":[7.83431,5.2,-3.5],"to":[8.16569,5.3,13.3],"rotation":{"angle":0.0,"axis":"z","origin":[8.0,5.6,-3.0]},"faces":{"north":{"uv":[0.5,1.0,1.0,1.5],"texture":"#o4"},"south":{"uv":[0.5,1.0,1.0,1.5],"texture":"#o4"},"east":{"uv":[0.5,1.0,1.0,1.5],"texture":"#o4"},"west":{"uv":[0.5,1.0,1.0,1.5],"texture":"#o4"},"up":{"uv":[0.5,1.0,1.0,1.5],"texture":"#o4"},"down":{"uv":[0.5,1.0,1.0,1.5],"texture":"#o4"}}},{"from":[7.83431,5.9,-3.5],"to":[8.16569,6.0,13.3],"rotation":{"angle":45.0,"axis":"z","origin":[8.0,5.6,-3.0]},"faces":{"north":{"uv":[0.5,1.0,1.0,1.5],"texture":"#o4"},"south":{"uv":[0.5,1.0,1.0,1.5],"texture":"#o4"},"east":{"uv":[0.5,1.0,1.0,1.5],"texture":"#o4"},"west":{"uv":[0.5,1.0,1.0,1.5],"texture":"#o4"},"up":{"uv":[0.5,1.0,1.0,1.5],"texture":"#o4"},"down":{"uv":[0.5,1.0,1.0,1.5],"texture":"#o4"}}},{"from":[7.83431,5.9,-3.5],"to":[8.16569,6.0,13.3],"rotation":{"angle":0.0,"axis":"z","origin":[8.0,5.6,-3.0]},"faces":{"north":{"uv":[0.5,1.0,1.0,1.5],"texture":"#o4"},"south":{"uv":[0.5,1.0,1.0,1.5],"texture":"#o4"},"east":{"uv":[0.5,1.0,1.0,1.5],"texture":"#o4"},"west":{"uv":[0.5,1.0,1.0,1.5],"texture":"#o4"},"up":{"uv":[0.5,1.0,1.0,1.5],"texture":"#o4"},"down":{"uv":[0.5,1.0,1.0,1.5],"texture":"#o4"}}},{"from":[7.6,5.43431,-3.5],"to":[7.7,5.76569,13.3],"rotation":{"angle":45.0,"axis":"z","origin":[8.0,5.6,-3.0]},"faces":{"north":{"uv":[0.5,1.0,1.0,1.5],"texture":"#o4"},"south":{"uv":[0.5,1.0,1.0,1.5],"texture":"#o4"},"east":{"uv":[0.5,1.0,1.0,1.5],"texture":"#o4"},"west":{"uv":[0.5,1.0,1.0,1.5],"texture":"#o4"},"up":{"uv":[0.5,1.0,1.0,1.5],"texture":"#o4"},"down":{"uv":[0.5,1.0,1.0,1.5],"texture":"#o4"}}},{"from":[7.6,5.43431,-3.5],"to":[7.7,5.76569,13.3],"rotation":{"angle":0.0,"axis":"z","origin":[8.0,5.6,-3.0]},"faces":{"north":{"uv":[0.5,1.0,1.0,1.5],"texture":"#o4"},"south":{"uv":[0.5,1.0,1.0,1.5],"texture":"#o4"},"east":{"uv":[0.5,1.0,1.0,1.5],"texture":"#o4"},"west":{"uv":[0.5,1.0,1.0,1.5],"texture":"#o4"},"up":{"uv":[0.5,1.0,1.0,1.5],"texture":"#o4"},"down":{"uv":[0.5,1.0,1.0,1.5],"texture":"#o4"}}},{"from":[8.3,5.43431,-3.5],"to":[8.4,5.76569,13.3],"rotation":{"angle":45.0,"axis":"z","origin":[8.0,5.6,-3.0]},"faces":{"north":{"uv":[0.5,1.0,1.0,1.5],"texture":"#o4"},"south":{"uv":[0.5,1.0,1.0,1.5],"texture":"#o4"},"east":{"uv":[0.5,1.0,1.0,1.5],"texture":"#o4"},"west":{"uv":[0.5,1.0,1.0,1.5],"texture":"#o4"},"up":{"uv":[0.5,1.0,1.0,1.5],"texture":"#o4"},"down":{"uv":[0.5,1.0,1.0,1.5],"texture":"#o4"}}},{"from":[8.3,5.43431,-3.5],"to":[8.4,5.76569,13.3],"rotation":{"angle":0.0,"axis":"z","origin":[8.0,5.6,-3.0]},"faces":{"north":{"uv":[0.5,1.0,1.0,1.5],"texture":"#o4"},"south":{"uv":[0.5,1.0,1.0,1.5],"texture":"#o4"},"east":{"uv":[0.5,1.0,1.0,1.5],"texture":"#o4"},"west":{"uv":[0.5,1.0,1.0,1.5],"texture":"#o4"},"up":{"uv":[0.5,1.0,1.0,1.5],"texture":"#o4"},"down":{"uv":[0.5,1.0,1.0,1.5],"texture":"#o4"}}},{"from":[7.92042,5.4,13.5],"to":[8.07956,6.0,17.8],"rotation":{"angle":-45.0,"axis":"z","origin":[8.0,5.6,14.0]},"faces":{"north":{"uv":[0.5,0.0,1.0,0.5],"texture":"#o4"},"south":{"uv":[0.5,0.0,1.0,0.5],"texture":"#o4"},"east":{"uv":[0.5,0.0,1.0,0.5],"texture":"#o4"},"west":{"uv":[0.5,0.0,1.0,0.5],"texture":"#o4"},"up":{"uv":[0.5,0.0,1.0,0.5],"texture":"#o4"},"down":{"uv":[0.5,0.0,1.0,0.5],"texture":"#o4"}}},{"from":[7.92044,5.7,13.5],"to":[8.07956,6.0,17.8],"rotation":{"angle":-22.5,"axis":"z","origin":[8.0,5.6,14.0]},"faces":{"north":{"uv":[0.5,0.0,1.0,0.5],"texture":"#o4"},"south":{"uv":[0.5,0.0,1.0,0.5],"texture":"#o4"},"east":{"uv":[0.5,0.0,1.0,0.5],"texture":"#o4"},"west":{"uv":[0.5,0.0,1.0,0.5],"texture":"#o4"},"up":{"uv":[0.5,0.0,1.0,0.5],"texture":"#o4"},"down":{"uv":[0.5,0.0,1.0,0.5],"texture":"#o4"}}},{"from":[7.92044,5.7,13.5],"to":[8.07956,6.0,17.8],"rotation":{"angle":0.0,"axis":"z","origin":[8.0,5.6,14.0]},"faces":{"north":{"uv":[0.5,0.0,1.0,0.5],"texture":"#o4"},"south":{"uv":[0.5,0.0,1.0,0.5],"texture":"#o4"},"east":{"uv":[0.5,0.0,1.0,0.5],"texture":"#o4"},"west":{"uv":[0.5,0.0,1.0,0.5],"texture":"#o4"},"up":{"uv":[0.5,0.0,1.0,0.5],"texture":"#o4"},"down":{"uv":[0.5,0.0,1.0,0.5],"texture":"#o4"}}},{"from":[7.92044,5.7,13.5],"to":[8.07956,6.0,17.8],"rotation":{"angle":22.5,"axis":"z","origin":[8.0,5.6,14.0]},"faces":{"north":{"uv":[0.5,0.0,1.0,0.5],"texture":"#o4"},"south":{"uv":[0.5,0.0,1.0,0.5],"texture":"#o4"},"east":{"uv":[0.5,0.0,1.0,0.5],"texture":"#o4"},"west":{"uv":[0.5,0.0,1.0,0.5],"texture":"#o4"},"up":{"uv":[0.5,0.0,1.0,0.5],"texture":"#o4"},"down":{"uv":[0.5,0.0,1.0,0.5],"texture":"#o4"}}},{"from":[7.92044,5.5,13.5],"to":[8.07957,6.0,17.8],"rotation":{"angle":45.0,"axis":"z","origin":[8.0,5.6,14.0]},"faces":{"north":{"uv":[0.5,0.0,1.0,0.5],"texture":"#o4"},"south":{"uv":[0.5,0.0,1.0,0.5],"texture":"#o4"},"east":{"uv":[0.5,0.0,1.0,0.5],"texture":"#o4"},"west":{"uv":[0.5,0.0,1.0,0.5],"texture":"#o4"},"up":{"uv":[0.5,0.0,1.0,0.5],"texture":"#o4"},"down":{"uv":[0.5,0.0,1.0,0.5],"texture":"#o4"}}},{"from":[7.6,5.52044,13.5],"to":[7.9,5.67957,17.8],"rotation":{"angle":-22.5,"axis":"z","origin":[8.0,5.6,14.0]},"faces":{"north":{"uv":[0.5,0.0,1.0,0.5],"texture":"#o4"},"south":{"uv":[0.5,0.0,1.0,0.5],"texture":"#o4"},"east":{"uv":[0.5,0.0,1.0,0.5],"texture":"#o4"},"west":{"uv":[0.5,0.0,1.0,0.5],"texture":"#o4"},"up":{"uv":[0.5,0.0,1.0,0.5],"texture":"#o4"},"down":{"uv":[0.5,0.0,1.0,0.5],"texture":"#o4"}}},{"from":[8.1,5.62044,13.5],"to":[8.4,5.67957,17.8],"rotation":{"angle":-22.5,"axis":"z","origin":[8.0,5.6,14.0]},"faces":{"north":{"uv":[0.5,0.0,1.0,0.5],"texture":"#o4"},"south":{"uv":[0.5,0.0,1.0,0.5],"texture":"#o4"},"east":{"uv":[0.5,0.0,1.0,0.5],"texture":"#o4"},"west":{"uv":[0.5,0.0,1.0,0.5],"texture":"#o4"},"up":{"uv":[0.5,0.0,1.0,0.5],"texture":"#o4"},"down":{"uv":[0.5,0.0,1.0,0.5],"texture":"#o4"}}},{"from":[7.6,5.52044,13.5],"to":[8.4,5.67957,17.8],"rotation":{"angle":0.0,"axis":"z","origin":[8.0,5.6,14.0]},"faces":{"north":{"uv":[0.5,0.0,1.0,0.5],"texture":"#o4"},"south":{"uv":[0.5,0.0,1.0,0.5],"texture":"#o4"},"east":{"uv":[0.5,0.0,1.0,0.5],"texture":"#o4"},"west":{"uv":[0.5,0.0,1.0,0.5],"texture":"#o4"},"up":{"uv":[0.5,0.0,1.0,0.5],"texture":"#o4"},"down":{"uv":[0.5,0.0,1.0,0.5],"texture":"#o4"}}},{"from":[7.6,5.62044,13.5],"to":[7.9,5.67957,17.8],"rotation":{"angle":22.5,"axis":"z","origin":[8.0,5.6,14.0]},"faces":{"north":{"uv":[0.5,0.0,1.0,0.5],"texture":"#o4"},"south":{"uv":[0.5,0.0,1.0,0.5],"texture":"#o4"},"east":{"uv":[0.5,0.0,1.0,0.5],"texture":"#o4"},"west":{"uv":[0.5,0.0,1.0,0.5],"texture":"#o4"},"up":{"uv":[0.5,0.0,1.0,0.5],"texture":"#o4"},"down":{"uv":[0.5,0.0,1.0,0.5],"texture":"#o4"}}},{"from":[8.1,5.52044,13.5],"to":[8.4,5.67957,17.8],"rotation":{"angle":22.5,"axis":"z","origin":[8.0,5.6,14.0]},"faces":{"north":{"uv":[0.5,0.0,1.0,0.5],"texture":"#o4"},"south":{"uv":[0.5,0.0,1.0,0.5],"texture":"#o4"},"east":{"uv":[0.5,0.0,1.0,0.5],"texture":"#o4"},"west":{"uv":[0.5,0.0,1.0,0.5],"texture":"#o4"},"up":{"uv":[0.5,0.0,1.0,0.5],"texture":"#o4"},"down":{"uv":[0.5,0.0,1.0,0.5],"texture":"#o4"}}},{"from":[7.79289,4.1,3.7],"to":[8.20711,5.1,9.8],"rotation":{"angle":45.0,"axis":"z","origin":[8.0,4.6,4.2]},"faces":{"north":{"uv":[0.5,3.0,1.0,3.5],"texture":"#o4"},"south":{"uv":[0.5,3.0,1.0,3.5],"texture":"#o4"},"east":{"uv":[0.0,0.0,1.0,1.0],"texture":"#missing"},"west":{"uv":[0.0,0.0,1.0,1.0],"texture":"#missing"},"up":{"uv":[1.0,0.0,1.5,16.0],"texture":"#o4"},"down":{"uv":[1.0,0.0,1.5,16.0],"texture":"#o4"}}},{"from":[7.79289,4.1,3.7],"to":[8.20711,5.1,9.8],"rotation":{"angle":0.0,"axis":"z","origin":[8.0,4.6,4.2]},"faces":{"north":{"uv":[0.5,3.0,1.0,3.5],"texture":"#o4"},"south":{"uv":[0.5,3.0,1.0,3.5],"texture":"#o4"},"east":{"uv":[0.0,0.0,1.0,1.0],"texture":"#missing"},"west":{"uv":[0.0,0.0,1.0,1.0],"texture":"#missing"},"up":{"uv":[1.0,0.0,1.5,16.0],"texture":"#o4"},"down":{"uv":[1.0,0.0,1.5,16.0],"texture":"#o4"}}},{"from":[7.5,4.39289,3.7],"to":[8.5,4.80711,9.8],"rotation":{"angle":45.0,"axis":"z","origin":[8.0,4.6,4.2]},"faces":{"north":{"uv":[0.5,3.0,1.0,3.5],"texture":"#o4"},"south":{"uv":[0.5,3.0,1.0,3.5],"texture":"#o4"},"east":{"uv":[1.0,0.0,1.5,16.0],"rotation":90,"texture":"#o4"},"west":{"uv":[1.0,0.0,1.5,16.0],"rotation":90,"texture":"#o4"}}},{"from":[7.5,4.39289,3.7],"to":[8.5,4.80711,9.8],"rotation":{"angle":0.0,"axis":"z","origin":[8.0,4.6,4.2]},"faces":{"north":{"uv":[0.5,3.0,1.0,3.5],"texture":"#o4"},"south":{"uv":[0.5,3.0,1.0,3.5],"texture":"#o4"},"east":{"uv":[1.0,0.0,1.5,16.0],"rotation":90,"texture":"#o4"},"west":{"uv":[1.0,0.0,1.5,16.0],"rotation":90,"texture":"#o4"}}},{"from":[8.45093,0.56,4.44248],"to":[11.21093,4.24,19.16248],"rotation":{"angle":-45.0,"axis":"y","origin":[8.86524,2.4,4.44856]},"faces":{"north":{"uv":[13.75,12.0,14.5,13.0],"rotation":270,"texture":"#o0"},"south":{"uv":[13.75,13.0,13.0,12.0],"texture":"#o0"},"east":{"uv":[12.0,13.0,13.0,16.0],"rotation":270,"texture":"#o0"},"west":{"uv":[14.75,16.0,13.75,13.0],"rotation":270,"texture":"#o0"},"up":{"uv":[13.0,13.0,13.75,16.0],"rotation":180,"texture":"#o0"},"down":{"uv":[14.75,13.0,15.5,16.0],"texture":"#o0"}}},{"from":[8.63093,0.8,5.40248],"to":[11.03093,4.0,18.20248],"rotation":{"angle":-45.0,"axis":"y","origin":[8.86524,2.4,4.44856]},"faces":{"north":{"uv":[9.75,12.0,10.5,13.0],"rotation":270,"texture":"#o0"},"south":{"uv":[9.75,13.0,9.0,12.0],"texture":"#o0"},"east":{"uv":[8.0,13.0,9.0,16.0],"rotation":270,"texture":"#o0"},"west":{"uv":[10.75,16.0,9.75,13.0],"rotation":270,"texture":"#o0"},"up":{"uv":[9.0,13.0,9.75,16.0],"rotation":180,"texture":"#o0"},"down":{"uv":[10.75,13.0,11.5,16.0],"texture":"#o0"}}},{"from":[-16.0,-16.0,-15.99],"to":[32.0,32.0,-15.99],"faces":{"north":{"uv":[0.0,0.0,16.0,16.0],"texture":"#icon_background"}}},{"from":[-16.0,-16.0,-16.0],"to":[32.0,32.0,-16.0],"faces":{"north":{"uv":[0.0,0.0,16.0,16.0],"texture":"#icon"}}}],"display":{"firstperson_lefthand":{"rotation":[0.0,0.0,0.0],"translation":[0.0,0.0,0.0],"scale":[0.0,0.0,0.0]},"firstperson_righthand":{"rotation":[3.0,0.0,0.0],"translation":[-1.5,16.110000000000003,2.0],"scale":[1.0,1.0,1.0]},"thirdperson_lefthand":{"rotation":[0.0,0.0,0.0],"translation":[0.0,0.0,0.0],"scale":[0.0,0.0,0.0]},"thirdperson_righthand":{"rotation":[0.0,0.0,0.0],"translation":[0.0,0.0,0.0],"scale":[0.0,0.0,0.0]},"ground":{"rotation":[90.0,0.0,0.0],"scale":[0.6,0.6,0.6]},"gui":{"rotation":[0.0,-180.0,0.0],"translation":[0.0,0.0,0.0],"scale":[0.333,0.333,0.333]},"fixed":{"rotation":[0.0,0.0,45.0],"translation":[-2.5,-1.25,-0.25],"scale":[0.7,0.7,0.7]},"head":{"rotation":[0.0,-90.0,-90.0],"translation":[3.0,-42.0,4.0],"scale":[1.5,1.5,1.5]}},"gui_light":"front"}