{"textures":{"2":"gun/reddot/reddot","particle":"gun/reddot/reddot"},"elements":[{"from":[7.92044,7.3,9.02308],"to":[8.07956,7.6,9.82308],"rotation":{"angle":-45,"axis":"y","origin":[8,7.1,9.42308]},"faces":{"north":{"uv":[1,1,2,2],"texture":"#2"},"south":{"uv":[1,1,2,2],"texture":"#2"},"down":{"uv":[1,1,2,2],"texture":"#2"}}},{"from":[7.92044,7.3,9.02308],"to":[8.07956,7.6,9.82308],"rotation":{"angle":-22.5,"axis":"y","origin":[8,7.1,9.42308]},"faces":{"north":{"uv":[1,1,2,2],"texture":"#2"},"south":{"uv":[1,1,2,2],"texture":"#2"},"down":{"uv":[1,1,2,2],"texture":"#2"}}},{"from":[7.92044,7.3,9.02308],"to":[8.07956,7.6,9.82308],"rotation":{"angle":0,"axis":"y","origin":[8,7.1,9.42308]},"faces":{"north":{"uv":[1,1,2,2],"texture":"#2"},"south":{"uv":[1,1,2,2],"texture":"#2"},"down":{"uv":[1,1,2,2],"texture":"#2"}}},{"from":[7.92044,7.3,9.02308],"to":[8.07956,7.6,9.82308],"rotation":{"angle":22.5,"axis":"y","origin":[8,7.1,9.42308]},"faces":{"north":{"uv":[1,1,2,2],"texture":"#2"},"south":{"uv":[1,1,2,2],"texture":"#2"},"down":{"uv":[1,1,2,2],"texture":"#2"}}},{"from":[7.92044,7.3,9.02308],"to":[8.07956,7.6,9.82308],"rotation":{"angle":45,"axis":"y","origin":[8,7.1,9.42308]},"faces":{"north":{"uv":[1,1,2,2],"texture":"#2"},"south":{"uv":[1,1,2,2],"texture":"#2"},"down":{"uv":[1,1,2,2],"texture":"#2"}}},{"from":[7.6,7.3,9.34352],"to":[8.4,7.6,9.50265],"rotation":{"angle":-22.5,"axis":"y","origin":[8,7.1,9.42308]},"faces":{"east":{"uv":[1,1,2,2],"texture":"#2"},"west":{"uv":[1,1,2,2],"texture":"#2"},"down":{"uv":[1,1,2,2],"texture":"#2"}}},{"from":[7.6,7.3,9.34352],"to":[8.4,7.6,9.50265],"rotation":{"angle":0,"axis":"y","origin":[8,7.1,9.42308]},"faces":{"east":{"uv":[1,1,2,2],"texture":"#2"},"west":{"uv":[1,1,2,2],"texture":"#2"},"down":{"uv":[1,1,2,2],"texture":"#2"}}},{"from":[7.6,7.3,9.34352],"to":[8.4,7.6,9.50265],"rotation":{"angle":22.5,"axis":"y","origin":[8,7.1,9.42308]},"faces":{"east":{"uv":[1,1,2,2],"texture":"#2"},"west":{"uv":[1,1,2,2],"texture":"#2"},"down":{"uv":[1,1,2,2],"texture":"#2"}}},{"from":[7.3,7.68011,8.52308],"to":[7.7,7.71989,8.57308],"rotation":{"angle":-45,"axis":"x","origin":[7.8,7.7,8.62308]},"faces":{"north":{"uv":[13,1,14,2],"texture":"#2"},"east":{"uv":[13,1,14,2],"texture":"#2"},"south":{"uv":[13,1,14,2],"texture":"#2"},"west":{"uv":[13,1,14,2],"texture":"#2"}}},{"from":[7.3,7.68011,8.52308],"to":[7.7,7.71989,8.57308],"rotation":{"angle":-22.5,"axis":"x","origin":[7.8,7.7,8.62308]},"faces":{"north":{"uv":[13,1,14,2],"texture":"#2"},"east":{"uv":[13,1,14,2],"texture":"#2"},"south":{"uv":[13,1,14,2],"texture":"#2"},"west":{"uv":[13,1,14,2],"texture":"#2"}}},{"from":[7.3,7.68011,8.52308],"to":[7.7,7.71989,8.57308],"rotation":{"angle":0,"axis":"x","origin":[7.8,7.7,8.62308]},"faces":{"north":{"uv":[13,1,14,2],"texture":"#2"},"south":{"uv":[13,1,14,2],"texture":"#2"},"west":{"uv":[13,1,14,2],"texture":"#2"}}},{"from":[7.3,7.68011,8.52308],"to":[7.7,7.71989,8.57308],"rotation":{"angle":22.5,"axis":"x","origin":[7.8,7.7,8.62308]},"faces":{"north":{"uv":[13,1,14,2],"texture":"#2"},"east":{"uv":[13,1,14,2],"texture":"#2"},"south":{"uv":[13,1,14,2],"texture":"#2"},"west":{"uv":[13,1,14,2],"texture":"#2"}}},{"from":[7.3,7.68011,8.52308],"to":[7.7,7.71989,8.57308],"rotation":{"angle":45,"axis":"x","origin":[7.8,7.7,8.62308]},"faces":{"north":{"uv":[13,1,14,2],"texture":"#2"},"east":{"uv":[13,1,14,2],"texture":"#2"},"south":{"uv":[13,1,14,2],"texture":"#2"},"west":{"uv":[13,1,14,2],"texture":"#2"}}},{"from":[7.3,7.68011,8.67308],"to":[7.7,7.71989,8.72308],"rotation":{"angle":-45,"axis":"x","origin":[7.8,7.7,8.62308]},"faces":{"north":{"uv":[13,1,14,2],"texture":"#2"},"east":{"uv":[13,1,14,2],"texture":"#2"},"south":{"uv":[13,1,14,2],"texture":"#2"},"west":{"uv":[13,1,14,2],"texture":"#2"}}},{"from":[7.3,7.68011,8.67308],"to":[7.7,7.71989,8.72308],"rotation":{"angle":-22.5,"axis":"x","origin":[7.8,7.7,8.62308]},"faces":{"north":{"uv":[13,1,14,2],"texture":"#2"},"east":{"uv":[13,1,14,2],"texture":"#2"},"south":{"uv":[13,1,14,2],"texture":"#2"},"west":{"uv":[13,1,14,2],"texture":"#2"}}},{"from":[7.3,7.68011,8.67308],"to":[7.7,7.71989,8.72308],"rotation":{"angle":0,"axis":"x","origin":[7.8,7.7,8.62308]},"faces":{"north":{"uv":[13,1,14,2],"texture":"#2"},"south":{"uv":[13,1,14,2],"texture":"#2"},"west":{"uv":[13,1,14,2],"texture":"#2"}}},{"from":[7.3,7.68011,8.67308],"to":[7.7,7.71989,8.72308],"rotation":{"angle":22.5,"axis":"x","origin":[7.8,7.7,8.62308]},"faces":{"north":{"uv":[13,1,14,2],"texture":"#2"},"east":{"uv":[13,1,14,2],"texture":"#2"},"south":{"uv":[13,1,14,2],"texture":"#2"},"west":{"uv":[13,1,14,2],"texture":"#2"}}},{"from":[7.3,7.68011,8.67308],"to":[7.7,7.71989,8.72308],"rotation":{"angle":45,"axis":"x","origin":[7.8,7.7,8.62308]},"faces":{"north":{"uv":[13,1,14,2],"texture":"#2"},"east":{"uv":[13,1,14,2],"texture":"#2"},"south":{"uv":[13,1,14,2],"texture":"#2"},"west":{"uv":[13,1,14,2],"texture":"#2"}}},{"from":[7.3,7.6,8.60319],"to":[7.7,7.65,8.64298],"rotation":{"angle":-22.5,"axis":"x","origin":[7.8,7.7,8.62308]},"faces":{"east":{"uv":[13,1,14,2],"texture":"#2"},"west":{"uv":[13,1,14,2],"texture":"#2"},"up":{"uv":[13,1,14,2],"texture":"#2"},"down":{"uv":[13,1,14,2],"texture":"#2"}}},{"from":[7.3,7.6,8.60319],"to":[7.7,7.65,8.64298],"rotation":{"angle":0,"axis":"x","origin":[7.8,7.7,8.62308]},"faces":{"west":{"uv":[13,1,14,2],"texture":"#2"},"up":{"uv":[13,1,14,2],"texture":"#2"},"down":{"uv":[13,1,14,2],"texture":"#2"}}},{"from":[7.3,7.6,8.60319],"to":[7.7,7.65,8.64298],"rotation":{"angle":22.5,"axis":"x","origin":[7.8,7.7,8.62308]},"faces":{"east":{"uv":[13,1,14,2],"texture":"#2"},"west":{"uv":[13,1,14,2],"texture":"#2"},"up":{"uv":[13,1,14,2],"texture":"#2"},"down":{"uv":[13,1,14,2],"texture":"#2"}}},{"from":[7.3,7.75,8.60319],"to":[7.7,7.8,8.64298],"rotation":{"angle":-22.5,"axis":"x","origin":[7.8,7.7,8.62308]},"faces":{"east":{"uv":[13,1,14,2],"texture":"#2"},"west":{"uv":[13,1,14,2],"texture":"#2"},"up":{"uv":[13,1,14,2],"texture":"#2"},"down":{"uv":[13,1,14,2],"texture":"#2"}}},{"from":[7.3,7.75,8.60319],"to":[7.7,7.8,8.64298],"rotation":{"angle":0,"axis":"x","origin":[7.8,7.7,8.62308]},"faces":{"west":{"uv":[13,1,14,2],"texture":"#2"},"up":{"uv":[13,1,14,2],"texture":"#2"},"down":{"uv":[13,1,14,2],"texture":"#2"}}},{"from":[7.3,7.75,8.60319],"to":[7.7,7.8,8.64298],"rotation":{"angle":22.5,"axis":"x","origin":[7.8,7.7,8.62308]},"faces":{"east":{"uv":[13,1,14,2],"texture":"#2"},"west":{"uv":[13,1,14,2],"texture":"#2"},"up":{"uv":[13,1,14,2],"texture":"#2"},"down":{"uv":[13,1,14,2],"texture":"#2"}}},{"from":[7.3,7.22016,8.48308],"to":[7.4,7.27984,8.53308],"rotation":{"angle":-45,"axis":"x","origin":[7.4,7.25,8.63308]},"faces":{"north":{"uv":[13,1,14,2],"texture":"#2"},"east":{"uv":[13,1,14,2],"texture":"#2"},"south":{"uv":[13,1,14,2],"texture":"#2"},"west":{"uv":[13,1,14,2],"texture":"#2"}}},{"from":[7.3,7.22016,8.48308],"to":[7.4,7.27984,8.53308],"rotation":{"angle":-22.5,"axis":"x","origin":[7.4,7.25,8.63308]},"faces":{"north":{"uv":[13,1,14,2],"texture":"#2"},"east":{"uv":[13,1,14,2],"texture":"#2"},"south":{"uv":[13,1,14,2],"texture":"#2"},"west":{"uv":[13,1,14,2],"texture":"#2"}}},{"from":[7.3,7.22016,8.48308],"to":[7.4,7.27984,8.53308],"rotation":{"angle":0,"axis":"x","origin":[7.4,7.25,8.63308]},"faces":{"north":{"uv":[13,1,14,2],"texture":"#2"},"south":{"uv":[13,1,14,2],"texture":"#2"},"west":{"uv":[13,1,14,2],"texture":"#2"}}},{"from":[7.3,7.22016,8.48308],"to":[7.4,7.27984,8.53308],"rotation":{"angle":22.5,"axis":"x","origin":[7.4,7.25,8.63308]},"faces":{"north":{"uv":[13,1,14,2],"texture":"#2"},"east":{"uv":[13,1,14,2],"texture":"#2"},"south":{"uv":[13,1,14,2],"texture":"#2"},"west":{"uv":[13,1,14,2],"texture":"#2"}}},{"from":[7.3,7.22016,8.48308],"to":[7.4,7.27984,8.53308],"rotation":{"angle":45,"axis":"x","origin":[7.4,7.25,8.63308]},"faces":{"north":{"uv":[13,1,14,2],"texture":"#2"},"east":{"uv":[13,1,14,2],"texture":"#2"},"south":{"uv":[13,1,14,2],"texture":"#2"},"west":{"uv":[13,1,14,2],"texture":"#2"}}},{"from":[7.3,7.22016,8.73308],"to":[7.4,7.27984,8.78308],"rotation":{"angle":-45,"axis":"x","origin":[7.4,7.25,8.63308]},"faces":{"north":{"uv":[13,1,14,2],"texture":"#2"},"east":{"uv":[13,1,14,2],"texture":"#2"},"south":{"uv":[13,1,14,2],"texture":"#2"},"west":{"uv":[13,1,14,2],"texture":"#2"}}},{"from":[7.3,7.22016,8.73308],"to":[7.4,7.27984,8.78308],"rotation":{"angle":-22.5,"axis":"x","origin":[7.4,7.25,8.63308]},"faces":{"north":{"uv":[13,1,14,2],"texture":"#2"},"east":{"uv":[13,1,14,2],"texture":"#2"},"south":{"uv":[13,1,14,2],"texture":"#2"},"west":{"uv":[13,1,14,2],"texture":"#2"}}},{"from":[7.3,7.22016,8.73308],"to":[7.4,7.27984,8.78308],"rotation":{"angle":0,"axis":"x","origin":[7.4,7.25,8.63308]},"faces":{"north":{"uv":[13,1,14,2],"texture":"#2"},"south":{"uv":[13,1,14,2],"texture":"#2"},"west":{"uv":[13,1,14,2],"texture":"#2"}}},{"from":[7.3,7.22016,8.73308],"to":[7.4,7.27984,8.78308],"rotation":{"angle":22.5,"axis":"x","origin":[7.4,7.25,8.63308]},"faces":{"north":{"uv":[13,1,14,2],"texture":"#2"},"east":{"uv":[13,1,14,2],"texture":"#2"},"south":{"uv":[13,1,14,2],"texture":"#2"},"west":{"uv":[13,1,14,2],"texture":"#2"}}},{"from":[7.3,7.22016,8.73308],"to":[7.4,7.27984,8.78308],"rotation":{"angle":45,"axis":"x","origin":[7.4,7.25,8.63308]},"faces":{"north":{"uv":[13,1,14,2],"texture":"#2"},"east":{"uv":[13,1,14,2],"texture":"#2"},"south":{"uv":[13,1,14,2],"texture":"#2"},"west":{"uv":[13,1,14,2],"texture":"#2"}}},{"from":[7.3,7.1,8.60325],"to":[7.4,7.15,8.66292],"rotation":{"angle":-22.5,"axis":"x","origin":[7.4,7.25,8.63308]},"faces":{"east":{"uv":[13,1,14,2],"texture":"#2"},"west":{"uv":[13,1,14,2],"texture":"#2"},"up":{"uv":[13,1,14,2],"texture":"#2"},"down":{"uv":[13,1,14,2],"texture":"#2"}}},{"from":[7.3,7.1,8.60325],"to":[7.4,7.15,8.66292],"rotation":{"angle":0,"axis":"x","origin":[7.4,7.25,8.63308]},"faces":{"west":{"uv":[13,1,14,2],"texture":"#2"},"up":{"uv":[13,1,14,2],"texture":"#2"},"down":{"uv":[13,1,14,2],"texture":"#2"}}},{"from":[7.3,7.1,8.60325],"to":[7.4,7.15,8.66292],"rotation":{"angle":22.5,"axis":"x","origin":[7.4,7.25,8.63308]},"faces":{"east":{"uv":[13,1,14,2],"texture":"#2"},"west":{"uv":[13,1,14,2],"texture":"#2"},"up":{"uv":[13,1,14,2],"texture":"#2"},"down":{"uv":[13,1,14,2],"texture":"#2"}}},{"from":[7.3,7.35,8.60325],"to":[7.4,7.4,8.66292],"rotation":{"angle":-22.5,"axis":"x","origin":[7.4,7.25,8.63308]},"faces":{"east":{"uv":[13,1,14,2],"texture":"#2"},"west":{"uv":[13,1,14,2],"texture":"#2"},"up":{"uv":[13,1,14,2],"texture":"#2"},"down":{"uv":[13,1,14,2],"texture":"#2"}}},{"from":[7.3,7.35,8.60325],"to":[7.4,7.4,8.66292],"rotation":{"angle":0,"axis":"x","origin":[7.4,7.25,8.63308]},"faces":{"west":{"uv":[13,1,14,2],"texture":"#2"},"up":{"uv":[13,1,14,2],"texture":"#2"},"down":{"uv":[13,1,14,2],"texture":"#2"}}},{"from":[7.3,7.35,8.60325],"to":[7.4,7.4,8.66292],"rotation":{"angle":22.5,"axis":"x","origin":[7.4,7.25,8.63308]},"faces":{"east":{"uv":[13,1,14,2],"texture":"#2"},"west":{"uv":[13,1,14,2],"texture":"#2"},"up":{"uv":[13,1,14,2],"texture":"#2"},"down":{"uv":[13,1,14,2],"texture":"#2"}}},{"from":[7.3,7.22016,6.48308],"to":[7.4,7.27984,6.53308],"rotation":{"angle":-45,"axis":"x","origin":[7.4,7.25,6.63308]},"faces":{"north":{"uv":[13,1,14,2],"texture":"#2"},"east":{"uv":[13,1,14,2],"texture":"#2"},"south":{"uv":[13,1,14,2],"texture":"#2"},"west":{"uv":[13,1,14,2],"texture":"#2"}}},{"from":[7.3,7.22016,6.48308],"to":[7.4,7.27984,6.53308],"rotation":{"angle":-22.5,"axis":"x","origin":[7.4,7.25,6.63308]},"faces":{"north":{"uv":[13,1,14,2],"texture":"#2"},"east":{"uv":[13,1,14,2],"texture":"#2"},"south":{"uv":[13,1,14,2],"texture":"#2"},"west":{"uv":[13,1,14,2],"texture":"#2"}}},{"from":[7.3,7.22016,6.48308],"to":[7.4,7.27984,6.53308],"rotation":{"angle":0,"axis":"x","origin":[7.4,7.25,6.63308]},"faces":{"north":{"uv":[13,1,14,2],"texture":"#2"},"south":{"uv":[13,1,14,2],"texture":"#2"},"west":{"uv":[13,1,14,2],"texture":"#2"}}},{"from":[7.3,7.22016,6.48308],"to":[7.4,7.27984,6.53308],"rotation":{"angle":22.5,"axis":"x","origin":[7.4,7.25,6.63308]},"faces":{"north":{"uv":[13,1,14,2],"texture":"#2"},"east":{"uv":[13,1,14,2],"texture":"#2"},"south":{"uv":[13,1,14,2],"texture":"#2"},"west":{"uv":[13,1,14,2],"texture":"#2"}}},{"from":[7.3,7.22016,6.48308],"to":[7.4,7.27984,6.53308],"rotation":{"angle":45,"axis":"x","origin":[7.4,7.25,6.63308]},"faces":{"north":{"uv":[13,1,14,2],"texture":"#2"},"east":{"uv":[13,1,14,2],"texture":"#2"},"south":{"uv":[13,1,14,2],"texture":"#2"},"west":{"uv":[13,1,14,2],"texture":"#2"}}},{"from":[7.3,7.22016,6.73308],"to":[7.4,7.27984,6.78308],"rotation":{"angle":-45,"axis":"x","origin":[7.4,7.25,6.63308]},"faces":{"north":{"uv":[13,1,14,2],"texture":"#2"},"east":{"uv":[13,1,14,2],"texture":"#2"},"south":{"uv":[13,1,14,2],"texture":"#2"},"west":{"uv":[13,1,14,2],"texture":"#2"}}},{"from":[7.3,7.22016,6.73308],"to":[7.4,7.27984,6.78308],"rotation":{"angle":-22.5,"axis":"x","origin":[7.4,7.25,6.63308]},"faces":{"north":{"uv":[13,1,14,2],"texture":"#2"},"east":{"uv":[13,1,14,2],"texture":"#2"},"south":{"uv":[13,1,14,2],"texture":"#2"},"west":{"uv":[13,1,14,2],"texture":"#2"}}},{"from":[7.3,7.22016,6.73308],"to":[7.4,7.27984,6.78308],"rotation":{"angle":0,"axis":"x","origin":[7.4,7.25,6.63308]},"faces":{"north":{"uv":[13,1,14,2],"texture":"#2"},"south":{"uv":[13,1,14,2],"texture":"#2"},"west":{"uv":[13,1,14,2],"texture":"#2"}}},{"from":[7.3,7.22016,6.73308],"to":[7.4,7.27984,6.78308],"rotation":{"angle":22.5,"axis":"x","origin":[7.4,7.25,6.63308]},"faces":{"north":{"uv":[13,1,14,2],"texture":"#2"},"east":{"uv":[13,1,14,2],"texture":"#2"},"south":{"uv":[13,1,14,2],"texture":"#2"},"west":{"uv":[13,1,14,2],"texture":"#2"}}},{"from":[7.3,7.22016,6.73308],"to":[7.4,7.27984,6.78308],"rotation":{"angle":45,"axis":"x","origin":[7.4,7.25,6.63308]},"faces":{"north":{"uv":[13,1,14,2],"texture":"#2"},"east":{"uv":[13,1,14,2],"texture":"#2"},"south":{"uv":[13,1,14,2],"texture":"#2"},"west":{"uv":[13,1,14,2],"texture":"#2"}}},{"from":[7.3,7.1,6.60325],"to":[7.4,7.15,6.66292],"rotation":{"angle":-22.5,"axis":"x","origin":[7.4,7.25,6.63308]},"faces":{"east":{"uv":[13,1,14,2],"texture":"#2"},"west":{"uv":[13,1,14,2],"texture":"#2"},"up":{"uv":[13,1,14,2],"texture":"#2"},"down":{"uv":[13,1,14,2],"texture":"#2"}}},{"from":[7.3,7.1,6.60325],"to":[7.4,7.15,6.66292],"rotation":{"angle":0,"axis":"x","origin":[7.4,7.25,6.63308]},"faces":{"west":{"uv":[13,1,14,2],"texture":"#2"},"up":{"uv":[13,1,14,2],"texture":"#2"},"down":{"uv":[13,1,14,2],"texture":"#2"}}},{"from":[7.3,7.1,6.60325],"to":[7.4,7.15,6.66292],"rotation":{"angle":22.5,"axis":"x","origin":[7.4,7.25,6.63308]},"faces":{"east":{"uv":[13,1,14,2],"texture":"#2"},"west":{"uv":[13,1,14,2],"texture":"#2"},"up":{"uv":[13,1,14,2],"texture":"#2"},"down":{"uv":[13,1,14,2],"texture":"#2"}}},{"from":[7.3,7.35,6.60325],"to":[7.4,7.4,6.66292],"rotation":{"angle":-22.5,"axis":"x","origin":[7.4,7.25,6.63308]},"faces":{"east":{"uv":[13,1,14,2],"texture":"#2"},"west":{"uv":[13,1,14,2],"texture":"#2"},"up":{"uv":[13,1,14,2],"texture":"#2"},"down":{"uv":[13,1,14,2],"texture":"#2"}}},{"from":[7.3,7.35,6.60325],"to":[7.4,7.4,6.66292],"rotation":{"angle":0,"axis":"x","origin":[7.4,7.25,6.63308]},"faces":{"west":{"uv":[13,1,14,2],"texture":"#2"},"up":{"uv":[13,1,14,2],"texture":"#2"},"down":{"uv":[13,1,14,2],"texture":"#2"}}},{"from":[7.3,7.35,6.60325],"to":[7.4,7.4,6.66292],"rotation":{"angle":22.5,"axis":"x","origin":[7.4,7.25,6.63308]},"faces":{"east":{"uv":[13,1,14,2],"texture":"#2"},"west":{"uv":[13,1,14,2],"texture":"#2"},"up":{"uv":[13,1,14,2],"texture":"#2"},"down":{"uv":[13,1,14,2],"texture":"#2"}}},{"from":[8.01297,8.71125,6.51341],"to":[8.04172,8.7392,6.51341],"rotation":{"angle":0,"axis":"z","origin":[7.97734,8.5981,7.00341]},"faces":{"south":{"uv":[5,1,6,2],"texture":"#2"}}},{"from":[7.71815,7.89022,6.40341],"to":[8.05033,7.99022,6.80341],"rotation":{"angle":-45,"axis":"z","origin":[7.88424,8.72522,6.90341]},"faces":{"north":{"uv":[1,1,2,2],"texture":"#2"},"south":{"uv":[1,1,2,2],"texture":"#2"},"up":{"uv":[1,1,2,2],"texture":"#2"},"down":{"uv":[1,1,2,2],"texture":"#2"}}},{"from":[7.41125,8.01734,6.40341],"to":[8.64344,8.11734,6.80341],"rotation":{"angle":0,"axis":"z","origin":[7.97734,8.85234,6.90341]},"faces":{"north":{"uv":[1,1,2,2],"texture":"#2"},"south":{"uv":[1,1,2,2],"texture":"#2"},"up":{"uv":[1,1,2,2],"texture":"#2"},"down":{"uv":[1,1,2,2],"texture":"#2"}}},{"from":[8.00435,7.89022,6.40341],"to":[8.33654,7.99022,6.80341],"rotation":{"angle":45,"axis":"z","origin":[8.17045,8.72522,6.90341]},"faces":{"north":{"uv":[1,1,2,2],"texture":"#2"},"south":{"uv":[1,1,2,2],"texture":"#2"},"up":{"uv":[1,1,2,2],"texture":"#2"},"down":{"uv":[1,1,2,2],"texture":"#2"}}},{"from":[8.00435,9.46022,6.40341],"to":[8.33654,9.56022,6.80341],"rotation":{"angle":-45,"axis":"z","origin":[8.17045,8.72522,6.90341]},"faces":{"north":{"uv":[1,1,2,2],"texture":"#2"},"south":{"uv":[1,1,2,2],"texture":"#2"},"up":{"uv":[1,1,2,2],"texture":"#2"},"down":{"uv":[1,1,2,2],"texture":"#2"}}},{"from":[7.41125,9.3331,6.40341],"to":[8.64344,9.4331,6.80341],"rotation":{"angle":0,"axis":"z","origin":[7.97734,8.5981,6.90341]},"faces":{"north":{"uv":[1,1,2,2],"texture":"#2"},"south":{"uv":[1,1,2,2],"texture":"#2"},"up":{"uv":[1,1,2,2],"texture":"#2"},"down":{"uv":[1,1,2,2],"texture":"#2"}}},{"from":[7.71815,9.46022,6.40341],"to":[8.05033,9.56022,6.80341],"rotation":{"angle":45,"axis":"z","origin":[7.88424,8.72522,6.90341]},"faces":{"north":{"uv":[1,1,2,2],"texture":"#2"},"south":{"uv":[1,1,2,2],"texture":"#2"},"up":{"uv":[1,1,2,2],"texture":"#2"},"down":{"uv":[1,1,2,2],"texture":"#2"}}},{"from":[7.04924,8.55913,6.40341],"to":[7.14924,8.89131,6.80341],"rotation":{"angle":-22.5,"axis":"z","origin":[7.88424,8.72522,6.90341]},"faces":{"north":{"uv":[1,1,2,2],"texture":"#2"},"east":{"uv":[1,1,2,2],"texture":"#2"},"south":{"uv":[1,1,2,2],"texture":"#2"},"west":{"uv":[1,1,2,2],"texture":"#2"}}},{"from":[7.31234,7.4439,6.40341],"to":[7.41304,7.56512,6.80341],"rotation":{"angle":-22.5,"axis":"z","origin":[8.14804,7.39903,6.90512]},"faces":{"north":{"uv":[1,1,2,2],"texture":"#2"},"south":{"uv":[1,1,2,2],"texture":"#2"},"west":{"uv":[1,1,2,2],"texture":"#2"}}},{"from":[7.04924,8.55913,6.40341],"to":[7.14924,8.89131,6.80341],"rotation":{"angle":0,"axis":"z","origin":[7.88424,8.72522,6.90341]},"faces":{"north":{"uv":[1,1,2,2],"texture":"#2"},"east":{"uv":[1,1,2,2],"texture":"#2"},"south":{"uv":[1,1,2,2],"texture":"#2"},"west":{"uv":[1,1,2,2],"texture":"#2"}}},{"from":[7.04924,8.55913,6.40341],"to":[7.14924,8.89131,6.80341],"rotation":{"angle":22.5,"axis":"z","origin":[7.88424,8.72522,6.90341]},"faces":{"north":{"uv":[1,1,2,2],"texture":"#2"},"east":{"uv":[1,1,2,2],"texture":"#2"},"south":{"uv":[1,1,2,2],"texture":"#2"},"west":{"uv":[1,1,2,2],"texture":"#2"}}},{"from":[7.15996,8.20411,6.40341],"to":[7.25996,8.3363,6.80341],"rotation":{"angle":22.5,"axis":"z","origin":[7.99496,8.77021,6.90341]},"faces":{"north":{"uv":[1,1,2,2],"texture":"#2"},"south":{"uv":[1,1,2,2],"texture":"#2"},"west":{"uv":[1,1,2,2],"texture":"#2"}}},{"from":[7.43255,7.75562,6.40341],"to":[8.62214,8.01671,6.80341],"rotation":{"angle":0,"axis":"z","origin":[8.26755,8.39984,6.90341]},"faces":{"north":{"uv":[1,1,2,2],"texture":"#2"},"east":{"uv":[1,1,2,2],"texture":"#2"},"south":{"uv":[1,1,2,2],"texture":"#2"},"west":{"uv":[1,1,2,2],"texture":"#2"}}},{"from":[8.79472,8.20411,6.40341],"to":[8.89472,8.3363,6.80341],"rotation":{"angle":-22.5,"axis":"z","origin":[8.05972,8.77021,6.90341]},"faces":{"north":{"uv":[1,1,2,2],"texture":"#2"},"east":{"uv":[1,1,2,2],"texture":"#2"},"south":{"uv":[1,1,2,2],"texture":"#2"}}},{"from":[8.64165,7.4439,6.40341],"to":[8.74235,7.56512,6.80341],"rotation":{"angle":22.5,"axis":"z","origin":[7.90665,7.39903,6.90512]},"faces":{"north":{"uv":[1,1,2,2],"texture":"#2"},"east":{"uv":[1,1,2,2],"texture":"#2"},"south":{"uv":[1,1,2,2],"texture":"#2"}}},{"from":[8.90545,8.55913,6.40341],"to":[9.00545,8.89131,6.80341],"rotation":{"angle":-22.5,"axis":"z","origin":[8.17045,8.72522,6.90341]},"faces":{"north":{"uv":[1,1,2,2],"texture":"#2"},"east":{"uv":[1,1,2,2],"texture":"#2"},"south":{"uv":[1,1,2,2],"texture":"#2"},"west":{"uv":[1,1,2,2],"texture":"#2"}}},{"from":[8.90545,8.55913,6.40341],"to":[9.00545,8.89131,6.80341],"rotation":{"angle":0,"axis":"z","origin":[8.17045,8.72522,6.90341]},"faces":{"north":{"uv":[1,1,2,2],"texture":"#2"},"east":{"uv":[1,1,2,2],"texture":"#2"},"south":{"uv":[1,1,2,2],"texture":"#2"},"west":{"uv":[1,1,2,2],"texture":"#2"}}},{"from":[8.90545,8.55913,6.40341],"to":[9.00545,8.89131,6.80341],"rotation":{"angle":22.5,"axis":"z","origin":[8.17045,8.72522,6.90341]},"faces":{"north":{"uv":[1,1,2,2],"texture":"#2"},"east":{"uv":[1,1,2,2],"texture":"#2"},"south":{"uv":[1,1,2,2],"texture":"#2"},"west":{"uv":[1,1,2,2],"texture":"#2"}}},{"from":[7.91794,7.71641,6.88246],"to":[8.13675,8.01641,7.98246],"rotation":{"angle":-45,"axis":"y","origin":[8.02734,8.21641,7.43246]},"faces":{"north":{"uv":[1,1,2,2],"texture":"#2"},"south":{"uv":[1,1,2,2],"texture":"#2"},"up":{"uv":[1,1,2,2],"texture":"#2"}}},{"from":[7.91794,7.71641,6.88246],"to":[8.13675,8.01641,7.98246],"rotation":{"angle":-22.5,"axis":"y","origin":[8.02734,8.21641,7.43246]},"faces":{"north":{"uv":[1,1,2,2],"texture":"#2"},"south":{"uv":[1,1,2,2],"texture":"#2"},"up":{"uv":[1,1,2,2],"texture":"#2"}}},{"from":[7.91794,7.71641,6.88246],"to":[8.13675,8.01641,7.98246],"rotation":{"angle":0,"axis":"y","origin":[8.02734,8.21641,7.43246]},"faces":{"north":{"uv":[1,1,2,2],"texture":"#2"},"south":{"uv":[1,1,2,2],"texture":"#2"},"up":{"uv":[1,1,2,2],"texture":"#2"}}},{"from":[7.91794,7.71641,6.88246],"to":[8.13675,8.01641,7.98246],"rotation":{"angle":22.5,"axis":"y","origin":[8.02734,8.21641,7.43246]},"faces":{"north":{"uv":[1,1,2,2],"texture":"#2"},"south":{"uv":[1,1,2,2],"texture":"#2"},"up":{"uv":[1,1,2,2],"texture":"#2"}}},{"from":[7.91794,7.71641,6.88246],"to":[8.13675,8.01641,7.98246],"rotation":{"angle":45,"axis":"y","origin":[8.02734,8.21641,7.43246]},"faces":{"north":{"uv":[1,1,2,2],"texture":"#2"},"south":{"uv":[1,1,2,2],"texture":"#2"},"up":{"uv":[1,1,2,2],"texture":"#2"}}},{"from":[7.47734,7.71641,7.32306],"to":[8.57734,8.01641,7.54186],"rotation":{"angle":-22.5,"axis":"y","origin":[8.02734,8.21641,7.43246]},"faces":{"east":{"uv":[1,1,2,2],"texture":"#2"},"west":{"uv":[1,1,2,2],"texture":"#2"},"up":{"uv":[1,1,2,2],"texture":"#2"}}},{"from":[7.47734,7.71641,7.32306],"to":[8.57734,8.01641,7.54186],"rotation":{"angle":0,"axis":"y","origin":[8.02734,8.21641,7.43246]},"faces":{"east":{"uv":[1,1,2,2],"texture":"#2"},"west":{"uv":[1,1,2,2],"texture":"#2"},"up":{"uv":[1,1,2,2],"texture":"#2"}}},{"from":[7.47734,7.71641,7.32306],"to":[8.57734,8.01641,7.54186],"rotation":{"angle":22.5,"axis":"y","origin":[8.02734,8.21641,7.43246]},"faces":{"east":{"uv":[1,1,2,2],"texture":"#2"},"west":{"uv":[1,1,2,2],"texture":"#2"},"up":{"uv":[1,1,2,2],"texture":"#2"}}},{"from":[7.49312,7.3603,6.44091],"to":[8.56156,7.6603,8.80341],"rotation":{"angle":0,"axis":"y","origin":[7.65366,7.0603,5.40341]},"faces":{"north":{"uv":[13,1,14,2],"texture":"#2"},"east":{"uv":[13,1,14,2],"texture":"#2"},"south":{"uv":[13,1,14,2],"texture":"#2"},"west":{"uv":[13,1,14,2],"texture":"#2"}}},{"from":[7.39312,7.04858,6.40341],"to":[8.66156,7.4603,8.90341],"rotation":{"angle":0,"axis":"y","origin":[7.65366,7.0603,5.40341]},"faces":{"north":{"uv":[1,1,2,2],"texture":"#2"},"east":{"uv":[1,1,2,2],"texture":"#2"},"south":{"uv":[1,1,2,2],"texture":"#2"},"west":{"uv":[1,1,2,2],"texture":"#2"},"up":{"uv":[1,1,2,2],"texture":"#2"},"down":{"uv":[1,1,2,2],"texture":"#2"}}},{"from":[7.39312,7.5603,6.40341],"to":[8.66156,7.7603,8.20341],"rotation":{"angle":0,"axis":"y","origin":[7.65366,7.0603,5.40341]},"faces":{"north":{"uv":[1,1,2,2],"texture":"#2"},"east":{"uv":[1,1,2,2],"texture":"#2"},"west":{"uv":[1,1,2,2],"texture":"#2"},"up":{"uv":[1,1,2,2],"texture":"#2"},"down":{"uv":[1,1,2,2],"texture":"#2"}}},{"from":[7.39312,7.5603,8.20341],"to":[8.66156,7.8603,9.30341],"rotation":{"angle":0,"axis":"y","origin":[7.65366,7.0603,5.40341]},"faces":{"north":{"uv":[1,1,2,2],"texture":"#2"},"east":{"uv":[1,1,2,2],"texture":"#2"},"west":{"uv":[1,1,2,2],"texture":"#2"},"up":{"uv":[1,1,2,2],"texture":"#2"},"down":{"uv":[1,1,2,2],"texture":"#2"}}},{"from":[6.99061,7.5603,9.27983],"to":[7.67858,7.8603,9.97983],"rotation":{"angle":22.5,"axis":"y","origin":[7.25115,7.0603,8.27983]},"faces":{"west":{"uv":[1,1,2,2],"texture":"#2"},"up":{"uv":[1,1,2,2],"texture":"#2"},"down":{"uv":[1,1,2,2],"texture":"#2"}}},{"from":[7.661,7.5603,9.25012],"to":[8.39369,7.8603,9.95012],"rotation":{"angle":0,"axis":"y","origin":[7.92154,7.0603,8.25012]},"faces":{"south":{"uv":[1,1,2,2],"texture":"#2"},"down":{"uv":[1,1,2,2],"texture":"#2"}}},{"from":[8.37971,7.5603,9.2617],"to":[9.06768,7.8603,9.9617],"rotation":{"angle":-22.5,"axis":"y","origin":[8.75978,7.0603,8.2617]},"faces":{"east":{"uv":[1,1,2,2],"texture":"#2"},"up":{"uv":[1,1,2,2],"texture":"#2"},"down":{"uv":[1,1,2,2],"texture":"#2"}}},{"from":[6.99061,7.8603,9.27983],"to":[7.57858,8.10561,9.97983],"rotation":{"angle":22.5,"axis":"y","origin":[7.25115,7.3603,8.27983]},"faces":{"west":{"uv":[1,1,2,2],"texture":"#2"},"up":{"uv":[1,1,2,2],"texture":"#2"}}},{"from":[8.47971,7.8603,9.2617],"to":[9.06768,8.10561,9.9617],"rotation":{"angle":-22.5,"axis":"y","origin":[8.75978,7.3603,8.2617]},"faces":{"east":{"uv":[1,1,2,2],"texture":"#2"},"up":{"uv":[1,1,2,2],"texture":"#2"}}},{"from":[7.661,7.8603,9.25012],"to":[8.39369,8.10561,9.95012],"rotation":{"angle":0,"axis":"y","origin":[7.92154,7.3603,8.25012]},"faces":{"south":{"uv":[1,1,2,2],"texture":"#2"},"up":{"uv":[1,1,2,2],"texture":"#2"}}},{"from":[8.12281,7.8603,8.95012],"to":[8.66156,8.10561,9.30341],"rotation":{"angle":0,"axis":"y","origin":[7.92154,7.3603,7.95012]},"faces":{"north":{"uv":[1,1,2,2],"texture":"#2"},"east":{"uv":[1,1,2,2],"texture":"#2"},"west":{"uv":[1,1,2,2],"texture":"#2"},"up":{"uv":[1,1,2,2],"texture":"#2"}}},{"from":[7.86156,7.8603,9.05012],"to":[8.19312,8.10561,9.30341],"rotation":{"angle":0,"axis":"y","origin":[7.4531,7.3603,7.95012]},"faces":{"north":{"uv":[1,1,2,2],"texture":"#2"},"up":{"uv":[1,1,2,2],"texture":"#2"}}},{"from":[7.93188,8.0603,8.95012],"to":[8.12281,8.10561,9.05012],"rotation":{"angle":0,"axis":"y","origin":[7.4531,7.2603,7.85012]},"faces":{"north":{"uv":[1,1,2,2],"texture":"#2"},"up":{"uv":[1,1,2,2],"texture":"#2"},"down":{"uv":[1,1,2,2],"texture":"#2"}}},{"from":[8.02188,8.10561,8.95012],"to":[8.03281,8.12092,9.95012],"rotation":{"angle":0,"axis":"y","origin":[7.4531,7.30561,7.85012]},"faces":{"north":{"uv":[13,1,14,2],"texture":"#2"},"east":{"uv":[13,1,14,2],"texture":"#2"},"south":{"uv":[13,1,14,2],"texture":"#2"},"west":{"uv":[13,1,14,2],"texture":"#2"},"up":{"uv":[13,1,14,2],"texture":"#2"}}},{"from":[8.12188,8.10561,8.95012],"to":[8.13281,8.12092,9.95012],"rotation":{"angle":0,"axis":"y","origin":[7.5531,7.30561,7.85012]},"faces":{"north":{"uv":[13,1,14,2],"texture":"#2"},"east":{"uv":[13,1,14,2],"texture":"#2"},"south":{"uv":[13,1,14,2],"texture":"#2"},"west":{"uv":[13,1,14,2],"texture":"#2"},"up":{"uv":[13,1,14,2],"texture":"#2"}}},{"from":[7.92188,8.10561,8.95012],"to":[7.93281,8.12092,9.95012],"rotation":{"angle":0,"axis":"y","origin":[7.3531,7.30561,7.85012]},"faces":{"north":{"uv":[13,1,14,2],"texture":"#2"},"east":{"uv":[13,1,14,2],"texture":"#2"},"south":{"uv":[13,1,14,2],"texture":"#2"},"west":{"uv":[13,1,14,2],"texture":"#2"},"up":{"uv":[13,1,14,2],"texture":"#2"}}},{"from":[7.93188,7.8603,8.95012],"to":[8.12281,7.90561,9.05012],"rotation":{"angle":0,"axis":"y","origin":[7.4531,7.0603,7.85012]},"faces":{"north":{"uv":[1,1,2,2],"texture":"#2"},"up":{"uv":[1,1,2,2],"texture":"#2"}}},{"from":[7.39312,7.8603,8.95012],"to":[7.93188,8.10561,9.30341],"rotation":{"angle":0,"axis":"y","origin":[7.92154,7.3603,7.95012]},"faces":{"north":{"uv":[1,1,2,2],"texture":"#2"},"east":{"uv":[1,1,2,2],"texture":"#2"},"west":{"uv":[1,1,2,2],"texture":"#2"},"up":{"uv":[1,1,2,2],"texture":"#2"}}},{"from":[7.39312,7.77132,8.73531],"to":[7.80453,8.01663,9.08859],"rotation":{"angle":-45,"axis":"x","origin":[7.49883,7.89397,8.91195]},"faces":{"east":{"uv":[1,1,2,2],"texture":"#2"},"west":{"uv":[1,1,2,2],"texture":"#2"},"up":{"uv":[1,1,2,2],"texture":"#2"}}},{"from":[8.25016,7.77132,8.73531],"to":[8.66156,8.01663,9.08859],"rotation":{"angle":-45,"axis":"x","origin":[8.55586,7.89397,8.91195]},"faces":{"east":{"uv":[1,1,2,2],"texture":"#2"},"west":{"uv":[1,1,2,2],"texture":"#2"},"up":{"uv":[1,1,2,2],"texture":"#2"}}}],"gui_light":"front","display":{"firstperson_righthand":{"translation":[-8.987,7.593,8.25]},"gui":{"rotation":[18,131,0],"translation":[0.25,0.25,0],"scale":[4,4,4]}}}