{"parent":"generated/4ftla9","display":{"firstperson_lefthand":{"rotation":[0.0,0.0,0.0],"translation":[0.0,0.0,0.0],"scale":[0.0,0.0,0.0]},"firstperson_righthand":{"rotation":[-10.0,64.1,0.0],"translation":[-6.5,14.6,9.25],"scale":[0.4,0.4,0.4]},"thirdperson_lefthand":{"rotation":[0.0,0.0,0.0],"translation":[0.0,0.0,0.0],"scale":[0.0,0.0,0.0]},"thirdperson_righthand":{"rotation":[0.0,0.0,0.0],"translation":[0.0,0.0,0.0],"scale":[0.0,0.0,0.0]},"ground":{"rotation":[90.0,0.0,0.0],"scale":[0.6,0.6,0.6]},"gui":{"rotation":[0.0,-180.0,0.0],"translation":[0.0,0.0,0.0],"scale":[0.333,0.333,0.333]},"fixed":{"rotation":[90.0,-45.0,90.0],"translation":[0.0,0.0,-1.5],"scale":[0.6,0.6,0.6]},"head":{"rotation":[0.0,-90.0,-90.0],"translation":[-1.75,-42.0,0.25],"scale":[0.6,0.6,0.6]}}}